:020000040800F2
:1000000070BE0024AD030008D9850008E97C000813
:10001000D1850008E10B0008A9B900080000000024
:10002000000000000000000000000000A18800089F
:10003000F911000800000000F1850008D9880008C7
:10004000CB030008CB030008CB030008CB03000858
:10005000CB030008CB030008CB030008CB03000848
:1000600019120008CB030008CB030008290D000873
:10007000390D0008490D0008590D0008690D0008E8
:10008000790D0008890D0008CB03000879120008DB
:100090009912000889120008A9120008211200080C
:1000A000CB030008CB030008CB030008CB030008F8
:1000B000898A0008CB030008998A0008CB0300084E
:1000C000CB030008CB030008CB030008CB030008D8
:1000D000CB030008619C0008719C0008CB0300085A
:1000E00001120008CB03000800000000CB03000849
:1000F000C98A0008CB030008CB030008990D00084B
:10010000CB030008CB030008CB030008CB03000897
:10011000398C0008CB030008A98A0008B98A0008B6
:10012000A90D0008B90D0008C90D0008D90D000877
:10013000CB030008CB030008CB030008CB03000867
:1001400000000000000000000000000000000000AF
:10015000CB030008CB030008CB030008819C0008F8
:10016000CB030008CB030008CB030008CB03000837
:10017000CB030008E1850008CB0300080000000065
:10018000CB030008CB030008CB030008498C000810
:10019000CB030008CB030008CB030008CB03000807
:1001A000CB030008CB030008CB03000800000000CD
:1001B000CB030008CB030008CB030008CB030008E7
:1001C000CB030008CB030008000000000000000083
:1001D0000000000000000000CB0300080000000049
:1001E000000000000000000000000000000000000F
:1001F0000000000000000000CB030008CB03000853
:10020000CB030008CB03000800000000CB0300086C
:10021000CB030008CB030008CB030008CB03000886
:10022000CB03000800000000CB0300080000000022
:10023000CB030008CB03000800000000CB0300083C
:10024000CB030008CB030008CB030008CB03000856
:10025000CB030008CB030008CB030008CB03000846
:10026000CB030008CB030008CB030008CB03000836
:10027000CB030008CB030008CB03000800000000FC
:10028000CB030008CB030008CB030008CB03000816
:1002900000000000CB030008CB03000800000000B2
:1002A00000000000CB030008190D0008CB03000874
:1002B000CB030008CB030008CB030008B9120008E9
:1002C000C9120008CB030008CB03000800F002F8B5
:1002D00000F05DF814A696E8000CB244B344DA4589
:1002E00001D100F054F8BAE80F000FA696E83000EC
:1002F000A5EB040504EB0607AAEB0704A7F1010729
:100300004FEA15154FEA3414A4F10104AC4201D3AD
:1003100000F03DF813F0010F18BFFB1A43F0010382
:1003200000F001F8DBE7184728A8010048A8010001
:10033000103A24BF78C878C1FAD8520724BF30C811
:1003400030C144BF04680C60704700007047000073
:100350000023002400250026103A28BF78C1FBD8CE
:10036000520728BF30C148BF0B6070471FB519F056
:100370003FFC9DE8030000F093FA00F03DFA00F026
:1003800081F91FBD10B5002000F004FA10BD00F087
:1003900045FA1146FFF7EAFF17F036F800F0DCFAED
:1003A00003B4FFF7EFFF03BC00F02CFA0A488047C4
:1003B0000A4880470A480047FEE7FEE7FEE7FEE7F7
:1003C000FEE7FEE7FEE7FEE7FEE7FEE70548064933
:1003D000064A074B7047000059120008B18900080F
:1003E000CD02000870B8002470BE002470BA00244A
:1003F00070BA002453EA020C00F069802DE9F04B3A
:100400004FF00006002B1FBFB3FA83F503FA05F483
:1004100024FA05F65E4012BF1643B2FA82F502FADC
:1004200005F4C5F120051EBF22FA05FC44EA0C04C0
:10043000203556EA044C4FEA144418BF641C4FF0B0
:1004400000084FF00009904271EB030C39D30029EA
:1004500019BFB1FA81F701FA07F6B0FA80F700FA8E
:1004600007F6C7F120071EBF20FA07FC46EA0C0674
:100470002037B6FBF4FCA7EB0507103F07F01F0B76
:10048000CBF120062CFA06F60CFA0BFB44BFB34660
:100490000026202FA4BF5E464FF0000B5BEA060C3F
:1004A00008BF4FF0010B19EB0B0948EB0608ABFB3B
:1004B000027C06FB02CC0BFB03CCC01B71EB0C01D6
:1004C000C1E70B46024641464846BDE8F08B13B5EE
:1004D000084318BF4FF0FF300146AFF30080BDE87E
:1004E0001C4070470B460146184600F0EDB8032A41
:1004F00040F2308010F0030C00F0158011F8013B41
:10050000BCF1020F624498BF11F801CB00F8013B27
:1005100038BF11F8013BA2F1040298BF00F801CBEB
:1005200038BF00F8013B11F0030300F02580083AC2
:10053000C0F0088051F8043B083A51F804CBA0E819
:100540000810F5E7121D5CBF51F8043B40F8043B6E
:10055000AFF30080D20724BF11F8013B11F801CBA3
:1005600048BF11F8012B24BF00F8013B00F801CB74
:1005700048BF00F8012B704710B5203AC0F00B803F
:10058000B1E81850A0E81850B1E81850A0E8185089
:10059000203ABFF4F5AF5FEA027C24BFB1E81850FF
:1005A000A0E8185044BF18C918C0BDE810405FEA61
:1005B000827C24BF51F8043B40F8043B08BF7047DD
:1005C000D20728BF31F8023B48BF11F8012B28BFE2
:1005D00020F8023B48BF00F8012B704702F0FF03F0
:1005E00043EA032242EA024200F024B84FF000023C
:1005F0000429C0F0128010F0030C00F01B80CCF135
:10060000040CBCF1020F18BF00F8012BA8BF20F8A2
:10061000022BA1EB0C0100F00DB85FEAC17C24BFF6
:1006200000F8012B00F8012B48BF00F8012B7047A0
:100630004FF0000200B5134694469646203922BF7B
:10064000A0E80C50A0E80C50B1F12001BFF4F7AFC6
:10065000090728BFA0E80C5048BF0CC05DF804EBA8
:10066000890028BF40F8042B08BF704748BF20F816
:10067000022B11F0804F18BF00F8012B7047704714
:100680007047704708487CB5784400900748784424
:10069000009C0546019004E020460168084480471C
:1006A000241DAC42F8D17CBDE4A40100F6A40100F5
:1006B00010B500F031F8006810BD10B5044600F028
:1006C0002BF8046010BD00002DE9F04107461546E7
:1006D0000E46102000F024F8040013D06760C4E92F
:1006E00002650948AFF3008000F012F8016821604C
:1006F00006490460002008600348AFF30080002032
:10070000BDE8F0810120FBE7040000240000002484
:100710000048704758010024004870472001002419
:1007200070B5064600F0A0F8056806F10B0020F051
:100730000704B4429CBF002070BD2B466A68BAB162
:100740001068A04210D304F1080188423CBF5068F1
:10075000586007D35168101941601168091B016086
:1007600058601460101D70BD13465268002AE7D10E
:100770002146284600F080F80028DED170BD10B573
:10078000002000F0F2F8FFF7FDFDBDE81040012069
:1007900000F038B82DE9F84306461548AFF300805D
:1007A000FFF7B6FF134F8146E8464D4616E026B1E7
:1007B000E068B04201D0254610E0206828600C486F
:1007C000C7F80080AFF30080D4E9010188470848EA
:1007D000AFF300803968414500D04D462C68002CAD
:1007E000E5D1002038600248AFF30080BDE8F8830F
:1007F0000400002400000024014800F00DB80000AF
:100800000400002401491820ABBEFEE726000200C8
:100810000048704720010024002070477546FFF70C
:10082000F7FFAE4605006946534620F007008546AF
:1008300018B020B5FFF7CAFDBDE820404FF0000614
:100840004FF000074FF000084FF0000BAC46ACE84B
:10085000C009ACE8C009ACE8C009ACE8C00921F0A7
:1008600007018D46704700000048704728010024AA
:10087000704770477047704738B504460A460020F5
:100880006946AFF30080002808BF38BD02460099D2
:10089000204600F072F8012038BD012000F0A4B815
:1008A000F8B5AFF30080054600200C460C2000BFD1
:1008B0000646A819A0420DD9324669460020AFF37A
:1008C0000080070008BF00F08FF80098A04218BF12
:1008D0000546C419FFF7C8FF05600746F01D20F064
:1008E00007004619284600F00AF8B44208BFF8BDD0
:1008F000A21B31463868BDE8F84000F03EB8002140
:100900000160416070470C20704770B50446051FB8
:10091000FFF7AAFF0068002C14BF446870BD002CCC
:1009200018BFAC423CBF20466468F8D301680A187F
:10093000AA4218BF456003D12A68054611440160E8
:1009400028684119A1421CBF6C6070BD6168696074
:1009500021680844286070BD10B50446AFF30080DC
:100960002046BDE81040FFF71BBD10B500F024F88D
:10097000BDE8104000F01BB87047034640688C4645
:10098000002818BF88423CBF03464068F8D3186867
:100990001844884207D00CF1030020F00700001D26
:1009A000411A521A0146081D0A60FFF7AEBF00281F
:1009B00001D0FFF727BF704710B5002102A000F05B
:1009C0001AF8012010BD0000534947414252543AE1
:1009D0002041626E6F726D616C207465726D696E1C
:1009E0006174696F6E00000010B500F01DF8BDE87D
:1009F0001040FFF7DCBF70B505460C460A2000E04A
:100A00006D1C00F039F835B128780028F8D102E0E3
:100A1000641C00F031F814B120780028F8D1BDE84A
:100A200070400A2000F028B810B5012805D0002138
:100A300003A0FFF7E0FF012010BD09A1F8E70000C7
:100A400053494752544D454D3A204F7574206F66B7
:100A50002068656170206D656D6F7279000000001F
:100A60003A2048656170206D656D6F727920636F03
:100A7000727275707465640008B569468DF800007F
:100A80000320ABBE08BD0000B0B582B041F6BC1477
:100A90000021C2F2004401220123204600250095D6
:100AA00001950CF075FC4FF0804102220223204694
:100AB000009501950CF06CFC20460CF085FC41F68D
:100AC00014340021C2F20044032201232046009581
:100AD00001950CF05DFC4FF080410422022320467A
:100AE000009501950CF054FC20460CF06DFC41F68D
:100AF0006C440021C2F200440522012320460095E7
:100B000001950CF045FC4FF080410622022320465F
:100B1000009501950CF03CFC20460CF055FC47F28A
:100B20002430C2F20040006805F08AFF08B100F0EE
:100B30008BFB47F28830C2F20040006805F080FF6E
:100B400008B100F081FB47F2C020C2F2004000680B
:100B500005F076FF08B100F077FB43F24000C2F2E7
:100B6000004005F009FF43F27040C2F2004013F06C
:100B700057F901200DF0D0FB43F20050C2F20040C3
:100B80000CF0DAFA02B0BDE8B0400BF075BC000022
:100B900040F6F471C2F200410978002908BF70479D
:100BA000B0B540F6F874C2F2004400BF2268136882
:100BB000834204D0013904F10404F7D10DE0908898
:100BC00058B1002502EB85008068016809688847F4
:100BD0002268013590888542F4D3BDE8B040704763
:100BE000FEE7000000000000002070470000000049
:100BF000002070470000000010B542F2480440F6A3
:100C00001C41C2F20044C2F200410022204609F019
:100C10000FFA40F61C212046C2F2004109F0F8F913
:100C2000002010BD0000000040293FD8F0B581B081
:100C300040F6EC76C2F200463368A3B3B3F858230B
:100C4000B3F85A53EF433A4402F5007202EBD2571D
:100C500007F47E47D21B92B2914224D80246C5F5D2
:100C6000007084B2A14210D92B440F1A03F257101E
:100C7000154611462246FFF73AFC36682919BAB2E2
:100C800006F25710FFF733FC09E058190C4600F242
:100C9000571011462246FFF72AFC2F1936686FF3CA
:100CA0005F27A6F85A7301B0BDE8F0407047000016
:100CB000B0B509680446FFF7B7FF42F24805214680
:100CC000C2F20045284609F0A3F9284609F07CF94C
:100CD0000020B0BD000000000020704700000000B0
:100CE00042F24802C2F20042D2F8BC22D2F81422E8
:100CF000002A1CBF0120704710B542F248040A4682
:100D0000C2F200440146204609F092F92046BDE8AF
:100D1000104009F005BA000042F22430C2F200404F
:100D200000F01EBB0000000042F21C60C2F2004056
:100D300000F08ABF0000000042F29460C2F200405E
:100D400000F082BF0000000042F23C40C2F20040CE
:100D500000F07ABF0000000042F2B440C2F200404E
:100D600000F072BF0000000042F24C30C2F20040BE
:100D700000F06ABF0000000042F2C430C2F200403E
:100D800000F062BF0000000042F22C50C2F20040AE
:100D900000F05ABF0000000042F2A450C2F200402E
:100DA00000F052BF0000000042F20C70C2F200409E
:100DB00000F04ABF0000000042F28470C2F200401E
:100DC00000F042BF0000000042F2FC70C2F200409E
:100DD00000F03ABF0000000042F67400C2F200408A
:100DE00000F032BF0000000040F20F42D0F800C017
:100DF000C4F20202944510DC6F22C4F20202944550
:100E000020DC3F22C4F20202944536DC1022C4F2F8
:100E10000202944554D028224EE040F26F42C4F2C0
:100E2000020294451ADC40F23F42C4F202029445A9
:100E30002ADC40F21042C4F20202944540D040F253
:100E4000284239E09F22C4F20202944525DC702238
:100E5000C4F20202944533D088222DE040F29F4232
:100E6000C4F2020294451FDC40F27042C4F2020256
:100E7000944525D040F288421EE04022C4F202028E
:100E800094451DD0582217E040F24042C4F20202BD
:100E9000944515D040F258420EE0A022C4F202025E
:100EA00094450DD0B82207E040F2B842C4F20202E5
:100EB000944505D040F2A042C4F20202944517D1F5
:100EC0000CF0F8024AF6AB23103ACAF6AA23A2FBAA
:100ED000033109A35F2AC1F302115B5C40F2FF31C9
:100EE0002CEA0101C36588BF04318165084670475B
:100EF0002CF0FF01F9E700BF0006101600061016DF
:100F000070B540F26F44D0F800C0C4F20204D0F8CB
:100F100058E0A44519DC9F25C4F20205AC4531DC3C
:100F20005725C4F20205AC4556DC1025C4F2020573
:100F3000AC4500F092802825C4F20205AC4500F0D3
:100F40008C804025C4F2020584E045F22F45C5F6A9
:100F50000205AC452BDC40F2B745C4F20205AC45B6
:100F600048DC40F27045C4F20205AC4575D040F251
:100F70008845C4F20205AC456FD040F2A045C4F2EA
:100F8000020567E040F22745C4F20205AC4540DCAB
:100F9000A025C4F20205AC455FD0B825C4F2020515
:100FA000AC455AD040F21045C4F2020552E045F279
:100FB0006B45C5F60205AC453CDC45F23045C5F64F
:100FC0000205AC4549D045F24445C5F60205AC459D
:100FD00043D045F258453BE05825C4F20205AC45E4
:100FE0003BD07025C4F20205AC4536D08825C4F24A
:100FF00002052FE040F2B845C4F20205AC452CD002
:1010000045F20845C5F60205AC4526D045F21C451B
:101010001EE040F22845C4F20205AC451DD040F266
:101020004045C4F20205AC4517D040F25845C4F221
:1010300002050FE045F26C45C5F60205AC450CD043
:1010400045F29445C5F60205AC4506D045F280450B
:10105000C5F60205AC4540F0CC80456EC66E002E4C
:10106000866E6E601CBFD0E91C566E60A44515DC10
:101070009F24C4F20204A4452BDC5724C4F20204CA
:10108000A4454EDC1024C4F20204A44576D02824E2
:10109000C4F20204A44571D040246BE045F22F4411
:1010A000C5F60204A44527DC40F2B744C4F20204AA
:1010B000A44542DC40F27044C4F20204A4455DD071
:1010C00040F28844C4F20204A44557D040F2A04440
:1010D00050E040F22744C4F20204A4453CDCA024C2
:1010E000C4F20204A44549D0B824C4F20204A445C1
:1010F00044D040F210443DE045F26B44C5F6020492
:10110000A44553DC45F23044C5F60204A4455FD043
:1011100045F24444C5F60204A44559D045F258446A
:1011200052E05824C4F20204A44527D07024C4F22B
:101130000204A44522D088241CE040F2B844C4F242
:101140000204A4451AD045F20844C5F60204A44599
:101150003ED045F21C4437E040F22844C4F2020479
:10116000A4450BD040F24044C4F20204A44505D08B
:1011700040F25844C4F20204A4453AD18468C06DD8
:1011800000F01F003F2505FA00F0CEF80800DCF85B
:101190000000402C20F48020CCF80000CCF8043073
:1011A00023D1CCF80820CCF80C1070BD45F26C446B
:1011B000C5F60204A4450BD045F28044C5F60204EE
:1011C000A44505D045F29444C5F60204A44510D1C7
:1011D000C46D012504F01F04806805FA04F4CEF8FC
:1011E00004404028CCF80430DBD0CCF80810CCF810
:1011F0000C2070BD000000007047000000000000DF
:1012000080B54FF4804002F06FFE4FF40040BDE81F
:10121000804002F069BE0000042002F065BE0000BC
:1012200080B5202002F060FE402002F05DFE4FF409
:10123000807002F059FE4FF40070BDE8804002F06B
:1012400053BE000000000000EFF3108072B600BF34
:10125000FEE700000000000044F60C00C5F60200A6
:10126000016841F00201016050F8081C8904FBD5B7
:10127000704700000000000042F63010C2F200404B
:1012800002F0B6B80000000042F63010C2F2004092
:1012900002F0AEB80000000042F6D010C2F20040EA
:1012A00002F0A6B80000000042F6D010C2F20040E2
:1012B00002F09EB80000000042F67020C2F200402A
:1012C00002F096B80000000042F67020C2F2004022
:1012D00002F08EB800000000F0B5D1E900C4D1F8EA
:1012E00008E00D692CB14EEA0C04254345F0804C12
:1012F00003E045EA8C4444EA0E0C856ED0F8847015
:10130000D1E907466B438D6944EA0660D1F814E0E1
:10131000CC68054307EB830045EA0E0647F823C077
:1013200046EA04434360CB68002B08BFF0BD4AF295
:10133000602C083001320023C0F6010CD71857F892
:10134000017CC750CF6804331CF80770BB42F5D34B
:10135000F0BD000000000000704700000000000029
:1013600001680A68D2032DD50A68B2F1FF3FC8BFF1
:101370007047D0F808C003696246013B03618B687F
:1013800042F8043B82600A68120305D58A68CCF8EB
:1013900004200CF108028260C3688BB1D0F804C04D
:1013A000013BC360634653F8042B4A6043600A68FC
:1013B000D20205D5DCF804204A600CF10802426034
:1013C000026902B170470A6822F480320A60012182
:1013D00080F82110FFF7C0BFC0B190F8211049B9C3
:1013E00010B5002180F82010044600F011F82046C6
:1013F000BDE8104000214162C0E90111C0E90311BC
:101400004161012280F82120084670470120704781
:101410002DE9F04182B044F2004104460068C4F670
:10142000020188421CBF02B0BDE8F08144F2DC40FA
:1014300042F24C35C5F60200C2F2004540F2700897
:1014400000260168C4F2020841F40031016000681E
:101450004FF4806700F40030019001987A206860B2
:101460002846C5F80080C5E90266C5E90476C5E9E5
:101470000666C5E9086601F027F908B1FFF7E4FE42
:10148000E56108F11800AC6342F2C435C2F20045D0
:1014900005F1080128607B2068604020C1C1284612
:1014A0006E62C5E90566C5E9076601F00DF908B188
:1014B000FFF7CAFE9A2005210022A561AC6302F065
:1014C0001FFF9A2002B0BDE8F04102F005BF000006
:1014D0002DE9F041044602F0F7FD14B3054694F8F7
:1014E0003500022820D140F20F472668C4F20207D7
:1014F00040F26F48BE426FF00E00C4F2020817DCE3
:101500006F21C4F202018E4223DC3F21C4F20201AA
:101510008E4239DC1021C4F202018E4258D02821BB
:1015200051E00120BDE8F08180206065012037E2B4
:1015300046451ADC40F23F41C4F202018E422ADCE9
:1015400040F21041C4F202018E4241D040F22841E3
:1015500039E09F21C4F202018E4225DC7021C4F2E1
:1015600002018E4234D088212DE040F29F41C4F226
:1015700002018E421FDC40F27041C4F202018E4231
:1015800026D040F288411EE04021C4F202018E4282
:101590001ED0582117E040F24041C4F202018E42B1
:1015A00016D040F258410EE0A021C4F202018E4252
:1015B0000ED0B82107E040F2B841C4F202018E42D9
:1015C00006D040F2A041C4F202018E42314607D15A
:1015D0003146306820F01E0041F8140B6FF0800097
:1015E0000A68464500EA0200086019DC9F20C4F240
:1015F0000200864231DC5720C4F20200864256DCEB
:101600001020C4F20200864200F091802820C4F22B
:101610000200864200F08B804020C4F2020084E089
:1016200045F22F40C5F6020086422BDC40F2B7405F
:10163000C4F20200864248DC40F27040C4F202006C
:10164000864274D040F28840C4F2020086426ED0D6
:1016500040F2A040C4F2020067E040F22740C4F22A
:101660000200864240DCA020C4F2020086425ED026
:10167000B820C4F20200864259D040F21040C4F2B1
:10168000020052E045F26B40C5F6020086423CDCA7
:1016900045F23040C5F60200864248D045F244404B
:1016A000C5F60200864242D045F258403BE0582041
:1016B000C4F2020086423AD07020C4F20200864290
:1016C00035D08820C4F202002FE040F2B840C4F2C6
:1016D000020086422BD045F20840C5F60200864241
:1016E00025D045F21C401EE040F22840C4F2020022
:1016F00086421CD040F24040C4F20200864216D01E
:1017000040F25840C4F202000FE045F26C40C5F6CA
:10171000020086420BD045F29440C5F60200864294
:1017200005D045F28040C5F60200864204D1206E05
:10173000016821F480710160306820F001003060A0
:101740003068C0070BD002F0BFFC401B0628F7D35F
:1017500020206065032084F83500012020E1206806
:101760000821B8424FF03F0210DC6F23C4F202039D
:1017700098421CDC3F23C4F20203984232DC10235F
:10178000C4F20203984251D028234AE040451ADCB3
:1017900040F23F43C4F2020398422ADC40F2104375
:1017A000C4F20203984241D040F2284339E09F231B
:1017B000C4F20203984225DC7023C4F2020398426B
:1017C00034D088232DE040F29F43C4F202039842B4
:1017D0001FDC40F27043C4F20203984226D040F26C
:1017E00088431EE04023C4F2020398421ED05823CF
:1017F00017E040F24043C4F20203984216D040F290
:1018000058430EE0A023C4F2020398420ED0B8233E
:1018100007E040F2A043C4F20203984206D040F22F
:10182000B843C4F20203984240F0BF80D4E91637AF
:1018300007F01F07404502FA07F25A5019DC9F21B2
:10184000C4F20201884231DC5721C4F2020188420D
:1018500056DC1021C4F20201884200F09180282158
:10186000C4F20201884200F08B804021C4F20201E0
:1018700084E045F22F41C5F6020188422BDC40F29C
:10188000B741C4F20201884248DC40F27041C4F220
:101890000201884274D040F28841C4F202018842B9
:1018A0006ED040F2A041C4F2020167E040F227414D
:1018B000C4F20201884240DCA021C4F20201884245
:1018C0005ED0B821C4F20201884259D040F21041E2
:1018D000C4F2020152E045F26B41C5F602018842B2
:1018E0003CDC45F23041C5F60201884248D045F261
:1018F0004441C5F60201884242D045F258413BE0DE
:101900005821C4F2020188423AD07021C4F2020187
:10191000884235D08821C4F202012FE040F2B8415C
:10192000C4F2020188422BD045F20841C5F60201FB
:10193000884225D045F21C411EE040F22841C4F205
:10194000020188421CD040F24041C4F202018842A8
:1019500016D040F25841C4F202010FE045F26C414A
:10196000C5F6020188420BD045F29441C5F602014A
:10197000884205D045F28041C5F6020188420BD16C
:10198000616EA26EE06E4A6030B1016821F4807130
:101990000160D4E91C014160012084F83500002079
:1019A000002184F83410BDE8F081042101223DE7D4
:1019B000F0B190F83510022918D180B540F20F42ED
:1019C0000168C4F20202914214DC6F23C4F20203E4
:1019D000994224DC3F23C4F2020399423ADC1023EB
:1019E000C4F20203994258D0282352E08021416575
:1019F0000120704740F26F43C4F2020399421ADC9F
:101A000040F23F43C4F2020399422ADC40F2104301
:101A1000C4F20203994240D040F2284339E09F23A8
:101A2000C4F20203994225DC7023C4F202039942F6
:101A300033D088232DE040F29F43C4F20203994241
:101A40001FDC40F27043C4F20203994225D040F2F9
:101A500088431EE04023C4F2020399421DD058235C
:101A600017E040F24043C4F20203994215D040F21D
:101A700058430EE0A023C4F2020399420DD0B823CC
:101A800007E040F2B843C4F20203994205D040F2A5
:101A9000A043C4F2020399426ED191424FF0040276
:101AA00080F8352010DC6F20C4F20200814220DC77
:101AB0003F20C4F20200814236DC1020C4F2020052
:101AC000814253D028204EE040F26F40C4F2020021
:101AD00081421ADC40F23F40C4F2020081422ADC1B
:101AE00040F21040C4F2020081423FD040F2284050
:101AF00039E09F20C4F20200814225DC7020C4F24C
:101B00000200814232D088202DE040F29F40C4F292
:101B1000020081421FDC40F27040C4F202008142A8
:101B200024D040F288401EE04020C4F202008142EE
:101B30001CD0582017E040F24040C4F2020081421D
:101B400014D040F258400EE0A020C4F202008142BE
:101B50000CD0B82007E040F2B840C4F20200814245
:101B600004D040F2A040C4F202008142086820F094
:101B700001000860002080BD0A6822F00E020A60A1
:101B800045F25742C5F6020291420A6822F001026C
:101B90000A600EDC45F22F42C5F60202914217DCC4
:101BA00045F20842C5F60202914226D045F21C4297
:101BB0001FE045F27F42C5F60202914211DC45F278
:101BC0005842C5F60202914217D045F26C4210E02D
:101BD00045F23042C5F6020291420ED045F244422F
:101BE00007E045F29442C5F60202914205D045F263
:101BF0008042C5F6020291421AD1D0E9181CD0E900
:101C000016E30A6822F480720A6003F01F010122C1
:101C100002FA01F1CEF80410816ECCF80410C16E06
:101C200031B10A6822F480720A60D0E91C124A605D
:101C3000012180F83510016D0022002980F8342040
:101C400098D08847002080BD2DE9F04381B0002165
:101C5000009140F2280148F2B513C2F20041C1F6EA
:101C60004E33856D40F26F490A680168C4F202097B
:101C70002E68A2FB032849452B6815DC9F22C4F27D
:101C8000020291422BDC5722C4F2020291424FDC45
:101C90001022C4F20202914278D02822C4F2020239
:101CA000914273D040226CE045F22F42C5F6020209
:101CB000914227DC40F2B742C4F20202914243DC77
:101CC00040F27042C4F2020291425FD040F2884278
:101CD000C4F20202914259D040F2A04251E040F2D7
:101CE0002742C4F2020291423DDCA022C4F2020269
:101CF00091424BD0B822C4F20202914246D040F247
:101D000010423EE045F26B42C5F60202914275DC9C
:101D100045F23042C5F60202914200F0828045F25F
:101D20004442C5F6020291427BD045F2584273E02C
:101D30005822C4F20202914228D07022C4F2020258
:101D4000914223D088221CE040F2B842C4F2020241
:101D500091421BD045F20842C5F60202914260D082
:101D600045F21C4258E040F22842C4F2020291427D
:101D70000CD040F24042C4F20202914206D040F23E
:101D80005842C4F20202914240F02D84C26D0823F1
:101D900002F01F029340334200F0168140F20F44DC
:101DA000C4F20204A1424FF0040413DC6F27C4F212
:101DB0000207B94200F391803F27C4F20207B942FB
:101DC00000F3D2801027C4F20207B94200F0F0807D
:101DD0002827E8E0494500F38C8040F23F47C4F2F1
:101DE0000207B94200F3C78040F21047C4F202076D
:101DF000B94200F0DD8040F22847D4E045F26C4261
:101E0000C5F6020291420CD045F28042C5F60202AC
:101E1000914206D045F29442C5F60202914240F04A
:101E2000E2830E68C26D02F01F02042707FA02F473
:101E30001C4218BF16F004072CD1022707FA02F43F
:101E40001C4218BF16F0020762D1D3401B0740F1B5
:101E5000CA8316F0080300F0C68340F20F43C4F2B1
:101E6000020399426FF01C0300F318836F27C4F23A
:101E70000207B94200F354833F27C4F20207B94274
:101E800000F3B4831027C4F20207B94200F0D383F1
:101E90002827CAE332046C605ED4B20600F1A18345
:101EA00040F20F42C4F2020291426FF0080200F3C6
:101EB000E3826F23C4F20203994200F302833F23BB
:101EC000C4F20203994200F347831023C4F20203D1
:101ED000994200F0838328237AE39F27C4F2020704
:101EE000B94251DC7027C4F20207B94260D088279A
:101EF00059E040F29F47C4F20207B9424BDC40F27E
:101F00007047C4F20207B94252D040F288474AE013
:101F100032046C6000F19C82B20600F1CF8340F283
:101F20000F42C4F2020291426FF0140200F3D68213
:101F30006F23C4F20203994200F315833F23C4F2D6
:101F40000203994200F38C831023C4F202039942E6
:101F500000F0AB832823A2E3F10300F14283816CFC
:101F6000002940F079833EE34027C4F20207B942DA
:101F70001ED0582717E040F24047C4F20207B9428A
:101F800016D040F258470EE0A027C4F20207B9422B
:101F90000ED0B82707E040F2A047C4F20207B942CA
:101FA00006D040F2B847C4F20207B94218BF08246D
:101FB0000F68274208D00F6827F004070F60AB6056
:101FC000436D43F0010343650123934033426FD0D7
:101FD00040F20F47C4F20207B94210DC6F27C4F287
:101FE0000207B9421CDC3F27C4F20207B94232DCC7
:101FF0001027C4F20207B94251D028274AE04945C8
:102000001ADC40F23F47C4F20207B9422ADC40F230
:102010001047C4F20207B94241D040F2284739E0E4
:102020009F27C4F20207B94225DC7027C4F20207D9
:10203000B94234D088272DE040F29F47C4F202070E
:10204000B9421FDC40F27047C4F20207B94226D001
:1020500040F288471EE04027C4F20207B9421ED072
:10206000582717E040F24047C4F20207B94216D0A1
:1020700040F258470EE0A027C4F20207B9420ED042
:10208000B82707E040F2B847C4F20207B94206D0C9
:1020900040F2A047C4F20207B94240F0E1814F6923
:1020A00007F0800424B1AB60436D43F00203436545
:1020B0000423934033426FD040F20F47C4F202072B
:1020C000B94210DC6F27C4F20207B9421CDC3F277B
:1020D000C4F20207B94232DC1027C4F20207B94247
:1020E00051D028274AE049451ADC40F23F47C4F264
:1020F0000207B9422ADC40F21047C4F20207B94293
:1021000041D040F2284739E09F27C4F20207B94284
:1021100025DC7027C4F20207B94234D088272DE0AD
:1021200040F29F47C4F20207B9421FDC40F27047F9
:10213000C4F20207B94226D040F288471EE0402789
:10214000C4F20207B9421ED0582717E040F24047B8
:10215000C4F20207B94216D040F258470EE0A02759
:10216000C4F20207B9420ED0B82707E040F2B847E0
:10217000C4F20207B94206D040F2A047C4F20207F7
:10218000B94240F073810F6807F0020424B1AB60DC
:10219000436D43F004034365102303FA02F2324215
:1021A0007ED040F20F43C4F2020399424FF008037D
:1021B00010DC6F27C4F20207B9421CDC3F27C4F2CF
:1021C0000207B94232DC1027C4F20207B94251D0EB
:1021D00028274AE049451ADC40F23F47C4F202078B
:1021E000B9422ADC40F21047C4F20207B94241D09A
:1021F00040F2284739E09F27C4F20207B94225DCA4
:102200007027C4F20207B94234D088272DE040F28B
:102210009F47C4F20207B9421FDC40F27047C4F284
:102220000207B94226D040F288471EE04027C4F298
:102230000207B9421ED0582717E040F24047C4F2C7
:102240000207B94216D040F258470EE0A027C4F268
:102250000207B9420ED0B82707E040F2A047C4F207
:102260000207B94206D040F2B847C4F20207B942A9
:1022700018BF04230F681F4212D0AA600A685203D5
:102280000A6806D4D20506D40A6822F008020A6059
:1022900001E0110352D4016C11B104468847204675
:1022A000C16D01F01F02202101FA02F3334200F058
:1022B000A68040F20F470168C4F202071026B94217
:1022C00010DC6F27C4F20207B9421CDC3F27C4F2BE
:1022D0000207B94236DC1027C4F20207B94255D0D2
:1022E00028274EE049451ADC40F23F47C4F2020776
:1022F000B9422EDC40F21047C4F20207B94245D081
:1023000040F228473DE09F27C4F20207B94229DC8A
:102310007027C4F20207B94238D0882731E040F272
:102320009F47C4F20207B94223DC40F27047C4F26F
:102330000207B9422AD040F2884722E0816C002986
:10234000ABD1ADE74027C4F20207B9421ED05827EF
:1023500017E040F24047C4F20207B94216D040F2FB
:1023600058470EE0A027C4F20207B9420ED0B827A2
:1023700007E040F2A047C4F20207B94206D040F29B
:10238000B847C4F20207B94218BF02260F683742A5
:1023900035D0AB6090F83530042B0B6816D123F0A4
:1023A00016030B604B6923F080034B61036C0BB980
:1023B000836C1BB10B6823F008030B603F21914035
:1023C000A960012180F83510016D3FE15A030A68C8
:1023D0000CD4D2050ED40A6822F010020A60012142
:1023E00080F83510002180F8341003E0110301D487
:1023F000416C00E0C16B11B1044688472046416D35
:10240000002900F0F080416DC9071CD0042180F83C
:10241000351001684FEA98220B6823F001030B6026
:10242000009B01330093934202D80B68DB07F7D17E
:102430000968C9074FF0030108BF012180F8351072
:10244000002180F83410C16C002940F00581CAE0F9
:10245000F10300F13381416C002940F0FD80C2E0BE
:1024600000240F68002C7FF41EAE21E600240F68C4
:10247000002C7FF48CAE8FE6494542DC40F23F43AE
:10248000C4F2020399427CDC40F21043C4F202031E
:10249000994200F0A38040F2284399E049454CDC82
:1024A00040F23F47C4F20207B94200F3A68040F26F
:1024B0001047C4F20207B94200F0BD8040F228473D
:1024C000B3E09F23C4F20203994263DC7023C4F299
:1024D0000203994200F08280882379E0494560DC5C
:1024E00040F23F43C4F20203994200F3C08040F23D
:1024F0001043C4F20203994200F0D78040F228430F
:10250000CDE040F29F43C4F20203994258DC40F20E
:102510007043C4F20203994260D040F2884357E00E
:102520009F27C4F20207B94270DC7027C4F2020789
:10253000B94200F08080882777E040F29F47C4F2DC
:102540000207B94269DC40F27047C4F20207B9429F
:1025500071D040F2884768E04023C4F202039942F8
:102560003CD0582334E09F23C4F20203994200F385
:1025700087807023C4F20203994200F0968088237A
:102580008DE040F24043C4F20203994226D040F26B
:1025900058431DE0A023C4F2020399421ED0B82381
:1025A00016E040F29F43C4F2020399426FDC40F20E
:1025B0007043C4F20203994277D040F288436EE040
:1025C00040F2A043C4F20203994207D040F2B8435C
:1025D000C4F20203994218BF6FF004020B681A405C
:1025E0000A60016CC1BB01B0BDE8F0834027C4F2B2
:1025F0000207B9421FD0582717E040F24047C4F203
:102600000207B94217D040F258470EE0A027C4F2A3
:102610000207B9420FD0B82707E040F2A047C4F242
:102620000207B94207D040F2B847C4F20207B942E4
:1026300018BF6FF00E030F683B400B60012101FAD9
:1026400002F26A60416580F83510C16C00294FF0D4
:10265000000280F83420C6D001B0BDE8F04308473E
:102660004023C4F2020399421FD0582317E040F2DE
:102670004043C4F20203994217D040F258430EE09F
:10268000A023C4F2020399420FD0B82307E040F21E
:10269000A043C4F20203994207D040F2B843C4F207
:1026A0000203994218BF6FF00A020B681A400A60D1
:1026B000012180F83510002180F83410C16B002909
:1026C000CAD190E7000000002DE9F041044601F076
:1026D000FBFCECB140F26F4805462068C4F20208EA
:1026E000404518DC9F21C4F2020188422EDC5721AC
:1026F000C4F20201884254DC1021C4F20201884273
:102700007ED02821C4F20201884279D0402172E0B3
:102710000120BDE8F08145F22F41C5F60201884253
:1027200027DC40F2B741C4F20201884245DC40F2A6
:102730007041C4F20201884262D040F28841C4F282
:10274000020188425CD040F2A04154E040F22741AF
:10275000C4F20201884240DCA021C4F20201884296
:102760004ED0B821C4F20201884249D040F2104153
:1027700041E045F26B41C5F60201884200F3B880A2
:1027800045F23041C5F60201884200F0C38045F2AF
:102790004441C5F60201884200F0BC8045F2584130
:1027A000B4E05821C4F20201884229D07021C4F259
:1027B0000201884224D088211DE040F2B841C4F2D1
:1027C000020188421CD045F20841C5F60201884248
:1027D00000F0A08045F21C4198E040F22841C4F28C
:1027E000020188420CD040F24041C4F2020188420A
:1027F00006D040F25841C4F20201884240F0CE8037
:10280000022184F83510002184F83410016821F089
:102810000101016020680168C9070CD001F054FC77
:10282000401B0628F6D320206065032084F835007D
:102830000120BDE8F08148F23F0204F10807016879
:10284000CFF61062114066698CCF1143D4F818C0DE
:102850001943E3693943276A0E43616A3343042904
:1028600043EA070343EA0C0303D1D4E90B76374369
:102870003B436568A5F12906292E00F2A1800127B6
:10288000DFE806F01515151515159E9E9E9E9E9E59
:102890009E9E9E9E9E9E9E9E9E9E151515159E9E7C
:1028A0009E9E15159E9E9E9E9E9E15151515002F8B
:1028B00018BF43F4801304290360426922F0070221
:1028C00041EA020140F09080D4E90A53002B41EA2A
:1028D000050100F08980BCF5005F61D0BCF1000FFC
:1028E0006AD1022D74D0012D60D0002D70D072E01D
:1028F00045F26C41C5F6020188420BD045F2804199
:10290000C5F60201884205D045F29441C5F60201A0
:10291000884243D104F1080E022184F835100021C9
:1029200084F834100168A3699EE80450A2F1800580
:10293000E769B5FA85F566696D09402A4FEA85357C
:1029400043EA07026FF3101142EA060208BF10259E
:1029500041EADC0142EA0E022943236A41EAD2013C
:102960004AF6F832CAF2FD724CF6CD470244CCF674
:10297000CC4741EA1311A2FB072301606FF003006B
:1029800000EA9300E0652046FEF72EFAE16D012291
:1029900001F01F0102FA01F1416030E0402043E7FD
:1029A000032D18D8DFE805F00A140A02A3F1C0725B
:1029B000B2FA82F252090FE0032D08D201220BE095
:1029C00025F00302743AB2FA82F257096FE702D196
:1029D000C3F3006200E0002232B1402060650120B4
:1029E00084F83500BDE8F08141612046FEF7FCF92E
:1029F000E16D3F2201F01F0102FA01F181602068C0
:102A0000404519DC9F21C4F20201884231DC572184
:102A1000C4F20201884256DC1021C4F2020188424D
:102A200000F092802821C4F20201884200F08C80DC
:102A30004021C4F2020184E045F22F41C5F60201B3
:102A400088422BDC40F2B741C4F20201884248DCE4
:102A500040F27041C4F20201884275D040F28841D0
:102A6000C4F2020188426FD040F2A041C4F20201D8
:102A700067E040F22741C4F20201884240DCA02115
:102A8000C4F2020188425FD0B821C4F20201884238
:102A90005AD040F21041C4F2020152E045F26B41BB
:102AA000C5F6020188423CDC45F23041C5F6020120
:102AB000884249D045F24441C5F60201884243D0DC
:102AC00045F258413BE05821C4F2020188423BD014
:102AD0007021C4F20201884236D08821C4F202017A
:102AE0002FE040F2B841C4F2020188422CD045F2F6
:102AF0000841C5F60201884226D045F21C411EE07D
:102B000040F22841C4F2020188421DD040F2404107
:102B1000C4F20201884217D040F25841C4F20201C7
:102B20000FE045F26C41C5F6020188420CD045F237
:102B30009441C5F60201884206D045F28041C5F6AF
:102B40000201884240F0D08045F2574C45F6FC0E19
:102B5000C5F6020CC5F6020E60450EDC45F22F43A9
:102B6000C5F60203984217DC45F20843C5F6020396
:102B7000984226D045F21C431FE045F27F43C5F63C
:102B80000203984211DC45F25843C5F6020398420D
:102B900017D045F26C4310E045F23043C5F602030E
:102BA00098420ED045F2444307E045F29443C5F6FF
:102BB0000203984205D045F28043C5F602039842CD
:102BC00050D100F0FC034CF6CD47083BCCF6CC4787
:102BD000A3FB0737AEF1FC05AEF17C063B0905EB24
:102BE00083022266A26803F01F030127802A66661B
:102BF00007FA03F2A26601D1002262606368A56E43
:102C0000D4E91826DFB2591E07291760756015D858
:102C10007E1E072E62D860450EF1440213DC45F299
:102C20002F41C5F6020188423CDC45F20841C5F659
:102C3000020188424BD045F21C4144E0002060670D
:102C4000C4E91B0050E045F27F41C5F6020188420D
:102C500031DC45F25841C5F60201884237D045F2D1
:102C60006C4130E000F0F8034AF6AB27103BCAF69F
:102C7000AA27A3FB073740F20F43C4F2020308253B
:102C80003E09984203F1AA02334688BF05EB1713A9
:102C900040F600059042C4F2020528BF334605F114
:102CA00080069CE745F23041C5F6020188420ED00D
:102CB00045F2444107E045F28041C5F602018842F1
:102CC00005D045F29441C5F60201884213D10EEBBE
:102CD0008300E06601202267B040606704F16C0267
:102CE000002307CA03604A6000206065012184F860
:102CF0003510BDE8F08140F60000C4F2020000F19A
:102D0000FC0E00F5A072E2E730B110B590F8344047
:102D1000012C03D1022010BD01207047012480F84E
:102D2000344090F83540012C2BD1022480F83540F6
:102D300000244465D0F800C0DCF8004024F0010411
:102D4000CCF800400446FEF7DBF840F20F4C206858
:102D5000C4F2020C40F26F416045C4F2020118DC7B
:102D60006F23C4F20203984224DC3F23C4F202031F
:102D700098423ADC1023C4F20203984259D0282327
:102D800052E04FF400614165002180F834100120C9
:102D900010BD88421ADC40F23F43C4F2020398425D
:102DA0002ADC40F21043C4F20203984241D040F2C0
:102DB000284339E09F23C4F20203984225DC7023A4
:102DC000C4F20203984234D088232DE040F29F439E
:102DD000C4F2020398421FDC40F27043C4F20203C3
:102DE000984226D040F288431EE04023C4F20203FA
:102DF00098421ED0582317E040F24043C4F2020329
:102E0000984216D040F258430EE0A023C4F20203C9
:102E100098420ED0B82307E040F2B843C4F2020350
:102E2000984206D040F2A043C4F20203984240F018
:102E3000238103680B2262F344030360226C1AB1FE
:102E4000082302681A430260884219DC9F22C4F2F8
:102E50000202904231DC5722C4F20202904256DC58
:102E60001022C4F20202904200F091802822C4F2A3
:102E70000202904200F08B804022C4F2020284E001
:102E800045F22F42C5F6020290422BDC40F2B742D7
:102E9000C4F20202904248DC40F27042C4F20202E4
:102EA000904274D040F28842C4F2020290426ED046
:102EB00040F2A042C4F2020267E040F22742C4F2AC
:102EC0000202904240DCA022C4F2020290425ED094
:102ED000B822C4F20202904259D040F21042C4F229
:102EE000020252E045F26B42C5F6020290423CDC1F
:102EF00045F23042C5F60202904248D045F24442C3
:102F0000C5F60202904242D045F258423BE05822B8
:102F1000C4F2020290423AD07022C4F202029042FD
:102F200035D08822C4F202022FE040F2B842C4F247
:102F3000020290422BD045F20842C5F602029042AE
:102F400025D045F21C421EE040F22842C4F20202A3
:102F500090421CD040F24042C4F20202904216D08D
:102F600040F25842C4F202020FE045F26C42C5F64C
:102F7000020290420BD045F29442C5F60202904202
:102F800005D045F28042C5F6020290426ED1236E12
:102F90001A68D20303D51A6842F480721A60E36E8D
:102FA0001BB11A6842F480721A60604510DC6F2110
:102FB000C4F2020188421CDC3F21C4F202018842B3
:102FC00032DC1021C4F2020188424FD028214AE0AD
:102FD00088421ADC40F23F41C4F2020188422ADCF6
:102FE00040F21041C4F2020188423FD040F2284131
:102FF00039E09F21C4F20201884225DC7021C4F22D
:103000000201884232D088212DE040F29F41C4F273
:10301000020188421FDC40F27041C4F20201884282
:1030200024D040F288411EE04021C4F202018842CF
:103030001CD0582117E040F24041C4F202018842FE
:1030400014D040F258410EE0A021C4F2020188429F
:103050000CD0B82107E040F2B841C4F20201884226
:1030600004D040F2A041C4F202018842016841F05C
:1030700001010160002010BD0268052363F34302D3
:103080000260226C002A3FF4DFAE0423D9E6000080
:10309000B0B5044601F018F840F20E110546C2F230
:1030A0000041621C097818BF0C4400BF01F00CF805
:1030B000401BA042FAD3B0BD90F89830013B012BE1
:1030C0000BD80068836D0B420CD0836D0B408B4294
:1030D0000CD1C36D43F0020309E000F19C01012013
:1030E000022221E0C36D43F0010300E00323C36526
:1030F0008B0504D5D0F8E0301343C0F8E0304B0521
:1031000004D5D0F8E4301A43C0F8E4204FF6FF723B
:10311000436DC3F6CF720A401A4342658A0F4AF6DE
:1031200014010020C4F200010B681A430A607047C2
:1031300090F89830022B1BD1B0B50368D3F8C0507B
:1031400015F07C5F1CD0D3F8C450AD021DD4D3F869
:10315000C4300546C3F304442346FEF7BDF828688F
:103160000121A140C0F8D0100020C5F89410B0BDD6
:10317000D0F89C1041F00801C0F89C100120704765
:10318000D0F89C1041F0200103E0D0F89C1041F4ED
:103190000071C0F89C100120B0BD000000000000CC
:1031A000704700000000000090F89820013A012AC2
:1031B0000BD880B50A68002ACA680ED00B69072AA6
:1031C00043EA427E16D18B6919E0D0F89C1041F099
:1031D0000201C0F89C1001207047072A18D10A6923
:1031E000D1E906C3120442EA032242EA0C0242F089
:1031F000605217E0D1F808C04B6943EA8C73006F46
:10320000496800EBC10240F831E05360002080BD06
:103210008B68D1E904CE9B0743EAC26242EA0C42C2
:1032200042EA0E024968C06E40F82120002080BDAD
:1032300010B5044600F0DCFD2046BDE8104000F06B
:10324000BBBD00000000000070470000000000004F
:1032500070B590F89850022D11D1402914D104680E
:10326000D4F8A05015F4FE0F2BD0D4F8A4506D065E
:103270002CD0D4F8A450ED0130D4002531E0D0F8A2
:103280009C1041F0080125E041290FD10468D4F8D1
:10329000B05015F4FE0F14D0D4F8B4506D0615D00C
:1032A000D4F8B450ED0126D4002527E0056DA942DD
:1032B00007D200F17C04D0F854E04FF0000C0D462A
:1032C00026E0D0F89C1041F0200103E0D0F89C10DB
:1032D00041F48071C0F89C10012070BDD4F8A0505A
:1032E000ED0FD4F8A440C4F3052404EB050E00F15F
:1032F0007404456C0BE0D4F8B050ED0FD4F8B44032
:10330000C4F3052404EB050E00F17804C56CF44603
:1033100005FB0EFE256855F82E4014F080445460DD
:1033200055F82E4024F0604608BFC4F38A46166064
:1033300055F82E4004F00054946005EB8E0455F8C7
:103340002E6006F000461661A688D661E68816F063
:103350000F06D660666806F480165661666806F445
:1033600000169661E67906F07F06166266684FEAF7
:10337000D67656620ED04AF2602E04F1080500247B
:10338000C0F6010E2E5D1E550134D6681EF806608B
:10339000B442F7D3402904D10068C0F8A8C0002087
:1033A00070BD412904D10068C0F8B8C0002070BDCC
:1033B0001F2907D80068012202FA01F1C0F898100D
:1033C000002070BD006801F01F01012202FA01F126
:1033D000C0F89C10002070BD0068D0F8C40000F058
:1033E0003F00704700000000704700000000000030
:1033F0002DE9F04F87B004464AF61000C4F20000F1
:1034000001684AF61400C4F20000026820680A400D
:10341000D0F850B0D0F85490056D466D036D02930E
:10342000436D0193036D0693436D0593036D049300
:10343000436D0393D0F854A0D0F850805FEACA538C
:1034400010D518F480710DD04FF4807101654AF6E3
:1034500010010020C4F20001174608602046FFF763
:10346000C3FF3A460BEA090B4AF610095FEA4A50D5
:10347000C4F200094FEA82771AD518F4806017D099
:1034800020689146D0F8DC10D0F8E42011404FF4C9
:10349000806202654AF61002C4F200020020106049
:1034A000204600F0FDFC4A464AF61009C4F2000925
:1034B00005EA06050BF4704657B120680021016546
:1034C00002F00300C9F8000020463946FFF768FE05
:1034D000DDE9011000EA010705F00F0546B120689B
:1034E000314606650020C9F80000204600F0E0FCE7
:1034F00007F0F00645B12068294605650020C9F8A7
:103500000000204600F0D0FB46B120683146066539
:103510000020C9F80000204600F00AFC5FEA0A50CB
:103520000CD518F4006009D020684FF400610165E3
:103530000020C9F80000204600F0BEFC5FEA8A5077
:1035400011D518F400700ED02068D0F8D810D0F83B
:10355000E02011404FF4007202650020C9F800001D
:10356000204600F0A1FC5FEA0A300CD518F40020D8
:1035700009D020684FF4002101650020C9F800003F
:10358000204600F08DFB5FEACA300CD518F480307D
:1035900009D020684FF4803101650020C9F800008F
:1035A000204600F079FC5FEA4A30DDE9031000EACA
:1035B00001050CD518F4802009D020684FF4802133
:1035C00001650020C9F80000204600F061FC5FEAB8
:1035D0008A30DDE9051000EA010005F060710FD5C1
:1035E00018F400320CD022684FF400331365002227
:1035F000C9F80020D4F89C2042F08002C4F89C2036
:1036000000F0715539B1206801650020C9F800004B
:103610002046FFF719FE4DB1206805650020C9F866
:103620000000D4F89C002843C4F89C002068A9F549
:103630000161884209D0D4F89C00002868D0204657
:1036400007B0BDE8F04FFFF7F3BD606881688907F8
:10365000F1D0016A426A036A476A114003EA07022D
:1036600002F03005D0F82080D0F82490D0F820B0B7
:10367000466A026A069211F00F01426A0592D0F87A
:1036800024A0026A049203D00162204600F0F4FBF9
:1036900008EA09072DB1606829460562204600F056
:1036A000F3FB5FEA4A6006EA0B0607F4C0750ED525
:1036B000049810F040000AD060684023C16BC26BD0
:1036C000090C02F03F020362204600F0D9FBDDE95D
:1036D000051000EA010706F4FC462DB16068294692
:1036E0000562204600F0C4FB07F4F02036B16168A3
:1036F0000E62D4F89C103143C4F89C1000289AD074
:1037000061680862D4F89C100843C4F89C0092E7F2
:1037100007B0BDE8F08F000040B32DE9F04F83B053
:103720004AF200080446C4F200080068404502D18D
:1037300008F58070606094F8980028B9002084F83B
:103740009900204600F0CCF92068816921F0100131
:10375000816100F0B9FC054620688169090707D539
:1037600000F0B2FC401B0B28F6D312E0012070479A
:10377000816941F00101816100F0A6FC054600BFAE
:1037800020688169C90711D100F09EFC401B0B28FD
:10379000F6D30120D4F89C100843C4F89C00032001
:1037A00084F89800012003B0BDE8F08F816941F0F2
:1037B00002018161217C826922F04002012918BF47
:1037C00040328261617C826922F48042012908BF13
:1037D00002F580428261A17C826922F48052012933
:1037E00018BF02F580528261816921F44073D4E9E7
:1037F00002120B438361836923F0A403836103698D
:1038000023F0100303619AB1012A0DD0022A09D0D6
:103810008369032A43F080038361036943F0100244
:10382000026105D1202200E0042283691A438261EB
:10383000D4E90572E369561E6FF0FF02256A02EBB8
:103840000323B1F5407F43EA4663A5F1010646EA4A
:10385000030640F20003CFF6FF7303EB074746EA87
:103860000701C16110D1D4E90B65D4E90917013F03
:1038700002EB06226FF00F063A4306EB05173A43B8
:1038800003EB01411143C160236E2BB1616ED0F88F
:10389000C0201143C0F8C010E16DCDE90113D94239
:1038A00049F62051C0F6010109D0D0F8C820A36E16
:1038B00022F0070251F823301A43C0F8C820D4F888
:1038C00040C0BCF1000F09D0D0F8BC20636C22F0DE
:1038D000070251F823301A43C0F8BC20D4F848B08E
:1038E000BBF1000F0AD0D0F8BC20E36C22F07002CC
:1038F00051F8233042EA0312C0F8BC20D4F850A09B
:10390000BAF1000F0AD0D0F8BC20636D22F4E06257
:1039100051F8231042EA0121C0F8BC10404504D1FF
:1039200061688A6822F003028A600021C4F894105A
:10393000C4F89C10012184F8981004F13409D0F8DF
:1039400084104FF6FC729143656C99E80C02009567
:1039500041EA8201C0F88410D0F8841021F47F017C
:1039600041EA0341C0F884109918D0F888306FF309
:103970008F0343EA8103C0F88830D0F8883023F4FD
:10398000FE0343EA0943C0F8883001EB4903D0F84D
:10399000A0606FF38F0646EA8306C0F8A060D0F8F7
:1039A000A06026F4FE0646EA0C46C0F8A06005FBBF
:1039B0000C36D0F8B0306FF38F0343EA8603C0F8BB
:1039C000B030D0F8B03023F4FE0343EA0B43C0F824
:1039D000B030E36CD0F8AC506FF38F0503FB0B668F
:1039E00045EA8605C0F8AC50D4F8548008FB0A6557
:1039F000D0F8F0606FF38F0646EA8506C0F8F060F5
:103A0000D0F8F0E0A66D2EF47C1747EA0647C0F820
:103A1000F070F70007EB8507D0F8C0506FF38F0503
:103A20002F43C0F8C070D0F8C070009DDDF804E0EE
:103A300027F47C1705FB0CFC4AF2000547EA0E4709
:103A4000C0F8C070C4F2000503FB0BC305F5406766
:103A5000D0F8C05007EB820207EB810125F07C57BC
:103A6000029D47EA0567C0F8C07001EBC90008FB7A
:103A70000A372167A16E00EB8C0C606700EB8303B3
:103A8000E266C4E91EC30EFB01F300EB8700694345
:103A9000C4F8800000EBC600C4F8840000EB83008B
:103AA000C4F8880000EB81004DF2FC31C4F2000143
:103AB000C4F89000884201D920206BE6824208D2E7
:103AC000002000BF42F8040BD4F890108A42F9D3CA
:103AD00069E6002003B0BDE8F08F000000000000A0
:103AE000B0B5B6B0044602A8B8210025CDE93455DA
:103AF000CDE932553195FCF79BFD4DF20041206830
:103B0000C4F20001884279D04AF20041C4F20001B7
:103B100088423DD04AF20001C4F20001884240F0E0
:103B2000BC80002003901D9002A84FF40041029138
:103B300001F00EFC08B1FDF787FB40F2585144F24A
:103B4000E040C2F20041C5F602000A68002A02F114
:103B500001020A6008D1C16841F48071C160C16886
:103B600001F48071019101990168152441F0080167
:103B700001600068132500F00800019040F2004049
:103B80000199C5F60200092100F5006003226AE0F0
:103B9000002003901D9002A84FF40041029101F013
:103BA000D7FB08B1FDF750FB40F2585144F2E0401A
:103BB000C2F20041C5F602000A68002A02F10102C1
:103BC0000A6008D1C16841F48071C160C16801F424
:103BD0008071019101990168162441F00201016090
:103BE0000068142500F002000190019840F20040A6
:103BF00009214FF44052C5F6020034E04FF4004072
:103C0000029002A803951D9501F0A2FB08B1FDF7F3
:103C10001BFB40F2585144F2E040C2F20041C5F6AD
:103C200002000A68002A02F101020A6008D1C16894
:103C300041F48071C160C16801F480710191019902
:103C40000168A02441F02001016000689F2500F078
:103C50002000019040F200400199C5F602000221C7
:103C600000F58050C022359131A931920222329262
:103C70000022CDE9332200F043F905210022284635
:103C800000F03EFB284600F027FB052100222046DD
:103C900000F036FB204600F01FFB36B0B0BD000040
:103CA0007047000000000000012920D140F6DC71BF
:103CB000C2F200410978002908BF704710B58CB0E6
:103CC00040F6E074C2F200442268D2F83021824209
:103CD00004D0013904F10404F6D105E002AA6B46D0
:103CE0004021FFF7B5FA18B10CB0BDE8104070479D
:103CF000206890F82C21002AF6D000F59C73DDE9AD
:103D0000021C03E0013A03F10403EDD01868002817
:103D1000F8D0C4686445F5D1D0E9054E0C4074452F
:103D2000F0D1026853686A469847DDE7000000005A
:103D3000102920D140F6DC71C2F200410978002937
:103D400008BF704710B58CB040F6E074C2F2004472
:103D50002268D2F83021824204D0013904F10404EF
:103D6000F6D105E002AA6B464121FFF771FA18B1BE
:103D70000CB0BDE810407047206890F82C21002A54
:103D8000F6D000F59C73DDE9021C03E0013A03F173
:103D90000403EDD018680028F8D0C4686445F5D154
:103DA000D0E9054E0C407445F0D1026853686A466C
:103DB0009847DDE70000000090F8981001290CD129
:103DC000022180F8981001688A6922F001028A6154
:103DD0000021C0F89C1000207047D0F89C1041F0E2
:103DE0000401C0F89C100120704700000000000092
:103DF00090F89810022928D101688A6942F00102DE
:103E00008A618A69D20706D1342200BF013A24D0E0
:103E10008B69DB07FAD08A6922F010028A618A690D
:103E2000120706D5342200BF013A16D08B691B0752
:103E3000FAD48A6942F002028A610021C0F8941023
:103E4000012180F8981000207047D0F89C1041F0B4
:103E50000801C0F89C1001207047D0F89C1041F078
:103E60000101C0F89C10032180F8981001207047D0
:103E700070470000000000007047000000000000D4
:103E800070470000000000007047000000000000C4
:103E900070470000000000007047000000000000B4
:103EA00070470000000000007047000000000000A4
:103EB0007047000000000000704700000000000094
:103EC00090FAA0F0B0FA80F00F2888BF704741F256
:103ED0003001C2F2004151F8200010B101680968B8
:103EE00008477047000000008821C5F600010A68F5
:103EF000024208BF70470860FFF7E2BF0000000001
:103F00002DE9F04F83B00E68002E00F0C78000F15D
:103F1000264742F2004507F1FF77C5F602050A225F
:103F2000A8424FEAB72500F1200308BF09220093F9
:103F3000082D38BF4FEAB722002400274FF0000AAF
:103F400001920AE00AF1010A0E6836FA0AF207F154
:103F5000020704F1040400F0A180012202FA0AFB26
:103F600016EA0B08EED0D1F80490032209F0030EF4
:103F7000AEF10106012E02FA07F610D8D0F808C0FB
:103F8000CD682CEA0602BD402A438260C9F30015C1
:103F9000426822EA0B0205FA0AF52A434260BEF1A2
:103FA000030F1FD0C2688D68B243BD40BEF1020F3F
:103FB00042EA0502C26015D16FF00302009D02EAD9
:103FC0005A0B04F01C030F2255F80BC002FA03FE33
:103FD000D1F810902CEA0E0C09FA03F343EA0C0313
:103FE00045F80B3002684B68B24303F00306BE404D
:103FF00013F4403F42EA06020260A3D044F2F443C5
:1040000040F2084CC5F60203C5F6000C0F251A68ED
:1040100042F002021A601A6802F0020202922AF0CA
:104020000302029B04F00C0352F80C609D40AE4367
:10403000019D05FA03F3334342F80C304FF0B04CC6
:10404000DCF800204B6842EA0806DD0258BF22EA8D
:1040500008069D02CCF8006040F2040CC5F6000C86
:10406000DCF8002042EA080658BF22EA08069D0351
:10407000CCF80060DCF8802042EA080658BF22EA4B
:104080000806DB03CCF88060DCF87C2042EA0806F6
:1040900058BF22EA0806CCF87C6053E703B0BDE8BD
:1040A000F08F0000000000000069084018BF0120E8
:1040B0007047000000000000002A08BF0904816169
:1040C00070470000000000004BF28800C2F2004080
:1040D000006870470000000040F20E104BF28801AB
:1040E000C2F20040C2F2004100780A681044086041
:1040F000704700000000000080B5032000F030F998
:1041000001F0B6FF44F2184149F6A653C5F6020184
:10411000C0F601030A68C2F303229A5C096801F041
:104120000F0102F01F02595CD04040F22C02C2F293
:10413000004201F01F0120FA01F1116040F2280154
:10414000C2F2004108600F2000F00AF800281CBFEE
:10415000012080BD00F0A8F8002080BD0000000014
:104160000F2847D8B0B58AB0044636200022214631
:10417000002500F0C5F8362000F0AEF840F210102F
:10418000C2F20040046044F2E840C5F60200016853
:1041900041F010010160006801A900F010000290D8
:1041A000029802A801F0B0FE079C002C18BF012461
:1041B00001F0FEFE4DF68361A040C4F21B3141F2D6
:1041C0000002A0FB010143F2D800C2F200404FF010
:1041D000FF33C4F20002026003EB9141C0E9011514
:1041E00040F2E731C0E9031502F036FB20B10120AF
:1041F0000AB0B0BD0120704743F2D800C2F20040BF
:1042000002F01EFC0AB0B0BD10B54EF6A05E4378B9
:10421000CEF2000E90F800C04EF8083CDEF80030F8
:1042200023F00103CEF8003043684EF8043C037BD2
:10423000C27A817A447B120642EA0372837B42EAA5
:10424000C141C27B41EA8441447A41EA4341007A58
:1042500041EA024141EA042141EA400040EA0C00FF
:10426000CEF8000010BD00004EF62450CEF2000043
:10427000BFF35F8F016821F4803101600021016785
:1042800070470000000000004EF6245140F001008D
:10429000CEF200010867086840F480300860BFF380
:1042A0004F8FBFF36F8F704781B044F2F44000220C
:1042B000C5F60200016841F00201016000680F21AB
:1042C00000F0020000906FF00100009B01B000F0D0
:1042D00017B8000000000000002848BF704700F039
:1042E0001F01012202FA01F14EF20012C0F34A103E
:1042F000CEF2000242F820107047000000000000DB
:1043000070B54EF60C5C4FF0FF36CEF2000C00F1AB
:10431000604505F56445DCF80030C3F3022E8EF0ED
:104320000703042B28BF0423BEF1030406FA03F39A
:1043300021EA030100F00F0338BF0024043B0028EA
:10434000634406FA04F048BF03F10C05A14022EAD9
:10435000000008430001287070BD0000000000004C
:104360004EF60C514FF6FF03CEF200010A681A40D8
:1043700060F30A2242F0806040F0FD7008607047F0
:1043800001680122C0F8D824002280F8CC24886972
:1043900040F000608861486D40F08052002042F09B
:1043A00003024A65704700007047000000000000EB
:1043B0000268002051627047B0B5D0F800E0DEF826
:1043C0002400D1B1DEF82830B1F1010C00EB134329
:1043D0000BD05FFA8CF10EF58070002450F8045F6A
:1043E00001348C4203EB1543F8D30EEB8C0043EA07
:1043F0000241C0F804110020B0BD40EA0240CEF8EE
:1044000028000020B0BD0000D0F8E00406F0DCB8C1
:1044100001EBC10200EB8202D0F8E004126A06F060
:104420003FB800000000000001EBC10200EB820277
:10443000D0F8E004D2F8602206F08AB8000000004C
:10444000D0F8E00406F0C4B810B54FFA81FC0A4673
:1044500001F00F0E4FF41571BCF1000F4FEAD212AC
:1044600048BF14210EEBCE0C90F89444431803EB94
:104470008C01012C03F82CE04A7001D1022010BD00
:10448000012280F8942402680446104606F0FCFDE0
:10449000002084F8940410BDB0B5027901F00F0338
:1044A000934201D90120B0BD4AB24FF41574002ADD
:1044B00003EBC30E48BF1424C909021990F89444B1
:1044C00002EB8E0C012C4FF000048CF801108CF8DC
:1044D000024002F82E3001D10220B0BD012180F847
:1044E0009414016805460846614606F059FF2046C7
:1044F00085F89444B0BD000001F00F0101EBC1014B
:1045000000EB8100D0F86802704700000000000056
:1045100070B58C464FF4157449B20CF00F0E6FF362
:10452000DF22002948BF14240EEBCE0604445FEAC4
:10453000DC1504EB860104F826E04D708A600B71EF
:1045400018BFA1F81AE0022B01D100224A7190F89D
:104550009424012A01D1022070BD012280F8942404
:1045600002680446104606F0AFFC002084F894046C
:1045700070BD00000000000080B501F00F0C0CEBD6
:10458000CC0100EB810E0021CEE998238379CEF88F
:1045900068128EF855120EF51571012B8EF854C263
:1045A00008BFCA6100681A4606F042FF002080BDBD
:1045B000B0B5027901F00F0494424FF001022AD8FD
:1045C0004BB24FEAD11C002B4FF4157548BF214662
:1045D00048BF142590F894E401EBC1030544BEF1F3
:1045E000010F05EB830105F8234081F801C08A70B3
:1045F00001D10220B0BD80F894240546006806F081
:10460000F7FE2CB9A979286805F29C4206F098FEBD
:10461000002285F894241046B0BD00000000000080
:1046200080B501F00F0C90F806E00CEBCC01BEF168
:10463000010F00EB810101F814CF4FF0000C0B616A
:104640004FF00103CA60C1F814C04B7008BFCA61C3
:104650000068724606F0ECFE002080BD00000000FD
:104660002DE9F04F87B005688246284607F060F8CC
:1046700010B107B0BDE8F08FDAF8000007F088F855
:104680000028F6D0D5F80808C0F30D20CAF8D404E5
:10469000DAF8000007F07CF8800705D5DAF80000AA
:1046A000416901F00201416105F500600590DAF809
:1046B000000007F06DF8C006069536D5DAF8000060
:1046C000816921F0100181612C6A04F00F0000EB78
:1046D000C001C4F343400AEB8101062801F51575BA
:1046E00011D002281AD147F6F07014EA000615D04E
:1046F0003409E9680698224607F04EF8E86800EBAE
:104700001610E86007E00AF29C410822069807F0BC
:1047100043F8C4F30A14686920446861DAF80000B9
:10472000816941F010018161069DDAF8000007F00F
:104730002FF8000340F1F280DAF8000007F004F8E7
:10474000002800F0EB8006464FF4306800244FF05C
:10475000000B0AF29C40049009E000BF0BF1010B32
:10476000760808F1200804F1240400F0D780F0074F
:10477000F4D05FFA8BF9DAF80000494607F000F848
:104780000746C0075FD005EB080001218160DAF819
:10479000000008EB0001036C8A689AF80650012DAE
:1047A00025D1150732D4950600F1B08043F20B05F0
:1047B000C4F65475AB42069D02D312F400422FD1C9
:1047C0000AEB0402D2F8743209696FF3DF41A3EBFC
:1047D0000101C2F8681294BBD2F86432002B00F0D9
:1047E0009B80D2F860020844C2F8600227E043F2DE
:1047F0000B05C4F65475FF35AB4217D11004069D66
:104800000ED490061BD52020886018E043F20B00E0
:10481000069DC4F65470834215D312F4004012D0A2
:104820004FF40040886038070FD437E0069D34B954
:10483000DAF8641219B90021049A06F081FD504695
:104840004946FFF7F1FD380728D505EB0800082198
:10485000816043F20B01DAF80000C4F65471056C74
:1048600040448D42816805D311F400411CBF4FF4D0
:1048700000418160504600F0C3FB43F20B00C4F6D8
:1048800054708542069D09D39AF80600012805D187
:10489000DAF800000121049A06F052FDF80607D468
:1048A000B8070BD4B80624D4B8047FF557AF27E077
:1048B00005EB080010218160B807F3D56869000690
:1048C00004D50599486840F4806048600AEB04000C
:1048D00090F85712012906D1002180F8571250464E
:1048E000494600F0A9FA05EB080002218160B806EC
:1048F000DAD505EB080020218160B8047FF52EAFE2
:1049000005EB08004FF40051816027E72020886004
:10491000069D380799D4C1E701218DE7DAF8000038
:1049200006F036FF400340F1DC80DAF8000006F0C4
:1049300003FF002800F0D5800646069800F51069B0
:104940000AF1140B00270AF29C400290CDE903B94A
:1049500005E000BF760807F1010700F0C280F0070C
:10496000F8D0FDB2DAF80000294606F0F5FE04465C
:10497000C0070BD1200733D4E00637D460063BD400
:10498000A0073FD42006E5D555E000BF059B07F002
:104990000F004FF0010C09EB47120CFA00F0596BB5
:1049A00021EA00005863C2F808C09AF806000128FE
:1049B00010D107EBC7000BEB8000D0E902121144C5
:1049C000C1603FB9006928B9DAF800000121029AF4
:1049D00006F0B6FC50462946FFF71AFD2007CBD556
:1049E00009EB471008218160E006C7D509EB4710A5
:1049F000102181606006C3D509EB4710402181601A
:104A0000A007BFD50698394606F05EFE07EBC70043
:104A10000BEB800010F8031F012905D10021017064
:104A20005046294600F004FA09EB47100221816044
:104A300020067FF58FAF07EBC7000BEB8008D8E9A6
:104A400004108142FFF486AFDAF80040081AD8F863
:104A50000810884238BF014604EB47100331D0F8F4
:104A6000182992B2B2EB910F28D300F5106900BF5C
:104A7000D8E90410814221D9081A9AF80620D8E909
:104A800002B1584538BF8346009220461FFA8BF387
:104A90002A4606F075FFD8F80C00D8F814105844D0
:104AA000C8F80C0001EB0B00C8F814000BF1030070
:104AB000D9F8181089B2B1EB900FD9D2D8E9040116
:104AC0008842DDE903B93FF645AF07F00F00012149
:104AD00001FA00F0D4F8341821EA0000C4F83408D0
:104AE00038E7DAF8000006F053FEB0F1FF3F069C0D
:104AF00019DC0599486820F0010048609AF8CC0458
:104B0000012807D100208AF8CC0400215046FFF785
:104B10004BFC02E0504600F057FADAF80000416919
:104B200001F000414161DAF8000006F031FE0005B5
:104B30000CD505988068C00702D0504600F088FA6E
:104B4000DAF80000416901F400614161DAF800001F
:104B500006F01EFE000117D5DAF80000416901F0E9
:104B6000006141619AF8CC1419B1504600F070FA16
:104B70000AE001218AF8CC14406DC0F38300CAF822
:104B8000D0045046FFF710FCDAF8000006F000FEF3
:104B9000C00453D50599486820F001004860DAF850
:104BA0000000102106F090FD9AF80400D8B104F539
:104BB00010614FF67F3200BF8A6001380B6823F422
:104BC00000130B60C1F80822D1F8003223F400135F
:104BD000C1F80032D1F8003243F00063C1F800326E
:104BE00001F12001E8D1059F84214422F86940F0B9
:104BF0000110F8619AF80F0000284FF00B0008BF71
:104C0000142104BF42F22B0010227B581843785025
:104C1000B85840F00B00B85038680AF29C4220F4B3
:104C2000FE6038609AF80610DAF8000006F088FB9B
:104C3000DAF80000416901F480514161DAF80000BE
:104C400006F0A6FD80041CD5DAF8000006F080F915
:104C5000DAF8000006F05CFD8AF80700DAF8004098
:104C600001F07EF99AF807200146204606F000FE82
:104C7000504600F095F9DAF80000416901F400515E
:104C80004161DAF8000006F083FD000708D55046C0
:104C900000F09EF9DAF80000416901F00801416175
:104CA000DAF8000006F074FD00062AD50699886936
:104CB00020F0800088619AF80400022821D30AF5C8
:104CC00015740AF11405012640F27B2706E000BFA7
:104CD0009AF8040001362437864212D21AF80700E7
:104CE0000128F5D106F00F00320600EBC00005EBFD
:104CF000800158BF04EB8001DAF8000006F094FC54
:104D0000E6E7DAF8000006F043FDC0022FD59AF876
:104D10000400022825D306980AF1140400F5126550
:104D20000AF13B064FF00108012706E09AF804005B
:104D3000013720352436874213D22868717801293B
:104D4000F4D1B0F1FF3FF1DC07F00F0086F80080EE
:104D500000EBC00004EB8001DAF8000006F064FC10
:104D6000E4E7DAF80000416901F480114161DAF802
:104D7000000006F00DFD800233D59AF80410069D60
:104D8000022928D305F5326001390AF51F72012383
:104D900006E000BF013900F1200002F124021AD020
:104DA00007681678012EF5D1B7F1FF3FF2DCDAF88B
:104DB000D46486EA1747FF07ECD102F8013CAF69DB
:104DC00047F08007AF616F693F06E3D405994868F3
:104DD00040F400704860DAF80000416901F4001105
:104DE0004161DAF8000006F0D3FC400008D55046D7
:104DF000FFF70AFBDAF80000416901F080414161E8
:104E0000DAF8000006F0C4FC40077FF532ACDAF8AF
:104E100000004468600702D55046FFF711FBDAF83E
:104E2000000041682143416007B0BDE8F08F0000F9
:104E3000D0F8E00405F034BCD0F8E00405F048BC3C
:104E4000002862D010B582B0044690F8950428B9C5
:104E5000002084F89404204600F06AF8032084F8C7
:104E60009504206806F064FAD4E9000194F810C0B3
:104E7000D4E90223CDF800C006F07AF800283ED12C
:104E80002068002106F0ACFCC8BB207960B300EBC1
:104E9000C00000214FEA800E4FF0010C00230022D9
:104EA000E01824339E450275C28502F1010280F8A4
:104EB00015C00176C16101624162F1D10021002279
:104EC000002300BFA0182432964580F8543203F125
:104ED000010380F8551280F85812C0F85C12C0F82F
:104EE0006012C0F86412EDD1D4E9000194F810C04A
:104EF000D4E90223CDF800C006F026F938B102202B
:104F000084F89504012002B010BD012070470020F4
:104F10006074012084F89504207B012802D120468A
:104F2000FFF72EFA206806F0FFF8002002B010BD4F
:104F300010B5B0B0044602A8B821FBF779FB0021F8
:104F40002068C4F20401884201D030B010BD0020B6
:104F500003904FF4802002904FF44010239002A859
:104F600000F0F6F908B1FCF76FF900F0B1F844F27F
:104F7000D8400022C5F60200016841F000710160CE
:104F80000068052100F00070019001984D20FFF7A6
:104F9000B7F94D20FFF7A0F930B010BD00000000B8
:104FA00010B5C179044621B1022901D0FCF74CF9B2
:104FB0000121D4F8E00405F017FCD4F8E004BDE8C2
:104FC000104005F0C5BB0000D0F8E00405F0F0BBD0
:104FD000D0F8E00405F0F8BB90F89424012A01D140
:104FE0000220704710B5012280F8942441740446D1
:104FF0000268104606F028FC002084F8940410BDD6
:10500000D0F8E02400F29C41104605F005BC0000F9
:1050100010B5044690F89404012801D1022010BD77
:105020002068012184F89414C168490606D5617B83
:10503000012903D1816B41F48031816306F03CFB8F
:10504000206806F061F8002084F8940410BD000088
:1050500010B50446D0F8E00405F036FC2068D0F81E
:10506000001E41F00101C0F8001EE07A002808BFD0
:1050700010BD4EF61050CEF20000016841F006015E
:10508000016010BD00000000B0B544F60C05C5F687
:10509000020529684907296805D401F00701081AA3
:1050A00018BF0120B0BD21F0070108432860FFF7B9
:1050B0000BF8044655F8080C800407D4FFF704F8F1
:1050C000001BB0F57A7FF5D90120B0BD0020B0BD3E
:1050D00044F60C00C5F60200016841F080710160E1
:1050E000704700000000000080B500F039FF44F276
:1050F000204149F6A652C5F60201C0F60102096830
:10510000C1F30211515C01F01F01C84080BD0000D5
:1051100080B544F2384EC5F6020E5EF8103C5EF8DB
:10512000101C5EF80C2CC1F3053CDEF80410BCF139
:10513000000F18D0C9089FED3A1AD20601EAE271B1
:1051400003F003026FF35F3100EE101AB8EE400A6D
:10515000DFE802F0021F0E1F5EF8381C89060AD431
:105160009FED311A15E000218160C0E9001180BD7A
:105170009FED2C1A0DE05EF8381C49F20002C0F2D7
:10518000D032C1F3C10122FA01F101EE101AB8EEDA
:10519000411ADEF800109FED253A6FF35F2102EE11
:1051A000101ADEF80010C1F34621B8EE422A013190
:1051B00000EE032A00EE10CAB7EE003AB8EE400A3D
:1051C00081EE000A32EE031A20EE010A01EE101AF7
:1051D000B8EE411A80EE011ABCEEC11A80ED001A39
:1051E000DEF80010C1F30641013101EE101AB8EEED
:1051F000411A80EE011ABCEEC11A80ED011ADEF8E8
:105200000010C1F30661013101EE101AB8EE411A27
:1052100080EE010ABCEEC00A10EE101A816080BD5B
:105220000024744A20BCBE4B0024744C000000399A
:1052300080B544F2404EC5F6020E5EF8183C5EF8AA
:10524000181C5EF8142CC1F3055CDEF80410BCF1E8
:10525000000F18D0C9089FED3A1AD20501EAE27191
:1052600003F003026FF35F3100EE101AB8EE400A4C
:10527000DFE802F0021F0E1F5EF8401C89060AD408
:105280009FED311A15E000218160C0E9001180BD59
:105290009FED2C1A0DE05EF8401C49F20002C0F2AE
:1052A000D032C1F3C10122FA01F101EE101AB8EEB9
:1052B000411ADEF800109FED253A6FF35F2102EEF0
:1052C000101ADEF80010C1F34621B8EE422A01316F
:1052D00000EE032A00EE10CAB7EE003AB8EE400A1C
:1052E00081EE000A32EE031A20EE010A01EE101AD6
:1052F000B8EE411A80EE011ABCEEC11A80ED001A18
:10530000DEF80010C1F30641013101EE101AB8EECB
:10531000411A80EE011ABCEEC11A80ED011ADEF8C6
:105320000010C1F30661013101EE101AB8EE411A06
:1053300080EE010ABCEEC00A10EE101A816080BD3A
:105340000024744A20BCBE4B0024744C0000003979
:105350002DE9F04381B00446C07844F22C4900079F
:10536000C5F6020901D4002520E0606E4FEA3050F6
:10537000032835D80025DFE800F0020A1C22D9F8FE
:10538000000040F40030C9F80000D5B906E004F18F
:105390000800022103F060F9054695B9D9F8240008
:1053A000616E20F440100843C9F824004FF0000853
:1053B00008E004F12800022103F0DEF90546002D83
:1053C000ECD0A8466078C0071ED0A06D04283ED857
:1053D000DFE800F02B340A0303006DB1A84613E0A8
:1053E0000125002DEDD1D9E704F12800002103F0BB
:1053F000C3F90546002DF1D1D9F82400A16D20F0A4
:1054000007000843C9F824006078400747D5D4F85E
:10541000A4004FEA705005282CD8DFE800F01C2FBC
:105420002503030395B3A84639E0D9F8000040F4FA
:105430000030C9F80000002DD0D1DDE704F10800EC
:10544000002103F009F90546002DC7D1D4E7012555
:10545000002DC3D1D0E7D9F8000040F40030C9F8DE
:105460000000002DDFD111E004F12800002103F03D
:1054700083F908E00125002DD5D107E004F10800EB
:10548000002103F0E9F80546002DCCD1D9F82C0015
:10549000D4F8A41020F460000843C9F82C00607808
:1054A000000731D5D4F8A8004FEA3060052816D897
:1054B000DFE800F006190F030303E5B1A84623E077
:1054C000D9F8000040F40030C9F80000002DF5D1F3
:1054D00011E004F12800002103F04EF908E0012555
:1054E000002DEBD107E004F10800002103F0B4F82F
:1054F0000546002DE2D1D9F82C00D4F8A81020F0F0
:10550000E0600843C9F82C00E07880071BD5E06C08
:105510004FEA301003282FD8DFE800F002052502FB
:105520004DB1A8460FE0D9F8000040F40030C9F8AA
:105530000000002DF5D1D9F82000E16C20F03000FA
:105540000843C9F820006078C00629D5E06D4FEA0D
:105550003030042849D8DFE800F0363F1303030059
:10556000B5B1A8461CE004F10800022103F074F86C
:105570000546002DD5D1DEE70125002DD1D1DAE792
:1055800004F12800002103F0F7F80546002DE8D1CA
:10559000D9F82400E16D20F4E0400843C9F8240064
:1055A0006078800639D5206E4FEA3040052829D82A
:1055B000DFE800F025031F25252504F1080001215F
:1055C00003F04AF81AE0D9F8000040F40030C9F8B6
:1055D0000000002DC5D1DBE704F10800002103F035
:1055E0003BF80546002DBCD1D2E70125002DB8D1EE
:1055F000CEE704F12800012103F0BEF8054625B1ED
:10560000A8460AE00125002DFAD1D9F82400216E20
:1056100020F4E0200843C9F824006078400625D52E
:10562000D4F8AC004FEA3070052813D8DFE800F05A
:105630000F03090F0F0F04F10800012103F00CF80C
:1056400004E004F12800012103F096F8054625B195
:10565000A8460BE00125002DFAD1D9F82C00D4F88A
:10566000AC1020F0E0400843C9F82C006078000638
:1056700020D5E06ED8B1B0F1005F12D0B0F1805FFC
:1056800026D1D9F8000040F40030C9F8000085B9EF
:10569000D9F82400E16E20F040500843C9F82400F6
:1056A00008E004F10800012102F0D6FF0546002DB4
:1056B000EED0A846E078C0071ED0A06C032800F208
:1056C0008080DFE800F0020974026DB1A84613E0A3
:1056D0000125002DEDD1DBE7D9F8000040F40030C2
:1056E000C9F80000002DF1D1D9F82000A16C20F0FC
:1056F00003000843C9F82000A078400644D5D9F833
:10570000D40340F48070C9F8D403FEF7DDFC0646EC
:10571000D9F8D403C00505D4FEF7D6FC801B652854
:10572000F6D303257DBBD9F84410D4F8B00041402E
:1057300011F4407F11D0D9F84410D9F8442042F434
:105740008032C9F84420D9F8442021F4407122F471
:105750008032C9F84420C9F84410B0F5807F0FD1D9
:10576000FEF7B2FC064641F2893700BFD9F8440083
:10577000800705D4FEF7A8FC801BB842F6D30325AA
:10578000002D00F07A82A8462078C00732D0A06FA2
:105790004FEAF000052822D8DFE800F01E03181EAB
:1057A0001E1E04F10800012102F056FF13E004F16F
:1057B0000800022102F050FF0546002D7FF486AF5D
:1057C00092E70125002D7FF481AF8DE704F12800D9
:1057D000012102F0D1FF054625B1A8460AE00125C6
:1057E000002DFAD1D9F82800A16F20F03800084325
:1057F000C9F828002078800721D5606F052813D8C4
:10580000DFE800F00F03090F0F0F04F1080001217A
:1058100002F022FF04E004F12800012102F0ACFFB5
:10582000054625B1A8460AE00125002DFAD1D9F890
:105830002800616F20F007000843C9F8280020788D
:10584000400723D5D4F89000052813D8DFE800F0EE
:105850000F03090F0F0F04F10800012102F0FCFEF5
:1058600004E004F12800012102F086FF054625B17D
:10587000A8460BE00125002DFAD1D9F82C00D4F868
:10588000901020F007000843C9F82C00207880060B
:1058900025D5D4F88C004FEA3070052813D8DFE8FE
:1058A00000F00F03090F0F0F04F10800002102F0B0
:1058B000D3FE04E004F12800022102F05DFF05465A
:1058C00025B1A8460BE00125002DFAD1D9F8280012
:1058D000D4F88C1020F0E0400843C9F82800207864
:1058E000400625D5D4F898004FEAB020052813D8F3
:1058F000DFE800F00F03090F0F0F04F1080000218B
:1059000002F0AAFE04E004F12800022102F034FFB4
:10591000054625B1A8460BE00125002DFAD1D9F89E
:105920002C00D4F8981020F4E0500843C9F82C005B
:105930002078000625D5D4F89C004FEA7030052861
:1059400013D8DFE800F00F03090F0F0F04F1080070
:10595000002102F081FE04E004F12800022102F09F
:105960000BFF054625B1A8460BE00125002DFAD115
:10597000D9F82C00D4F89C1020F460400843C9F8F2
:105980002C002078000716D5D4F88000B0F5805F91
:1059900008D104F12800022102F0EEFE002818BF11
:1059A0004FF00108D9F82800D4F8801020F44050B6
:1059B0000843C9F828002078C00616D5D4F894000A
:1059C000B0F5807F08D104F12800022102F0D4FE56
:1059D000002818BF4FF00108D9F82C00D4F8941013
:1059E00020F440700843C9F82C00A078000724D5A3
:1059F000D4F8A000B0F5003F1CD0B0F5803F13D024
:105A0000002840F0E58004F10800002102F024FEA7
:105A100005468DB9D9F82C00D4F8A01020F44030F8
:105A20000843C9F82C0008E004F12800022102F024
:105A3000A3FE0546002DEDD0A846A078400725D549
:105A4000D4F88400B0F5401F1DD0B0F5001F14D06D
:105A5000B0F5801F40F0C180D9F8000040F400305C
:105A6000C9F800008DB9D9F82800D4F8841020F4C2
:105A700040100843C9F8280008E004F1280001217B
:105A800002F07AFE0546002DEDD0A846A078C007AA
:105A90001FD0206DB0F5803F0BD0002840F09380E0
:105AA000D9F8000040F40030C9F800004DB1A84614
:105AB0000FE004F10800022102F0CEFD0546002DA2
:105AC000F5D1D9F82000216D20F480300843C9F8C1
:105AD0002000E078800608D504F12800022102F0B9
:105AE0004BFE002818BF4FF00108D4E900108A03CC
:105AF00040F18280E26F6FF0010303EB3223022B4F
:105B00000AD34FEA32233BB1012B6BD1D9F80030D5
:105B100043F40033C9F80030002D66D0CA026ED4B9
:105B20008A0277D44A0000F18080CA0F40F08D804D
:105B3000090200F19580C00707D004F10800002198
:105B400002F08AFD002818BF05462079800707D596
:105B500004F10800012102F07FFD002818BF05466E
:105B60002079400707D504F10800022102F074FDF6
:105B7000002818BF05462079000707D504F1280042
:105B8000002102F0F9FD002818BF05462079C00663
:105B900007D504F12800012102F0EEFD002818BF0E
:105BA00005462079800607D504F12800022102F07D
:105BB000E3FD002818BF0125002D18BF0125284648
:105BC00001B0BDE8F0830125002D7FF470AF78E7C8
:105BD0000125002D7FF430AF1CE70125002D7FF457
:105BE00054AF40E70125002D98D1D9F8283023F48F
:105BF00040731A43C9F828204546CA0290D5D9F8FF
:105C00002420236F22F000421A43C9F824208A027C
:105C10007FF588AFD9F82420A36E22F080721A4352
:105C2000C9F824204A007FF580AF59F81C2C22F4D3
:105C3000004249F81C2CD4F8B42059F81C3C1A43F3
:105C400049F81C2CCA0F3FF473AFD9F82020636DBC
:105C500022F040521A43C9F8202009027FF56BAFA9
:105C6000D9F82810D4F8882021F440011143C9F84C
:105C70002810C0077FF461AF67E74FF6CF73D4F801
:105C8000B00059F81C2CC0F2FF0300F4407122F45C
:105C90007C5203EA1013B1F5407F08BF1A436FF33B
:105CA0001F3049F81C2CD9F844100843C9F84400A7
:105CB0006AE50000000000002DE9F04381B00028F3
:105CC00000F0F88042F200080446C5F20028894638
:105CD000D8F8000000F00F0081420ED9D8F800007B
:105CE00020F00F0040EA0900C8F80000D8F80000D2
:105CF00000F00F00484540F0DD80206844F218476E
:105D00004107C5F602070AD521693A6802F0700218
:105D1000914204D93A6822F07002114339600107B8
:105D20000AD561697A6802F07002914204D97A68F2
:105D300022F0700211437960C1060AD5A1697A6820
:105D400002F4E062914204D97A6822F4E0621143DD
:105D5000796081060AD5E169BA6802F07002914261
:105D600004D9BA6822F070021143B96081070AD5DC
:105D7000E1683A6802F00F02914204D93A6822F0D1
:105D80000F0211433960C00740F08080206881070E
:105D90000AD5E1683A6802F00F02914204D23A68EB
:105DA00022F00F0211433960D8F8001001F00F0102
:105DB00089450DD2D8F8001021F00F0141EA090100
:105DC000C8F80010D8F8001001F00F01494571D152
:105DD00041070AD521693A6802F07002914204D263
:105DE0003A6822F070021143396001070AD56169EF
:105DF0007A6802F07002914204D27A6822F070024E
:105E000011437960C1060AD5A1697A6802F4E0629B
:105E1000914204D27A6822F4E062114379608006EC
:105E20000AD5E069B96801F07001884204D2B96806
:105E300021F070010843B86000F01AF9396849F69A
:105E4000A652C0F60102C1F30321515C3B6803F086
:105E50000F0301F01F01D25C20FA01F102F01F00D4
:105E600040F22C02C2F2004221FA00F0106040F22F
:105E7000101040F22802C2F20040C2F20042006854
:105E8000116001B0BDE8F043FEF76AB9386820F44C
:105E90007061D4E9010211433960012857F8181CD8
:105EA0000CD0032804D0022828D1890302D507E0AA
:105EB000890105D4012001B0BDE8F083C905F9D5F9
:105EC00057F8081C21F00701084347F8080CFEF7B3
:105ED000FBF8064641F2883557F8080C616800F077
:105EE0003800B0EBC10F3FF451AFFEF7EDF8801B67
:105EF000A842F1D9032001B0BDE8F0834907D9D504
:105F0000DEE70000000000003F22026044F2184279
:105F1000C5F6020252F8083C03F007034360136819
:105F200003F470638360136803F00F03C3601368A6
:105F300003F070030361536803F070034361536817
:105F400003F4E0638361926802F07002C26142F27E
:105F50000000C5F20020006800F00F0008607047E4
:105F600080B500F085F844F2184149F6A653C5F60D
:105F70000201C0F601030A68C2F303229A5C0968B1
:105F800001F00F0102F01F02595C20FA02F201F049
:105F90001F0040F22C01C2F2004122FA00F008601A
:105FA00040F22801C2F200410A6080BD00000000FA
:105FB00080B500F05DF844F2184C49F6A653C5F6DA
:105FC000020CC0F60103DCF80020C2F303229A5C45
:105FD000DCF8001001F00F0102F01F02595CD04004
:105FE00040F22C02C2F2004201F01F0120FA01F13E
:105FF000116040F22802C2F200421060DCF8040096
:10600000C0F30210185C00F01F0021FA00F080BD00
:1060100080B500F02DF844F2184C49F6A653C5F6A9
:10602000020CC0F60103DCF80020C2F303229A5CE4
:10603000DCF8001001F00F0102F01F02595CD040A3
:1060400040F22C02C2F2004201F01F0120FA01F1DD
:10605000116040F22802C2F200421060DCF8040035
:10606000C0F30220185C00F01F0021FA00F080BD90
:1060700044F20041C5F602010869C0F3C2000328DA
:1060800014D002280DD088BB0868800649F20000B1
:10609000C0F2D03058BF70470968C1F3C101C84091
:1060A000704747F64000C0F27D1070478B6A886ADF
:1060B000D1F82CC04A6BC0F30510E0B1C2F3CC029A
:1060C00003F0030300EE102A9FED291AB8EE400AF0
:1060D00020EE010A9FED271ADFE803F0021F0F1FD1
:1060E0000A6892060CD49FED251A16E040F60010BF
:1060F000C0F23D007047002070479FED1F1A0CE072
:106100000A6849F20003C0F2D033C2F3C10223FA95
:1061100002F201EE102AB8EE411A0A6B9FED183A0E
:106120006FF35F2202EE102A5FEACC7203FE000AD0
:1061300003EE100A086BB8EE422AC0F34620B8EE10
:10614000433A013030EE020AB7EE002A81EE031A1C
:1061500030EE020A21EE000A01EE100AB8EE411AF2
:1061600080EE010ABCEEC00A10EE100A704700BFB4
:10617000000000390024744A20BCBE4B0024744C3B
:1061800000000000000000002DE9F04381B000286D
:1061900000F097818046007844F20049C007C5F6B8
:1061A000020954D0D9F8100000F03801D9F82800BD
:1061B000102905D018290CD100F00300022808D1BD
:1061C000D9F8000080033ED5D8F80400D8BB0127D9
:1061D0002CE0D8F80450D9F800002DB1B5F5A02F67
:1061E0000BD0B5F5803F0ED020F48030C9F8000008
:1061F000D9F8000020F4802007E040F48020C9F89E
:106200000000D9F8000040F48030C9F80000FDF724
:106210005BFF002D054612D0D9F80000800312D490
:10622000FDF752FF401B6428F6D90327002070B900
:106230008CE100BFFDF748FF401B6428F5D8D9F872
:1062400000008003F6D40120002800F07F8198F838
:10625000000080076AD5D9F8100010F03801D9F88D
:1062600028001DD0182908BF5FEA807018D0D8F820
:106270000C00D9F80010002840D021F01901084383
:10628000C9F80000FDF720FF054600BFD9F800005F
:10629000400727D4FDF718FF401B0228F6D91EE05F
:1062A000D9F80000400704D5D8F80C00002800F009
:1062B000AC81D9F80000D8F80C1020F01900084380
:1062C000C9F80000FDF700FF054600BFD9F800003F
:1062D000400707D4FDF7F8FE401B0228F6D9032734
:1062E000002420E0D9F80400D8F8101020F0FE4077
:1062F000012440EA0160C9F8040014E021F0010023
:10630000C9F80000FDF7E0FE05460126D9F80000B7
:1063100010F0040086EA900405D0FDF7D5FE401B7E
:106320000228F3D90327002C00F0108198F8000010
:10633000C00656D5D9F8100000F03801D9F8280069
:10634000082905D0182917D100F00300012813D11E
:10635000D9F80000C00503D5D8F81C0080283BD12F
:10636000D9F80C00D8F8201020F07C50012440EA25
:106370000160C9F80C0031E0D8F81C000028D9F8F9
:10638000000012D040F08000C9F80000FDF79CFE2C
:10639000054600BFD9F80000C005E1D4FDF794FE22
:1063A000401B0228F6D9032717E020F08000C9F827
:1063B0000000FDF789FE0546012600BFD9F8000060
:1063C00010F4807086EA102408D0FDF77DFE401B93
:1063D0000228F3D9032701E001270024002C00F054
:1063E000B58098F8000000076DD498F8000080068A
:1063F00000F1818098F80000400700F19480D8F8FF
:106400002440002C5BD0D9F8100000F03800182888
:1064100040F0D980012CD9F82810D9F8300050D09C
:1064200001F00302D8F828309A424AD1C1F305118D
:10643000D8F82C20914244D10146D8F830206FF38F
:106440005F21013A91423CD1C0F34622D8F8341082
:1064500001398A4235D1C0F30642D8F838100139E3
:106460008A422ED1C0F30660D8F83C100139884228
:1064700027D1D9F83400D8F84810C0F3CC008142B5
:106480001DD0D9F82C0020F00100C9F82C00FDF730
:106490001BFE0546FDF718FEA842FBD0D9F83400D4
:1064A0004FF6F871D8F84820884340EAC200C9F88E
:1064B0003400D9F82C0040F00100C9F82C00002766
:1064C00044E0012742E0D8F814000028D9F874000D
:1064D00040D040F00100C9F87400FDF7F5FD054615
:1064E000D9F8740080073FF580AFFDF7EDFD401B44
:1064F0000228F5D929E0D8F818000028D9F80000BA
:106500004DD040F48050C9F80000FDF7DDFD054690
:10651000D9F8000080043FF56DAFFDF7D5FD401BB5
:106520000228F5D911E0D9F8000440F48070C9F8C8
:106530000004FDF7C9FD0546D9F80004C0051CD4C8
:10654000FDF7C2FD401B6428F6D90327F8B201B05D
:10655000BDE8F08320F00100C9F87400FDF7B4FD38
:1065600005460327D9F8740080077FF53EAFFDF795
:10657000ABFD401B0228F5D9E8E7D8F80850D9F858
:1065800070001DB1052D42D0012D46D020F0010034
:10659000C9F87000D9F8700020F004003FE020F442
:1065A0008050C9F80000FDF78FFD0546032700BFA6
:1065B000D9F8000080047FF51DAFFDF785FD401B75
:1065C0000228F5D9C2E7D9F8000020F08070C9F898
:1065D0000000FDF779FD022C05464FF0030709D1B5
:1065E000D9F8000080013CD5FDF76EFD401B022864
:1065F000F6D9ABE7D9F8000080017FF560AFFDF771
:1066000063FD401B0228F5D9A0E7012768E640F0AA
:106610000400C9F87000D9F8700040F00100C9F812
:106620007000FDF751FD002D054641F288344FF012
:10663000030711D0D9F8700080073FF5E0AEFDF7F1
:1066400043FD401BA042F5D980E700BFFDF73CFDAC
:10665000401BA0423FF67AAFD9F870008007F5D40E
:10666000CDE608F12807D9F8280040F2F331884335
:106670008ECF0843591E40EA02104FF47E426FF35A
:106680005F21C9F8280002EB47204FF4FE0280B2D8
:10669000D8F83C300844D8F8381002EB01414FF0EC
:1066A000FE4201F4FE0102EB0362084402F0FE41E7
:1066B0000844C9F83000D9F82C004FF6F87120F0E2
:1066C0000100C9F82C00D9F83400D8F848208843D4
:1066D00040EAC200C9F83400D9F82C00D8F84010BC
:1066E00020F00C000843C9F82C00D9F82C00D8F889
:1066F000441020F002000843C9F82C00D9F82C00FF
:1067000040F48030C9F82C00D9F82C0040F4003057
:10671000C9F82C00D9F82C0040F48020C9F82C00CE
:10672000D9F82C0040F00100C9F82C00D9F800007D
:1067300040F08070C9F80000FDF7C6FC044603274E
:10674000D9F8000080013FF5BAAEFDF7BDFC001B93
:106750000228F5D9FAE600007047000000000000AA
:1067600070470000000000007047000000000000BB
:1067700090F83C20012A4FF0020269D0B0B5012305
:1067800080F83C3080F83D2040F2004C0268C4F2B2
:10679000010C42F4806363455368D2F808E002BFFD
:1067A00023F470034C6823434DF6FF740D68C4F264
:1067B000000423F07003A24243EA0503536014DC93
:1067C00040F2FF73C4F200039A4222DD40F6000358
:1067D000C4F200039A422ED040F60043C4F20003F4
:1067E0009A4228D041F6000321E04FF6FF73C4F22D
:1067F00000039A4213DD0023C4F201039A421AD027
:1068000044F20003C4F201039A4214D0624512D04C
:1068100016E0B2F1804F0ED040F2004307E04EF296
:106820000003C4F200039A4205D04EF20043C4F2C2
:1068300000039A4204D12EF08003896819439160C5
:106840000022012180F83D1080F83C20BDE8B040D6
:10685000104670470000000060B310B5044690F881
:106860003D0028B9002084F83C00204600F024F8C0
:10687000022084F83D002068211D02F02DF901203E
:1068800084F8480084F83E0084F83F0084F8400013
:1068900084F8410084F8420084F8430084F84400FE
:1068A00084F8450084F8460084F8470084F83D00E9
:1068B000002010BD0120704710B582B0006800F1C3
:1068C00040404FEAB020072854D8DFE800F00453D6
:1068D00028535316533A44F2E8400022C5F602000A
:1068E0001C24016841F0010101600068052100F0ED
:1068F0000100019001981C2034E044F2E84000229D
:10690000C5F602003724016841F0200101600068EB
:10691000072100F0200001900198372022E044F286
:10692000E8400022C5F602001E24016841F004017F
:1069300001600068032100F00400019001981E200E
:1069400010E044F2E8400022C5F602002C24016861
:1069500041F0800101600068072100F08000019093
:1069600001982C20FDF7CCFC204602B0BDE8104079
:10697000FDF7B2BC02B010BD90F83D1001291ED148
:10698000022180F83D1001684DF6FF70C4F200004E
:10699000814216DC40F2FF70C4F20000814228DD23
:1069A00040F60000C4F20000814234D040F60040BE
:1069B000C4F2000081422ED041F6000027E0012001
:1069C00070474FF6FF70C4F20000814217DD0020CF
:1069D000C4F2010081421ED044F20000C4F2010062
:1069E000814218D040F20040C4F20100814212D02E
:1069F0001DE0B1F1804F0ED040F2004007E04EF2B2
:106A00000000C4F20000814205D04EF20040C4F202
:106A1000000081420BD107228868C0F201020240C7
:106A20000020062A18BFB2F5803F00D170470868E1
:106A300040F00100086000207047000000000000E6
:106A400090F83D10012922D1022180F83D10016803
:106A50004DF6FF70C4F200008142C86840F00100AA
:106A6000C86016DC40F2FF70C4F20000814228DDED
:106A700040F60000C4F20000814234D040F60040ED
:106A8000C4F2000081422ED041F6000027E0012030
:106A900070474FF6FF70C4F20000814217DD0020FE
:106AA000C4F2010081421ED044F20000C4F2010091
:106AB000814218D040F20040C4F20100814212D05D
:106AC0001DE0B1F1804F0ED040F2004007E04EF2E1
:106AD0000000C4F20000814205D04EF20040C4F232
:106AE000000081420BD107228868C0F201020240F7
:106AF0000020062A18BFB2F5803F00D17047086811
:106B000040F0010008600020704700000000000015
:106B100090F83C20012A4FF0020200F0A78080B5D7
:106B2000012380F83C3080F83D208822D0F800C056
:106B3000CFF6CE72DCF808301A40CCF808200B688B
:106B40006F2B0CDDB3F1101F34DAB3F5005F69DA97
:106B5000702B00F0AF80B3F5805F7ED0D0E02F2B9C
:106B600032DD4F2B37DC302B6BD0402B40F0C88010
:106B7000D1F804E0C968DCF82030DCF8202022F0ED
:106B80000102CCF82020DCF8182022F0F00242EAC2
:106B9000011123F00A02CCF8181042EA0E01CCF8D9
:106BA00020104FF68872DCF80810CFF6CF72114033
:106BB000473150E02F21C0F210018B4237DCB3F196
:106BC000101F3ED0202138E0002B18BF102B38D0EA
:106BD000202B36D094E0502B4AD0602B40F0908090
:106BE000D1F804E0C968DCF82030DCF8202022F07D
:106BF0001002CCF82020DCF8182022F4704242EA7F
:106C0000013123F0A002CCF8181042EA0E11CCF8A2
:106C100020104FF68872DCF80810CFF6CF721140C2
:106C2000673118E059D0B3F5801F0AD068E03021F1
:106C3000C0F210018B4204D04021C0F210018B42FF
:106C40005ED14FF68872DCF80810CFF6CF72114093
:106C5000194341F00701CCF808100022012180F807
:106C60003D10002180F83C10BDE880401046704780
:106C7000D1F804E0C968DCF82030DCF8202022F0EC
:106C80000102CCF82020DCF8182022F0F00242EAC1
:106C9000011123F00A02CCF8181042EA0E01CCF8D8
:106CA00020104FF68872DCF80810CFF6CF72114032
:106CB0005731D0E701F1040E9EE80C40DCF80810D3
:106CC0001A4321F47F4142EA0E221143CCF8081006
:106CD000DCF8081041F07701BDE701F1040E9EE8F1
:106CE0000C40DCF808101A4321F47F4142EA0E22DE
:106CF0001143CCF80810DCF8081041F48041AAE7F1
:106D00000122ABE700000000704700000000000017
:106D1000F0B581B004460068C5680669B10716D5AC
:106D200015F0020113D06FF00201016101212177FA
:106D30008069800703D02046FFF7E6FF05E0204684
:106D400000F09AF8204600F09BF8002020777007AA
:106D500018D515F0040015D020686FF0040101610A
:106D600002212177806910F4407F03D02046FFF78D
:106D7000CBFF05E0204600F07FF8204600F080F8C9
:106D800000202077300717D515F0080014D02068B0
:106D90006FF00801016104212177C069800703D0E9
:106DA0002046FFF7B1FF05E0204600F065F82046D9
:106DB00000F066F800202077F00618D515F01000D6
:106DC00015D020686FF01001016108212177C0699A
:106DD00010F4407F03D02046FFF796FF05E02046E1
:106DE00000F04AF8204600F04BF800202077F0072A
:106DF00018BF15F0010006D020686FF00101016195
:106E0000204600F041F805F0800716F4025F18BF35
:106E1000002F02D1F00509D410E020686FF4025170
:106E200001612046FFF79CFCF00507D537B12068CB
:106E30006FF4807101612046FFF78EFC700609D562
:106E400015F0400006D020686FF040010161204637
:106E500000F02EF8B0060CD515F0200009D02068FF
:106E60006FF020010161204601B0BDE8F040FFF75E
:106E70007BBC01B0F0BD00007047000000000000C6
:106E8000704700000000000041F200020168C4F2F7
:106E90000002914201D0F9F77BBE10B50446FDF720
:106EA0001BF92046BDE81040F9F772BE0000000053
:106EB000704700000000000090F88410012901D103
:106EC000022070472421C0F8881001680A680B6806
:106ED00022F0005223F001030B60002343660A6096
:106EE0002021C0F8881080F884300020704700000E
:106EF00090F88410012901D10220704780B5242127
:106F0000C0F8881001684AF2702CC0F6010C4AF2F1
:106F1000782E0A68C0F6010E0B6842F0005223F08A
:106F200001030B604FF0005343660A608A6889686A
:106F3000490FC2F342621CF801301EF801101B0118
:106F4000B3FBF1F1A0F86A101CF802101EF8022041
:106F50000901B1FBF2F1A0F868102021C0F88810F7
:106F6000002180F88410002080BD00000000000097
:106F7000D0F88C30202B06D103460120002918BF01
:106F8000002A02D170470220704710B50120D86650
:106F90000020186718461C4602F0E2FC002818BFC3
:106FA00010BDE26E012A0ED1226821461023136221
:106FB0000A6852E8002F0B6842F0100243E80024F0
:106FC000002CF5D110BD012010BD00000000000014
:106FD0000CF042BF000000007047000000000000FD
:106FE00090F88420012A01D102207047B0B5012316
:106FF00080F884302422C0F888200268D0F864E049
:10700000BEF1000FD2F800C0146824F0010414602F
:10701000946824F0606441EA040191601BD0916897
:107020004AF2702E9368C0F6010E5B0F4AF2782583
:10703000C1F34261C0F601051EF80340EB5C240178
:10704000B4FBF3F3A0F86A301EF80130695C1B0151
:10705000B3FBF1F301E0A0F86A30A0F8683020211A
:10706000C2F800C0C0F88810002180F88410002009
:10707000B0BD00000000000090F88420012A01D17A
:1070800002207047B0B5012380F884302422C0F874
:1070900088200268D0F864E0BEF1000FD2F800C08A
:1070A000146824F001041460946824F0604441EAF8
:1070B000040191601BD091684AF2702E9368C0F66B
:1070C000010E5B0F4AF27825C1F34261C0F601055B
:1070D0001EF80340EB5C2401B4FBF3F3A0F86A3024
:1070E0001EF80130695C1B01B3FBF1F301E0A0F86D
:1070F0006A30A0F868302021C2F800C0C0F88810BB
:10710000002180F884100020B0BD000000000000C5
:107110007047000000000000704700000000000001
:107120000168CA69D20701D001220A62CA699207BE
:1071300001D502220A62CA69520701D504220A62F5
:10714000CA69120701D508220A62CA69D20502D5A6
:107150004FF480720A620CF0F3BE000000000000E1
:1071600070B5046840F62F01E269114020292168BA
:10717000A66805D101F0200306F080555B1939D1CE
:1071800040F60F0313400DD0012340F22015C1F249
:107190000003C0F2004506EA030C01EA050313EB05
:1071A0000C032DD1D306C36E16D5012B14D111F0CB
:1071B000100311D010212162A168490600F1FB8063
:1071C000B0F85C10B0F85E20B0F85E30002B18BF4D
:1071D000914240F05A8170BDD30240F1CA8016F44A
:1071E000800300F0C6804FF480112162BDE870403A
:1071F000FFF792BF416F0029EDD0BDE8704008470E
:10720000D30718BF11F4807307D001232362D0F88D
:10721000903043F00103C0F89030930706F0010E60
:107220000AD5BEF1000F07D002232362D0F89030B8
:1072300043F00403C0F8903053070AD5BEF1000FA5
:1072400007D004232362D0F8903043F00203C0F843
:10725000903013070CD501F0200353EA0C0307D03C
:1072600008232362D0F8903043F00803C0F8903030
:1072700013050BD511F0806308D04FF4006323622F
:10728000D0F8903043F02003C0F89030D0F8903020
:10729000002BA0D092060AD501F0200106F0805202
:1072A000891804D0416F11B104468847204601680F
:1072B000D0F89020896802F0280201F04001891876
:1072C00006D10446FFF72CFF0020C4F8900070BDE3
:1072D000016851E8001F026821F4907142E8001330
:1072E000002BF5D14FF6FE71CEF6FF71026852E821
:1072F000022F03680A4043E80226002EF6D1C16E31
:10730000012909D1016851E8001F026821F010012C
:1073100042E80013002BF5D12021C0F88C10002189
:10732000C166026841679168490640F1A18000BFCB
:10733000016851E8021F026821F0400142E802138F
:10734000002BF5D1D0F88010002900F0918048F68C
:10735000F95204460846C0F600020A65FAF728FB0F
:1073600000283FF438AFD4F88000016DBDE87040CC
:107370000847130606D501F0800306F400069B19A2
:1073800040F0B380530677D511F0400374D000BFAE
:10739000016851E8001F026821F0400142E8001333
:1073A000002BF5D12021C0F8881000218167BDE8AD
:1073B000704000F091BCD0F88020116849688BB211
:1073C000002B4AD0B0F85C60B34246D2A0F85E1001
:1073D000D169B1F5807F34D0016851E8001F02689F
:1073E00021F4807142E80013002BF5D1016851E8C7
:1073F000021F026821F0010142E80213002BF5D1BF
:10740000016851E8021F026821F0400142E80213BE
:10741000002BF5D12021C0F88C100021C16600BFDF
:10742000016851E8001F026821F0100142E80013D2
:10743000002BF5D1D0F8801004460846FAF748F83A
:10744000204602210167B0F85C10B0F85E20891A6E
:1074500089B2BDE87040FFF7BBBDB0F85C1099423F
:107460007FF4B9AED269B2F5807F7FF4B4AE36E076
:10747000BDE87040FFF754BE13023DD511F08043C4
:107480003AD0BDE87040FFF743BE891A026852E85F
:10749000002F036822F4907243E80026002EF5D1F5
:1074A0004FF6FE72CEF6FF72036853E8023F06689D
:1074B000134046E80235002DF6D12022C0F88C207A
:1074C0000022C266426700BF026852E8002F0368CC
:1074D00022F0100243E80026002EF5D189B20222E4
:1074E0000267BDE87040FFF773BD816F00293FF46C
:1074F00072AEBDE870400847D2017FF56CAEB1F1C5
:10750000FF3FC8BF70BDBDE87040FFF765BD00001C
:1075100010B5D8B10446D0F8880028B9002084F806
:107520008400204600F028F82420C4F88800206851
:10753000A16A0268002922F00101016002D0204600
:1075400001F08AFB204601F0D7FF08B1012010BDF1
:107550002068416821F490414160816821F02A014E
:107560008160016841F0010101602046BDE81040E2
:1075700001F0E2BB000000002DE9F041B6B00021AF
:107580000446CDE93411CDE93211319102A8B82178
:10759000F9F74EF847F6FF312068C4F2000188423F
:1075A00040F3818047F60041C4F20001884200F0B8
:1075B000F18041F20001C4F20101884200F06281D1
:1075C00041F20041C4F20101884240F0588101209B
:1075D000029002A8002603962096FDF7B9FE08B196
:1075E000F9F732FE44F2E04040F21008C5F602001E
:1075F000C4F20208016941F020010161016901F052
:10760000200101910199016841F0040101600068C5
:1076100031A900F0040001900198C02031900220AF
:10762000CDE932060720359040F600003496C5F6C5
:107630000200FCF765FC42F2FC7508F58660C2F2B8
:1076400000454FF4806728604720C5E901062846B9
:10765000EE60C5E90476C5E90666C5E90866FBF78C
:1076600033F808B1F9F7F0FDC4F8805008F58960E7
:10767000AC6342F67405C2F2004528604820686099
:107680004020A8600020C5E90307C5E90500C5E959
:10769000070068622846FBF717F800284FF04706F6
:1076A00040F0E180E1E044F20041C4F20001884290
:1076B00000F0548144F60041C4F20001884240F0D9
:1076C000DE8002A800260396022502951F96FDF78C
:1076D0003FFE08B1F9F7B8FD44F2E04040F210086F
:1076E000C5F60200C4F20208816841F400218160FD
:1076F000816801F4002101910199016841F00401C0
:107700000160006831A900F00400019001984FF475
:10771000406061C10820359040F6000031A9C5F6EF
:1077200002003496FCF7ECFB42F23C4508F13000D5
:10773000C2F200454FF4806728603F20C5E901068A
:107740002846EE60C5E90476C5E90666C5E908661F
:10775000FAF7BAFF08B1F9F777FDC4F8805008F1DD
:107760004800AC6342F2B445C2F2004528604020B4
:10777000C5E9010000206862C5E90307C5E9050005
:10778000C5E907002846FAF79FFF00284FF03406A6
:1077900069D16AE002A800260396022502951F9689
:1077A000FDF7D6FD08B1F9F74FFD44F2E04040F295
:1077B0001008C5F60200C4F20208816841F00041D9
:1077C0008160816801F0004101910199016841F0F7
:1077D00010010160006831A900F0100001900198CB
:1077E000032061C140F600010820C5F60201359072
:1077F00001F5006031A93496FCF782FB42F22C556A
:1078000008F19000C2F200454FF4806728605120D3
:10781000C5E901062846EE60C5E90476C5E90666B5
:10782000C5E90866FAF750FF08B1F9F70DFDC4F88D
:10783000805008F1A800AC6342F2A455C2F20045A2
:107840002860522068604020A8600020C5E9030736
:10785000C5E90500C5E9070068622846FAF734FF64
:107860004FF0530608B1F9F7EFFC0521002230462E
:10787000E567AC63FCF744FD3046FCF72DFD36B000
:10788000BDE8F0810120029002A800260396209610
:10789000FDF75EFD08B1F9F7D7FC44F2E04040F295
:1078A0001008C5F60200C4F20208016941F0100197
:1078B0000161016901F0100101910199016841F034
:1078C00002010160006840F6000100F00200019032
:1078D000C5F602010198C020319002203496CDE90E
:1078E000320607203590A1F5806031A9FCF708FB2E
:1078F00042F21C652920C2F200454FF48067C5E9B9
:1079000001062846C5F80080EE60C5E90476C5E9A1
:107910000666C5E90866FAF7D7FE08B1F9F794FCE0
:10792000C4F8805008F11800AC6342F29465C2F2CA
:10793000004528602A2068604020A8600020C5E932
:107940000307C5E90500C5E9070068622846FAF79C
:10795000BBFE00284FF0250685D186E702A8002649
:107960000396022502951F96FDF7F2FC08B1F9F780
:107970006BFC44F2E04040F21008C5F60200C4F28D
:107980000208816841F400318160816801F40031AE
:1079900001910199016841F008010160006831A975
:1079A00000F0080001900198602061C140F60001DC
:1079B0000720C5F60201359001F5806031A93496A3
:1079C000FCF79EFA42F20C7508F58060C2F20045A1
:1079D0004FF4806728602B20C5E901062846EE6039
:1079E000C5E90476C5E90666C5E90866FAF76CFEDE
:1079F00008B1F9F729FCC4F8805008F58360AC633E
:107A000042F28475C2F2004528602C206860402054
:107A1000A8600020C5E90307C5E90500C5E907001E
:107A200068622846FAF750FE00284FF026067FF4D9
:107A30001AAF1AE700000000D0F88C30202B0AD1D2
:107A400094460A4600294FF0010118BFBCF1000F0F
:107A500004D10846704702210846704710B54FF020
:107A6000000EC0F86CE040F600440368C5F6000460
:107A7000A3420DD05B681B020AD500BF036853E820
:107A8000003F046843F0806344E800310029F5D1E9
:107A900082652221A0F85CC0C0F890E0C0F88C108C
:107AA000D0F8803013B348F6D16148F65974C0F667
:107AB0000001C0F60004C3E90F1448F60961002470
:107AC000C0F60001C3E913140168044624311846C6
:107AD0006346FBF719F90146204639B11021C0F879
:107AE00090102021C0F88C10012120E0016949B1DB
:107AF000016851E8001F026841F4807142E80013F8
:107B0000002BF5D1016851E8021F026841F0010124
:107B100042E80213002BF5D1016851E8021F026808
:107B200041F0400142E80213002BF5D10021BDE8ED
:107B30001040084670470000D0F88C30202B06D14A
:107B40000123002918BF002A03D1184670470220DC
:107B5000704780B50023C36640F60043D0F800C0EC
:107B6000C5F600039C450FD0DCF804301B020BD592
:107B7000036853E800CFD0F800E04CF080634EE893
:107B8000003CBCF1000FF3D101F03AFF0023BDE847
:107B9000804018467047000010B541F2F011C2F263
:107BA00000410978002908BF10BD41F2F414C2F267
:107BB000004403E0013904F104042ED02268002AB5
:107BC000F8D053688342F5D19189A9B1906800F04B
:107BD0001F02BFF34F8F11444EF65C722031CEF27C
:107BE000000200BF20391060202900F12000F9DCDC
:107BF000BFF34F8FBFF36F8F20680368828981685E
:107C00001B6898472068817B82890129D0E901019E
:107C100004D1BDE81040FFF70FBF10BDBDE8104014
:107C2000FFF78ABF0000000070470000000000005E
:107C3000D0F88830202B07D113460122002918BF25
:107C4000002B04D11046704702221046704710B531
:107C500001650022A0F854302124A0F85630C0F865
:107C60009020C0F88840D0F87CC0BCF1000F20D034
:107C700048F6797E48F6B974C0F6000EC0F60004E6
:107C8000CCE90FE448F60964C0F60004CCE91342DD
:107C90000268044628326046FBF736F80146204663
:107CA00039B11021C0F890102021C0F888100122AD
:107CB0000DE0016840220A62016851E8021F026873
:107CC00041F0800142E80213002BF5D10022BDE80B
:107CD0001040104670470000704700000000000090
:107CE0007047000000000000FEE7000000000000F8
:107CF00080B542F2243044F20041C2F20040C4F6A2
:107D000002010160F9F768FB002808BF80BDBDE8EB
:107D10008040F9F799BA000080B582B044F2D840AB
:107D20000022C5F60200016841F00101016001680E
:107D300001F0010101910199016841F00201016026
:107D40000068052100F00200009000980B20FCF76D
:107D5000D7FA0B20FCF7C0FA0C2005210022FCF713
:107D6000CFFA0C20FCF7B8FA0D2005210022FCF711
:107D7000C7FA0D20FCF7B0FA0E2005210022FCF70F
:107D8000BFFA0E20FCF7A8FA0F2005210022FCF70D
:107D9000B7FA0F20FCF7A0FA102005210022FCF70B
:107DA000AFFA1020FCF798FA112005210022FCF709
:107DB000A7FA1120FCF790FA2F2005210022FCF7EA
:107DC0009FFA2F20FCF788FA382005210022FCF7C3
:107DD00097FA3820FCF780FA392005210022FCF7B9
:107DE0008FFA3920FCF778FA3A2005210022FCF7B7
:107DF00087FA3A20FCF770FA3B2005210022FCF7B5
:107E00007FFA3B2002B0BDE88040FCF765BA000075
:107E100080B542F630104AF20001C2F20040C4F2CE
:107E200000014FF0010C022301600021C0E90211A2
:107E3000C0F80F104FF00F0EC0F814C00922836174
:107E4000C0F81CE0C0E9082CC0E90A3EC0E90C21DA
:107E5000C0E90E330822026404238366C0E91132AC
:107E6000C0E91331C0E915311D22C2650322C0E902
:107E70001821FBF751FC002808BF80BDBDE88040F9
:107E8000F9F7E2B90000000080B542F6D0104AF2DE
:107E90000041C2F20040C4F200014FF0010C022385
:107EA00001600021C0E90211C0F80F104FF00F0E61
:107EB000C0F814C009228361C0F81CE0C0E9082C96
:107EC000C0E90A3E02634FF48062C0E90D23C36338
:107ED000082202640423C0E91132C0E91331C0E969
:107EE00015311D22C26503228366C0E91821FBF704
:107EF00013FC002808BF80BDBDE88040F9F7A4B995
:107F000080B542F670204DF20041C2F20040C4F24A
:107F100000014FF0010C022301600021C0E90211B1
:107F2000C0F80F104FF00F0EC0F814C00922836183
:107F3000C0F81CE0C0E9082CC0E90A3E02634FF417
:107F40000062C0E90D23C363082202640423C0E970
:107F50001132C0E91331C0E915311D22C265032277
:107F60008366C0E91821FBF7D7FB002808BF80BD56
:107F7000BDE88040F9F768B980B548F6C9004AF213
:107F80008822C0F60000C0F6010200210FF030FB8D
:107F900041F6C851C2F20041086080BD00000000F7
:107FA0002DE9F04786B044F2E0404FF00009C5F6F5
:107FB0000200CDF81490CDE90399CDE9019901684B
:107FC00041F6000441F0100101600168C5F60204A9
:107FD00001F0100100910099016841F02001016059
:107FE0000168002201F0200100910099016841F030
:107FF0008001016001684FF0800801F0800100916C
:108000000099016841F001010160016801F001017E
:1080100000910099016841F040010160016801F0A0
:10802000400100910099016841F00201016001687E
:1080300001F0020100910099016841F0080101601E
:10804000016801F0080100910099016841F0040104
:1080500001600068802100F0040000900098204634
:10806000FCF72AF801AD0C20CDE90109A4F5006068
:10807000294601270397FBF743FFA4F580664FF4D9
:1080800080700190304629464FF4881ACDE902A944
:10809000FBF736FF4FF400702946CDE9010A304660
:1080A0000397FBF72DFF04202946CDE9010AA4F52B
:1080B000C0500397FBF724FF03202946CDE90109AF
:1080C00020460397FBF71CFFA4F540664FF4405091
:1080D000CDE90109304629460397FBF711FF4FF41C
:1080E00040402946CDE9010A30460397FBF708FFD7
:1080F00060202946CDE9010A204602260396FBF7B7
:10810000FFFE20462946CDE90187CDE90396FBF71E
:10811000F7FE082004210022FCF7F2F80820FCF703
:10812000DBF8172004210022FCF7EAF81720FCF7FF
:10813000D3F8282004210022FCF7E2F82820FCF7DD
:10814000CBF806B0BDE8F08780B542F6F47041F692
:108150000041C2F20040C4F2000140F2CF7201605F
:108160004FF48971416000218160C0E90321816180
:10817000FEF772FB002808BF80BDBDE88040F9F71C
:1081800063B800000000000080B588B043F24000F2
:108190000021C2F200400791CDE90511CDE903119C
:1081A000CDE901114FF0804202604FF48972816184
:1081B000C0E901214FF0FF32C0E90321FEF74CFB7B
:1081C00008B1F9F741F84FF48050049043F24000B1
:1081D00004A9C2F20040FEF79BFC08B1F9F734F89D
:1081E00000200190039043F24000C2F2004001A938
:1081F000FEF7BEFA08B1F9F727F808B080BD000015
:1082000080B588B043F28C0040F60002C2F2004014
:1082100000210791C4F20002CDE90511CDE9031157
:10822000CDE9011102604FF48972C0E9012140F2E9
:10823000CF728161C0E90321FEF70EFB08B1F9F7A7
:1082400003F84FF48050049043F28C0004A9C2F26A
:108250000040FEF75DFC08B1F8F7F6FF0020019042
:10826000039043F28C00C2F2004001A9FEF780FAAD
:1082700008B1F8F7E9FF08B080BD00000000000079
:1082800010B584B043F2241041F20041C2F2004024
:1082900000240394C4F20001CDE9014401604FF4CD
:1082A0008971C0E9011440F2E731C1608461FEF7D1
:1082B000D3FA08B1F8F7C8FF43F2241001A9C2F2BB
:1082C000004001940394FEF753FA08B1F8F7BCFF9D
:1082D00004B010BD0000000080B543F2982044F6C1
:1082E0000041C2F20040C4F200010C2201604FF4D0
:1082F000E13141600021C0E902110161C0E90521BD
:10830000C0E90711C0E90911FFF702F908B1F8F750
:108310009BFF43F298200021C2F20040FEF7ACFE22
:1083200008B1F8F791FF43F298200021C2F2004013
:10833000FEF756FE08B1F8F787FF43F29820C2F225
:108340000040FEF7B9FD002808BF80BDBDE88040B1
:10835000F8F77ABF0000000080B543F2C03047F65E
:108360000041C2F20040C4F200010C2201604FF44F
:10837000E13141600021C0E902110161C0E905213C
:10838000C0E90711C0E90911FFF7C2F808B1F8F711
:108390005BFF43F2C0300021C2F20040FEF76CFEEA
:1083A00008B1F8F751FF43F2C0300021C2F200409B
:1083B000FEF716FE08B1F8F747FF43F2C030C2F2ED
:1083C0000040FEF779FD002808BF80BDBDE8804071
:1083D000F8F73ABF0000000080B543F2701041F298
:1083E0000001C2F20040C4F201010C2201604FF40E
:1083F000E13141600021C0E902110161C0E90521BC
:10840000C0E907114162102181624FF48051C163BC
:10841000FFF77EF808B1F8F717FF43F2701000215C
:10842000C2F20040FEF728FE08B1F8F70DFF43F254
:1084300070100021C2F20040FEF7D2FD08B1F8F73B
:1084400003FF43F27010C2F20040FEF751FD002816
:1084500008BF80BDBDE88040F8F7F6BE0000000010
:1084600080B543F2042044F20041C2F20040C4F25D
:1084700000010C2201604FF4E13141600021C0E9AC
:1084800002110161C0E90521C0E90711C0E9091124
:10849000FFF73EF808B1F8F7D7FE43F204200021B9
:1084A000C2F20040FEF7E8FD08B1F8F7CDFE43F256
:1084B00004200021C2F20040FEF792FD08B1F8F757
:1084C000C3FE43F20420C2F20040FEF7F5FC002890
:1084D00008BF80BDBDE88040F8F7B6BE00000000D0
:1084E00080B543F22C3041F20041C2F20040C4F2A8
:1084F00001010C2201604FF4E13141600021C0E92B
:1085000002110161C0E90521C0E90711C0E90911A3
:10851000FEF7FEFF08B1F8F797FE43F22C3000217A
:10852000C2F20040FEF7A8FD08B1F8F78DFE43F255
:108530002C300021C2F20040FEF752FD08B1F8F7DE
:1085400083FE43F22C30C2F20040FEF7B5FC002857
:1085500008BF80BDBDE88040F8F776BE000000008F
:1085600080B542F2480040F20801C2F20040C2F277
:108570000041012201F058FF08B1F8F765FE42F210
:10858000480040F23001C2F20040C2F2004102F065
:10859000CBF908B1F8F758FE42F2480040F2CC019E
:1085A000C2F20040C2F2004101F026FD08B1F8F726
:1085B0004BFE42F24800C2F2004002F0E1F908B17D
:1085C000F8F742FEBDE88040FCF782BD00000000E5
:1085D000FEE7000000000000FEE7000000000000D1
:1085E00042F61030C2F20040FCF73AB8000000003A
:1085F000EFF30980BFF36F8F154B1A681EF0100F51
:1086000008BF20ED108A20E9F04F10602DE9090025
:108610004FF0500080F31188BFF34F8FBFF36F8F7F
:1086200010F076F84FF0000080F31188BDE80900E3
:1086300019680868B0E8F04F1EF0100F08BFB0ECE2
:10864000108A80F30988BFF36F8F704700BF00BFA7
:10865000986D002400000000F0B581B044F22C4772
:10866000C5F6020757F8042C02F00302032A02D1D0
:10867000012001B0F0BD054657F82C0C0C4620F047
:10868000806047F82C0CFBF71FFD064657F82C0CB2
:10869000000105D5FBF718FD801B0228F6D964E020
:1086A00057F8040CEE6895E80E0020F47C30012C9D
:1086B00040EA0130A2F101016FF35F214FF47E42E5
:1086C00002EB432247F8040C92B24FF0FE4302EB58
:1086D00001004FF4FE012A6901EB064101F4FE019D
:1086E00003EB0262084402F0FE410844F860386877
:1086F000696920F0C00040EA010038603868A96963
:1087000020F0200040EA0100386038684FF6F87128
:1087100020F0100038603869EA6920EA01004FF45F
:10872000001140EAC2003861386808BF4FF4801178
:1087300040F01000002C386008BF4FF4002138686A
:108740000843386057F82C0C40F0806047F82C0C38
:10875000FBF7BAFC044600BF57F82C0C000107D405
:10876000FBF7B2FC001B0328F6D3032001B0F0BDD9
:10877000002001B0F0BD0000F0B581B044F22C47FC
:10878000C5F6020757F8042C02F00302032A02D1AF
:10879000012001B0F0BD054657F82C0C0C4620F026
:1087A000805047F82C0CFBF78FFC064657F82C0C32
:1087B000800005D5FBF788FC801B0228F6D964E011
:1087C00057F8040CEE6895E80E0020F07C70012C40
:1087D00040EA0150A2F101016FF35F214FF47E42A4
:1087E00002EB432247F8040C92B24FF0FE4302EB37
:1087F00001004FF4FE012A6901EB064101F4FE017C
:1088000003EB0262084402F0FE41084478613868D4
:10881000696920F4406040EA010038603868A9695D
:1088200020F4007040EA0100386038684FF6F871B3
:1088300020F480703860B869EA6920EA01004FF0DE
:10884000807140EAC200B861386808BF4FF4000187
:1088500040F48070002C386008BF4FF48001386805
:108860000843386057F82C0C40F0805047F82C0C27
:10887000FBF72AFC044600BF57F82C0C800007D4F5
:10888000FBF722FC001B0328F6D3032001B0F0BD48
:10889000002001B0F0BD000000000000000000005A
:1088A000074B19680868B0E8F04F80F30988BFF3F8
:1088B0006F8F4FF0000080F31188704700BF00BF3A
:1088C000986D002400000000FFF74AFE01200EF022
:1088D00047FEFBE70000000080B54EF21000CEF22C
:1088E0000000006810F0B4FC012808BF80BDBDE89E
:1088F00080400FF0F1BF0000B0B59CB044F6180402
:1089000009A84C21C5F60204F7F792FE02200025C3
:10891000CDE90755CDE90555CDE90355CDE901551B
:10892000FCF7B2FB0095206820F4404020602068EE
:1089300000F440400090009820688004FCD521207D
:1089400009904FF480300A9001200F9002212C22D0
:10895000CDE9152004201491CDE917010C201990C0
:1089600009A80024CDE91211CDE91A44FDF70CFC49
:1089700018B1EFF3108072B6FEE73F20019003209C
:108980004FF48061CDE90204082004904020CDE935
:108990000500CDE9071001A80321FDF78DF920B1ED
:1089A000EFF3108072B600BFFEE71CB0B0BD000050
:1089B0004EF6885042F2000CCEF20000C5F2002CB8
:1089C000026842F470020260DCF8000000F00F0060
:1089D000062806D8DCF80000072262F30300CCF872
:1089E000000044F200404EF67F51C5F60200CEF67C
:1089F000F621026842F0010202600022026103686F
:108A000019400160DCF80010090706D5DCF80010F9
:108A1000072363F30301CCF8001040F200218261C8
:108A2000C261C0F20221026281620021C0F2FF1124
:108A3000C16240F28021C0F201110163426381638F
:108A4000C26301644264016821F48021016002660E
:108A5000D0F8D410C90448BF7047D0F8D41043F2FE
:108A6000D20241F48051C0F8D41044F20001C5F2A2
:108A700000210A60D0F8D41021F48051C0F8D4103D
:108A8000704700000000000043F24000C2F20040C6
:108A9000FEF73EB90000000043F28C00C2F2004035
:108AA000FEF736B90000000043F2D800C2F20040E1
:108AB000FEF72EB90000000043F22410C2F200407D
:108AC000FEF726B90000000042F6F470C2F2004042
:108AD000FEF71EB90000000010B540F6FF32D0F8D6
:108AE00000E0C4F2000290420FDCB0F1804F1DD0D4
:108AF00040F20043C4F20003984217D040F600034E
:108B0000C4F20003984211D015E040F60043C4F2CD
:108B1000000398420AD040F20043C4F20103984295
:108B200004D00023C4F20103984204D12EF0700255
:108B30004B6843EA020E4EF2FF3343F6FF7CC4F269
:108B40000003C4F2010C98420FDD604522DC4EF2B6
:108B50000043C4F20003984238D00023C4F201035A
:108B6000984233D040F2004322E040F2FF73C4F257
:108B70000003984221DD40F60003C4F2000398424E
:108B800024D040F60043C4F2000398421ED04EF2B7
:108B9000000317E044F20003C4F20103984215D029
:108BA00044F60003C4F2010398420FD044F200439C
:108BB000C4F20103984209D00DE0B0F1804F05D016
:108BC00040F20043C4F20003984204D12EF44072F4
:108BD000CB6843EA020E4B6960450A688C68C46240
:108BE00082620EDD44F20002C4F20102904213D010
:108BF00044F60002C4F2010290420DD044F2004259
:108C000006E00022C4F20102904205D040F2004288
:108C1000C4F20102904201D109690163016841F087
:108C200004010160012141612EF0800119430160BE
:108C300010BD00000000000043F29820C2F2004086
:108C4000FEF78EBA0000000043F2C030C2F20040CE
:108C5000FEF786BA00000000816A0A070CD4CA0732
:108C600015D18A071ED44A0727D4CA0630D48A06EB
:108C700039D44A0642D454E00268D0F838C0536868
:108C800023F4004343EA0C035360CA07E9D00268A7
:108C9000D0F82CC0536823F4003343EA0C0353602C
:108CA0008A07E0D50268D0F830C0536823F48033D7
:108CB00043EA0C0353604A07D7D50268D0F834C0A2
:108CC000536823F4802343EA0C035360CA06CED5CD
:108CD0000268D0F83CC0936823F4805343EA0C0345
:108CE00093608A06C5D50268D0F840C0936823F423
:108CF000005343EA0C0393604A0612D50268D0F889
:108D000044C0BCF5801F536823F4801343EA0C036E
:108D1000536006D1536823F4C00C836C43EA0C0300
:108D20005360090658BF70470168C06C4A6822F456
:108D30000022104348607047B0B582B0044600205E
:108D4000C4F89000FBF7C0F92168054609680907D7
:108D500018D54FF4001100226FF07E40009020469D
:108D60002B4600F0DDFE68B1206850E8000F216856
:108D700020F0800041E80002002AF5D103202021E4
:108D8000882230E020680068400723D54FF4800136
:108D900000226FF07E40009020462B4600F0C0FE7F
:108DA000C0B100BF206850E8000F216820F4907027
:108DB00041E80002002AF5D1206850E8020F21683E
:108DC00020F0010041E80202002AF5D10320202111
:108DD0008C2208E02020C4F88800C4F88C00002110
:108DE00070220020E166A150002184F8841002B0B6
:108DF000B0BD000000000000806B0021A0F85E10F4
:108E0000FEF78EB900000000806B0368D0F8882060
:108E1000D0F88CC09B681B061BD5212A19D10022D3
:108E2000A0F85620026852E8002F036822F0C00222
:108E300043E800210029F5D1016851E8021F0268CA
:108E400021F4000142E80213002BF5D12021C0F8E3
:108E5000881001688968490632D5BCF1220F2FD1EC
:108E60000021A0F85E1000BF016851E8001F0268F1
:108E700021F4907142E80013002BF5D14FF6FE7CEF
:108E8000CEF6FF7C026852E8022F036802EA0C0269
:108E900043E802210029F5D1C16E01290AD100BFA2
:108EA000016851E8001F026821F0100142E8001338
:108EB000002BF5D12021C0F88C100021C16641673C
:108EC000D0F8901041F01001C0F89010FEF728B9CA
:108ED000C169806BB1F5807F30D00021A0F85E10B1
:108EE000016851E8001F026821F4807142E8001314
:108EF000002BF5D1016851E8021F026821F0010141
:108F000042E80213002BF5D1016851E8021F026804
:108F100021F0400142E80213002BF5D12021C0F8D6
:108F20008C10C16E012909D1016851E8001F026847
:108F300021F0100142E80013002BF5D10021016758
:108F4000C16E012903D1B0F85C10FEF741B8FEF7FD
:108F500023BE000000000000806B01210167C16E8C
:108F6000012904D1B0F85C104908FEF731B8FEF7CA
:108F70005BBE000000000000C169806BB1F5807F1E
:108F800001D1FEF7A9BE0021A0F85610016851E8F2
:108F9000021F026821F0800142E80213002BF5D184
:108FA000016851E8001F026841F0400142E80013E7
:108FB000002BF5D170470000806BFEF791BE0000DA
:108FC000B0F860200168D0F88C30222B58D1496A63
:108FD000836D114023F8021B8365B0F85E100139E0
:108FE000A0F85E10B0F85E10002918BF704700BFEF
:108FF000016851E8001F026821F4907142E80013F3
:10900000002BF5D1016851E8021F026821F001012F
:1090100042E80213002BF5D12021C0F88C1000216A
:109020004167016740F600420168C5F600029142BF
:109030000CD04968090209D5016851E8001F02688F
:1090400021F0806142E80013002BF5D1C16E0129A7
:109050001BD10021C16600BF016851E8001F0268F2
:1090600021F0100142E80013002BF5D10168CA6914
:10907000D20601D510220A62B0F85C10FDF7A8BF35
:10908000886940F0080088617047FEF785BD0000E0
:109090002DE9F04F81B004460068B4F86050C6690D
:1090A00001688268D4F88C30222B40F0A580B4F897
:1090B0006800002800F0AA8001F4807802F001071F
:1090C0004FF000094FF0020B4FF0010A04E000BF1F
:1090D000B4F85E00002841D0B00640F197802068C7
:1090E000A16D426A2A4021F8022BA165B4F85E10F6
:1090F0000139A4F85E10C6697107E9D0F20718BFFC
:10910000B8F1000F02D1B2070AD412E0C0F820A0D3
:10911000D4F8902042F00102C4F89020B20708D59C
:109120003FB1C0F820B0D4F8902042F00402C4F857
:109130009020002908D53FB104210162D4F89000A5
:1091400040F00200C4F89000D4F890000028BFD08E
:109150002046FDF7E5FFC4F89090B9E7206850E895
:10916000000F216820F4807041E80002002AF5D148
:109170004FF6FE70CEF6FF70216851E8021F22689C
:10918000014042E80213002BF6D12020C4F88C00E5
:1091900000206067206740F600412068C5F60001A6
:1091A00088420DD0406800020AD500BF206850E810
:1091B000000F216820F0806041E80002002AF5D10C
:1091C000E06E01281FD10020E06600BF206850E853
:1091D000000F216820F0100041E80002002AF5D1BC
:1091E0002068C169C90601D510210162B4F85C107C
:1091F0002046FDF7EDFE09E0816941F0080181613B
:1092000001B0BDE8F08F2046FEF7C6FCB4F85E0062
:10921000F0B1B4F8681088421AD200BF206850E854
:10922000020F216820F0805041E80202002AF5D1A7
:1092300048F6C170C0F60000606700BF206850E8C3
:10924000000F216840F0200041E80002002AF5D11B
:1092500001B0BDE8F08F0000B0F860100268D0F8EF
:109260008C30222B58D1526A836D11401970816D58
:1092700001318165B0F85E100139A0F85E10B0F8D8
:109280005E10002918BF7047016851E8001F02688E
:1092900021F4907142E80013002BF5D1016851E8E8
:1092A000021F026821F0010142E80213002BF5D1F0
:1092B0002021C0F88C1000214167016740F6004270
:1092C0000168C5F6000291420CD04968090209D52F
:1092D000016851E8001F026821F0806142E8001334
:1092E000002BF5D1C16E01291BD10021C16600BF41
:1092F000016851E8001F026821F0100142E80013E4
:10930000002BF5D10168CA69D20601D510220A6284
:10931000B0F85C10FDF75CBE906940F00800906109
:109320007047FEF739BC00002DE9F04F81B00446CC
:109330000068B4F86050C66901688268D4F88C305F
:10934000222B40F0A780B4F86800002800F0AC8021
:1093500001F4807B02F001074FF000084FF0020A91
:109360004FF0010904E000BFB4F85E00002843D0CC
:10937000B00640F199802068A16D406A28400870CD
:10938000A06D0130A0652068B4F85E100139A4F822
:109390005E10C6697107E7D0F20718BFBBF1000F76
:1093A00002D1B2070AD412E0C0F82090D4F890207D
:1093B00042F00102C4F89020B20708D53FB1C0F8CE
:1093C00020A0D4F8902042F00402C4F89020002994
:1093D00008D53FB104210162D4F8900040F00200AA
:1093E000C4F89000D4F890000028BDD02046FDF7C6
:1093F00097FEC4F89080B7E7206850E8000F216816
:1094000020F4807041E80002002AF5D14FF6FE708A
:10941000CEF6FF70216851E8021F2268014042E841
:109420000213002BF6D12020C4F88C0000206067C6
:10943000206740F600412068C5F6000188420DD043
:10944000406800020AD500BF206850E8000F21687C
:1094500020F0806041E80002002AF5D1E06E01288A
:109460001FD10020E06600BF206850E8000F21688F
:1094700020F0100041E80002002AF5D12068C169FF
:10948000C90601D510210162B4F85C102046FDF731
:109490009FFD09E0816941F00801816101B0BDE8EB
:1094A000F08F2046FEF778FBB4F85E00F0B1B4F818
:1094B000681088421AD200BF206850E8020F216865
:1094C00020F0805041E80202002AF5D149F25920EB
:1094D000C0F60000606700BF206850E8000F2168F8
:1094E00040F0200041E80002002AF5D101B0BDE8BB
:1094F000F08F000000000000F0B583B00446036860
:10950000806846F6F315D4E90312104362691043EC
:10951000E2691E68CCF6FF75104306EA05021043A7
:10952000186058684FF2FF4620F4405240F6004061
:1095300011435960C5F60000A1698342C1F2FF16CC
:109540001CBF226A11439A6847F6FF353240C4F2C5
:10955000000511439960DA6A44F2544122F00F0287
:10956000666AC5F602013243AB42DA624FF080020E
:1095700018DD41F2FF76C4F20106B34227DC47F65C
:109580000046C4F20006B3424DD041F20006C4F2D8
:109590000106B34231D041F20046C4F20106B342A3
:1095A0002BD04DE044F6FF36C4F20006B3422EDD68
:1095B00044F60046C4F20006B34234D045F2000639
:1095C000C4F20006B3422ED047F6000627E041F66B
:1095D0000006C4F20106B3420FD041F60046C4F2C1
:1095E0000106B34209D083422AD14A6802F0070239
:1095F000062A24D20FF260331EE00A68C2F3C202C8
:10960000062A1CD249F67253C0F6010314E044F254
:109610000046C4F20006B34205D044F60006C4F288
:109620000006B3420CD10A6802F00702062A06D2ED
:1096300049F66C53C0F601031A44127800E0802208
:109640002368834240F60010C0F23D0000F04F80D6
:10965000E369B3F5004F40F06480402A00F2FC80DB
:109660000027DFE812F041002101F900F90027018D
:10967000F900F900F9002F01F900F900F900F900EB
:10968000F900F900F900FF00F900F900F900F9000C
:10969000F900F900F900F900F900F900F900F90002
:1096A000F900F900F9003401F900F900F900F900B6
:1096B000F900F900F900F900F900F900F900F900E2
:1096C000F900F900F900F900F900F900F900F900D2
:1096D000F900F900F900F900F900F900F900F900C2
:1096E000F900F900F9001B01FCF762FCEFE0931EA2
:1096F0001E2B00F260800027DFE803F01063746324
:109700006363786363636363636366636363636311
:10971000636363636363636363637D00FBF7E4FC1C
:1097200069E0402A00F29B800027DFE812F0410048
:10973000C00098009800C700980098009800ED00BD
:109740009800980098009800980098009800A90048
:109750009800980098009800980098009800980049
:109760009800980098009800980098009800F200DF
:109770009800980098009800980098009800980029
:109780009800980098009800980098009800980019
:109790009800980098009800980098009800980009
:1097A0009800980098009800980098009800BA00D7
:1097B000FCF7FEFBADE0402A03D14FF40040002748
:1097C00019E00020012716E051F8540C800649F2F8
:1097D0000000C0F2D0300ED551F8541CC1F3C101C5
:1097E000C84008E06846FBF793FC02E06846FBF7D8
:1097F0001FFD00270198002800F0A280616A49F649
:10980000B652C0F60102656832F8112005EB450139
:10981000B0FBF2F38B424FF00101C0F094802E03B5
:10982000B34200F2908000210023F6F7E3FD090225
:10983000002341EA10612A46000210EB550041F175
:109840000001F6F7D7FD4FF60052A0F54071C0F2C7
:109850000F02914272D375E00020012737E000200B
:10986000012756E051F8540C800649F20000C0F27E
:10987000D0302CD551F8541CC1F3C101C84026E0AA
:1098800051F8540C800649F20000C0F2D03040D5A7
:1098900051F8541CC1F3C101C8403AE04FF40040F4
:1098A00015E04FF4004034E0FCF7B2FB0FE0FCF7AA
:1098B000AFFB2EE06846FBF72BFC06E06846FBF7A3
:1098C00027FC24E06846FBF7B3FC00270198B8B3F7
:1098D000616A49F6B652C0F6010232F811106268A8
:1098E000B0FBF1F0510801EB4000B0FBF2F0A0F149
:1098F00010014FF6EF72914224D84FF6F0710140FB
:10990000C0F34200084419E06846FBF791FC0027C9
:109910000198A8B1616A49F6B652C0F6010232F860
:1099200011106268B0FBF1F000EB5200B0FBF2F0F6
:10993000A0F110014FF6EF72914203D82168C86080
:10994000394600E001214FF00110A0660020C4E973
:109950001D00084603B0F0BD0204081020400000BE
:1099600010B504468C4681650021A0F85C20C0F843
:1099700090102220C4F88C00D4F88000F0B1134677
:1099800048F6D16E48F65972C0F6000EC0F60002D5
:10999000C0E90FE248F60962C0F60002C0E91321EF
:1099A000216862462431F9F7AFF938B11020C4F8C4
:1099B00090002020C4F88C00012010BD206948B11F
:1099C000206850E8000F216840F4807041E80002F0
:1099D000002AF5D1206850E8020F216840F001000C
:1099E00041E80202002AF5D1206850E8020F216800
:1099F00040F0400041E80202002AF5D1002010BDED
:109A000081650023A0F85C20A0F85E208168436790
:109A100071B1B1F1805F07D0B1F5805F0ED10169FE
:109A200051B940F2FF110AE0016919B13F2106E086
:109A3000016909B17F2102E0FF2100E00021A0F8C7
:109A400060100021C0F890102221C0F88C1000BFD7
:109A5000016851E8021FD0F800C041F001014CE854
:109A60000213002BF4D1416EB1F1005F03D1B0F8C5
:109A700068108A4225D28168B1F5805F02D1016900
:109A8000002941D049F25921C0F60001026941671D
:109A900062B100BF016851E8001F026841F4907193
:109AA00042E80013002BF5D12CE000BF016851E81B
:109AB000001F026841F0200142E80013002BF5D19D
:109AC00020E08168B1F5805F01D1016909B349F2F5
:109AD0002931C0F60001026941674AB1016851E8C5
:109AE000001F026841F4807142E80013002BF5D199
:109AF000016851E8021F026841F0805142E80213F8
:109B0000002BF5D10020704748F6C171C0F6000166
:109B1000BCE749F29101C0F60001DCE7000000005B
:109B20002DE9F04381B004460068C0690840401A3E
:109B3000B0FA80F04009824257D1DDF820800D460E
:109B40001646994608F1010709E000BF2068C06980
:109B50002840401BB0FA80F04009864245D1002FD2
:109B6000F4D0FAF7B1FAB8F1000F01464FF0030054
:109B70003CD0A1EB0901414538D82068016849076C
:109B8000E4D5402D18BF802DE0D0C169090730D43D
:109B9000C1690905DAD54FF400610162206850E817
:109BA000000F216820F4907041E80002002AF5D1EE
:109BB0004FF6FE70CEF6FF70216851E8021F226852
:109BC000014042E80213002BF6D1E06E012809D1D2
:109BD000206850E8000F216820F0100041E80002E2
:109BE000002AF5D1032020212CE0002001B0BDE89F
:109BF000F0830821016200BF206850E8000F21684F
:109C000020F4907041E80002002AF5D14FF6FE7072
:109C1000CEF6FF70216851E8021F2268014042E839
:109C20000213002BF6D1E06E012809D1206850E81C
:109C3000000F216820F0100041E80002002AF5D151
:109C4000012008212022C4F88C200022E2666267ED
:109C5000C4F8901084F8842001B0BDE8F0830000BF
:109C600043F27010C2F20040FDF77ABA0000000023
:109C700043F20420C2F20040FDF772BA0000000077
:109C800043F22C30C2F20040FDF76ABA0000000037
:109C9000D0F8D42200EB820CDCF8C0223AB3B0B585
:109CA00001F00F0404EB840300EB830E5EF8183F11
:109CB0005BB1D0F8C85204EBC40405EB8404E4693A
:109CC000B3FBF4F505FB14339BB10020C2F814027A
:109CD000DCF8C4321B69002B08BFB0BD02F5047C60
:109CE000D2F808020A46614698470020B0BD03201A
:109CF000704700220023CEF8002000F0F5FD002080
:109D0000B0BD000000000000B0B5D0F8D42200EBD8
:109D10008202D2F8C05295B1044600F069FCD4F832
:109D2000D412C5F80C02D5F8040204EB8101D1F875
:109D3000C42205F50371D26890470020B0BD03200E
:109D4000B0BD00000000000070B58121044600F0A5
:109D500093FB012120460025258700F08DFB822101
:109D60002046A4F8785100F087FBD4F8D40204F51B
:109D70003076E56456F8201089B104EB8000D0F805
:109D8000C40240688047D4F8D40256F8200001F09D
:109D90008FF8D4F8D40246F82050C4F8BC52002002
:109DA00070BD00000000000010B5D0F8D41200EB28
:109DB0008100D0F8C04284B1D0F8C41259B194F8EF
:109DC0000002FF2807D094F801228B6821469847AB
:109DD000FF2084F80002002010BD032010BD000009
:109DE00040F2AC010A22C2F20041028008467047EC
:109DF000F0B581B040F268070446C2F20047822104
:109E0000384600F019FA05460121384600F014FAE8
:109E100006468121384600F00FFA002D1CBF1021A4
:109E2000A971002E1CBF4021B18000281CBF402119
:109E3000818040F268004321C2F20040218001B0DD
:109E4000F0BD000000000000F0B581B040F26807EE
:109E50000446C2F200478221384600F0EDF905467B
:109E60000121384600F0E8F906468121384600F025
:109E7000E3F9002D1CBF1021A971002E1CBF4FF467
:109E80000071B18000281CBF4FF40071818040F246
:109E900068004321C2F20040218001B0F0BD000003
:109EA000F0B581B040F268070446C2F20047822153
:109EB000384600F0C1F905460121384600F0BCF9EA
:109EC00006468121384600F0B7F9002D1CBF10214D
:109ED000A971002E1CBF4021B18000281CBF402169
:109EE000818040F268004321C2F20040218001B02D
:109EF000F0BD0000000000002DE9F04104464FF4E1
:109F0000077000F0D9FF002849D04FF407710546CB
:109F1000F6F78EFBD4F8D402217C4027022204EB12
:109F2000800000294FF081014FF00206C0F8C052B6
:109F30002046C4F8BC5208BF4FF400773B4600F0FF
:109F4000DFFB0121022220463B464FF00108A4F826
:109F5000388000F0D5FB1020A4F84E0082210322A7
:109F600008232046A4F8788100F0CAFBD4F8D40274
:109F70000027C5F8047204EB8000A4F84C80D0F8E8
:109F8000C40200688047C5F81472C5F81872D5F885
:109F90000422A2B1207C012158B140230BE0D4F867
:109FA000D402002104EB8000C0F8C0120220BDE8FA
:109FB000F0814FF40073204600F0B6FB00263046D7
:109FC000BDE8F08100000000D0F8D41200EB810160
:109FD000D1F8C01271B180B5027C4023002AD1F8BB
:109FE00004224FF0010108BF4FF4007300F09CFB06
:109FF000002080BD0320704739B1D0F8D42200EB97
:10A000008200C0F8C412002070470320704700008F
:10A01000D0F8D42200EB8200D0F8C00218B1C0F80A
:10A020000412002070470320704700000000000069
:10A03000D0F8D43200EB8300D0F8C00228B1C0F8C9
:10A040000812C0F81022002070470320704700005B
:10A05000F0B581B0D0F8D42200EB820300228DF855
:10A060000320D3F8C042ADF80020002C54D00D7866
:10A0700015F0600214D0202A4CD1CA881AB36DB2F0
:10A08000B5F1FF3F27DD4978402A84F800122146C8
:10A0900028BF402284F8012200F096F800243CE01A
:10A0A0004A780B2A36D80024DFE802F00637343429
:10A0B000343434343434253090F89C22032A29D1A6
:10A0C000694602221EE0D3F8C4224878002493682F
:10A0D0000022984721E0D3F8C4524B7806460F4639
:10A0E000AD6818462146A847FA8830462146072A17
:10A0F00028BF072206E090F89C22032A0AD10DF11E
:10A100000301012200F07CF8002406E090F89C2274
:10A11000032A02D000F04CF80324204601B0F0BD21
:10A12000D0F8D41200EB8101D1F8C0323BB1D3F8A2
:10A13000141200294FF0010103D008467047032094
:10A14000704780B5C3F814128121D3F80822D3F8E0
:10A150001032C36200F0C8FB0021BDE88040084611
:10A16000704700000000000080B5D0F8B8225268A7
:10A170009047002818BF032080BD000000000000A9
:10A180000020704700000000002070470000000021
:10A1900080B513460A46002100F0C6FA002080BDB3
:10A1A00080B513460A46002100F09EFB002080BDCA
:10A1B00010B58021044600F05FFB00212046BDE879
:10A1C000104000F059BB000080B50323C0F8943262
:10A1D0001346C0F858210A460021C0F85C3100F04F
:10A1E000A3FA002080BD000080B50521C0F89412BC
:10A1F00000210022002300F097FA002080BD00001B
:10A2000080B50223C0F89432134682610A460021C9
:10A21000C36100F069FB002080BD00000000000069
:10A2200080B50421C0F8941200210022002300F020
:10A230005BFB002080BD0000B0F802C003789C45A5
:10A2400010D980B504E000BF73449AB262450BD2C6
:10A2500090F800E070444278052AF5D182788A426D
:10A26000F2D180BD00207047002080BD00000000BA
:10A27000002808BF704710B5037863B1A0F1010E44
:10A280004FF0000C9EF802300CF1010C0EF1010EA3
:10A29000002BF7D101E04FF0000C5FFA8CFC022399
:10A2A00003EB4C0313800B7003224A70027882B1D7
:10A2B000013802234FF0000C5FFA83FE51FA83F459
:10A2C000023301F80E2084F801C082780130002AA0
:10A2D000F2D1BDE81040704710B540F2FC540A4678
:10A2E000C2F2004402A02146FFF7C2FF204610BD83
:10A2F00043444320436F6E6669670000000000001E
:10A3000040F2B8001222C2F200400A8070470000FA
:10A3100010B540F2FC540A46C2F2004402A02146A5
:10A32000FFF7A6FF204610BD43444320496E7465E5
:10A33000726661636500000040F2E0000422C2F230
:10A3400000400A807047000010B540F2FC540A46F5
:10A35000C2F2004402A02146FFF78AFF204610BD4A
:10A3600053544D6963726F656C656374726F6E6987
:10A37000637300000000000010B540F2FC540A4670
:10A38000C2F2004402A02146FFF772FF204610BD32
:10A3900053544D3332205669727475616C20436F8B
:10A3A0006D506F727400000070B54EF60000C1F67B
:10A3B000F17002688368D2184FF01A030B802ED018
:10A3C00040F2E40C40686FF00101C2F2004C4FF023
:10A3D000370E0023140F0CEB01050EEB1276B2F1D1
:10A3E000204F38BF04F13006023112010E292E71C0
:10A3F0006B71EFD10CF1100104224FF0370C0023E8
:10A40000060FB0F1204F0CEB107538BF06F1300588
:10A41000013A4FEA001001F8025F4B70F0D140F2B0
:10A42000E400C2F2004070BD80B10023C0F8B83231
:10A43000C0F8C4320029C0F8D03218BFC0F8B41236
:10A44000012180F89C12027000F0D6B803207047FA
:10A4500080B5D0F8C802FAF71FF840F20032C10008
:10A46000C0F20132032822FA01F188BF0321C8B2E9
:10A4700080BD00000000000080B5D0F8C802F9F7E8
:10A48000E3FF40F20032C100C0F20132032822FA99
:10A4900001F188BF0321C8B280BD000000000000A8
:10A4A000B0B581B190F89C22032A4FD1D0F8B822E0
:10A4B0005269002A4AD00023C0F8D43290470028BD
:10A4C00008BF0020B0BDD0F89412022938D1D0E9DD
:10A4D00007318B420DD95B1A11461A46C3610446F7
:10A4E000FFF75EFE002100220023204600F01CF949
:10A4F00025E00FD182698A420CD3D0F898128A42A3
:10A5000008D20021002200250446FFF749FEC4F8C6
:10A510009852E7E790F89C12032909D1D0F8B812B5
:10A52000C96829B10022C0F8D422044688472046D1
:10A530008021044600F0A0F92046FFF755FE204692
:10A5400090F8A01211B1002180F8A0120020B0BD37
:10A5500010B589B190F89C22032A08D1D0F8B8220E
:10A56000002392691AB1C0F8D432904700E000206D
:10A57000002808BF002010BDD0F8941203291FD175
:10A58000D0E9571399420BD9C91AC0F85C11994206
:10A5900038BF0B4611461A46FFF7FAFD002010BDE2
:10A5A00090F89C12032909D1D0F8B812096929B191
:10A5B0000022C0F8D422044688472046FFF730FE28
:10A5C000002010BD000000000020704700000000C7
:10A5D000012180F89C12D0F8B8223AB180B50179F7
:10A5E00052689047002818BF032080BD00207047A4
:10A5F000D0F8C802F9F780BF0178012933D110B52E
:10A6000042F61031C2F20041C0F8C812C1F8E004AD
:10A610000020C4F204000860092008714FF40070A3
:10A62000C8800220C1F809000020C88108740846CB
:10A63000FAF706FC08B1F6F707FE42F610344FF4BD
:10A640000071C2F200442046F9F7B2FE00218022D8
:10A650002046F9F7B1FE01214FF4BA722046F9F70E
:10A66000ABFEBDE810400020704700000000000075
:10A6700001F07F02D0F8C80201EBC10349B202EB3E
:10A68000C202002900EB820200EB830000F2562098
:10A6900048BF02F11600007870470000000000007B
:10A6A000D0F8D42200EB8202D2F8B8225AB190F846
:10A6B0009C32032B05D1126A1AB180B59047002055
:10A6C00080BD00207047032070470000000000009C
:10A6D000D0F8D42200EB8202D2F8B8225AB190F816
:10A6E0009C32032B05D1526A1AB180B590470020E5
:10A6F00080BD00207047032070470000000000006C
:10A7000080B59446D0F8C8021A466346F9F700FFB0
:10A7100040F20032C100C0F20132032822FA01F1F6
:10A7200088BF0321C8B280BD80B5D0F8C802F9F750
:10A7300023FF40F20032C100C0F20132032822FAA6
:10A7400001F188BF0321C8B280BD000000000000F5
:10A75000F0B581B0012680F89C620025C0F89452C3
:10A7600004464560D0F8B802C4F8A45284F8A05258
:10A7700040B1426832B1002120469047054600288A
:10A7800018BF032500210022402320464027FFF761
:10A79000B7FF8021002240232046A4F86461C4F85A
:10A7A0006071FFF7ADFFA6842846276201B0F0BDB7
:10A7B00090F89C12042903D190F89D1280F89C1205
:10A7C000002070470000000090F89C12032908D177
:10A7D000D0F8B81229B1C96919B180B58847BDE868
:10A7E000804000207047000002460020117470472E
:10A7F00080B5D0F8C802FAF7EFFB40F20032C10092
:10A80000C0F20132032822FA01F188BF0321C8B245
:10A8100080BD000000000000B0B500F2AA2405468B
:10A82000204600F075F80121C5F8941295F8AA1297
:10A83000B5F8B03201F01F02C5F89832022A0ED0E6
:10A84000012A06D08AB928462146BDE8B04000F06A
:10A850009BB828462146BDE8B04000F0EDBA284636
:10A860002146BDE8B04000F043BA01F0800128461F
:10A87000BDE8B040AFF3008080B5D0F8C802F9F76A
:10A8800097FE40F20032C100C0F20132032822FAE2
:10A8900001F188BF0321C8B280BD000000000000A4
:10A8A00080B5D0F8C802FAF7B3FB40F20032C1001D
:10A8B000C0F20132032822FA01F188BF0321C8B295
:10A8C00080BD000000000000014690F89C020428B2
:10A8D00003D091F89C0281F89D020020042281F8A7
:10A8E0009C2270470000000080B5D0F8C802F9F73C
:10A8F00097FE40F20032C100C0F20132032822FA72
:10A9000001F188BF0321C8B280BD00000000000033
:10A910000A7802704A7842704A8842808A88828027
:10A92000C988C1807047000010B582B004464FF05E
:10A930000000ADF80600B1B1D4F8D40204F52E72CF
:10A94000C4F8B81252F82000C16A21B10DF1060016
:10A950008847C4F8D002D4F8D8020130C4F8D8022D
:10A96000002002B010BD032002B010BD00000000A6
:10A97000D0F8B8220AB112681047002070470000D2
:10A98000FFF78EBF000000000A78C2F34112531E89
:10A99000022B07D2D0F8D42200EB8202D2F8B822E0
:10A9A00092681047F0B581B0002A40F0BF804A7825
:10A9B000092A00F2BB80DFE802F0052CB94FB95834
:10A9C00074B91A3C90F89C22013A022A00F2AE8037
:10A9D000C988022940F0AA80D0F8A41203220029D5
:10A9E000014608BF012241F80C2F022238E1C98834
:10A9F000012940F09B8090F89C124A1E022A80F0A8
:10AA0000908001460122002441F8084FFFF7F8FB2F
:10AA100095E090F89C22013A022A00F2878049884A
:10AA20000024012940F08B80C0F8A442FFF7F8FB16
:10AA300085E0498840F2F855C2F2004511F0FE0F5A
:10AA4000297049D080210446FFF716FF00212046D7
:10AA5000FFF712FF032472E04A88022A5AD0012A23
:10AA600064D10121C0F8A41257E08A88002A5DD180
:10AA7000CA88002A5AD14D887F2D57D890F89C1249
:10AA8000032953D0E9B280F89E520446FFF7B0FE86
:10AA900020462646FFF7C4FB002D00F0218102204E
:10AAA0001FE14A884FF0FF330027ADF8027003EB37
:10AAB00012230E2B53D8DFE803F008604552526F83
:10AAC0007A5252525252525254000F46D0F8B41297
:10AAD0000446007C0A684BE090F89C22032A00F0B0
:10AAE0007580022A40F096800A0616D001F0010215
:10AAF0004260C9B20546FFF73BFF0446002800F05C
:10AB0000CF8080212846FFF7B7FE00212846FFF7B7
:10AB1000B3FE7BE0497980F8A012FFF781FB0024A7
:10AB20000DE0032902D1011D012299E08021054693
:10AB3000FFF7A2FE002128460024FFF79DFE2046D5
:10AB400001B0F0BDD2B2052A09D8DFE802F003BF98
:10AB5000B5BAB0C40F46D0F8B4124A6805E00F4643
:10AB600028E00F46D0F8B412CA691AB30446007C34
:10AB70000DF102019047054664E00F46017C044652
:10AB8000D0F8B80200290CBF816AC16A0DF1020039
:10AB900088470546022054E00F46017C51B904461F
:10ABA000D0F8B802416B0DF102008847E3E70F4689
:10ABB000017CE9B380210646FFF75EFE00213046A6
:10ABC00000253446FFF758FE00203CE00A065AD024
:10ABD00001F00102416891429FD0C9B20446FFF7DB
:10ABE000C3FA2978204661602546FFF7C1FE044676
:10ABF000002851D080212846FFF73EFE002128463C
:10AC0000FFF73AFE29792846FFF7AEFA022085F8C9
:10AC10009C0294E780210446FFF72EFE0021204687
:10AC2000FFF72AFE29782046FFF79EFA032486E7DD
:10AC30000446D0F8B802016B0DF1020088470546C2
:10AC400007206870012090B1FA886AB1BDF802103F
:10AC500079B19142204638BF0A462946ADF8022014
:10AC6000FFF7CEFA00246AE72046FFF7D9FA00245E
:10AC700065E780212046FFF7FFFD00212046FFF712
:10AC8000FBFD00245BE7C9B2022280F89C2200246D
:10AC900044600546FFF768FA2846FFF7C1FA4EE719
:10ACA0002846FFF7BDFA032085F89C0247E70F46C8
:10ACB000D0F8B4124A6958E70F46D0F8B412CA68FF
:10ACC00053E70F46D0F8B4120A694EE70F46D0F8A2
:10ACD000B4128A6849E70F46D0F8B4128A6944E78B
:10ACE000012086F89C02002429E7000000000000F3
:10ACF00070B50D4609780446C1F341122979531EF7
:10AD0000022B05D22046FFF73BFAD8B1002070BDD8
:10AD1000DABB687880B3012821D0032835D194F8B4
:10AD20009C0203281FD1688838B911F07F0004D035
:10AD3000E88810B92046FFF79FFD2046FFF770FA1C
:10AD4000002070BDD4F8B80282680020002AC4F840
:10AD5000D402DBD020462946BDE87040104794F865
:10AD60009C0203281BD002280FD148060DD0204694
:10AD7000FFF782FD80210DE094F89C0203281ED08D
:10AD8000022808BF5FEA416040D080212046FFF7DB
:10AD900073FD00212046FFF76FFD002070BD68881D
:10ADA0000028B3D10E46480603D020463146FFF7AF
:10ADB0004FFB2046FFF734FA20463146A3E701F067
:10ADC0000F00802900EB800004EB800002D2B0F875
:10ADD000640100E0808C0028D7D001F07F0001EBF7
:10ADE0008102802900EB800004EB800000F1140553
:10ADF00004EB820038BF00F5AA75480612D0204641
:10AE0000FFF736FC002818BF01200CE008064FF0C1
:10AE1000140058BF4FF4AA700022211822500222B9
:10AE2000204604E000202860022220462946FFF741
:10AE3000E7F9002070BD000070B50A7802F06002EA
:10AE4000602A08D090F89C22013A022A03D88A8806
:10AE500012F0FE0F0AD080210546FFF70DFD0021FC
:10AE600028460024FFF708FD204670BD0E46054623
:10AE7000D1B2FFF789F910B1032431460EE0D5F8BD
:10AE8000B8128A6842B128460021C5F8D41231466A
:10AE900090473146044601E031460324C888002823
:10AEA00008BF002CE0D12846FFF7BAF9204670BD54
:10AEB000704700000000000040F2FC70C2F2004049
:10AEC000704700000000000010B50C784A78D0F8F8
:10AED0001CC804F00F034FEA441E012A18D10122B6
:10AEE0009A4000EB0E0342EA0C02C0F81C28D3F88B
:10AEF0000009000429D403F510600A7989686FF30A
:10AF0000DF21036841EA824143EA8452114317E09A
:10AF10004FF4803202FA03F300EB0E0243EA0C0313
:10AF2000C0F81C38D2F8000B00040ED40B7902F5DF
:10AF3000306089686FF3DF21026841EA8341114381
:10AF400041F0805141F400410160002010BD00003B
:10AF50000146D0F8000940F2FF729043C1F80009A1
:10AF6000D1F80428002042F48072C1F80428704708
:10AF700082B002F47F42B2F5807F39D1836B4FF605
:10AF8000BF7223F480338363DDF808C0C368CFF653
:10AF9000BD721A40C2605FFA8CF2C368012A23F4C2
:10AFA0004012C26003D1C26842F48012C260002223
:10AFB000009200BF009A01320092009AB2F1706FC5
:10AFC0003AD80269B2F1FF3FF4DC00220092026934
:10AFD00042F00102026100BF009A01320092009A21
:10AFE000B2F1706F28D80269D207F5D1002230E0A3
:10AFF000C26842F04002C26000220192019A01320E
:10B000000192019AB2F1706F18D80269B2F1FF3F54
:10B01000F4DC00220192026942F00102026100BFE9
:10B02000019A01320192019AB2F1706F06D8026959
:10B03000D207F5D1002202E003220AE0032213F432
:10B040007F4F836B02D023F4803301E043F48033DD
:10B05000836301F47F01B1F5803F10D1C16D89B2E6
:10B06000C165C16D41F0007141F0F771C165816842
:10B0700041F006018160816841F020018160104645
:10B0800002B070470000000080B50A7847F6000C57
:10B090004B78CEF6334C5101012B014425D1D1F828
:10B0A00000394FF0010EB3F1FF3F01F5106307DCEB
:10B0B000196841F000611960196841F08041196018
:10B0C00002F00F01D0F83C280EFA01F18A43C0F8D3
:10B0D0003C28D0F81C2822EA0101C0F81C18196885
:10B0E000002001EA0C01196080BDD1F800EB01F5E8
:10B0F0003063BEF1FF3F0CF1707C4FF4803EDFDC2B
:10B10000D6E70000000000000146D0F8000E20F055
:10B110000300C1F8000E0020D1F8042822F002023A
:10B12000C1F80428704700000146D0F8000E20F056
:10B130000300C1F8000E0020D1F8042842F00202FA
:10B14000C1F80428704700002DE9F04F83B01B0CB4
:10B150004127002640F827600137502FFAD1DBB293
:10B16000009323B100F138034FF400170FE0D0F83B
:10B170000438802743F00203C0F80438836B23F4BB
:10B1800000138363036843F04003036003461E68B3
:10B19000374302F47F461F60B6F5807F4FF000030F
:10B1A000C0F8003E07D1B3EB116FD0F8003806D0DD
:10B1B00043F0010303E0D0F8003843F00303C0F884
:10B1C00000380023019300BF019B01330193019BD1
:10B1D000B3F1706F18D80369B3F1FF3FF4DC0023BB
:10B1E00001934FF484630361019B4FF0000E013320
:10B1F0000193019BB3F1706F88BF4FF0010E05D82A
:10B2000003699B06F0D401E04FF0010E0023029386
:10B21000029B01330293029BB3F1706F18D803694C
:10B22000B3F1FF3FF4DC002302931023036100BF5E
:10B23000029B4FF0000A01330293029BB3F1706F3F
:10B2400088BF4FF0010A05D80469E406F0D401E094
:10B250004FF0010ACCB24FF00008C0F81088C0F8D7
:10B260001488C0F81C88A4B300F510664FEA441B8C
:10B270004FF67F39002400BF4FF09047002C08BFE5
:10B280004FF000673359351907EAE373335120341F
:10B29000C5F81080A345C5F80890EDD100F53066DB
:10B2A0004FF000094FF67F34002700BF4FF0904366
:10B2B000002F08BF4FF00063F55906EB070C03EAB7
:10B2C000E573F3512037CCF81090BB45CCF808401B
:10B2D000ECD1D0F8103811F47F0F23F48073C0F84C
:10B2E0001038C0F818806FF08041416103D1816946
:10B2F00041F01001816143F600038169C8F23C030B
:10B3000012F47F0F41EA0301816103D0816941F0AA
:10B31000080181610099012905D1816941F08041CD
:10B3200041F0040181614EEA0A0003B0BDE8F08FEC
:10B3300001468268002022F001028A607047000006
:10B3400043F20B03D0F840C0C4F654739C4503D3BA
:10B35000D0F8003B002B1ED40023C0F8103BD0F8DF
:10B36000103B012943F40023C0F8103BD0F8103BF8
:10B3700043F01803C0F8103BD0F8103B43F0C04135
:10B38000C0F8101B07D1C0F8142BD0F8001B41F0F7
:10B390008021C0F8001B0020704700000000000062
:10B3A0004A780B78012A4FEA431210440DD1D0F8A5
:10B3B000002922F40012C0F80029097901F0FE01E9
:10B3C000022913D100F510600CE0D0F8002B22F414
:10B3D0000012C0F8002B097901F0FE01022905D105
:10B3E00000F53060016841F0805101600020704735
:10B3F0000A784B785101012B084406D1D0F8001986
:10B40000002900F5106106D50BE0D0F8001B0029DB
:10B4100000F5306105D4002A1EBF086820F0804086
:10B4200008600A68002042F400120A6070470000B9
:10B43000F0B54B78002491F800C04FF6FF75012B52
:10B44000CFF6F874CEF207052AD100EB4C1E0E6938
:10B45000002E0EF51063DEF810794ED03C401C61D2
:10B460001C69BCF1000F04EA05041C618C6856D00D
:10B4700035191E69013DB5FBF4F40025C1F6F875D8
:10B4800005EAC44535431D610D79012D4FD14FF0BB
:10B49000C0461D6906EA447425F0C0451D6143E0BD
:10B4A00000EB4C134FF6FF7EC0F2070EBCF1000F0D
:10B4B000D3F8107B07EA0407C3F8107BD3F8104BCE
:10B4C00004EA0504C3F8104B03F530630E691DD080
:10B4D000002E8D686FD07719013FB7FBF5F7BEB22C
:10B4E0006E4300250E62C1F6F87505EAC7471D696F
:10B4F00006EA0E062F431F6164E03D401D611D6991
:10B5000045F400251D611D692C4015E0002E1CBF6F
:10B510008F680F618F680F6207EA0E074DE0A64241
:10B5200000D90C614FF400241D692C431C610C6987
:10B530001D696FF3DF442C43012A1C6115D1CA69D0
:10B54000002A18BFCEF814290979012952D1D0F860
:10B550000808C0054FF0805058BF4FF00050DEF88B
:10B5600000190843CEF8000944E000F510634FEAE3
:10B570004C169F5947F004479F510F79012F0FD167
:10B58000D0F80878FF054FF0805758BF4FF00057AC
:10B59000F558002A45EA0702F25032D00020F0BDEB
:10B5A00009690029FAD00CF00F01012202FA01F119
:10B5B00000F6340320E005EA0E071E6937431F61D9
:10B5C0004FF400261F69012A47EA06021A6103D1D7
:10B5D000CA68002A18BF5A61097901290AD1D0F82E
:10B5E0000808C0054FF0805058BF4FF00050196850
:10B5F000084318604FF004411868084318600020A1
:10B60000F0BD0A8A002AC9D0CB68D11C890800F590
:10B6100080504FEA0C32043B013953F8047F175035
:10B62000FAD1BBE70000000081B0002200924A7806
:10B630000978012A4FEA41111BD100F510604258E8
:10B64000B2F1FF3F2FDC0A5842F000620A500A585C
:10B6500042F080420A5042F2107200BF009B013358
:10B660000093009B934221D84358B3F1FF3FF5DD8F
:10B6700019E000F530604258B2F1FF3F13DC0A5880
:10B6800042F000620A500A5842F080420A5042F2E8
:10B69000107200BF009B01330093009B934205D8BA
:10B6A0004358002BF6D4002001B07047012001B0B0
:10B6B000704700000000000001468268002042F050
:10B6C00001028A607047000081B00022009200BF32
:10B6D000009A01320092009AB2F1706F15D8026997
:10B6E000B2F1FF3FF4DC89010022009220310161B8
:10B6F0000099013100910099B1F1706F05D801698D
:10B700008906F5D4002001B07047032001B07047CE
:10B71000D0F8081888074FF0020001F0060158BF62
:10B720000F20002908BF08467047000000000000F5
:10B73000406900F001007047D0F81818D0F81C08D4
:10B74000084080B270470000D0F81818D0F81C08E4
:10B750000840000C70470000D0F810C8D0F834380A
:10B7600001F00F0200EB411023FA02F2D201D0F8EF
:10B770000809D1B241EA0C010840704700000000FE
:10B7800000EB4111D1F8081BD0F8140808407047AD
:10B79000416980690840704780B5930802F0030E44
:10B7A00009D004394FF4805C013B50F80C2041F87B
:10B7B000042FF9D10431BEF1000F0ED04FF48052A6
:10B7C00000238058AEF1010E20FA03F201F8012B9C
:10B7D0005FEA0E4203F10803F4D1084680BD000081
:10B7E000B0B50446C06820F0C040E06091B10129C6
:10B7F00026D1E068002540F00050E0600A20F7F70D
:10B8000047FC6069C00705F10A0014D1BE2D05464A
:10B81000F4D310E0E068002540F08040E06000BF15
:10B820000A20F7F735FC6069C00705F10A0002D06D
:10B83000BE2D0546F4D3C838B0FA80F04009B0BD3B
:10B840000120B0BD000000000246D0F8000820F43E
:10B85000FE6001F07F01C2F800080020D2F8003835
:10B8600043EA0111C2F80018704700000000000010
:10B87000022A02465CD145F2403043F20053CFF633
:10B880002770C0F20C030844984202D24FF4705162
:10B8900050E041F6406044F24023CFF61B70C0F206
:10B8A0000F030844984202D24FF4605142E0A1F5E0
:10B8B000740044F68073A0F51050C0F21203984251
:10B8C00002D24FF4505135E0A1F183704DF2206364
:10B8D000A0F5E740C0F21303984202D24FF4405162
:10B8E00028E04BF260604EF26033CFF6E560C0F2C4
:10B8F00016030844984202D24FF430511AE04DF238
:10B90000003047F24073CFF6CE60C0F21B0308440C
:10B91000984202D24FF420510CE045F6C03049F273
:10B92000C013CFF6B360C0F22103084498420AD294
:10B930004FF41051D06820F47050D060D3680020CC
:10B940001943D1607047A1F1B77047F22053A0F5B9
:10B950005850C0F23803984202D24FF40051E9E740
:10B9600045F2E04049F6E043CFF65960C0F24103AA
:10B9700008444FF4C051984238BF4FF4E051D9E722
:10B98000DDF800C0BCF1000F0CD15BB1033300F552
:10B99000805C9B0804391203013B51F8040F42F804
:10B9A0000C00F9D100207047FEE700000000000005
:10B9B0002DE9F04F81B040F62C614FF00414C2F233
:10B9C000004101F10800C1E900404021F4F730FED8
:10B9D00040F6BC61C2F2004101F10800C1E900403B
:10B9E0004021F4F725FE40F60471C2F2004101F156
:10B9F0000800C1E900404021F4F71AFE40F64C71FE
:10BA0000C2F2004101F10800C1E900404021F4F711
:10BA10000FFE40F69471C2F2004101F10800C1E945
:10BA200000404021F4F704FE40F67461C2F2004188
:10BA300001F10800C1E900404021F4F7F9FD41F6A9
:10BA4000241147F6E122C2F2004147F25443C3F603
:10BA50009462C4F20003C1E9022341F614134FF2C9
:10BA6000AA10C2F2004341F24427CBF6D250002480
:10BA70000860C2F200474C6043F65811C3F63441E7
:10BA800019604CF29C4142F60E5241F2542AC3F620
:10BA9000A061C3F6B272C2F2004AC3E902124FF0CB
:10BAA0007C5139604CF28F2144F2AE725C60C3F677
:10BAB0007561CBF6616241F27463C7E9021243F229
:10BAC00033314DF20A72C3F63371CAF8001048F6EA
:10BAD0005C71C2F20043C3F64261CBF6A362CAE9CD
:10BAE00002124AF6084145F2F832C3F61C611960A9
:10BAF00040F21941CBF6E352C3F6D661DC60C3E9EC
:10BB0000012141F2846349F69A12C2F2004341F2E4
:10BB10005466C3F69952C2F20046186048F21230D9
:10BB20005A604FF2C352C3F60070C3F6C872C3E93D
:10BB300002024AF6084345F2F835CBF61C63C3F619
:10BB4000E355C6E9003541F264654CF6CD43C2F2D7
:10BB50000045CBF6CC53C6E902134FF2AA1149F6C1
:10BB60009A13C3F6D251CBF69953C5E90013C5E930
:10BB7000020241F264254CF6CD40C2F2004541F28A
:10BB80007428C3F60C7045F62941286049F69A10CE
:10BB9000C2F20048CBF61960CBF68F6141F28429DE
:10BBA000C5E9020148F21F51C2F20049C3F62B71E8
:10BBB00041F2946BC8E9001441F27B41C2F2004BA0
:10BBC000CBF6AE617C60C8E9020145F204602D212C
:10BBD000C3F68E60C9F800004CF6C120CAF80440D4
:10BBE000C3F621606C60C9E9014002208BF80000B7
:10BBF0000BF10400C9F80C40CBF83440F4F718FD01
:10BC000045F261400022C0F601004FF08041CBE9CF
:10BC10000E043868CBF854007868CBF85800B86840
:10BC2000CBF85C00F868CBF860004FF08040CBF8B0
:10BC3000680001208BF87000DAF80000CBF894005F
:10BC4000DAF80400CBF89800DAF80800CBF89C008A
:10BC5000DAF80C00CBF8AC10CBE928044FF07E509A
:10BC6000CBF8A80004208BF8C0000BF1C4002D21F4
:10BC70008BF84040C4F24002CBE91144CBE91344B5
:10BC8000CBF864404FF07E57CBF86C2001228BF844
:10BC90008040CBE91D44CBF87C40CBE92144CBE983
:10BCA00023448BF8B020CBE92D44CBF8BC40CBE942
:10BCB0004D44CBF83C41F4F7BBFC0BF582702D21D1
:10BCC0008BF80041CBE93D44CBF8FC40F4F7B0FCE5
:10BCD00041F2D4762868C2F200464FF0804106F166
:10BCE0006003012270616868B061A868F061E8686B
:10BCF000C6E908040020F166C4F220003470C6E9E9
:10BD00000A10D8F800007065D8F80400B065D8F8BB
:10BD10000800F065D8F80C00012191C3D9F80000A3
:10BD2000C6F89400D9F80400C6F89800D9F80800BD
:10BD3000C6F89C00D9F80C00C6F8A0004CF6CD401F
:10BD40000027C3F64C7086F8B010C6E929400420DD
:10BD500086F8C00006F1C4002D21C6E90144C6E9F9
:10BD6000034486F830204FF0804BC6E90D44F4635D
:10BD7000C4F2400786F84040C6E91144C6E91344BE
:10BD800086F87020C6E91D44F46786F88040C6E94D
:10BD90002144C6E92344C6F8AC70C6E92D44C6F870
:10BDA000BC40C6E94D44C6F83C41F4F741FC06F5F9
:10BDB00082702D2186F80041C6E93D44C6F8FC405A
:10BDC000F4F736FC41F2944541F25461C2F2004569
:10BDD000C2F200410123086868614868A861886868
:10BDE000E861C86805F120012C7081E8110841F272
:10BDF0006461EF62C2F2004185F83030C5E9014468
:10BE0000086868654868A8658868E865C86805F1D5
:10BE10006001C5E9034481E81108022085F880002B
:10BE200005F184002D21C5E90D44EC6385F84040FF
:10BE3000C5E91144C5E91344EF66012785F8703060
:10BE4000C5E91D44EC67C5F8B440F4F7F1FB45F2D1
:10BE5000714805F1C4002D21C0F60108C5E92E8402
:10BE600085F8C070F4F7E4FB41F614162D21C2F2F8
:10BE7000004640F6B839C5E93D943068C5F814016C
:10BE80007068C5F81801B068C5F81C01F068C5F8FD
:10BE9000FC40C5E948044FF07F5085F80041C5E9F2
:10BEA0004A0B042085F8400105F5A27085F8307131
:10BEB000C5E94144C5E94344C5E94D44C5F83C41A1
:10BEC000C5E96D44C5F8BC41F4F7B2FB05F5C27095
:10BED0002D2185F88041C5E95D44C5F87C41F4F722
:10BEE000A7FB41F2942541F27461C2F20045C2F20F
:10BEF00000414FF07E5A086868614868A861886808
:10BF0000E861C86805F120012C7081E8110841F250
:10BF100084610020C2F20041C4F22000E862086897
:10BF200068654868A8658868E865C8682D21C5E91E
:10BF30001804022085F8800005F1840085F830702F
:10BF4000C5E90144C5E90344C5E90D44EC6385F83E
:10BF50004040C5E91144C5E91344C5E91AAB85F869
:10BF60007070C5E91D44EC67C5F8B440F4F760FB98
:10BF700005F1C4002D21C5E92E8485F8C070F4F7C1
:10BF800057FB05F590713068C5F814017068C5F865
:10BF90001801B068C5F81C01F06881E8110C042094
:10BFA00085F8400105F5A2702D21C5E93D94C5F83D
:10BFB000FC4005F5A07685F80041C5E94144C5E996
:10BFC000434485F83071C5E94D44C5F83C41C5E9A5
:10BFD0005D44C5F87C41F4F72BFB00BF06F8404FE9
:10BFE000301D2D21F463C6E90D44F4F721FB06F161
:10BFF000400005F500718842F0D101B0BDE8F08F36
:10C000002DE9F04F81B02DED068B86B047F28830D8
:10C0100043F22411C2F20040C2F2004102F044F99E
:10C0200047F2C02842F6F471C2F20048C2F2004161
:10C03000404602F039F947F2243043F28C01C2F253
:10C040000040C2F2004102F02FF941F6BC1442F662
:10C050003011C2F20044C2F20041204601F0D4F98E
:10C0600041F6143542F6D011C2F20045C2F2004149
:10C07000284601F0C9F941F66C4B42F67021C2F234
:10C08000004BC2F20041584601F0BEF940F2881957
:10C090000021C2F20049484601F03EFB9FEDEC8AC8
:10C0A00043F6AC60B0EE480AC2F2004001212A46D5
:10C0B00043460126009605F053FAB0EE480A43F6CF
:10C0C000F470C2F2004002212A46434600964FF027
:10C0D000020A05F045FAB0EE480A44F23C10C2F2FA
:10C0E000004003212A464346009605F039FAB0EE97
:10C0F000480A44F28420C2F2004004212A46434602
:10C100000096042705F02CFA9FEDD29A43F61840CA
:10C11000B0EE490AC2F200400321224643464FF0E6
:10C12000FF35CDE90074CDE90285049605F028FFBE
:10C13000B0EE480A44F25C60C2F20040012122469F
:10C140004346CDE900A4CDE90285049605F0B8FF89
:10C15000B0EE490A43F64000C2F2004005212246F3
:10C160004346009605F040F99FEDBB8A47F2883AB6
:10C17000B0EE480AF0EE480A41F6CC50C2F2004A4E
:10C18000C2F20040122100225346CDE90026224689
:10C1900005F046FD9FEDB1AA44F2CC30B0EE4A0A5C
:10C1A000C2F2004005215A464346009605F0D8F9F0
:10C1B000B0EE4A0A44F21450C2F2004006215A4638
:10C1C0004346009605F0CCF943F68817B0EE490ACD
:10C1D000C2F20047072138465A464346009605F00A
:10C1E00003F943F6D024B0EE490AC2F20044082114
:10C1F00020465A464346009605F0F6F847F27C285A
:10C20000C2F20048404602F0DFF847F21020012257
:10C21000C2F200404946434601F052FF44F6F400A2
:10C220000222C2F20040494601F0F6FE40F26C5094
:10C230000322C2F20040494601F07AFF43F2704007
:10C2400043F2C031C2F20040C2F2004105F04CF8A6
:10C2500041F6000943F20055C5F60209C2F2004555
:10C2600043F2042143F29822202000904020C2F2A1
:10C270000041CDE90190C2F2004228464B46CDF87C
:10C280000CA000F05DFF4DF2612040F20002C0F60C
:10C290000000C0F600022946F4F724F947F23420E2
:10C2A0004FF48071C2F2004006F0EAFBF1EE041A8E
:10C2B00044F28420B0EE040AF1EE000AB1EE021A54
:10C2C000F1EE082A43F6AC6143F6F47244F23C13F3
:10C2D00044F6B415B0EE612AC2F20040C2F2004149
:10C2E000C2F20042C2F20043C2F200451C301C31CF
:10C2F0001C321C33CDE90008284608F0B5FB04F1D8
:10C300001C0043F2C84ACDE9000544F2CC30C2F229
:10C31000004AC2F2004007F11C0300F11C0144F284
:10C320001450C2F20040002600F11C025046029652
:10C3300008F02AFB42F6EC04B0EE480AC2F20044D0
:10C34000414620462A4602F0B3FC47F2EC379FED07
:10C35000440AC2F20047414638462A46234602F0C4
:10C3600083F944F62824B7EE080AC2F200440022FA
:10C37000DFED3C0AC4F2400200214FF08143204629
:10C380004FF0000BCDE9006703F05EFE42F2280596
:10C390002146C2F20045284603F016FD44F610106F
:10C3A0002946C2F2004002F0F3F841F63810514637
:10C3B000C2F200403A46434608F0B6FF43F6184042
:10C3C00041F64C74C2F20040C2F2004400F11C017C
:10C3D00043F64000C2F2004000F11C0244F25C60EF
:10C3E000C2F2004000F11C0341F6CC50C2F2004002
:10C3F0000090204606F0ECFC47F2B8258022C2F2FD
:10C4000000454946284607F003FD41F6807043F297
:10C410007043C2F2004021462A46C2F2004307F0B0
:10C4200093FC44F6F0004CF27177C2F200400EA18A
:10C4300014224FF40073C0F60007CDE9007B04F02E
:10C44000C3FC06B0BDEC068B01B0BDE8F08F00BFA9
:10C450002CA09941000010420000000000004C4256
:10C460000AD7233C333313404D61696E5F546173C7
:10C470006B00000000000000F0B581B02DED108BC6
:10C480009FED8DDA44F2CC349FED8CCAB0EE4D0AAC
:10C490009FED8BAAB0EE4C1A9FED8A8AB0EE4A2A25
:10C4A0009FED89BAF0EE480A9FED889AF0EE481A9F
:10C4B0009FED87EAF0EE482A9FED86FAF0EE4B3AC0
:10C4C000B0EE4F3AB0EE494AF0EE494AB0EE495A62
:10C4D000F0EE4E5AB0EE4F6AC2F2004404F184000E
:10C4E00001F02EFD44F21455F0EE4E5AB0EE4F3AE4
:10C4F000B0EE4F6AB0EE4D0AF0EE480AB0EE4C1ABC
:10C50000F0EE481AB0EE4A2AF0EE482AF0EE4B3A26
:10C51000B0EE494AF0EE494AB0EE495AC2F200453F
:10C5200005F1840001F00CFD9FED6BEA04F11C00A5
:10C530009FED6AFAB0EE4E0AF0EE4F0A05F0E0F811
:10C54000B0EE4E0AF0EE4F0A05F11C0005F0D8F8E7
:10C55000B0EE08EA9FED62FADFED628A43F6184416
:10C56000DFED619AB0EE4F0AF0EE480AB0EE4E1AD7
:10C57000F0EE481AB0EE4A2AF0EE482AB0EE693AD8
:10C58000F0EE493AB0EE494AF0EE494AB0EE495A67
:10C59000F0EE685AB0EE696AC2F2004404F1840019
:10C5A00001F0CEFC44F25C65B0EE4D0AB0EE4C1AE0
:10C5B000F0EE4B3AF0EE4B5AF0EE480AF0EE481A25
:10C5C000B0EE4A2AF0EE482AB0EE494AF0EE494A67
:10C5D000B0EE495AB0EE686AC2F2004505F1840037
:10C5E0009FED423A01F0ACFC43F64006B0EE4F0A34
:10C5F000F0EE480AB0EE4E1AF0EE481AB0EE4A2AB3
:10C60000F0EE482AB0EE693AF0EE493AB0EE494A07
:10C61000F0EE494AB0EE495AF0EE685AB0EE696A57
:10C62000C2F2004606F1840001F08AFCF1EE043A01
:10C63000B1EE0C3A41F6CC57B2EE0E0AF3EE045AC4
:10C64000F0EE480AF0EE481AF0EE482AB0EE634ADF
:10C65000F0EE634AB0EE635AB0EE436AC2F20047AE
:10C660009FED231A07F16C009FED222A01F068FC70
:10C67000F0EE480A04F11C009FED1F0A05F040F897
:10C68000F0EE480A05F11C009FED1C0A05F038F891
:10C69000F0EE480A06F11C009FED190A05F030F88B
:10C6A000381DDFED180AB0EE480ABDEC108B01B062
:10C6B000BDE8F04005F024B80000C8420AD7A33B0B
:10C6C0006F12033B0000000000007A440000FA43B0
:10C6D0000000164300D0044600001B44000016C4AE
:10C6E000000048430000FA440000FA4500803B4542
:10C6F000AE47613D6F12833AF6086B44CD3C03446C
:10C700003313F34339D69DC09FED173AB0EE402A5C
:10C71000B4EE430AB0EE600AF1EE10FAB8BF70470B
:10C7200031EE011A22EE011AA0EE001AB1EEC12A72
:10C73000B4EE422AF1EE10FA02D682FE000A7047E9
:10C7400080B52DED028BB0EE408AB0EE410A0DF0BF
:10C7500070F8B0EE402AB0EE480ABDEC028BBDE89E
:10C76000804082FE000A7047BD3786350000000019
:10C7700047F23424C2F20044204606F075F8204601
:10C7800006F082F841F64C759FED868AC2F20045AC
:10C790009FED859AB0EE480AB0EE491A696A01F138
:10C7A000BC00D1ED240A06F04FF8A96AB0EE480AA1
:10C7B000B0EE491A01F1BC00D1ED240A06F044F8AC
:10C7C000E96AB0EE481A01F1BC009FED780AD1ED9C
:10C7D000240A06F039F8296BB3EE040AB1EE0C1AFC
:10C7E00001F1C000D1ED250A06F02EF89FED708A08
:10C7F0002846B0EE480A06F093FAB0EE480A2846FA
:10C8000006F0AAFAB0EE480A284606F0C5FAB0EEDD
:10C81000480A284606F068FA06200021002702F0A0
:10C82000FBFA0A20002102F0F7FA0B20002102F0A7
:10C83000F3FA44F610109FED5F0AC2F20040DFEDFC
:10C840005E0A9FED5E1A01210022012601F078FEAA
:10C8500044F6202A44F6282B9FED598AC2F2004A5A
:10C860009FED589AC2F2004B9FED57AA42F27728EB
:10C870009FED56BA42F270299FED55CA9FED55DAE9
:10C880002FE000BF5BF809000BF80870D0F88C109F
:10C8900080F8827081F8407094F82200B4F9280082
:10C8A000B4F92610B4F92A20494200EE100A504289
:10C8B00001EE101A02EE100A44F6B410B8EEC00AE7
:10C8C000C2F20040B8EEC11AB8EEC22A80EE0C0ADD
:10C8D000C1EE0C0A82EE0D1A08F0BEFB01200AF030
:10C8E0003FFE41F68070C2F2004006F0A1FA686A8D
:10C8F0004BF66403C2F200432A6B90ED350A90EDCB
:10C900003D1A80EE010AD5E90A0120EE080A83EDFE
:10C91000000A90ED350A90ED3D1A4BF6680080EE66
:10C92000010AB0EE4A1AC2F20040A0EE091A80EDE8
:10C93000001A4BF66C0091ED350AC2F2004091ED01
:10C940003D1A80EE010A20EE0B0A80ED000A92EDFE
:10C95000360AB1EE400A92ED3E1A80EE010A8AEDE7
:10C96000000A94F8240068B194F82400012809D141
:10C97000204605F089FF28B147F21020C2F200409E
:10C9800001F066FB94F8220001287FF47BAF5BF88E
:10C9900009000BF80860D0F88C1080F8826081F8EC
:10C9A00040609BE70000FA440000FA4500007A442A
:10C9B000000000009A992941C3F590C0DB0FC9BF60
:10C9C0007364CB3C90C2753CCDCCCCBD3661023D8E
:10C9D000000016430000C8422DE9F04F84B047F232
:10C9E000B02C0DF10103C2F2004C49F6CE5B416A56
:10C9F00003F1010EDCF800904FF00008C0F6010BC7
:10CA000004E00026002E00F0F88000BF428D058D66
:10CA1000521B02F5807202EB126525F0FF05521BD6
:10CA2000072AC0F0EA80068D751CEDB28A5D4D5D67
:10CA3000AA2A08BF552D11D0AA2A08BF662D49D0B1
:10CA4000AA2A08BF772D00F08180028D0132D2B270
:10CA500002850126002ED9D1CFE000BF428D058D81
:10CA6000521B02F5807202EB126525F0FF05521B86
:10CA70000F2AC6D3002500BFB2B28A5C5A550135D1
:10CA8000721C0F2DD6B2F7D19DF80F20DE2ADCD113
:10CA90009DF80EA000250B22774600BF17F8014F26
:10CAA000013A84EA05041BF80450F7D1AA45CCD119
:10CAB000BDF80320A0F84020DDF80520C0F8422092
:10CAC0009DF80D20DDF80940C0F8464080F84A2066
:10CAD0008BE000BF002500BFB2B28A5C5A55013519
:10CAE000721C072DD6B2F7D19DF80720DE2AACD1F3
:10CAF0009DF806A000250322774600BF17F8014FD6
:10CB0000013A84EA05041BF80450F7D1AA459CD1E8
:10CB10009DF80320082A5AD0072A3FD0042A64D15E
:10CB200080F84B209DF804209DF8054080F84C20AB
:10CB300080F84D4002F00F0580F85550120980F83A
:10CB4000562004F00F0280F857204EE0002500BF69
:10CB5000B2B28A5C5A550135721C072DD6B2F7D194
:10CB60009DF80720DE2A7FF470AF9DF806A000250F
:10CB70000322774617F8014F013A84EA05041BF8AF
:10CB80000450F7D1AA457FF460AF9DF8032080F8E8
:10CB90004E20BDF80420A0F84F2026E080F84B205E
:10CBA0009DF804209DF8054080F84C2080F84D4009
:10CBB00002F00F0580F85850120980F8592004F04F
:10CBC0000F0280F85A20220980F85B200DE080F8DF
:10CBD0004B209DF804209DF8054080F84C2080F8FB
:10CBE0004D4002F00F0280F85C20068509F1010932
:10CBF000CCF800904FF001082BE708F0010004B0DA
:10CC0000BDE8F08F0000000083688B421DD1002A30
:10CC100008BF704710B5002103E000BF01318A4210
:10CC200011D0C36913F801C0438D03F1010E038DC8
:10CC30005FFA8EFE9E45F1D0436A448D03F804C02E
:10CC4000A0F82AE0EAE7BDE81040704700000000C5
:10CC500042688A4218BF704710B5018AC26804460C
:10CC60001046F7F721FA00284ED0618E2046228E1A
:10CC7000891A01F5807101EB116222F0FF02891A15
:10CC800045D08BB20022402B28BF40239C46012B6D
:10CC900098BF4FF0010C02E0013294450FD0D0F85C
:10CCA00020E0048E418E8C42F6D0C16A048E095D6C
:10CCB0000EF80210018E0131C9B20186ECE7016A5B
:10CCC0004EF6687C01F01F02CEF2000CBFF34F8FCE
:10CCD0001A442032203ACCF80010202A01F1200119
:10CCE000F8DCBFF34F8FBFF36F8F012180F8341052
:10CCF000D0E90041026A2468A04747F27C40C2F2B2
:10CD00000040016801310160BDE81040704700211A
:10CD100080F83410BDE810407047000000000000AB
:10CD20002DE9F04786B090F8344014B106B0BDE864
:10CD3000F087DDE90EE46400DDF840C044EACE048B
:10CD4000028744EA0C04DDF844C080F83CC0DDF8FA
:10CD500048E08DF80FC049F6CE5C4387C0F6010C61
:10CD600080F83EE0DDF84C80ADF80A200222ADF8F4
:10CD70000C3000238DF810E00DF1060EC186DDF8B1
:10CD8000509080F83D40DDF854A080F83F80169D1B
:10CD900080F85190179E80F852A04AF6552780F8E7
:10CDA000535080F85460ADF80670ADF808108DF857
:10CDB0000E408DF811808DF812908DF813A08DF82B
:10CDC00014508DF8156000BFDBB21EF8021001325E
:10CDD0005940102A1CF80130F6D100228DF8163087
:10CDE000ED218DF8171002E00132122A0CD01EF846
:10CDF0000230418E078E0131C9B2B942F4D0C76A00
:10CE0000468EBB554186EFE790F8341000298DD14E
:10CE1000418E028E891A090688D0018AC2680446AA
:10CE20001046F7F741F901287FF480AF204661688A
:10CE3000FFF70EFF06B0BDE8F0870000000000001D
:10CE400049F6587C8260C0F6010CC3620CF1080CF4
:10CE5000029AC0E900C10399C16004990182059951
:10CE6000416106990183002101864186C261009AD1
:10CE70000262019A42624AF6CB120185C6F28752DB
:10CE8000418580F83410C0F8362042F243124287C0
:10CE90004BF6AA32CDF6CC52C263A0F85B10C0F8B4
:10CEA0005710C0F85310C0F84F10C0F84B1070471F
:10CEB0007047000000000000D0F88C10FFF7C8BEDB
:10CEC00010B50446FFF788FD002808BF10BD40F2EA
:10CED000801040F28412C2F20040C2F2004240F2DE
:10CEE000821143F2684C0088C2F20041A4F820038A
:10CEF0001088A4F8240340F26350C2F2004009886D
:10CF0000A4F8221340F264510078C2F2004184F880
:10CF10002D0347F2B420C2F2004043F2584EC2F251
:10CF2000004CC2F2004E0078097884F82F03B4F860
:10CF30004800ACF8000044F6242C84F82E13C2F20A
:10CF4000004CD4E91012CEE9001294F84A2002F005
:10CF50000F038CF8003041F6C4531209C2F20043AB
:10CF600040F25C5CC2F2004C1A7043F26042C2F2C2
:10CF7000004294F85630118043F26242C2F20042FD
:10CF8000BEF80210118043F26442C2F20042BEF8C1
:10CF90000410118043F26642C2F20042BEF806104D
:10CFA00094F858E0118094F855208CF8002040F255
:10CFB0005D52C2F2004294F85710137040F25E5274
:10CFC000C2F2004294F8503084F82C3300231170E0
:10CFD00040F25F51C2F2004140F26052C2F20042A0
:10CFE00081F800E094F85910117040F26152C2F2D9
:10CFF000004294F85A10117040F26252C2F200429C
:10D0000094F85B10117040F26552C2F2004294F83D
:10D010005C10117047F23022C2F2004294F84E10B8
:10D02000117047F23122C2F2004294F84F10117091
:10D0300043F26E41C2F200410A8800BF20FA03F4B5
:10D040000133E4071CBF01320A80102BF6D143F2F2
:10D050006C4C43F26A4EC2F2004CC2F2004E4FF6E4
:10D06000FF73BCF800105940BEF8003000EA01041C
:10D07000002100BF24FA01F20131D2071CBF0133A5
:10D08000AEF800301029F5D1ACF8000010BD00005A
:10D09000D0F89C100131C0F89C10022938BF7047AD
:10D0A0002DE9F04F8BB00021C0F89C1090F84EC0D5
:10D0B00090F8501090F84FE090F8305390F82F43CC
:10D0C00080F82AC380F82C13B0F82013B0F822237C
:10D0D000B0F8243390F826A390F8286390F827B38B
:10D0E00090F8297390F82D8380F82BE390F82E9315
:10D0F000CDE9084502ACCDE900AB84E8C050CDE9EC
:10D100000689FFF70DFE0BB0BDE8F08F00000000B0
:10D11000D0F88C00814218BF7047084611461A4665
:10D12000FAF786BD0000000081B001210091D0F81F
:10D13000901001B0FFF768BD603006F071BE0000CE
:10D140002DE9F04F8FB0044649F66470A246274699
:10D15000A146A0469646C0F6010004F1A00C0B9330
:10D1600000F108020E92226000F124020D9200F1FB
:10D170003C0B4AF8602F00F130020C9200F1480697
:10D1800047F8742F04F5287249F880BF04F5D07071
:10D1900048F8886F04F53875CDE90020CDE90253D1
:10D1A00018980490199805901A980690204672468F
:10D1B00063460A91CDF824B008957546FFF740FE06
:10D1C0000E9820600D98CAF800000C983860402333
:10D1D00050462946089AC9F800B0B346C8F800601E
:10D1E00001260096019606F0EBFE052019A11822F3
:10D1F0004FF48073CDE90060384603F095FD189E2A
:10D200004846314601F008F940461B9901F02CF8D8
:10D210000E9820600D98CAF800000C9838600998A4
:10D22000C9F80000C8F800B00020C4F89C000A99B2
:10D23000C4E923150B99C4F89410A4F89860C4E9C4
:10D24000C800C4F82803C4F82D0320460FB0BDE879
:10D25000F08F00BF4C6F72615461736B000000006F
:10D26000FFF726BE00000000B0B549F6B0720C46CC
:10D27000C0F6010202F108010022C0E9001494F88E
:10D280002C118261C0E90422013184F82C11CBB247
:10D29000092B03D30546F3F7D7FF284694F82C1142
:10D2A00001394172CAB204EB8202C2F83801B0BD42
:10D2B0002DE9F04F8BB0824690F82D01002863D005
:10D2C0000AF10C080AF59C7702A80AF11E054FF036
:10D2D000000B103001900AE0A046002086F82000E4
:10D2E0009AF82D010BF1010B243583454CD20BEB41
:10D2F000CB0008EB800696F820000128F0D1307CA6
:10D3000058B1002435F8140057F820000168096866
:10D310008847307C01348442F4D370680828F1696E
:10D320000391DDD84446B046059001984FF00009BE
:10D3300058F8081B0291CDF81090C0E90099C0E997
:10D340000299C0F8109007E001200AF009F9B9F13C
:10D35000120F09F10109BFD2DAF83001F6F73CF8F3
:10D3600070B1DAF8300102A94246F5F7E1FE00F0AB
:10D37000FE000228B0D1B9F1120FE5D3E7E700BFF4
:10D38000B9F1110FE0D9E2E70BB0BDE8F08F000072
:10D3900080B588B00091D0F8300169464FF0000C9C
:10D3A000CDE906CC03930A9B04930B9B0593019252
:10D3B00002220292F5F7F8FE08B1F3F745FF08B034
:10D3C00080BD00000000000010B50446D0F8300118
:10D3D00001210022F5F770FE08B1F3F735FFD4F80C
:10D3E000300110210022F5F767FE08B1F3F72CFF9A
:10D3F000D4F83001F6F7E0FC002808BF10BDBDE806
:10D400001040F3F721BF0000B0B582B004460D46CE
:10D41000012000901DA12B2296230190204603F0AD
:10D4200083FC49F6C4704FF49171C0F601000830D6
:10D43000206004F10C00F3F7FBF8C4F83051002031
:10D44000C4E94E00C4E95000C4E95200C4E95400E4
:10D450000AF026FE40F6DC75C2F20045287801305D
:10D460002870C1B2042901D3F3F7EEFE2878013801
:10D4700084F83401C1B240F6E070C2F2004040F8D6
:10D4800021400AF035FE204602B0B0BD43616E0077
:10D4900010B5A2F1010C49F6D0735FFA8CF4C0F616
:10D4A0000103092C03F1080EC0F800E04FF000035F
:10D4B000836088BF10BD816001EB8401427180F8F8
:10D4C00004C0C1F8A40310BD3B2B22D82DE9F043C2
:10D4D00081B00446174645F2AA501E46A4F817012B
:10D4E00004F21B1084F8191111461A46DDF8208049
:10D4F00004F2171984F81A31F2F7F9FF5EB1791EB8
:10D500000020324611F8013F013A80EA0300F9D1C8
:10D5100002E000207047002006EB09010871EE20B0
:10D520004871E06841460BF077FC01284FF000009D
:10D5300023D194F8161104F589770636B2B237F87C
:10D5400011309D18812D38BF0120802D80460DD8C7
:10D5500004EBC110494618441130F2F7C8FF94F8A3
:10D56000160137F81010314427F81010E068002138
:10D57000002200230BF070FA404601B0BDE8F083B2
:10D580002DE9F041044600F037F894F8160104F54F
:10D590008977B0FA80F04FEA501837F81800A8B130
:10D5A00004EBC810002600F11105002094F8CC13FC
:10D5B00021B937F818102846F3F792FB18B1092E55
:10D5C00006F10106F2D3002027F81800E0684FF0BA
:10D5D000FF310BF021FC012818BFBDE8F081E068A5
:10D5E00000210022002384F81681BDE8F0410BF0F1
:10D5F00033BA0000000000002DE9F04F81B004466E
:10D60000B0F85803B4F85A13884202D101B0BDE80B
:10D61000F08F04F2571604F5697804F5587A04F28D
:10D620005F3900274FF0010C4FF0020E4FF0060B50
:10D6300008E000BF84F85C73B4F85803B4F85A13D8
:10D640008842E3D0B4F85803305CB4F85813013181
:10D650006FF35F21A4F8581394F85C130629E9D8F6
:10D66000DFE801F0042E192409334300AA28E3D18E
:10D6700084F85CC3E0E7B4F8A0130AF8010094F85A
:10D680005E13B4F8A0030130A4F8A00382B28A426A
:10D69000D2D305200FE0A0F10B0111F10B0FC9D976
:10D6A00084F85D03032084F85C03C5E74128C1D2F8
:10D6B00084F85E03042084F85C03A4F8A073BBE73D
:10D6C0005528B7D184F85CE3B6E794F85E230021CF
:10D6D00032B14B4613F8015F013A81EA0501F9D1F5
:10D6E0008842A7D184F85CB3A6E7EE28A2D194F8CB
:10D6F0005D0308EB800050F8040C00283FF49AAF5B
:10D70000016894F85E230B68514698474FF0020E6B
:10D710004FF0010C8EE7000070B582B004460D4654
:10D720000120009024A1232280230190204603F0B1
:10D73000FBFA49F6DC704FF48071C0F60100083046
:10D74000206004F11100F2F751FF04F58B704121C4
:10D750000026C4F81261F2F749FF04F257104FF4A3
:10D760000071F2F743FF04F558704021A4F85863A4
:10D77000A4F85A6384F85C63F2F75AFF04F5697001
:10D780002821A4F8A063F2F753FF40F6EC70002DB7
:10D7900084F8CC53C2F2004018BF012540F8254060
:10D7A000012025740BF0B0F8E06008B9F3F74CFDE8
:10D7B000204602B070BD00BF43646300000000005B
:10D7C00010B52DED048B43F2400230EE608AC2F2B8
:10D7D000004200291468426A636A616A416214D097
:10D7E000B0EEC11A31EE010AB4EE418AF1EE10FA40
:10D7F00002DD38EE408A08E0B1EE411AB4EE418A0B
:10D80000F1EE10FA01DA38EE008A90ED001AB0EE6F
:10D81000C80AB5EE401AF1EE10FA09D0B4EE410A8A
:10D82000F1EE10FABEBF9FED320ABDEC048B10BDC5
:10D83000991A9FED2D2A01EE101AB8EE411A81EEC9
:10D84000021A9FED2A2A81FE029A90ED041AB4EE84
:10D85000410AF1EE10FA1DDD90ED061A30EE410A94
:10D8600090ED031AB0EEC00A21EE001AB1EEC10A23
:10D87000B4EE400AF1EE10FA2ED690ED071AB5EE8E
:10D88000408A30EE010AF1EE10FAB1EE401A30FE95
:10D89000010A03E090ED010A28EE000A90ED081A53
:10D8A000B0EE403A38EE411A90ED022AB5EE402A29
:10D8B000F1EE10FA81EE091AA1EE023A90ED051A86
:10D8C000B1EE412A18BFB0EE430A80FE020A80FE84
:10D8D000410ABDEC048B10BDB0EE410A04460BF0CA
:10D8E000A8FF2046C9E700BF0024744917B7D13804
:10D8F000000000000000000010B52DED088B31EE97
:10D90000018AB5EE400AB0EEE23A9FED329A80ED20
:10D91000003AB0EEE14AB0EEC83A80ED010AB0EE4E
:10D92000C22AC0ED020AF1EE10FA80ED033A80ED52
:10D93000044A80ED052A11D0B5EE401AF1EE10FA36
:10D940000CD0B1EEC82AB4EE422AF1EE10FA2CD671
:10D9500020EE022A81EE021A21EE019A28EE092A0F
:10D9600080ED069AB1EEC21AB4EE411AF1EE10FA49
:10D970000AD691EE801A31EEC90A80ED060A80EDD2
:10D98000071ABDEC088B10BDB0EE408AB0EE420A1B
:10D99000B0EE61AA04460BF04CFFF0EE4A1AB0EE6E
:10D9A000401AB0EE480A2046E3E7B0EE409AB0EEE7
:10D9B000480AB0EE61AA0446B0EE41BA0BF039FF56
:10D9C000B0EE4B1AF0EE4A1AB0EE402AB0EE490A19
:10D9D0002046BDE7000000000021C161C0E9001140
:10D9E000C0E90311C0E90511704700000000000004
:10D9F000B0B52DED088B82B0044690F85000B0EE23
:10DA0000E2AAB0EE428AB0EE609AB0EE40BA0128C7
:10DA10000D4613D1B0EE410AF0EE4A0A0020019003
:10DA200004F1540001AA294604F016FE9DED011AE6
:10DA30009FED822A61EE021AB0EE401A94ED030ABD
:10DA40003AEE0A2AB5EE400AF1EE10FA0CD094ED47
:10DA5000103A31EE433A9DB1B4EE4A3AF1EE10FA83
:10DA600005DD33EE423A0BE09FED750A23E0B1EE9F
:10DA70004A4AB4EE443AF1EE10FA01DA32EE033AD1
:10DA800094ED0A4A83EE044A94ED083AB5EE403A22
:10DA9000F1EE10FA20EE040A0DD0B4EE430AF1EED6
:10DAA00010FA06DCB1EE433AB4EE430AF1EE10FA96
:10DAB00001DAB0EE430A31EE4B4A85B1B4EE4A4A80
:10DAC000F1EE10FA02DD34EE424A08E0B1EE4A3AD5
:10DAD000B4EE434AF1EE10FA01DA32EE044AB0EE47
:10DAE000C46A94ED097A9FED563A94ED015AB4EE6A
:10DAF000467AF1EE10FAB5EE405A33FE042A94ED60
:10DB0000004AF1EE10FA3FD0D4ED040AF5EE400AD7
:10DB1000F1EE10FA0CD0B4EE467A9FED497AF1EEB0
:10DB200010FA37FE066AB4EE606AF1EE10FA11DA06
:10DB300094ED0E6A32EE066A94ED0A7A26EE076AD2
:10DB4000B6EE007A26EE076A94ED0C7AA6EE057A18
:10DB500084ED0C7A94ED055AB5EE405AF1EE10FAC8
:10DB600012D094ED0C6AB4EE456AF1EE10FA02DDC3
:10DB700084ED0C5A08E0B1EE455AB4EE456AF1EE78
:10DB800010FAB8BF84ED0C5A94ED025A24EE024A02
:10DB9000B5EE405AF1EE10FA24D031EEC93AB7EEA4
:10DBA000006A23EE053A94ED135A36EE456A23EEE9
:10DBB000063A94ED116AA5EE063A94ED075AB5EED1
:10DBC000405AF1EE10FA0DD0B4EE453AF1EE10FAEB
:10DBD00006DCB1EE455AB4EE453AF1EE10FA01DA40
:10DBE000B0EE453A94ED0C5A34EE054A33EE044A51
:10DBF00038EE045A94ED064AB5EE404AF1EE10FABA
:10DC000030EE050A0FD0B4EE440AF1EE10FA06DC4D
:10DC1000B1EE444AB4EE440AF1EE10FA01DAB0EE85
:10DC2000440A84ED0D0A84ED0E2A84ED101A84ED69
:10DC3000113A02B0BDEC088BB0BD00BFEBC9184172
:10DC40000000000000000000B0B52DED048B04467C
:10DC500090F85000B0EEC19AB0EE408A01280D460F
:10DC60000BD1B0EE600AF0EE490A04F15400002234
:10DC7000294604F0F1FCF0EE400A94ED030A39EE77
:10DC8000091AB5EE400AF1EE10FA0CD094ED102A04
:10DC900030EEC22A9DB1B4EE492AF1EE10FA05DD4C
:10DCA00032EE412A0BE09FED980A23E0B1EE493AAB
:10DCB000B4EE432AF1EE10FA01DA31EE022A94EDC5
:10DCC0000A3A82EE033A94ED082AB5EE402AF1EEC4
:10DCD00010FA20EE030A0DD0B4EE420AF1EE10FA6B
:10DCE00006DCB1EE422AB4EE420AF1EE10FA01DA95
:10DCF000B0EE420A30EEC85A85B1B4EE495AF1EEA0
:10DD000010FA02DD35EE415A08E0B1EE492AB4EED0
:10DD1000425AF1EE10FA01DA31EE055AB0EEC53A88
:10DD200094ED094A9FED782A94ED006AB4EE434AD7
:10DD3000F1EE10FAB5EE406A32FE051AF1EE10FA75
:10DD40000CD094F82D00012806D194ED0E2A31EE66
:10DD5000422A26EE022A01E026EE012A94ED015A1B
:10DD6000B5EE405AF1EE10FA3DD094F82D0001289E
:10DD700002D121EE053A34E094ED046AB5EE406A32
:10DD8000F1EE10FA0CD0B4EE434A9FED5F4AF1EE8B
:10DD900010FA34FE033AB4EE463AF1EE10FA11DA14
:10DDA00094ED0E3A31EE033A94ED0A4A23EE043A2A
:10DDB000B6EE004A23EE043A94ED0C4AA3EE054A6F
:10DDC00084ED0C4A94ED053AB5EE403AF1EE10FAC6
:10DDD00009D094ED0C4AB4EE434AF1EE10FA40F348
:10DDE000898084ED0C3A94ED023AB5EE403AF1EEBA
:10DDF00010FA2ED094ED0E4A94F82D0031EE444ADC
:10DE000094ED0A5A84EE054A23EE043A18BBB7EEA5
:10DE1000004A94ED135A34EE454A24EE033A94ED49
:10DE2000114AA5EE043A94ED074AB5EE404AF1EEE8
:10DE300010FA10D0B4EE443AF1EE10FA06DCB1EE6E
:10DE4000444AB4EE443AF1EE10FA04DAB0EE443A41
:10DE500001E09FED2D3A94F82D0094ED0C4A94EDDD
:10DE60000D5A32EE042A002803FE054A32EE044A17
:10DE700094ED062AB5EE402AF1EE10FA30EE040ACF
:10DE800015D0B0EE424AB4EE420AF1EE10FA0ADCC6
:10DE9000B1EE425AB0EE404AB4EE450AF1EE10FA45
:10DEA00001DAB0EE454AB0EE440A84ED0D4AA16BAA
:10DEB000A16484ED0E1A84ED0F8AC4ED100A84ED7E
:10DEC000113AA0B133EE000AB4EE420AF1EE10FAB4
:10DED00004DDB0EE420ABDEC048BB0BDB1EE421AD7
:10DEE000B4EE410AF1EE10FA01DAB0EE410ABDECEF
:10DEF000048BB0BDB1EE433AB4EE434AF1EE10FAF2
:10DF0000B8BF84ED0C3A6EE700000000000000008E
:10DF1000B0EEC00AB7EE001A80F82D1080F82C2061
:10DF2000B4EE401A9FED051AF1EE10FA80F8503069
:10DF300030FE010A80ED130A704700BF00000000A8
:10DF400080EC020AB0EEE30A80ED021AB0EEC41AC9
:10DF500080ED050A80ED041AB0EEE41AB0EEC50AB1
:10DF600080ED071A80ED080AB0EE461AB0EE650A99
:10DF7000B0EEC33AB5EE402A80ED063AB0EEE23A92
:10DF8000C0ED031AF1EE10FA80ED093A04D1DFED8D
:10DF9000060A543004F058BCF0EEC20AC0ED0A0A7A
:10DFA000543004F051BC00BF6F12833A00000000EF
:10DFB00090ED001AB4EE401AF1EE10FA02DD80ED99
:10DFC000000A7047B1EE400AB4EE401AF1EE10FAC2
:10DFD000B8BF80ED000A70470C2A09D1027E3AB919
:10DFE0000A684B688968416103610121C26001765A
:10DFF00080B582B001218DF8071080680DF107020D
:10E00000022101234FF47A7CCDF800C0FFF75CFABF
:10E0100002B080BD0000000080B5FFF739FA49F674
:10E02000E8714FF00232C0F60101C0F80F2008314C
:10E03000016040F201118181012181730322C274C8
:10E040004FF004324261017680BD00000000000004
:10E0500080B582B001218DF8071080680DF10702AC
:10E06000042101234FF47A7CCDF800C0FFF72CFA8D
:10E0700002B080BD00000000102A18BF704710B524
:10E0800084460A684CF80C2F02464B6842F8103F51
:10E0900003468C6843F8144FC96840F8181F41685C
:10E0A00004460846614600F05FF9606800220023DC
:10E0B0002146BDE8104000F06FB9000000000000EC
:10E0C00010B51C46FFF7E4F949F6F471C461C0F6D7
:10E0D0000101083101600021C0E90311C0E9051107
:10E0E00010BD00000000000010B582B0062A427585
:10E0F0000CD890F884304BB900F10C030446184654
:10E10000F2F7F5F92046012184F8841001218DF8F9
:10E11000071080680DF10702032101234FF47A7480
:10E120000094FFF7D1F902B010BD0000000000001C
:10E1300080B5FFF7ADF90522427544F2A2524EF6C2
:10E140009E73C4F25E02C4F22F0382614CF28F22EE
:10E15000C3614CF6D963C4F25D02C3F6C7730262B1
:10E1600042F2DD42436241F27B43C4F25E02C3F6F7
:10E17000AE63826245F20462C36246F24E23C4F289
:10E180009602C4F23003C0E90C234EF6853245F204
:10E19000EC13C4F29502C3F6C873826343F671525E
:10E1A000C36347F2C963C4F29602C3F6BE63026456
:10E1B00042F2C50243644DF2FE43C4F2BC02C4F213
:10E1C000300382644DF63B72C36446F25A43C4F294
:10E1D000BB02C3F6CB73C0E914234AF2D73382657E
:10E1E000C3F6B06348F22B72C36545F610034AF2DA
:10E1F0000001C4F2E202C4F23103026647F2C962CE
:10E2000043664FF2C353C0F60101C4F2E202C3F603
:10E21000C87382664EF67912C3664FF2B633083180
:10E22000016040F20251C4F2E202C3F6BD63C0F2E3
:10E230000471C0E91C2340F20123C1600A2101746A
:10E240000021C0F811104FF00112C0F20123C0E903
:10E250001E23C0F88020012280F88420C0F8881096
:10E2600080BD0000000000004AF20C020029C0F648
:10E27000010202F10802026008BF70478A88013279
:10E280008A8093B2182B08D3B0B504460D46F2F736
:10E29000DBFF29462046BDE8B0408A8801EB8201B9
:10E2A000486070470000000070B504460160002619
:10E2B000868008305C21F2F7BBF909F0F1FE40F6E8
:10E2C000F475A680C2F20045287801302870C1B2EA
:10E2D0000E2901D3F2F7B8FF287840F6F871C2F2A0
:10E2E000004101EB800040F8044C09F001FF20469A
:10E2F00070BD00000000000041F22C00C2F200409E
:10E30000704700000000000040F2FE00C2F2004032
:10E31000704700000000000040F2FE01C2F2004120
:10E32000087041F22C00C2F20040012101707047D8
:10E3300043F24001836AC2F2004144F2402CC0F231
:10E340000F0C09684A6AD21A624502D9002280F885
:10E350002420026B496A891A614598BF70470021E1
:10E3600080F82C107047000000291CBF0968C160AC
:10E37000002A1CBF11680161002B1CBF1968416194
:10E3800043F24001C2F200410968496A81620121F9
:10E3900080F824107047000000291CBF09688161C3
:10E3A000002A1CBF1168C161002B1CBF19680162E3
:10E3B00043F24001C2F200410968496A0163012148
:10E3C00080F82C107047000010B582B00EA10A2210
:10E3D00040234FF0500C0024CDE9004C02F0A4FC87
:10E3E0004AF218010463C0F6010180F824400831A4
:10E3F0000160C0E90344C0E90544C0E90744846200
:10E4000080F82C4002B010BD436861737369735487
:10E4100061736B000000000091FAA1F24AF224033C
:10E42000B2FA82F2C0F601030F2A03F10803036077
:10E4300088BF7047818041F23001C2F2004141F84B
:10E44000220070470000000090ED000A90ED011AD4
:10E4500091ED002A91ED013A80FE420AC1FE430A85
:10E4600070470000000000000021C0E90011704763
:10E4700070B582B0044690F8A0000028D4F890004F
:10E480002ED094F88C1004F10C0594ED250AD4EDEF
:10E49000260A94ED271A05EB01160901043669587E
:10E4A0004CCE009601F0D0FA60B194F88C0004F1E3
:10E4B0009401020105EB0010AA580A60D0E901029C
:10E4C000C1E9010294F88C0094F88D10091A4907EB
:10E4D00004D0013000F0070084F88C0002B070BD59
:10E4E000006842F27821425C7AB946189FED100A22
:10E4F000DFED100A00219FED101A002200230025F5
:10E50000009501F001FD0120307040F63D204FF2F2
:10E51000C351C3F6D760CCF29001C4E925010020B5
:10E52000C4F89C00012084F8A00002B070BD00BFB8
:10E530003D0AD73EC3F590C0000000000000000077
:10E54000B0B590F88DE090F88CC06FEA0E039C4453
:10E550005FEA4C7314D000F10C0505EB0E1383ED4C
:10E56000000A90F88D40C3ED010A83ED021A05EB15
:10E5700004152973611CEA8101F0070180F88D10F0
:10E580001CF0070018BF0120B0BD00000000000013
:10E59000B0B582B00C4612A1132280234FF0020CBA
:10E5A0000025CDE9005C02F0BFFB4AF23001C0F665
:10E5B0000101083101606FF00F0100BF42181031F6
:10E5C0007029D5611562F9D1C0F890400021C0E9E9
:10E5D0002511A0F88C1080F8A01002B0B0BD00BFCB
:10E5E0004E617669676174696F6E5461736B000088
:10E5F000B0B582B06946002500950446019506F045
:10E600003FFF002808BFCDE9005594F8820001289B
:10E6100007D1D4F88800BDEC020ABDE8B04006F08E
:10E620005BBD02B0B0BD0000D1B1024691F84E0C06
:10E6300001284FF0000018BF704743F240031067F5
:10E64000C2F200435066C2E91A001B6810665B6A9A
:10E65000A2F8800082F8830001205367D1607047E0
:10E6600000207047000000002DE9F04381B02DED3F
:10E670000A8B82B00446984691460F4601200090CE
:10E6800032A11E224FF4007301902046B0EE408A62
:10E6900002F04AFB4AF23C0004F11006C0F6010009
:10E6A000083020603046FFF797F904F13805284616
:10E6B000FFF792F9B0EE089AB0EE04AA9FED26BAE1
:10E6C000F0EE482A9FED25CAB0EE4B0AF0EE4C0A58
:10E6D000B0EE491AB0EE4A2ADFED211A3046C4F8EE
:10E6E0008C80C4E921790027E760FFF705F9B0EED7
:10E6F0004B0AF0EE4C0AB0EE491AB0EE4A2AF0EEA0
:10E700004C2ADFED181A2846FFF7F6F849F69A105A
:10E71000A766C3F69960A0674CF28F20E766C3F640
:10E72000F540E06743F240002767C2F20040C4E9C9
:10E7300018770068406A6067C4F88070204602B0AD
:10E74000BDEC0A8B01B0BDE8F08300BF5472616379
:10E750006B335461736B00006666E63F0000000097
:10E760000AD7233D295C8F3D91ED010A91ED021AF4
:10E7700090ED012A90ED023A80FE420A81FE431A92
:10E7800080ED010A80ED021A7047000000000000D1
:10E7900000210173C0E90011816070470000000092
:10E7A00090F8462C0E2A16D800F62C33AAB103EBAB
:10E7B000C20313ED021AB4EE410AF1EE10FA0ADDBB
:10E7C00030EE411A9FED0C2AB0EEC11AB4EE421A97
:10E7D000F1EE10FA08DA0020704703EBC20283ED75
:10E7E000000A9180012103E09980511C83ED000A09
:10E7F00080F8461C01207047BD37863500000000B8
:10E8000090F8441C132918D800F6AC02B9B101EBFA
:10E81000410302EB830212ED032AB4EE420AF1EE49
:10E8200010FA0ADD30EE422A9FED0E3AB0EEC22A0F
:10E83000B4EE432AF1EE10FA0DDA0020704701EB36
:10E84000410182ED000A02EB8101C1ED010A81ED77
:10E85000021A012102E0013182EC030A80F8441C13
:10E8600001207047BD37863590F845CCBCF1130FB9
:10E8700001D900207047B0B5BCF1000FDDF810E001
:10E8800000F69C1517D00CEB8C0405EB840414EDFA
:10E89000051AB4EE410AF1EE10FA0ADD30EE411A23
:10E8A0009FED122AB0EEC11AB4EE421AF1EE10FA40
:10E8B0000FDA0020B0BD0CEB8C0485ED000A05EBEF
:10E8C000840404F1040C84F810E08CE80E000121AB
:10E8D00007E0251D84ED000A84F810E00EC50CF158
:10E8E000010180F8451C0120B0BD00BFBD37863551
:10E8F0002DE9F04F81B02DED048B82B0824690F867
:10E900004E0C012859D19AF8460C002855D09AF897
:10E91000460C9AF84B5C85424FD2B0EE408A41F2E9
:10E92000700B0AF62C3801279FED279AC2F2004B94
:10E930000120019007E00020019000BF9AF8460CEA
:10E940000135854239D208EBC50494ED000A30EE5A
:10E95000090AB4EE480AF1EE10FA2EDAA08800286F
:10E96000ECD0A08800B3002607FA06F919EA000FD8
:10E9700014D05BF8260088B194ED000A90ED011ADE
:10E9800030EE410AB4EE480AF1EE10FA06DA00F071
:10E9900023F9A08820EA0900A08000BFA08818B150
:10E9A0000F2E06F10106DFD30199C907C6D0002852
:10E9B000C1D1681C8AF84B0CC0E702B0BDEC048BD7
:10E9C00001B0BDE8F08F00BFCDCCCCBE0000000090
:10E9D000B0B5B0F8502C41F2700E00234FF0010C8E
:10E9E000C2F2004E03E000BF0133102B0CD00CFA32
:10E9F00003F40C42F8D05EF82350ED78012DF3D1EA
:10EA00002243A0F8502CEFE7B0BD0000000000004A
:10EA1000B0B504460025A0F8505C00F60C00A0211B
:10EA2000F1F706FE84F8525CC4F8445CC4F8485C14
:10EA3000C4F84B5CB0BD000070B5044690F84D0CB6
:10EA40000E2821D82C2504F5AF6610FB056002F0D6
:10EA5000DFF9C8B194F84C1C94F84D0C0144CAB2CB
:10EA600004EB810310FB0561C3F80C1872B104EBD1
:10EA7000820291ED011A02F6A43212ED010A30EE83
:10EA8000010A82ED000A04E0002070BD4A68C4F863
:10EA9000A42B013084F84D0C01204FF081420A6113
:10EAA00070BD00000000000010B5044690F84C0C4A
:10EAB000182821D8C0EBC00004EBC00002F038FBDE
:10EAC000D0B194F84C0C94F84D1C0144C0EBC00339
:10EAD000C9B2002904EB810204EBC301C2F80C188F
:10EAE0000CD002F6A43291ED011A12ED010A30EEBB
:10EAF000010A82ED000A04E0002010BD4A68C4F853
:10EB0000A42B013084F84C0C01204FF081420A61A3
:10EB100010BD000000000000B0B50446002500BF95
:10EB2000601902F0A5FB3835B5F5AF6FF8D10025B7
:10EB3000601900F5AF6002F0E7FA2C35B5F5257FD6
:10EB4000F6D104F6AC00F021F1F772FD4FF67060DB
:10EB50000021CFF6FF7000BF2218143082F83C1B52
:10EB6000C2F82C1BC2F8301BC2F8341BC2F8381B89
:10EB7000F2D104F624307821002200BF40F8082F9B
:10EB800008398280FAD104F60C00A0210025A4F8EF
:10EB9000505CF1F74DFD204684F8525CC4F8445CAB
:10EBA000C4F8485CC4F84B5CB0BD00000000000035
:10EBB000012181707047000001464078012818BF8C
:10EBC000704700224A70704701468078012818BFBC
:10EBD000704700228A707047012141707047000021
:10EBE00080B510290BD841F2700CA1F1010EC2F2D0
:10EBF000004C5CF82E3013B94CF82E0001709FEDDC
:10EC0000071A002180FE010A9FED051AA0F80110E5
:10EC1000C27080FE410A80ED010A80BD0AD7A33C84
:10EC2000CDCCCC3E00000000B0B584B00446002539
:10EC3000E0E80455FFF718FC04F11800FFF7A8FD01
:10EC40006846E581C4E90055A5602573FFF70CFC13
:10EC5000DDE90001C4E904016846FFF799FD9DF86C
:10EC60000C0084F824000098A0610198E0610298EB
:10EC70002062204604B0B0BD90F84010012918BFB2
:10EC8000704710B5816B00F10C0290ED0D0A9FEDFD
:10EC9000071AD1ED060A012104461046FEF790FD41
:10ECA000E06BBDE8104005F0FFBE00BFDB0F494040
:10ECB00070B52DED028B82B0044615460E4601203C
:10ECC000009015A11E22802301902046B0EE408ABC
:10ECD00002F02AF84AF24800C0F60100083020602D
:10ECE00004F10C00FEF778FEB1EE041AB0EE082A2B
:10ECF000F0EE482A9FED0C0ADFED0C0ADFED0C1A4E
:10ED0000C4E90E65FEF7F8FD002084F840002046B7
:10ED100002B0BDEC028B70BD486561644374726CD7
:10ED20005461736B00000000333313400000000097
:10ED3000CDCCCC3D000000000238C0B2022805D87E
:10ED400005A101EB800090ED000A70479FED010ADC
:10ED5000704700BF00000000DB0F4940DB0FC93FD8
:10ED6000DB0FC9BF00000000814202D1002250B277
:10ED7000704700220E2898BF0E2901D950B2704763
:10ED800010B549F6CE624FF0000EC0F601026FF0EA
:10ED9000010302EBC00C00BF0CEB03020233062B95
:10EDA0009278A2EB0102B2FA82F24FEA52124EEAD4
:10EDB000020EF1D15FEACE7220D048B151B10D28D8
:10EDC00018BF0D2908D10222814288BF012216E016
:10EDD000012214E0022212E00C1AFFF795FA0078E3
:10EDE000012804F10300C0B203D1072806D208A10C
:10EDF00002E0072802D204A10A5C00E00022BDE87C
:10EE0000104050B2704700BF020004000300010030
:10EE10000200030004000100A0F10D0212F10C0F2A
:10EE200038BF704740F2FF02C2F2004211547047EF
:10EE3000B0B52DED028B8CB004460D3810F10C0FDF
:10EE400004D2DFED480AB0EE600A86E0FFF75CFA14
:10EE50004AF6AB22611ECAF6AA22BEEE008AA1FBC8
:10EE600002230122007823F0010502EB530201285E
:10EE7000D2B200EE102A05EB5302A1EB020141F2DF
:10EE8000F002C2F2004201F10105B8EE400A02EBC5
:10EE9000401404F108000AA94FF0020230EE080AFB
:10EEA00018D108F041FAB5EE000A0A9804900B98C0
:10EEB000059004A80AA9022208F036FA0A980690DA
:10EEC0000B98079006A90AAA0223204608F0A4F886
:10EED000E8B219E008F028FAB5EE000A0A980490A2
:10EEE0000B98059004A80AA9022208F01DFA0A98B6
:10EEF00006900B98079006A90AAA0223204608F05C
:10EF00008BF8E8B2C0F1040000EE100A0A980B99E1
:10EF10000890099104F11000B8EE400A0AA90222F3
:10EF200030EE080A08F000FA0A9800900B98019059
:10EF300068469FED0D0A0AA9022208F0F5F90A9821
:10EF400002900B98039008A802A90AAA022308F0CD
:10EF500063F89DED0A0ADDED0B0A0CB0BDEC028BE7
:10EF6000B0BD00BF00000000ABAAAA3E0000000038
:10EF7000013803280BD8DFE800F0020B050830EE5B
:10EF8000010A704770EE810A704770EEC10A70473F
:10EF900030EE410A704700002DE9F0412DED0C8B59
:10EFA00086B08DEC020AFFF7A7F90078012840F03F
:10EFB0009E80FFF7A9F990F8008041F2B000C2F2FC
:10EFC000004004AA022300EB48146846214608F0DA
:10EFD00003FA02AD04ABDDE90401CDE9020104F15D
:10EFE00008010222284608F083F904F1100104AB5D
:10EFF000022228469DED048A08F07AF9B5EE408A8F
:10F00000F1EE10FA7ADA41F2301004AAC2F20040AE
:10F01000022300EB48146846214608F0DDF902ADF2
:10F0200004ABDDE90401CDE9020104F1080102228B
:10F03000284608F05DF904F1100104AB02222846CD
:10F040009DED048A08F054F9B5EE408AF1EE10FA0D
:10F050006EDA41F2701004AAC2F20040022300EB03
:10F0600048146846214608F0B7F902AD04ABDDE963
:10F070000401CDE9020104F108010222284608F04A
:10F0800037F904F1100104AB022228469DED048AF1
:10F0900008F02EF9B5EE408AF1EE10FA61DA41F28D
:10F0A000F00004AAC2F20040022300EB48166846B2
:10F0B000314608F091F906F1080402AFDDE90401D8
:10F0C000CDE9020104AB02223846214608F010F9CE
:10F0D00006F1100504AB0222384629469DED048A4C
:10F0E00008F006F9B5EE408AF1EE10FA50DA102079
:10F0F000C0B206B0BDEC0C8BBDE8F08194ED060A01
:10F10000B4EE408AF1EE10FA3FF77DAF9DED040AB0
:10F11000B5EE400AF1EE10FAFFF675AF94ED071A5E
:10F12000B4EE410AF1EE10FA3FF76DAF0020DFE7D1
:10F1300094ED060AB4EE408AF1EE10FA89DC9DEDFA
:10F14000040AB5EE400AF1EE10FAFFF682AF94ED34
:10F15000071AB4EE410AF1EE10FA3FF77AAF0D202C
:10F16000C6E794ED060AB4EE408AF1EE10FA96DC9A
:10F170009DED040AB5EE400AF1EE10FA8FDB94ED36
:10F18000071AB4EE410AF1EE10FA88DC0E20AFE760
:10F1900096ED060AB4EE408AF1EE10FAA7DC9DED7A
:10F1A000040AB5EE400AF1EE10FAA0DB96ED071A5C
:10F1B000B4EE410AF1EE10FA99DC96ED070AB1EED1
:10F1C000C08AB4EE488AF1EE10FA80F18B8096ED99
:10F1D000060AB1EEC09AB4EE499AF1EE10FA80F147
:10F1E0008680684604AA0223314608F0F5F80498A0
:10F1F00004900598059002AB02222846294608F0A3
:10F2000077F89DED02DA9FED3CAAB0EECD0AB0EEA4
:10F210004ABA9FED3ACAB4EE4C0AF1EE10FA13DB8B
:10F22000B5EE40DAF1EE10FA02DA9FED33DA01E0E2
:10F23000B1EECDDA04A802AB0222294608F058F854
:10F240009DED020A80EE0DBA02AB02222046214655
:10F2500008F04EF89DED02DAB0EECD0AB4EE4C0A9D
:10F26000F1EE10FA13DBB5EE40DAF1EE10FA02DA45
:10F270009FED21DA01E0B1EECDDA04A802AB022263
:10F28000214608F035F89DED020A80EE0DAAB0EE99
:10F29000080AB5EE001A012288EE000A29EE011ACA
:10F2A0008BEE000A8AEE011ABEFE400ABEFE411A2B
:10F2B00010EE100A11EE101A012898BF104601290D
:10F2C00088BF0A46032828BF032002EB4201B8F199
:10F2D000000F00EB0102A1EB000000F1010018BFDC
:10F2E000D01E05E70AF0A5FAB0EE408A6FE70AF0F3
:10F2F000A0FAB0EE409A74E700000000BD378635F2
:10F3000084460E284FF00000187098BF0E2900D9CF
:10F3100070472DE9F04F8EB040F2FF09C2F200496C
:10F3200019F80C00012810D119F8010001280CD19E
:10F330008C45179F0ED14FF0010082F800C0187065
:10F3400027B100203870012000E000200EB0BDE899
:10F35000F04F70470DF1280B0DF1080ACDE900239D
:10F360000023CDF8133004934FF0FF30CDE9023382
:10F37000CDE90A000C90CDF83300CDE906000890E5
:10F38000CDF823000BF80C3004E000BF0E2B03F186
:10F3900001035DD21027FF25002402E001340F2C69
:10F3A00010D01AF804000028F8D119F80400012838
:10F3B000F4D1EDB21BF80400A8423CBF2746054635
:10F3C000ECE700BF5FFA87FCBCF1100F40D00120D2
:10F3D0000AF80C0049F6CE604FF0000EC0F60100AE
:10F3E00000EBCC050DE000BF4FF00B08B8F10D0F9E
:10F3F00002D0B8F1000FC9D10EF1010EBEF1040F19
:10F40000C4D015F81E001028EED019F80040012CC9
:10F4100002D11AF800402CB14FF00D08B8F10D0FD1
:10F42000E7D1E9E71BF80C40FF2C0BD005EB4E06AB
:10F430001BF8002076783444944203D206AA0BF8D5
:10F44000004017544FF00008B8F10D0FD1D1D3E7A9
:10F450001BF80170B7F1FF0018BF0120FF2FDDE995
:10F4600000653FF473AF179A06AC002A18BF1770F7
:10F47000FF2907D04BB22A78571C2F70B154E15C9A
:10F48000FF29F7D12F78022FFFF460AF711E002201
:10F490000E4600BF16F8013FCF5D377001322F785E
:10F4A000CB550139D3B22F78B3EB570FF2D34DE7D9
:10F4B00070B52DED048B82B00C460546B0EE618A26
:10F4C000B0EE419AFFF768FDB0EE490AF0EE480A47
:10F4D0000646FFF761FD002D18BF102E03D1002056
:10F4E0000021217009E001461028F8D0002000908A
:10F4F00030462A462346FFF703FF02B0BDEC048BDB
:10F5000070BD0000000000002DE9F0472DED0A8BD2
:10F510008AB0044608461D4616460F46FFF788FC8B
:10F5200038463146B0EE408AB0EE609AFFF71CFCD8
:10F5300080460DF12703204641462A4606F070FE1C
:10F54000216842F2582242F26023054688188A5800
:10F550000692CA18B0EE480AF0EE490A40680790D1
:10F56000D06805909068049050680390C858029045
:10F570009FED6E1A4046FFF7FBFC9DF92790B0EE19
:10F5800040AAB0EE60BA4FF0000AA9F101000021D4
:10F59000C0B2032805D84AF28021C0F6010131F833
:10F5A000101041EA050642F278259FED61CA02E09B
:10F5B00000200127F8B12068415D01290ED1B0EE8D
:10F5C0004A0AF0EE4B0AB0EE4C1A002100223346F4
:10F5D000CDF800A000F098FC18B9E9E70220002857
:10F5E000E6D0022804D1052007F0BAFF0120E1E7A8
:10F5F00000270020DEE7F8074FF0000600F09080BB
:10F600004846FFF799FB8DED020AB0EE480AF0EE8E
:10F61000490A9FED481A4046FFF7AAFCB0EE40AAFF
:10F62000B0EE60BA42F278279FED43CA0DF1180997
:10F630000DF1080A03E000BF00200125F8B12068A1
:10F64000C15D01290ED1B0EE4A0AF0EE4B0AB0EED0
:10F650004C1A002349465246009600F055FC20B94A
:10F66000EAE700BF02200028E6D0022804D10520E6
:10F6700007F076FF0120E1E700250020DEE7E8073C
:10F680004FF000064CD0B0EE480AF0EE490A49F6B9
:10F690009A109FED2A1AC3F6996006904FF07E509B
:10F6A000079040460396FFF763FCB0EE409AB0EE39
:10F6B000608A42F278259FED20AA0DF118080DF11D
:10F6C000080902E000200127F8B12068415D012906
:10F6D0000ED1B0EE490AF0EE480AB0EE4A1A002305
:10F6E00041464A46009600F00FFC20B9EAE700BF09
:10F6F00002200028E6D0022804D1052007F030FFC0
:10F700000120E1E700270020DEE7F80707D0012607
:10F7100084ED059A84ED068A0298E06100E00026F7
:10F7200030460AB0BDEC0A8BBDE8F087C8CC4CBDB2
:10F730009A99993EBA1E053E00000000CDCC8C3F40
:10F7400080B549F6467CC0F6010C1CF802E01CF8B6
:10F750000130AEEB030C0CF104035FFA83FEBEF143
:10F76000080F13D849F67853C0F6010313F80EE0DA
:10F77000BEF1030F0FD84FFA8CFCDFE80EF00E132A
:10F7800002026146BDE8804000F012B84FF0040E5E
:10F79000BEF1030FEFD9002080BD6346BDE8804075
:10F7A00000F0DAB96346BDE88040FFF7ADBE000067
:10F7B0002DE9F04381B02DED0A8B88B088460446D0
:10F7C000FEF7A2FD057841F23010C2F2004041F28E
:10F7D0007019012DC2F2004900EB451015D190ECD3
:10F7E000020A9FED961A0120FFF7C2FBB6EE081A37
:10F7F00004200426FFF7BCFB09EB4510B0EE408A5D
:10F80000B0EE609A00F1080128E000F1100702AAAA
:10F810000223394607F000FC9DED020ADDED030AE4
:10F820009FED861A0120FFF7A3FBB6EE081A03200E
:10F830000326FFF79DFB09EB451502AA0223284684
:10F840003946B0EE408AB0EE609A07F0E5FBDDE99C
:10F850000201CDE9060105F1080106A802AA02236A
:10F8600007F0DAFB9DED020ADDED030A9FED741A45
:10F870000220FFF77DFBB6EE081A3046FFF778FB53
:10F88000B0EE40AAB0EE60BAB8F1010F42F27825AE
:10F890004FF000069FED6BCA28D103E0002001273E
:10F8A000002842D02068415D01290DD1B0EE480A00
:10F8B000F0EE490AB0EE4C1A002100220023009617
:10F8C00000F022FB18B9E9E702200028E6D0022860
:10F8D00004D1052007F044FE0120E1E700270020C5
:10F8E000DEE700BF0020012700285CD02068415DD2
:10F8F00001290DD1B0EE4A0AF0EE4B0AB0EE4C1AD7
:10F90000002100220023009600F0FEFA18B9E9E772
:10F9100002200028E6D0022804D1052007F020FEAE
:10F920000120E1E700270020DEE7F8074FF000059F
:10F9300000F07C80206842F26021084442F278277F
:10F940009FED408A0DF10808D0E90112C0680391CB
:10F95000CDE9042040F6DB70CBF6C970029003E0DD
:10F960000020012600285CD02068C15D01290DD14E
:10F97000B0EE4A0AF0EE4B0AB0EE481A002100231E
:10F980004246009500F0C0FA18B9E9E702200028C5
:10F99000E6D0022804D1052007F0E2FD0120E1E7CE
:10F9A00000260020DEE7F8074FF000053ED0206873
:10F9B00042F26021084442F278279FED22AA0DF11D
:10F9C0000808D0E90112C0680391CDE9042040F68F
:10F9D000DB70CBF6C970029003E000BF0020012667
:10F9E000F8B12068C15D01290ED1B0EE480AF0EEF1
:10F9F000490AB0EE4A1A002100234246009500F061
:10FA000083FA20B9EAE700BF02200028E6D00228E6
:10FA100004D1052007F0A4FD0120E1E70026002025
:10FA2000DEE7F00701D0012500E00025284608B0F8
:10FA3000BDEC0A8B01B0BDE8F08300BF6666263FCF
:10FA40009A99193F9A99993E2DE9F04381B02DED8D
:10FA5000068B8AB0044604300DF1090500270EC05C
:10FA60001898206104F11400D4ED021A02A98DF84F
:10FA7000087080EC030A94ED011A2846FFF718FD80
:10FA800000285DD09DF808000F2859D89DF808007F
:10FA9000022811D30135002615F8011C2A782046CA
:10FAA000FFF74EFE00284AD09DF808000136F1B25B
:10FAB000013501388842EFDC226842F26023D4E944
:10FAC00003101A4494ED018A94ED029A4FEA10490A
:10FAD000C5B242F278269FED1EAA0DF118085368B0
:10FAE000079393680893D2680992069103E000BFD8
:10FAF0000020012720B32068815D012912D12A4608
:10FB0000002D18BF0122B0EE480AF0EE490AB0EE0F
:10FB10004A1A0021009242464B4600F0F5F920B9FE
:10FB2000E6E700BF02200028E2D0022804D1052029
:10FB300007F016FD0120DDE700270020DAE70027A7
:10FB400007F001000AB0BDEC068B01B0BDE8F08300
:10FB5000CDCCCC3E000000002DE9F04F81B02DED62
:10FB60000A8B8AB0044640F2021810461D4616461B
:10FB70000F46C0F20438FFF75BF938463146B0EE65
:10FB8000408AB0EE609AFFF7EFF806460DF12703C2
:10FB9000204631462A4606F043FB2168054642F2DC
:10FBA000602042F258220F188B1804378A585B687D
:10FBB000B7EE041ACDE906238CCF0597771E5FFABE
:10FBC00087F904934FEAC903039228FA03F8002245
:10FBD000B9F1040F085838BF4246B0EE480AF0EEBB
:10FBE000490A02904FF0000BD0B2FFF7C1F99DF91E
:10FBF00027A0B0EE40AAB0EE60BAAAF10100C1B2EF
:10FC00000020032905D84AF28020C0F6010030F810
:10FC10001100054342F278269FED66CA03E000BF5B
:10FC200000200127F8B12068815D01290ED1B0EED6
:10FC30004A0AF0EE4B0AB0EE4C1A002100222B4685
:10FC4000CDF800B000F060F918B9E9E7022000280B
:10FC5000E6D0022804D1052007F082FC0120E1E76C
:10FC600000270020DEE7F8074FF0000500F09A803B
:10FC70005046FFF761F80020B9F1040F38BF404645
:10FC80008DED020AB0EE480A40B2F0EE490A9FED4F
:10FC90004A1AFFF76DF9B0EE40AAB0EE60BA42F230
:10FCA00078269FED46CA0DF1180A0DF1080B02E007
:10FCB00000200127F8B12068815D01290ED1B0EE46
:10FCC0004A0AF0EE4B0AB0EE4C1A002351465A464F
:10FCD000009500F019F920B9EAE700BF02200028DA
:10FCE000E6D0022804D1052007F03AFC0120E1E724
:10FCF00000270020DEE7F8074FF0000552D049F654
:10FD00009A10B9F1040FC3F6996006904FF07E5037
:10FD1000079028BFA846B0EE480AF0EE490A4FFA0D
:10FD200088F09FED271A0395FFF722F9B0EE409A6D
:10FD3000B0EE608A42F278269FED20AA0DF11808F5
:10FD40000DF1080903E000BF00200127F8B1206889
:10FD5000815D01290ED1B0EE490AF0EE480AB0EEFD
:10FD60004A1A002341464A46009500F0CDF820B9D2
:10FD7000EAE700BF02200028E6D0022804D10520CF
:10FD800007F0EEFB0120E1E700270020DEE7F8079F
:10FD900007D0012584ED059A84ED068A0298E0617A
:10FDA00000E0002528460AB0BDEC0A8B01B0BDE892
:10FDB000F08F00BF9A99993EC3F5883F000000007C
:10FDC000CFCCCC3D0000000001600021C0E9011152
:10FDD000C0E90511704700002DE9F04F89B042F2EB
:10FDE00070214EF6EF6300EB010A48F68C02CEF666
:10FDF000EE63C0F688029AF8057008909AF806102B
:10FE0000C91B01FB032144F24542C0F2444242F2C5
:10FE100014234FEAB10100EB030B914249D341F6A1
:10FE2000B401089800EB010900F10C089AF80410DD
:10FE300040F6544011FB008191F84E1CC9BB07EB02
:10FE4000870009EBC00459F8301004F1140ED4E90E
:10FE50000123D4E903079EE86050646A0694CDE963
:10FE6000000702A880E86050584600F041FA0228D6
:10FE70001FD19AF8050040F24541013041430A0C78
:10FE80001201A2EB11419AF80620A0EB81014EF677
:10FE9000EF608FB2CEF6EE60D21B8AF805104243B7
:10FEA00044F24440C0F2444004324FEAB20282427B
:10FEB000BCD8DAF8000090F8811009B9C16801BB1C
:10FEC0009AF8041040F65442089B03F10C0511FB0C
:10FED000025191F84E2C012A13D1FEF7A5FB80B1F7
:10FEE0009AF80400012121EA000040F6544110FB79
:10FEF00001518AF80400584609B0BDE8F04F00F0FF
:10FF00000BBE09B0BDE8F08F2DE9F04142F2752437
:10FF10004EF6EF6600EB040C48F68C08045DCEF656
:10FF2000EE669CF801E0C0F688086FEA0E056719D6
:10FF300007FB06874FEAB70544F24547C0F244473E
:10FF4000BD427CD3AEEB040404FB06844FEAB40448
:10FF5000BC4230D348F68905AEF10104C8F68805E5
:10FF600055FB04456E1106EBD575C5EB0515A4EBE5
:10FF7000850441F6B40504EB840400EBC4042C446E
:10FF800094ED002A32EE402AB0EEC23A9FED2D2ABF
:10FF9000B4EE423AF1EE10FA0DDA94ED013A33EE96
:10FFA000603AB0EEC33AB4EE423AF1EE10FA02DA39
:10FFB0000120BDE8F08141F6B4040EEB8E07204429
:10FFC00000EBC70484EC030AE38139B1237B43F0DF
:10FFD00002032373D1E90013C4E90413069992B113
:10FFE0009CF8013003EB830300EBC3031F7B47F056
:10FFF00004071F73D2E9007695681D62C3E906768F
:020000040801F1
:10000000127B83F8242049B19CF8011001EB810197
:1000100000EBC100017B41F0010101739CF801007C
:1000200040F24541013041430A0C1201A2EB11415B
:10003000A0EB81008CF801000020BDE8F0810220D7
:10004000BDE8F081BD3786352DE9F04F81B02DED4B
:10005000048B82B0044642F27020984691468B464B
:1000600026180220002524A11A224FF40073B0EEB6
:10007000608ACDE900502046B0EE409A00F054FE70
:100080004AF2540041F6A80AC0F601000830206088
:1000900060190C30FEF740FD05F654455545F7D183
:1000A00041F6B40000272518E819FEF7BDFD2837F2
:1000B000B7F5166FF8D1B0EE490AF0EE480A42F2F1
:1000C000142010992044009159464A46434604F1B1
:1000D0000C0500F071FD1199316029460027B771B8
:1000E000B78000F019FDA6F80770204602B0BDECFD
:1000F000048B01B0BDE8F08F50617468506C616E84
:10010000335461736B00000070B52DED028B8CB021
:100110000446029117980392256C16990493129A3B
:100120000592139A0692149A0792159A0A90CDE9AD
:10013000082118980B9015B195F84E0C08B10020C5
:1001400034E0B0EE408A9DF8140002AE800712D56C
:1001500006F1100004F14401FEF776F9B0EE401A02
:10016000B0EE602AB0EE480A2846F0EE410AB0EE42
:10017000421AFEF745FB9DF8140040070DD506F125
:10018000180004F14C01FEF7EFFA08AEB0EE480A91
:10019000206C4ECE0096FEF767FBBDF8161021B11D
:1001A000B0EE480A206CFEF7FBFA01200CB0BDEC63
:1001B000028B70BD00000000F0B581B02DED088B02
:1001C00082B00446006C002865D090F84E1C0129CE
:1001D00061D190F84C1C90F84D2C114400EB81003B
:1001E00000F53A6090ED009A6846FEF73DF9216C03
:1001F00091F84C0C91F84D2C1044C6B201EB8601DD
:10020000D1F8081839B191ED040A9FED251A80FE46
:10021000410A81ED040A00063DD0BEEE00AA6D46FB
:100220009FED1F8A15E000BF206CB0EE490A002246
:1002300000EB8601D1F8081891ED01BA29460BEEC2
:100240000A0A05F04DFD39EE4B9A013E701C01285B
:1002500021DD216C01EB8600D0F80878002FF4D066
:1002600091F84C2C91F84D1C1144C9B28E42DBD050
:10027000B0EE480AD0F80C08DDED010A9DED00BA99
:1002800006F08AFB8BFE400A97ED041A80FE410AB5
:1002900087ED040AC8E702B0BDEC088B01B0F0BDE1
:1002A0000000000000000000016C11B191F84E2C1C
:1002B0000AB10020704710B52DED028B82B0D0ED51
:1002C000110A90ED121A04460846B0EE408AFEF775
:1002D00097FA206C4C34B0EE480A1ECC0094FEF71E
:1002E000C3FA012002B0BDEC028B10BD000000007B
:1002F0002DE9F04F81B02DED108B9CB004460D928E
:100300003A980C91369A0F92379A1092389A119225
:10031000399A0E93CDE91220206C3B9914913C99A7
:10032000159110B190F84E1C31B100201CB0BDECFD
:10033000108B01B0BDE8F08F227890F84C1C90F83B
:100340004D0C022AC1F1190314D0012A08D0DAB9E0
:10035000DDE90C01C4E904010020C4E901002AE33D
:10036000DAB2012A13D89DF83C1041F001018DF852
:100370003C1010E0DAB2022A5ED89DF83C1041F041
:1003800001018DF83C105BE000202070CEE71729BA
:1003900001D100210E910F2801D100200E9004F10F
:1003A00010010CA81AAA022307F016F894ED010A0E
:1003B0009FED279AB0EEC02A9DED1A1A8DED181AFE
:1003C000B4EE492A9DED1B2AF1EE10FA8DED192AA3
:1003D00009DA94ED023AB0EEC33AB4EE493AF1EEDE
:1003E00010FAC0F2A48294ED023A1AA821EE038A10
:1003F00018A9B1EE431A16AB02228DED1B1AA0EE1E
:10040000428AB1EE400A8DED1A0A06F071FFDDED69
:10041000160AB0EEE00AB4EE490AF1EE10FA80F2E4
:100420005F82B0EEC80AB4EE490AF1EE10FA80F22B
:1004300057829FED080A5AE2162901D100210E9138
:100440000F280BD00E280BD100200E9008E000BF23
:10045000BD37863500000000CDCC4C3D0020206229
:1004600004F1100804F118091AAA0223404649466B
:1004700006F0B2FF1A980A901B980B900CA81AAAC3
:100480000223494606F0A8FF1A9808901B98099085
:100490000AA81AAB0222014606F02AFF5FED138A72
:1004A0009DED1A0AB0EE68AAB5EE400AF1EE10FA18
:1004B00003DBB1EEC00AB0EE40AA08A81AAB0222D4
:1004C000014606F015FF9DED1A0AB0EE68EAB5EE9A
:1004D000400AF1EE10FA03DBB1EEC00AB0EE40EADA
:1004E0009DED080A9DED0B1A20EE418A9DED090A4B
:1004F0009DED0A1A0AA808A91AABA1EE008A94ED8C
:10050000081A8EFE4A0A022281FE400A84ED030A7E
:1005100006F0EEFEDDED1A0A1FED33DAB0EEE00A6A
:10052000B4EE4D0AF1EE10FA06DAB0EEC80AB4EEF7
:100530004D0AF1EE10FA06DBB0EE480A1AA806F0F2
:1005400083FDDDED1A8AB0EEE89AB6EE000A94ED6E
:1005500003BA29EE000A09F089F92BEE008AB3EEFE
:10056000040AB4EE408AF1EE10FA00F318811FED90
:10057000460AB4EE408AF1EE10FAC0F210818BEE1A
:100580000A0A1FED4CFAF7EE009A1AAA0223404617
:1005900080FE0F0A494680FE699A06F01DFFB0EE04
:1005A000490A1A9816901B98179016A81AA90222A1
:1005B00006F0BAFE1A9818901B98199018A91AAA52
:1005C0000223484606F028FD94ED030A9DED1ABA71
:1005D00030EE4A0A9DED1BCAB0EEC00AB4EE4D0AD9
:1005E000F1EE10FA0ADBB0EE4B1AF0EE4C1A206C6A
:1005F000D4ED050A94ED040AFEF756FA94ED030AC9
:100600000DF1300880EE0E0A1AAA02234046494630
:1006100080FE0F0A80FE699A06F0DEFEB0EE490AFF
:100620001A9816901B98179016A81AA9022206F07D
:100630007BFE1A9818901B98199018A91AAA0223E1
:10064000484606F0E9FC9DED1AAA9DED1B9AB0EE16
:100650004B0AF0EE4C0AB0EE4A1AF0EE491AB0EE30
:10066000482A0021F5EE408A206CF1EE10FAB8BF5E
:100670000121FEF7E1F9206C04F11803D4E909AE79
:1006800090F84C7CD4F82CC090F84D6CD4F830B075
:100690000ECB374400EB870004F1340700F53A60D5
:1006A000E0CF90ED000A04A8CDE900AEE0C02046FE
:1006B000CDE902CBFFF728FD1AAA0223404649469E
:1006C00006F08AFE9DF83C00DDE91A12C007C4E975
:1006D000011214D19DED0E0AB0EEC01AB4EE4D1AFF
:1006E000F1EE10FA0BDB94ED031A31EE4E1AB0EE78
:1006F000C11AB4EE4D1AF1EE10FA80F2E38194EDD6
:10070000030A30EE4E0AB0EEC00AB4EE4D0AF1EE26
:1007100010FA0ADBB0EE4A0AF0EE490A206C9DEDB1
:100720000C1ADDED0D1AFEF7BFF9206C0E9BDDE90A
:100730000C12C4E9041290F84C7CDDF844C090F827
:100740004D6CDDF84890DDE90F8E374400EB8700F3
:1007500013AF00F53A60E0CF90ED000A04A8CDE9B0
:10076000008EE0C02046CDE902C9FFF7CDFC9DF820
:100770003C00C00700F01F81206C90F84C1C90F8E2
:100780004D2C1144CAB200EB8202D2F80828002A8C
:1007900000F09C8092ED040A80FE4F0A94E004F180
:1007A0001001206C91EC040AFEF77EF9206C04F134
:1007B0001803D4E909EA90F84C7CD4F82CC090F8DE
:1007C0004D5CD4F830B00ECB2F4400EB870004F121
:1007D000340700F53A60E0CF90ED000A04A8CDE9B7
:1007E00000EAE0C02046CDE902CBFFF78DFC9DF882
:1007F0003C00C00709D19DED0E0AB0EEC00AB4EE70
:100800004D0AF1EE10FA80F22F81206CD4ED070A28
:1008100094ED060A9DED0C1ADDED0D1AFEF744F974
:10082000206C90F84C1C90F84D2C5618F1B200EB4F
:100830008101D1F8081889B19FEDB50AB4EE490AD3
:1008400094ED110AF1EE10FA9FEDB01A31FE000A94
:1008500091ED041A80FE410A81ED040A00EB860046
:100860000DF1300E00F53A60DDF844C09EE80E410F
:1008700090ED000A2046DDF84890159EDDE91357FB
:10088000CDE9008ECDE902C9CDE904570696FFF700
:100890003BFC9DF83C00DDE90C12C007C4E90412E2
:1008A00000F08980206C90F84C1C90F84D2C11447D
:1008B000CAB200EB8202D2F808283AB192ED040ADB
:1008C0009FED921A80FE410A82ED040A00EB81003E
:1008D00000F53A6090ED000A2046FFF7E5FC9DE048
:1008E000B0EE480A16A806F0AFFB9DED160A206C84
:1008F00090F84C1C90F84D2C1144C9B200EB8100CB
:10090000D0F8080898B1B0EEC00A9FED811AB4EE95
:10091000401A94ED110AF1EE10FA9FED7C1A31FEA7
:10092000000A90ED041A80FE410A80ED040A9DF849
:100930003C00DDE91812C007C4E9011208D19DEDA1
:100940000E0AB0EEC01AB4EE491AF1EE10FA73DADC
:10095000206CD4ED050A94ED040A9DED0C1ADDED32
:100960000D1AFEF7A1F8206C0CAB0DF13C0EDDF872
:10097000489090F84C6C90F84D5C0ECB2E449EE85D
:10098000005100EB8600159E00F53A60DDE9137515
:1009900090ED000A20468DE80051CDE90397CDE99E
:1009A0000556FFF7B1FB9DF83C00C00707D1DDE914
:1009B0000C01C4E90401012020700220B6E4206C7F
:1009C00090F84C1C90F84D2C1144CAB200EB8202F6
:1009D000D2F808283AB192ED040A9FED4C1A80FE35
:1009E000410A82ED040AC8B190F84E2CB2B900EB6E
:1009F0008101D4ED110A01F53A6194ED121A91EDDD
:100A0000008AB0EE480AFDF7FBFE04F14C07B0EE99
:100A1000480A206C8ECF0097FDF726FFBDF83E10E8
:100A2000206CFDF7D5FF206C012180F84E1C20467C
:100A3000FFF7C2FB012079E484ED030ADDE914101D
:100A4000C4E90E100C98A0610D98E0610E98206228
:100A50000F9860621098A0621198E062129820636B
:100A600013986063022090E41AAA02234846414684
:100A700006F0B2FC02201A9961601B99A160D4E9CA
:100A80000612C4E90412DDE91412C9E908120C992E
:100A9000C9F800100D99C9F804100E99C9F808108A
:100AA0000F99C9F80C101099C9F810101199C9F8CC
:100AB00014101299C9F818101399C9F81C100E993E
:100AC000E16062E484ED04AA84ED059ADDE9140195
:100AD000C9E908010C98C9F800000D98C9F804008C
:100AE0000E98C9F808000F98C9F80C001098C9F8BA
:100AF00010001198C9F814001298C9F8180013983A
:100B0000C9F81C0084ED030A02203EE40000000046
:100B1000157A434000000000F0B58FB00C46002964
:100B200044D0046405462046FDF772FF6F46002658
:100B300007F110002E70C5E9046600960196FDF7D6
:100B400093FC07F11800FDF723FE0AA8ADF80E602C
:100B5000CDE9006602968DF80C60FDF785FC0B98D8
:100B600005900A9804900AA8FDF712FE9DF834003B
:100B7000EE608DF824000C9808900B9807900A9866
:100B800006909DE80700A8610398E96104992A622C
:100B9000059A68620698A9620799EA62089A28632A
:100BA00009986963C5E90E20C5E90166002C18BFE4
:100BB000012420460FB0F0BD2DE9F0472DED048B48
:100BC0008EB004460026C0E901660661984646617B
:100BD0009146866128300F46B0EE608AB0EE409AAA
:100BE000DDF868A0E661FDF73FFC04F13000FDF799
:100BF000CFFD6846E684C4E90666266284F8246070
:100C0000FDF732FC6D46DDE90001C4E90A01284622
:100C1000FDF7BEFD9DF80C0084F83C00DDE9000105
:100C200020630298C4E90D1004F14400FDF71CFC98
:100C300004F14C00FDF7ACFD05F1100084ED119AB4
:100C400084ED128AC4E91379C4F8548084F858A05A
:100C500026642670C4E90466CDE90066FDF704FC4D
:100C600005F11800FDF794FD0AA8ADF80E60CDE976
:100C7000006602968DF80C60FDF7F6FB0B98059068
:100C80000A9804900AA8FDF783FD9DF83400E660F9
:100C90008DF824000C9808900B9807900A980690FD
:100CA0009DE80700A0610398E16104992262059A1A
:100CB00060620698A1620799E262089A2063099827
:100CC0006163C4E90E20C4E9016620460EB0BDECA4
:100CD000048BBDE8F087000082B005780F2D01D3AA
:100CE000F0F7B2FA41F2B416C2F2004656F8250007
:100CF00008B9F0F7A9FA08F0BFFA01AC019002E0D8
:100D0000204607F025FB56F825000168096888474A
:100D100056F82500427A017A002AF1D1084606F0F9
:100D20001FFCF0E700000000F0B589B04AF2600750
:100D3000372AC0F60107044607F10805056028BFF9
:100D4000372200910020CDE90100082A039098BFC6
:100D50000822049099000790089040F6D940CDE908
:100D6000051204F10A01C0F601006A4606F040FCD3
:100D7000606008B9F0F768FADDE90E67256007F0F2
:100D80008FF941F2B015C2F2004528780130287081
:100D9000C1B2102901D3F0F757FA28780138A072B0
:100DA000C1B241F2B410C2F2004040F8214007F055
:100DB0009FF9012F204698BF01276672277209B05C
:100DC000F0BD000000000000B0B58AB0372A4FF037
:100DD000000428BF372201919900CDE90244082A76
:100DE000049498BF08220691054607920E980F9921
:100DF00001AA05940894099406F0FAFB286008B942
:100E0000F0F722FA28460AB0B0BD0000000000004A
:100E1000F0B581B02DED048B8CB0B0EEC23A9FEDF1
:100E2000B49A04468DED080ACDED090AB4EE493AAC
:100E30008DED061AF1EE10FACDED071A0ADA002050
:100E40006060E0602072C4E90500C4E90700C4E9FD
:100E5000090040E10D4606A808A90AAA022384ED6C
:100E6000092A06F0B9FA0A980A900B980B900AA87A
:100E700004AB0222014606F03BFA9DED048AB5EE72
:100E8000408AF1EE10FA02DA9FED9A8A01E0B1EEA3
:100E9000C88A94ED090A30EE000AB4EE408AF1EEF9
:100EA00010FA00F3EB80B0EEC80AB4EE490AF1EE96
:100EB00010FAC0F2E38008AE06AF0AAA0223304659
:100EC000394606F0A9F8B6EE000A0A9802900B9887
:100ED000039002A80AA9022206F026FA0A980490B2
:100EE0000B9805900AAA02233846314606F074FA98
:100EF0009DED0B0A0A98039002A8B1EE400A0AABD6
:100F0000022201468DED020A06F0F2F99FED791AF0
:100F10009DED0A2AB0EE410AB5EE402AF1EE10FA34
:100F200003DBB1EEC22AB0EE420AB0EEC02AB4EE44
:100F3000492AB0EE412AF1EE10FA0CDBB7EE001AA6
:100F400002A80AA9022281EE000A06F0EDF99DED41
:100F50000A2A9DED0B1A28EE080ABDEE003A8DED27
:100F6000022A8DED031A20EE030A94ED093AA3EE4E
:100F7000030AB1EEC08AB4EE488AF1EE10FA80F1AD
:100F8000AF8055B9BFEE000A02A80AA9022206F0F6
:100F9000CBF90A9802900B980390B0EE480A02A889
:100FA0000AA9022206F0C0F90A9800900B98019055
:100FB00004A869460AAA022306F02EF825460A98D4
:100FC0000AAA022345F81C0F0B98686008A8294656
:100FD00006F002FA0A980A900B980B900AA86B4642
:100FE0000222014606F084F99DED000A9FED418A38
:100FF000B0EEC00AB4EE490AB0EE480AF1EE10FABB
:1010000008DBDDED0A0A9DED0B0A684606F01CF8C8
:101010009DED000A06A80AAA0223294684ED050AC6
:1010200006F0DAF90A980A900B980B900AA86B461A
:101030000222014606F05CF99DED000AB0EEC00AFE
:10104000B4EE490AF1EE10FA08DBDDED0A0A9DED77
:101050000B0A684605F0F8FF9DED008A94ED050A3D
:101060009FED262A38EE401A84ED068AB4EE421A25
:10107000F1EE10FA04DA9FED201A0AE0002029E0D0
:101080009FED202AB4EE421AF1EE10FA05DD9FED35
:101090001C1A38EE011A84ED061A94ED061A94ED26
:1010A000092A31EE400AB7EE001A84ED0A0A01203F
:1010B00081EE021AB5EE400AB0EEC03AF1EE10FA37
:1010C000B1EE410A22EE032A84ED012A31FE000A24
:1010D00084ED030A20720CB0BDEC048B01B0F0BDAE
:1010E00008F0A7FBB0EE408A002D3FF44BAF54E769
:1010F000BD37863500000000DB0FC940DB0F49C05B
:10110000DB0FC9C0DB0F49404AF26C020021C0F678
:10111000010201720832C0E90021C0E90311C0E9EF
:101120000511C0E90711C0E909117047000000006E
:1011300070B52DED048B86B030EE412A9FED4A8AC2
:1011400030EEE13A002100220446B0EEC22AB4EEAD
:10115000482AB0EEC32AF1EE10FAA8BF0121B4EE7E
:10116000482AF1EE10FAA8BF01228DED020A41EAE9
:1011700002060021F007CDED030A8DED001ACDED3A
:10118000011A62D0DDE90201C4E90501684602A93D
:1011900004AA022306F020F92546049804AB022293
:1011A00045F81C0F059868602846294606F0A0F807
:1011B0009FED2E9A9DED040AB0EE491AB5EE400A55
:1011C000F1EE10FA03DBB1EEC00AB0EE401A21EEE8
:1011D000010A04AB02222846294684ED011A84ED57
:1011E0000D0A06F085F89DED041AB0EE490AB5EE39
:1011F000401AF1EE10FA03DBB1EEC11AB0EE410A6B
:10120000B0EEC01AB4EE481AB0EE491AF1EE10FA78
:101210000CDBB7EE001A04A90222284681EE000A70
:1012200006F082F89DED041A9DED059AB1EE490A8B
:1012300084ED091A84ED0A9A002084ED0B0A84EDEE
:101240000C1AE0600120207207E0616004F11400D4
:10125000E16021722421EFF7EBF906F0010006B0FE
:10126000BDEC048B70BD00BFBD37863500000000AB
:1012700010B504464AF28801C0F601010020207230
:101280000831E060C4E90010206104F11400242159
:10129000EFF7CEF9204610BD092A21D10A78592A44
:1012A0001ED14A78592A1BD14FF0000C4FF0FF3362
:1012B000CA180133072B52789444F9D15FFA8CF2A3
:1012C0000B7A934218BF70478A888282652A01D3BD
:1012D0004A884282C9886FF0FF0202EBD101C182C5
:1012E0007047000000000000B0B582B04AF2A402CE
:1012F0000446C0F60102322302F10805056000F140
:101300001A02012000900190204602F059FE04F1DB
:1013100012003A212560EFF769F90020A4F8540083
:10132000C4E91300204602B0B0BD00000000000078
:10133000B0EE412AB4EE410AF1EE10FA08DCB0EE4C
:10134000402AB4EE600AF1EE10FA01DAB0EE602A3B
:101350004FF0FF3132EE600A01FA00F031EE601A10
:10136000C04302EE100AB8EE422A20EE020A80EED6
:10137000010ABDEEC00A10EE100A7047000000001E
:1013800002EE100A30EEC01A4FF0FF308840B8EE7F
:10139000C22AC04321EE021A02EE100AB8EE422A17
:1013A00081EE021A30EE010A7047000000000000D2
:1013B00010B54A1E0446072A02D884F81D1101E020
:1013C000EFF742FF94F81D0140F2FF11052800F5E8
:1013D000007038BF4FF40071A061216140F6FF71C9
:1013E000616110BD0000000070B52DED048B1D463D
:1013F0000E46089B11462A46044601F045F84AF27B
:10140000B000721EC0F60100072A00F10801216039
:1014100000F12400C4F8180102D884F81D6101E02D
:10142000EFF712FF94F81D0140F2FF1140F6FF7232
:10143000052800F5007038BF4FF40071A061204608
:10144000C4E904122168896888479FED2B8A04F15A
:101450001C05B0EE480A0121002200232846FCF7B3
:1014600057FD9FED279AB2EE080A9FED284AB0EE8D
:10147000481AF0EE481AB0EE492AF0EE482AF0EE8B
:10148000444AB0EE445AB0EE486ADFED1C0A2846E2
:101490009FED1C3ADFED1C3ADFED1D5AFCF750FDC5
:1014A000B0EE480A04F184050021002201232846F9
:1014B000FCF72EFDDFED183AB0EE081A9FED183A52
:1014C000F0EE480AF0EE481AB0EE492AF0EE482A4B
:1014D000B0EE634AF0EE634AB0EE635AB0EE436A90
:1014E0009FED0C0ADFED0D5A2846FCF729FD20463A
:1014F000BDEC048B70BD00BF000000006666263F97
:101500006F12033B0000804600401C4600409C4593
:1015100000004842000048430000FA430000FA443B
:101520000000FA450000000010B54A1E0446072AD4
:1015300002D884F81D1101E0EFF786FE94F81D0132
:1015400040F2FF11052800F5007038BF4FF400711C
:10155000A061216140F6FF71616110BD00000000D3
:1015600070B52DED068B1D460E460A9B11462A4688
:10157000044600F089FF4AF2D800721EC0F601004E
:10158000072A00F10801216000F12400C4F81801C5
:1015900002D884F81D6101E0EFF756FE94F81D01B2
:1015A00040F2FF1140F6FF72052800F5007038BFC9
:1015B0004FF40071A0612046C4E9041221688968D3
:1015C00088479FED2C8A04F11C05B0EE480A0121E2
:1015D000002200232846FCF79BFC9FED289AB2EEE0
:1015E000040A9FED294AB0EE492A9FED29AAF0EEA0
:1015F000444AB0EE4A1AF0EE4A1AF0EE4A2AB0EE29
:10160000445AB0EE4A6ADFED1C0A9FED1D3A2846A7
:10161000DFED1C3ADFED1D5AFCF792FCB0EE480AF4
:1016200004F184050021002201232846FCF770FC08
:101630009FED1C4AF0EE4A0AF0EE4A1AB0EE492A33
:10164000F0EE4A2AF0EE444AB0EE445A9FED110AF9
:101650009FED111A28469FED113ADFED113ADFEDAB
:10166000125A9FED126AFCF76BFC2046BDEC068B0C
:1016700070BD00BF0AD7233C713D0A3F6F12033B88
:101680000000804600401C4600409C450000484247
:10169000000000000000C8420AD7A33B00009643A8
:1016A00000007A440000FA4300001643000048435B
:1016B00090ED3D1A20EE010A90ED3B1AB4EE410A7E
:1016C000F1EE10FA06DC90ED3C1AB4EE410AF1EEB0
:1016D00010FA02DA80ED391A01E080ED390A0121B1
:1016E00080F8F8107047000090ED3D1A002120EEC0
:1016F000010A80F8F81080ED380A704700000000F9
:10170000F4EE400AF1EE10FAC8BF70479FED061ADA
:1017100080FE410A9FED051A80FE811A80ED3B0A8A
:1017200080ED3C1A704700BF0080BB450080BBC500
:1017300090ED3B1AB4EE410AF1EE10FA06DC90EDA2
:101740003C1AB4EE410AF1EE10FA02DA80ED391AD1
:1017500001E080ED390A012180F8F810704700009F
:1017600090ED351A30EE410A80ED3A0A70470000DC
:101770002DE9F0412DED028B88462821B0EE408AFC
:101780000546EEF755FF41F26F2705F130002121A4
:10179000C3F68327AF624FF48074AC8505F154061D
:1017A000EEF746FF304601F057F805F168002821B2
:1017B000EEF73EFF05F198002121C5F8907005F184
:1017C000BC06A5F89440EEF733FF304601F044F82C
:1017D00048F200010020C4F2BB5185ED3D8AC5E905
:1017E0003A0148F2000185F8F800C5E93400C5E97E
:1017F0003600C5E93800CCF2BB51C5F8F01085F8C9
:10180000F9802846BDEC028BBDE8F08100000000A5
:101810002DE9F04381B02DED028B82B0044690F8A3
:101820007D01012844D194F87C01002858D0B2EE03
:10183000098A04F1E800B0EE480AFCF7B9FB04F1AC
:10184000E4009FED600AFCF7B3FBFAEE090AB0EE84
:10185000481A94ED3A0A1020FFF76AFD94ED390A10
:101860009FED591A80EE010AFBEE0E0AB3EE0E1A36
:1018700080460C20FFF75CFD9FED548A0746F0EE92
:10188000480A94ED440A9FED521A0C20FFF750FDD0
:10189000B1EE041AF0EE480A064694ED430A0C2015
:1018A000FFF746FDBDB24FEA18271FFA80F91EE088
:1018B00094F82001D4F81C1100EBC00001EB80006B
:1018C0004FF0FF31C0F81710416194F82001D4F8AF
:1018D0001C1100EBC00001EB8000FC21C1766BE025
:1018E000002500264FF000094FF000080027B2EE57
:1018F000048AD4F80001019001A8B0EE480AFCF770
:1019000057FBFAEE040AB0EE481A9DED010A0C20CE
:10191000FFF70EFD94F82011D4F81C2101EBC10152
:1019200002EB81010F7594F82011D4F81C2101EB12
:10193000C10102EB810181F8158094F82011D4F8DF
:101940001C2101EBC10102EB81012A098A7594F87F
:101950002011D4F81C2101EBC10102EB81012A0105
:1019600042EA1622CA7594F82011D4F81C2101EB22
:10197000C10102EB81010E7694F82011D4F81C21EC
:1019800001EBC10102EB81014FEA19124A7694F88A
:101990002011D4F81C2101EBC10102EB8101020AE4
:1019A00042EA09128A7694F82011D4F81C2101EB3E
:1019B000C10102EB8101C87602B0BDEC028B01B01F
:1019C000BDE8F0834C3D8F43EBC918410000000097
:1019D0000000FA4300000000B0B52DED0A8B04466C
:1019E00090F87C01002848D194F8FC00DFED2A0A29
:1019F000062815D8DFE800F00407141414411D0070
:101A0000D4ED390A0CE004F16C0094ED360AD4ED03
:101A10003A0A9FED221A0021FCF716F9F0EE400A6F
:101A2000201D94ED350A9FED1D1A0021FCF70CF9DD
:101A300021E094ED380A04F59E7004F16C0594EDF4
:101A4000398A94ED3A9A94ED35AA94ED36BA94ED2C
:101A500045CA00F069FD3CEE002AB0EE4B0AF0EEFC
:101A60004A0AB0EE491AF0EE481ADFED0C2A0021BE
:101A70002846FBF7BDFF84ED400A94F82001D4F816
:101A80001C1100EBC00001EB8000012180F82C103C
:101A9000BDEC0A8BB0BD00BF00000000DB0F494069
:101AA000B0B511780446BAEE090AF2EE090A08093F
:101AB00084F87401B2F801001021154640BAFFF70E
:101AC0005FFC94ED3B1AF3EE0E0A30EE010A84ED52
:101AD000360ABBEE0E0AE8782979000140EA1110B7
:101AE0000C21FFF74DFC9FED1D1AF2EE040A20EECB
:101AF000010A84ED350ABAEE040A2879697900F002
:101B00000F0041EA00200C21FFF73AFC84ED380A6F
:101B100094F8FD1095F90600012900EE100AB8EEC0
:101B2000C00A84ED370A95F9070000EE100AB8EEF6
:101B3000C00A84ED5E0A07D1201D9FED090AFFF758
:101B40000FFE002084F8FD0094F874010138B0FA0B
:101B500080F0400984F87D01B0BD00BFEBC9184199
:101B60000000000000000000D0F81C1191F82D21A9
:101B700080F82021531C81F82D3102EBC20CD0F8E3
:101B80002421082301EB8C01D0F828C190F8210111
:101B9000C1E903C38A6201220A77C8837047000043
:101BA00090F87C11012918BF7047B5EE400AF1EE9C
:101BB00010FA03DA0021C0F8101170479FED071AE0
:101BC000B4EE410AF1EE10FA05DD0021C4F2FA315B
:101BD000C0F81011704780ED440A70470000FA43C6
:101BE00090F87C11012918BF7047B5EE400AF1EE5C
:101BF00010FA03DA0021C0F80C117047B1EE041A94
:101C0000B4EE410AF1EE10FA05DD0021C4F2A001A4
:101C1000C0F80C11704780ED430A704700000000C7
:101C20002DE9F0412DED0A8BB0EE409AB7EE000A97
:101C30000D46B0EE608ADDE910811E461746044667
:101C400000F0D2F800F58C703946FBF70DFB04F577
:101C50009A703146FCF708FB4AF20010B1EE040A14
:101C6000C0F60100DFED490A00F10801216000F132
:101C700028013C30C4F8340104F59E709FED441AED
:101C8000C4F8181100F078FC40F6FF7084F87C81ED
:101C9000C4E94A502068002684F87D61A4F83851D0
:101CA000C4F82461C4F83051816820468847B8F1EF
:101CB000000F0CD02068B0EE490A416820468847E2
:101CC0002068B0EE480A01682046884701E0C4E970
:101CD00041669FED308A251DB0EE480A01210022A1
:101CE00000232846FCF714F9B2EE049AB1EE04AAD8
:101CF0009FED2BBA28469FED2CCAB0EE4B2AB0EED2
:101D00004C1AF0EE4C1AF0EE4C2AB0EE493AF0EED6
:101D10004A3AB0EE4A4AF0EE4A4AB0EE4A5AB0EEBB
:101D20004C6A9FED1D0ADFED1D0ADFED1E5AFCF720
:101D300007F9B0EE480A04F16C05002100220123E6
:101D40002846FCF7E5F8B3EE043AB2EE0E6AF0EE80
:101D50004C0AB0EE491AF0EE4C1AB0EE4B2AF0EEF7
:101D60004C2AF0EE4A3AB0EE4A4AF0EE4A4AB0EE59
:101D70004A5AF0EE495A9FED0D0A2846FCF7E0F862
:101D80002046BDEC0A8BBDE8F08100BF00007A441C
:101D90009A99993F0AD7233CCDCCCC3C3480373A32
:101DA0006F12033B00004842000000000000164391
:101DB00090ED3E1A20EE010A90ED3C1AB4EE410A75
:101DC000F1EE10FA06DC90ED3D1AB4EE410AF1EEA8
:101DD00010FA02DA80ED3A1A01E080ED3A0A0621A3
:101DE00080F8FC10704700002DE9F0412DED028BCA
:101DF0008846044604302821B0EE408AEEF718FCED
:101E000041F26F2704F134002121C3F68327E762F2
:101E10004FF48075258604F15806EEF709FC30462C
:101E200000F01AFD04F16C002821EEF701FC04F12A
:101E30009C002121C4F8947004F1C006A4F89850C5
:101E4000EEF7F6FB304600F007FD48F200010020F7
:101E5000C4F2BB5184ED3E8AC4E93B0148F2000163
:101E600084F8FC00CCF2BB51C4F8F4104AF24011E3
:101E700084F8FD80C0F60101C4E93500C4E93700EB
:101E8000C4E9390008312160C4E94000C4E94200D6
:101E9000C4E944002046BDEC028BBDE8F08100009F
:101EA00010B5044690F81401DFED300A042839D843
:101EB000DFE800F003212B064300D4ED3F0A31E0B8
:101EC00094F8420101282DD194ED4D0A9FED281A76
:101ED000B8EEC00A9FED272A04F18400D4ED400A31
:101EE00020EE010A94ED441A20EE020A9FED222A08
:101EF00021EE021A11E004F1840094ED3C0AD4EDC5
:101F0000400A9FED1D1A002108E004F18400D4ED81
:101F1000480A94ED510A9FED181A0121FBF794FE2F
:101F2000F0EE400A04F11C0094ED3B0A9FED121AFA
:101F30000021FBF789FE84ED4A0A94F9900294EDA2
:101F40004A1A00EE100A04F5A470B8EEC00A21EE99
:101F5000000A00F0E5F8207A616800EBC00001EBB0
:101F60008000012180F82C1010BD00BF000000008F
:101F700000000039DB0FC940DB0F494000000000C2
:101F80002DE9F04381B02DED028B82B0B0EE408A96
:101F90000446DDE90C96DDE90E78109D0095FFF70B
:101FA00023FA4AF25010B0EE480AC0F60100324659
:101FB00000F1080121602430C4F8180104F5A47070
:101FC00049463B460095FFF70FFA84F89082204679
:101FD00002B0BDEC028B01B0BDE8F0830000000050
:101FE00010B5044690F81401DFED300A042839D802
:101FF000DFE800F003212B064300D4ED3F0A31E077
:1020000094F8420101282DD194ED4D0A9FED281A34
:10201000B8EEC00A9FED272A04F18400D4ED400AEF
:1020200020EE010A94ED441A20EE020A9FED222AC6
:1020300021EE021A11E004F1840094ED3C0AD4ED83
:10204000400A9FED1D1A002108E004F18400D4ED40
:10205000480A94ED510A9FED181A0121FBF7F4FD8F
:10206000F0EE400A04F11C0094ED3B0A9FED121AB9
:102070000021FBF7E9FD84ED4A0A94F9900294ED02
:102080004A1A00EE100A04F5A470B8EEC00A21EE58
:10209000000A00F045F8207A616800EBC00001EB0F
:1020A0008000012180F82C1010BD00BF000000004E
:1020B00000000039DB0FC940DB0F49400000000081
:1020C0002DE9F04381B02DED028B82B0B0EE408A55
:1020D0000446DDE90C96DDE90E78109D0095FFF7CA
:1020E0003FFA4AF27810B0EE480AC0F601003246D4
:1020F00000F1080121602430C4F8180104F5A4702F
:1021000049463B460095FFF72BFA84F8908220461B
:1021100002B0BDEC028B01B0BDE8F083000000000E
:1021200080ED4A0A042180F8141170470000000075
:1021300010B590ED4A0A90F81D21BDEEC00A4CF290
:102140000001CFF6FF71013A10EE103A02EB927CDB
:102150002CF0030CA2EB0C0213F5804F4FEA420265
:10216000C8BF194690F808E0D0F804C00C0AB1F5D1
:10217000804FA8BF4FF480410EEBCE0EB3F5804FD9
:10218000C8BF40240CEB8E0313FA82F31C75037A4C
:10219000406803EBC30300EB830010FA82F0417543
:1021A00010BD00000000000010B5044690F81401B6
:1021B000DFED290A042839D8DFE800F003212B06D7
:1021C0004300D4ED3F0A31E094F8420101282DD1BB
:1021D00094ED4D0A9FED211AB8EEC00A9FED202A1A
:1021E00004F18400D4ED400A20EE010A94ED441A73
:1021F00020EE020A9FED1B2A21EE021A11E004F1E3
:10220000840094ED3C0AD4ED400A9FED161A00219B
:1022100008E004F18400D4ED480A94ED510A9FEDE2
:10222000111A0121FBF710FDF0EE400A04F11C0029
:1022300094ED3B0A9FED0B1A0021FBF705FD84EDA1
:102240004A0A207A616800EBC00001EB800001219E
:1022500080F82C1010BD00BF000000000000003905
:10226000DB0FC940DB0F494013889FED5C1A19BA98
:102270004FEA114CA0F840C1DBBA5188C9BA00EE50
:10228000101AB8EEC00A80ED3B0A9188C9BA00EE78
:10229000101AB8EEC00A80ED490A00EE103A92F921
:1022A0000610B8EEC00A20EE010A01EE101A90F8EE
:1022B0001C11B8EEC11A80ED3D1A9FED491A20EEAF
:1022C000010A80ED510A19B1002180F81C111DE0AE
:1022D000B0F82E11ACEB01010AB2B2F5805F08DD57
:1022E000B0F82C11B0F838210139A0F82C11511E8A
:1022F0000AE012F5805F09DAB0F82C11B0F8382145
:102300000131A0F82C11511CA0F83811B0F92C2182
:10231000B2F5806F02DD4FF4806204E012F5806F49
:1023200003DA4FF47C42A0F82C21B0F92C11A0F86C
:102330002EC102EE101A90F842110129B8EEC22AFD
:10234000A2EE010A90ED411A31EE000A80ED3C0A3E
:1023500028D1B0F93811D0F83C2102FA8CF2D0F82B
:10236000303102EB4132C0F8342189B29A420DDAA1
:10237000B2F1FF3F16DC90ED440A1A44BDEEC00AEC
:10238000C0F8342110EE102A114409E090ED440AFF
:10239000D21ABDEEC00AC0F8342110EE102A891AF4
:1023A000A0F8381190F81511012918BF704710B521
:1023B00000F11C019FED0B0A04460846FFF7D0F917
:1023C000B4F940010021A4F838114042C4F83C019E
:1023D00084F81511BDE81040704700BF00000039B7
:1023E000DB0FC94000000000B0B50546406890F81A
:1023F0002C01092801D3EEF727FF68680022EA6064
:1024000090F82D1199B32B691C3003E00132243070
:1024100091421BD0C468002CF8D150F8104C9C425B
:10242000F4D101782A7201310170CBB2052B01D3AE
:10243000EEF70AFF287A696800EBC00001EB800024
:10244000017F00EB4100697A8183B0BD686890F834
:102450002D1129724B1C80F82D3101EBC102E96866
:10246000082300EB82002A698162012106E02A72BA
:10247000012180F82D11082382622A69C0E9032313
:102480000177697AC183B0BD70B52DED028B0E4620
:1024900004461C301946B0EE408A1546FFF768F92D
:1024A00020463146FAF7E0FE04F58C702946FBF72A
:1024B000DBFEB8FE480A4AF2A010C0F601009FED0C
:1024C000191A00F10801216038EE400A0021243079
:1024D000C4F81801012084F81C01B0EEC00A0020E5
:1024E000A4F83801C4F83C01B4EE410AA4F8400154
:1024F000BDEEC80AC4F84401F1EE10FAB8BF0121DC
:10250000C4E9480084F8421110EE101AC4F82801FA
:10251000C4F82C014903C4E94C102046BDEC028BE1
:1025200070BD00BFBD37863590ED061A90ED053AB7
:1025300090ED0A2A90ED0B4A21EE021A90ED0D5A09
:1025400080ED0A0A80ED0B2AA3EE001A90ED073AFF
:10255000A3EE041A90ED083A90ED0C4A80ED0D4A76
:10256000A3EE441A90ED093AA3EE451A80ED0C1A39
:10257000B0EE410A7047000010B52DED068BB7EEA6
:10258000002AB6EE003A80EC020A0446B0EE418A18
:1025900082EE209AB0EE002A80ED021A80ED039AB6
:1025A00082EE09AA9FED2B2A20EE022A22EE092AAA
:1025B00022EE030A07F05AF9B1EE001A2AEE000AD9
:1025C000B0EE005B002084ED040A28EE012AB0EE94
:1025D000413ABAEE006B29EE004A22EE002AC4E925
:1025E0000A00B7EEC44AA2EE093AA2EE491A24EE56
:1025F000044BC4E90C002046B7EEC33AB7EEC11A4B
:10260000A4EE056B34EE033B34EE045BB7EEC33B44
:1026100034EE010BB7EEC33A84EE032B85EE035B79
:1026200086EE031B80EE030BB7EEC22B84ED052A6A
:10263000B7EEC55B84ED065AB7EEC11B84ED072AE1
:10264000B7EEC00B84ED081A84ED090ABDEC068BC9
:1026500010BD00BFDB0FC94070B52DED108BB0EE83
:1026600060AA30EEA09AB0EE401A0E461446054617
:10267000C1B1B0EE410AF0EE490A07F082F8B0EEBF
:10268000401AB4EE4A0AF1EE10FA02DD31EE491AB0
:1026900008E0B1EE4A0AB4EE401AF1EE10FA01DA9F
:1026A00039EE011A95ED01CA95ED020A95ED03BACE
:1026B00030EE418AACEE0B0A9EB3B0EE40DAB0EEDB
:1026C000480AF0EE490A07F05CF8B0EE408AB4EE32
:1026D0004A0AF1EE10FA04DD38EE498AB0EE4D0AEE
:1026E0000AE0B1EE4A0AB4EE408AB0EE4D0AF1EECD
:1026F00010FA01DA39EE088AF0EE490A07F041F8DB
:10270000B4EE4A0AF1EE10FA02DD30EE490A08E0B2
:10271000B1EE4A1AB4EE410AF1EE10FA01DA39EEDE
:10272000000AACEE0B8AB2EE001A95ED00AA2CEE70
:102730000A9A2AEE011AB0EEC8DA2CEE09EA21EE66
:102740000D2AA9EE092AB1EEC21AB4EE411AF1EE31
:1027500010FA6AD6B4EE4EDAF1EE10FA18DDBFEEDA
:10276000002AB5EE408AF1EE10FA9FED354A31EEBF
:10277000491A04FE022AB6EE003AB7EE004A21EEEC
:10278000033AB0EE4B1A34FE022AA3EE021A03E01B
:1027900088EE0C1A3BEE011AB0EEC13AB1EE4A2AAD
:1027A000B4EE493AF1EE10FA10DDBFEE003AB5EEA4
:1027B000401AF1EE10FA9FED221A01FE031AB7EE4D
:1027C000003A33FE011A21EE021A03E021EE021A4A
:1027D00081EE091AACEE01BA95ED041AB5EE401A75
:1027E000F1EE10FA16D0B0EECB2AB4EE412AF1EE9B
:1027F00010FA0FDDBFEE002AB5EE40BAF1EE10FA86
:102800009FED0F3A03FE022AB7EE003A33FE022A8A
:1028100021EE02BA85ED020A002C85ED03BA18BF3D
:1028200084ED00BABDEC108B70BDB0EE40FAB0EE96
:10283000420A06F0FEFFB0EE401AB0EE4F0A89E7FA
:10284000000000000000000080EC020A80ED041A85
:10285000704700000000000000210161C0E9001184
:10286000C0E902117047000090F8221090F844204F
:10287000914203D090F8223080F84430881A18BF73
:10288000012070470000000090F8251090F84520C6
:10289000914203D090F8253080F84530881A18BF4F
:1028A000012070470000000090F83E10012935D14A
:1028B00043F24001026CC2F2004109684B6A9A1A65
:1028C00040F24A43A2F2B73C496A016441F634112E
:1028D0009C45C2F2004112D80B78072B11D8B2F5F3
:1028E000FA6F00EB430C28BF4FF4FA62B2F57A7F1F
:1028F00098BF4FF47A72ACF812205A1C00E0002204
:102900000A700978082918BF70472C30082100BFC9
:1029100030F81A2C013920F8022FF9D17047000045
:1029200043F24001026CC2F200410968496A891A07
:1029300043F67F02C0F2010291420DD880B5C38DEB
:10294000418EB0F834E0B0F830C0A1F2AB5292B290
:10295000622A0FD8002117E00021C184018541853A
:10296000818580F8221080F8231080F8241080F8E8
:1029700025107047A1F2DC5212B2322A02DBA1F21A
:102980000E6101E0A1F2AA510185A3F2AB5189B217
:10299000622901D8002109E0A3F2DC5109B23229F1
:1029A00002DBA3F20E6101E0A3F2AA51C184AEF2F0
:1029B000AB5189B2622901D8002109E0AEF2DC51A5
:1029C00009B2322902DBAEF20E6101E0AEF2AA5189
:1029D0004185ACF2AB5189B26229BDE8804001D893
:1029E000002109E0ACF2DC5109B2322902DBACF281
:1029F0000E6101E0ACF2AA51818540F2DC52C18E39
:102A000091424FF0000188BF012180F8221040F26E
:102A1000E341028F8A424FF0000206D3038F40F257
:102A2000D76C0222634538BF012280F82320428FF1
:102A30008A424FF000014FF0000206D3438F40F26C
:102A4000D76C0222634538BF012280F8242040F26F
:102A5000DC53828F9A4288BF012180F8251090F8BC
:102A60004610002918BF704790F8221080F84410D3
:102A700090F8251080F84510012180F84610704725
:102A800070B582B004460D460126002012A127220F
:102A90008023CDE900062046FEF746F904F10C003C
:102AA0002946FBF7B9FC4AF2C81084F83E60C0F62C
:102AB000010000F1080121601830E06040F2DC50B4
:102AC000E08520866086A0866082A082E0822083E6
:102AD000204602B070BD00BF466C79736B79000070
:102AE00010B52DED048B0446406A90ED350A90ED4B
:102AF0003D1A206B80EE010A9FED651A20EE018AD7
:102B00009FED640A90ED361AB4EE408A90ED3E0ACD
:102B1000F1EE10FA0FDB9FED602AB4EE428AF1EE7F
:102B200010FA08DC9FED622A38EE022A9FED613A26
:102B300022EE032A28E09FED582AB4EE428AF1EEF5
:102B400010FA09DB9FED562AB4EE428AF1EE10FA34
:102B500002DC9FED522A17E09FED512AB4EE428A23
:102B6000F1EE10FA12DB9FED4F2AB4EE428AF1EE3D
:102B700010FA0BDC9FED4C2A38EE023A9FED4B4ADF
:102B80009FED462AA3EE042A84ED082AB1EE411AED
:102B9000B5EE408AF1EE10FA0DDB9FED422AB4EE5D
:102BA000428AF1EE10FA06DC9FED473A9FED472A84
:102BB000A8EE032A17E09FED3B2AB4EE428AF1EE1D
:102BC00010FA12DB9FED3C2AB4EE428AF1EE10FAC5
:102BD0000BDC9FED3A2A38EE023A9FED394A9FED21
:102BE000392AA3EE042A84ED072A81EE009A94ED97
:102BF000060A94ED071AB4EE410AF1EE10FA02DD6E
:102C00009FED330A08E094ED081AB4EE410AF1EEA4
:102C100010FA03DA9FED200A31EE000AB1EE400A05
:102C2000FFF7C6F894ED070A9FED2A1A30EE010A65
:102C3000B4EE409AF1EE10FA0CDC94ED080A9FED28
:102C4000261A30EE010AB4EE409AF1EE10FAA8BF4F
:102C500094ED038A9FED210A606A28EE000AFEF7D0
:102C600027FD94ED040A9FED1E1A20EE010AA06ACA
:102C7000FEF71EFD94ED050A9FED1A1A20EE010ADB
:102C8000E06ABDEC048BBDE81040FEF711BD00BF4B
:102C90007364CB3C8FC2753DCDCCCC3DCDCC4C3E8E
:102CA0003333B33ECDCCCC3E3333B3BEFCFF7FC019
:102CB0008FC275BDFFFF9F40CDCC0C3FCDCCCCBEAD
:102CC000358D2741DB0F4940D2537B40DB0FC93F95
:102CD000CDCCCCBDCDCC4C3DCDCC4CBD791B214217
:102CE00055558542D253FB419FED0B1AB4EE410A74
:102CF000F1EE10FA05DD4CF6E431C4F29601816183
:102D00007047B5EE400AF1EE10FA02DA0021816157
:102D1000704780ED060A7047E4CB96400000000043
:102D20009FED0B1AB4EE410AF1EE10FA05DD4DF2FB
:102D30000A71C3F62371C1607047B5EE400AF1EE27
:102D400010FA02DA0021C160704780ED030A704773
:102D50000AD7233F000000009FED0D1A30EE010A54
:102D60009FED0C1AB4EE410AF1EE10FA05DD4CF6B7
:102D7000CD41C3F64C6101617047B5EE400AF1EEFA
:102D800010FA02DA00210161704780ED040A7047F1
:102D9000CDCCCC3DCDCC4C3E9FED0B1AB4EE410AD0
:102DA000F1EE10FA05DD42F6F601C3F65C71416101
:102DB0007047B5EE400AF1EE10FA02DA00214161E7
:102DC000704780ED050A7047F6285C3F0000000060
:102DD0002DE9F04182B01E4614460D4611A11F2276
:102DE0008023DDF820804FF0010C0027CDE9007C26
:102DF000FDF79AFF4AF2E4114761C0F601018462CF
:102E0000083101604CF6E431C0E90B68C0E9037792
:102E1000C4F29601C0E90671C0E9087502B0BDE8C8
:102E2000F08100BF47616E7472795461736B00006A
:102E300070B52DED088B044690F8410010B920467E
:102E400000F02AFAE06B002800F0E68094F84110C8
:102E5000012940F0E180A16B9FED711A498A00EED3
:102E6000101AB8EE400A80EE010A9FED6E1AB4EE19
:102E7000410AF1EE10FA0BDD9FED6B1AB4EE410A38
:102E8000F1EE10FABEBF84ED220A012184F8901001
:102E900094ED149A94ED158A022894ED16AA94EDF7
:102EA00017BA19D194F89010012915D194ED220A7E
:102EB00094ED231A31EE400A9FED5C1A20EE010AD0
:102EC0009FED5B1AA0EE018A9FED5A0A9FED5A1AF8
:102ED00088FE400A80FE018A03281DD194F8A410C0
:102EE000012919D1B6EE001A94ED250A94ED262A8F
:102EF00094ED273A94ED284A94ED1D9A94ED1E8A9C
:102F000094ED1FAA94ED20BAA0EE019AA2EE018AD8
:102F1000A3EE01AAA4EE01BA042804D1207A012864
:102F200008BF94ED018AB0EE490AE06884ED149A76
:102F300084ED158A84ED16AA84ED17BAFFF7F0FE2A
:102F4000B0EE480AE068FFF707FFB0EE4A0AE06813
:102F5000FFF722FFB0EE4B0AE068FFF7C5FEB0EEC8
:102F6000490AF0EE480AB0EE4A1AF0EE4B1A204633
:102F700000F0C2F8002841D0E06B022805D1207A89
:102F800018B984ED018A0120207294F84C00C8B36E
:102F900043F24000C2F20040D4E911120068406AD6
:102FA000801A884238D394F88550012D06D8666B74
:102FB0002A46B1883068F1F77FF8B57194F8860039
:102FC0000025A4F84250013084F88600204684F899
:102FD0004C5000F0B1F9F8B9206B84F84150E5632A
:102FE000A4F8425084F84C5084F88650A0B1FBF706
:102FF000DFFD00202063BDEC088B70BD0020A4F82D
:10300000420007E043F24000C2F200400068406A1C
:10301000A064012084F84C00BDEC088B70BD00BF9B
:1030200000007A440AD7A33C295C8F3D0AD7233D90
:103030000AD7233C9A99193E9A9919BE00000000BC
:1030400010B52DED068BB6EE000AB7EE001A022978
:103050000446C06801FE000A00299FED221A416A59
:1030600001F1BC0001FE00AA9FED1F0AD1ED240A68
:103070002AEE008A9FED1D0A2AEE009AB0EE480A59
:10308000B0EE491AFFF7E0FBE0689FED190A2AEE5F
:10309000000AB0EE481A816A01F1BC00D1ED240AA1
:1030A000FFF7D2FBE068B0EE480AB0EE491AC16AF9
:1030B00001F1BC00D1ED240AFFF7C6FBE068B3EED6
:1030C000040AB1EE0C1A016B2AEE000A01F1C000ED
:1030D0002AEE011AD1ED250ABDEC068BBDE81040A1
:1030E000FFF7B2BB9A99193E0000FA440000FA4576
:1030F00000007A4400000000C1689FED5E5A9FED19
:10310000606AD1E9092392ED352A93ED3D4A92EDAB
:103110003D3ACA6A82EE032A93ED353A83EE043AC9
:10312000096B22EE054A9FED545A9FED542A80ED1B
:10313000194AA3EE052A92ED353A92ED3D5A34EE46
:10314000407A83EE053A91ED365AB1EE455A91ED4B
:103150003E4A80ED1A2A23EE063A9FED4A6A85EE32
:10316000044A80ED1B3AB0EEC75A80ED1C4AB4EE1B
:10317000460A9FED450AF1EE10FAB4EE405A0EDA17
:10318000F1EE10FA59DA32EE602AB0EEC22AB4EE4D
:10319000402AF1EE10FA50DA33EE410A16E0F1EE71
:1031A00010FA4ADA32EE602AB0EEC22AB4EE402AB1
:1031B000F1EE10FA41DA33EE411AB0EEC11AB4EE74
:1031C000401AF1EE10FA38DA34EE610AB0EEC00AB5
:1031D0009FED2D1AB4EE410AF1EE10FA2DDAC16B13
:1031E00002292CD0032942D190F8A410012924D11E
:1031F00090ED250AB0EEC01A9FED250AB4EE401AF4
:10320000F1EE10FA19DA90ED261AB0EEC11AB4EE0A
:10321000401AF1EE10FA10DA90ED271A0021B0EE04
:10322000C11AB4EE401AF1EE10FA1EDA90ED281A27
:10323000B0EEC11AB4EE401A13E00020704790F8C7
:10324000901001294FF000010FD190ED220A90ED6E
:10325000231A31EE400A9FED0D1AB0EEC00AB4EE0B
:10326000410AF1EE10FAB8BF01210846704701206B
:10327000704700BF7364CB3C90C2753CCDCCCCBDD5
:103280003661023D9A99993E0AD7233CA69B443B5E
:103290008FC2753D00000000B0B500F11005044676
:1032A0002846FBF789FC20B12078256358B301201C
:1032B00016E004F11800FBF77FFC002804F1200061
:1032C00005D02063022084F8400000251EE0FBF7B3
:1032D00073FC002808BFB0BD04F128002063032060
:1032E00084F840002046002584F88650A4F8425017
:1032F000257284F84C5000F01FF8002884F8410033
:1033000008BFE563B0BD002584F84050204684F82E
:103310008650A4F84250257284F84C5000F00CF806
:10332000002884F8410008BFE56320780130207050
:10333000B0BD000000000000B0B52DED048B90F88A
:103340004010044690F88600032900F2A080DFE8D0
:1033500001F002831D39082800F29A80DFE810F09E
:10336000090020046003A9034F0177049304F603C6
:10337000A10402212046FFF763FE01209FEDC61A3B
:103380009FEDC60A9FEDC62A00F015BC082800F282
:103390007F80DFE810F009004A03B502FD02A602B3
:1033A000F70313043703210402212046FFF748FEE8
:1033B000002501209FEDB81A9FEDBA0A9FEDB82AAB
:1033C00000F07BBC072863D8DFE810F0080092010A
:1033D000270111024D02A300D301E100E0689FED37
:1033E000B28A9FEDB29AB0EE480A416AB0EE491A2D
:1033F00001F1BC00D1ED240AFFF726FAE068B0EE37
:10340000481A9FEDAB0A816A01F1BC00D1ED240A94
:10341000FFF71AFAE068B0EE480AB0EE491AC16A3E
:1034200001F1BC00D1ED240AFFF70EFAE068B3EE1B
:10343000040AB1EE0C1A016B01F1C000D1ED250AAE
:10344000FFF702FA002501209FED9A1A9FED9A0AD4
:103450009FED9A2A00F031BC082819D8DFE810F057
:103460000900F40237035E02CF000504590084030B
:10347000970002212046FFF7E3FD002501209FED84
:10348000861A9FED860A9FED862A00F016BC18B1B9
:103490000020BDEC048BB0BDE0689FED858A9FEDF8
:1034A000889AB0EE480A416AB0EE491A01F1BC00B0
:1034B000D1ED240AFFF7C8F9E068B0EE481A9FED95
:1034C000810A816A01F1BC00D1ED240AFFF7BCF941
:1034D000E068B0EE480AB0EE491AC16A01F1BC00DA
:1034E000D1ED240AFFF7B0F9E068B2EE040AB0EEBD
:1034F0000C1A016B01F1C000D1ED250AFFF7A4F908
:103500009FED650A0025B0EE401A01209FED642A68
:10351000D3E3E0689FED6C8A9FED6C9AB0EE480AA9
:10352000416AB0EE491A01F1BC00D1ED240AFFF75F
:103530008BF9E068B0EE481A9FED650A816A01F1E7
:10354000BC00D1ED240AFFF77FF9E068B0EE480A2D
:10355000B0EE491AC16A01F1BC00D1ED240AFFF7AF
:1035600073F9E068B0EE080A9FED5A1A016B01F199
:10357000C000D1ED250AFFF767F90121B6EE000A78
:1035800004209FED551A9FED552A002596E3E0682B
:103590009FED4D8A9FED4D9AB0EE480A416AB0EE1C
:1035A000491A01F1BC00D1ED240AFFF74DF9E0689A
:1035B000B0EE481A9FED460A816A01F1BC00D1EDD8
:1035C000240AFFF741F9E068B0EE480AB0EE491A64
:1035D000C16A01F1BC00D1ED240AFFF735F9E068BA
:1035E000B0EE080A9FED3B1A016B01F1C000D1ED6E
:1035F000250AFFF729F9B6EE000A002558E3002155
:1036000020460025FFF71CFD9FED262A01209FED97
:10361000341AB0EE420A012150E3E0689FED2A8A95
:103620009FED2A9AB0EE480A416AB0EE491A01F1BC
:10363000BC00D1ED240AFFF707F9E068B0EE481AA4
:103640009FED230A816A01F1BC00D1ED240AFFF746
:10365000FBF8E068B0EE480AB0EE491AC16A01F121
:10366000BC00D1ED240AFFF7EFF8E068B0EE080ADD
:103670009FED181A016B01F1C000D1ED250AFFF78B
:10368000E3F80120B5EE000A9FED0A1A64259FEDCC
:103690000B2A012112E300BF00000000CDCC4C3EFC
:1036A0008FC2F53C9A99993E0000FA440000FA4511
:1036B00000007A4452B896400AD7A33D0AD7233F68
:1036C00000007A450000FA4300009643000096444B
:1036D000000016436766863F9A99993F0AD7233EB2
:1036E000C3F5C83FCDCCCC3D3333B33E85EB113F62
:1036F000E0681FED0B8A1FED0B9AB0EE480A416A95
:10370000B0EE491A01F1BC00D1ED240AFFF79CF894
:10371000E068B0EE481A1FED120A816A01F1BC00A0
:10372000D1ED240AFFF790F8E068B0EE480AB0EE59
:10373000491AC16A01F1BC00D1ED240AFFF784F8EF
:10374000E068B0EE080A1FED1D1A016B01F1C00020
:10375000D1ED250AFFF778F844F2402501201FED4E
:103760002B1AC0F20F051FED320A01211FED2D2A81
:10377000A4E2E0681FED2C8A1FED2C9AB0EE480AF7
:10378000416AB0EE491A01F1BC00D1ED240AFFF7FD
:103790005BF8E068B0EE481A1FED330A816A01F168
:1037A000BC00D1ED240AFFF74FF8E068B0EE480AFC
:1037B000B0EE491AC16A01F1BC00D1ED240AFFF74D
:1037C00043F8E068B0EE080A1FED3E1A016B01F104
:1037D000C000D1ED250AFFF737F8B7EE001AB6EEB4
:1037E000000A012104201FED412A002566E2E0685D
:1037F0001FED4B8A1FED4B9AB0EE480A416AB0EEBE
:10380000491A01F1BC00D1ED240AFFF71DF8E06868
:10381000B0EE481A1FED520A816A01F1BC00D1EDE9
:10382000240AFFF711F8E068B0EE480AB0EE491A32
:10383000C16A01F1BC00D1ED240AFFF705F8E06888
:10384000B0EE080A1FED5D1A016B01F1C000D1ED69
:10385000250AFEF7F9FF01201FED5F1A1FED5E0A32
:103860001FED702AA7E1E0681FED698A1FED699AD4
:10387000B0EE480A416AB0EE491A01F1BC00D1ED40
:10388000240AFEF7E1FFE068B0EE481A1FED700A67
:10389000816A01F1BC00D1ED240AFEF7D5FFE06892
:1038A000B0EE480AB0EE491AC16A01F1BC00D1ED90
:1038B000240AFEF7C9FFE068B0EE080A1FED7B1A84
:1038C000016B01F1C000D1ED250AFEF7BDFF01211A
:1038D000B6EE000A02201FED7E1A1FED8E2A00258B
:1038E000ECE100212046FFF7ABFB0121B6EE000A18
:1038F00002201FED851A1FED952A4FF47A75DDE140
:1039000000212046FFF79CFB48F2A06501201FED37
:10391000971AC0F201051FED8B0AD4E0E0689FED15
:10392000F38A9FEDF39AB0EE480A416AB0EE491A65
:1039300001F1BC00D1ED240AFEF786FFE068B0EE8D
:10394000481A9FEDEC0A816A01F1BC00D1ED240A0E
:10395000FEF77AFFE068B0EE480AB0EE491AC16A95
:1039600001F1BC00D1ED240AFEF76EFFE068B0EE75
:10397000080A9FEDE11A016B01F1C000D1ED250AA3
:10398000FEF762FF01209FEDE31A9FEDE30A10E1CD
:10399000E0689FEDD68A9FEDD69AB0EE480A416A5C
:1039A000B0EE491A01F1BC00D1ED240AFEF74CFF3C
:1039B000E068B0EE481A9FEDCF0A816A01F1BC00C1
:1039C000D1ED240AFEF740FFE068B0EE480AB0EE01
:1039D000491AC16A01F1BC00D1ED240AFEF734FF97
:1039E000E068B0EE080A9FEDC41A016B01F1C00057
:1039F000D1ED250AFEF728FF0120B6EE080A9FED5B
:103A0000C51A1BE0002120460025FFF719FB9FED9A
:103A1000BB2AB5EE000A01210420B0EE421A4DE1A6
:103A200000212046FFF70CFB85E002212046FFF72E
:103A300007FB01209FEDB71A9FEDC10A9FEDB72A42
:103A40004FF47A75012139E1E0689FEDB68A9FED68
:103A5000B69AB0EE480A416AB0EE491A01F1BC00CC
:103A6000D1ED240AFEF7F0FEE068B0EE481A9FEDB3
:103A7000AF0A816A01F1BC00D1ED240AFEF7E4FE31
:103A8000E068B0EE480AB0EE491AC16A01F1BC0024
:103A9000D1ED240AFEF7D8FEE068B3EE040AB1EED9
:103AA0000C1A016B01F1C000D1ED250AFEF7CCFE26
:103AB0007AE0002120460025FFF7C2FA01209FEDA1
:103AC000951A9FED950A01219FED942AF6E0E06892
:103AD0009FED868A9FED869AB0EE480A416AB0EE65
:103AE000491A01F1BC00D1ED240AFEF7ADFEE068F1
:103AF000B0EE481A9FED7F0A816A01F1BC00D1ED5A
:103B0000240AFEF7A1FEE068B0EE480AB0EE491ABA
:103B1000C16A01F1BC00D1ED240AFEF795FEE06810
:103B2000B0EE080A9FED741A016B01F1C000D1EDEF
:103B3000250AFEF789FE01209FED761A9FED780A8F
:103B400042F210759FED752A0121B7E00021204651
:103B50000025FFF775FA9FED692A012104209FEDEA
:103B60006C0AB0EE421AA9E0002120460025FFF7BA
:103B700067FAB7EE001AB6EE000A012104209FEDA5
:103B8000602A9BE0002120460025FFF759FA012119
:103B900004209FED6A1A9FED620A9FED5B2A8DE07B
:103BA00002212046FFF74CFA01209FED5A1A9FEDA3
:103BB000600A9FED5A2A002501217FE0002120465E
:103BC0000025FFF73DFAB7EE001A012104209FED12
:103BD000500A9FED4B2A71E0E0689FED448A9FED0B
:103BE000449AB0EE480A416AB0EE491A01F1BC00AD
:103BF000D1ED240AFEF728FEE068B0EE481A9FEDEA
:103C00003D0A816A01F1BC00D1ED240AFEF71CFED9
:103C1000E068B0EE480AB0EE491AC16A01F1BC0092
:103C2000D1ED240AFEF710FEE068B0EE080A9FED21
:103C3000321A016B01F1C000D1ED250AFEF704FE36
:103C40009FED2E2A002504209FED3A0A33E0002143
:103C500020460025FFF7F4F9012102209FED2B1AE1
:103C60009FED350A9FED2A2A28E0002120460025F5
:103C7000FFF7E6F9B6EE000A012102209FED231AB4
:103C80009FED232A1AE0002120460025FFF7D8F9EE
:103C9000012104209FED1B1A9FED1D0A9FED1A2A9A
:103CA0000CE0002120460025FFF7CAF9B5EE000A16
:103CB0009FED122A0420B0EE421A00216564002212
:103CC00084ED1D2AA26784ED1F0A84ED201A84ED7D
:103CD000142A626584ED160A84ED171AE063012048
:103CE00084F88510BDEC048BB0BD00BF0000964386
:103CF00000009644000016436766863F00000000FF
:103D0000CDCCCC3D9A99993F0AD7233EC3F5C83F05
:103D10009A99993E52B89640CDCC0C3FAE47213F80
:103D2000CDCCCC3E0000FA440000FA4500007A44B5
:103D3000B81E053FCDCC4C3E3333B33E3333B33F97
:103D40003333333F0000000070B52DED028B9FED43
:103D50002E8A1646B0EE480A0446C16010300D2186
:103D600001221D46FAF73CFFB0EE480A04F11800A4
:103D70000E210122FAF734FFB0EE480A04F12000C8
:103D80000F210122FAF72CFFB0EE480A04F12800B7
:103D900010210122FAF724FF042184F840104CF688
:103DA000CD410020C3F6CC5184F88600C4E914103C
:103DB000C4E91610C4E91D10C4E91F1041F287615F
:103DC000C4F84100C4E90C06C4E90E50C4F845002B
:103DD000C3F65951C4F84900207060602072A4F8FD
:103DE0008400C4E91900C4E91B00C4E9220184F875
:103DF0009000C4E92500C4E9270084F8A400204607
:103E0000BDEC028B70BD00BF0AD7A33D00000000CF
:103E10000023837101608280704700000000000071
:103E2000017C012918BF7047C17B012907D1828914
:103E30000123D0E901C183736046F3F799B8817B10
:103E400082890129D0E9010101D1F3F7F5BDF3F72A
:103E500073BE00000000000010B541F2F012C2F283
:103E600000421378002B08BF10BD41F2F4148C46B9
:103E7000C2F2004404E000BF013B04F1040434D06A
:103E800021680029F8D04A688242F5D18889BCF1BE
:103E9000000F1CBFCA7B5FEAC27227D1A0B189683C
:103EA00001F01F02BFF34F8F02444EF65C70CEF25A
:103EB00000002032203A0160202A01F12001F9DCC3
:103EC000BFF34F8FBFF36F8F2068036882898168CB
:103ED0001B6898472068817B82890129D0E901010C
:103EE0002AD1BDE81040F3F7A7BD10BDB0B1896875
:103EF00001F01F02BFF34F8F02444EF65C70CEF20A
:103F0000000002F1200300BF203B0160202B01F1E3
:103F10002001F9DCBFF34F8FBFF36F8F2068026879
:103F2000816813686246984720688289D0E9010158
:103F3000BDE81040F3F71CB8BDE81040F3F7FCBD36
:103F400080B541F2F011C2F200410A783AB341F271
:103F5000F4118446C2F2004104E000BF013A01F1CD
:103F600004011CD0D1F800E0BEF1000FF6D0DEF85D
:103F700004006045F2D19EF81010012918BF80BDE1
:103F80009EF80F1001290BD1BEF80C20DEF80810A6
:103F900001238EF80E30BDE88040F2F7E9BF80BD06
:103FA0009EF80E10BEF80C200129DEF8081003D18F
:103FB000BDE88040F3F740BDBDE88040F3F7BCBDED
:103FC0004AF2F01C8260C0F6010C83810CF1080CEF
:103FD000002AC0E900C1DDF804C0009981734FF0E8
:103FE000000180F80FC0017418BF002B00D170478A
:103FF00041F2F011C2F200410A78132A88BF7047DB
:1040000041F2F413C2F2004343F8220001320A7075
:1040100001210174704700002DE9F04F81B02DEDB2
:10402000048B0446007B9A46914601288B4603D1B7
:10403000BBF1000F07D104E0BBF1000F03D105284D
:1040400001D100202073606A257B68B1CDB190ED6D
:10405000078A9FEDB79A28EE090AE069FDF744FB4D
:1040600028EE490A206A16E0E0699FEDB20AFDF7E2
:104070003BFB002D206A0CBF9FEDAE0A9FEDAE0A00
:1040800009E09FEDAC8AE069B0EE480AFDF72CFB31
:10409000206AB0EE480AFDF727FB0FF6B000DDF806
:1040A0003880851E0FF6B000071F0C2635F8021F5A
:1040B00057F8040FEFF7F8FF002804EB060106F1AC
:1040C000010618BF0120122E4870EFD1207B09286D
:1040D00000F22681DFE810F00A006C023C01B20118
:1040E0007600EC0245030F02BC03CD00606A002895
:1040F0001CBF002180F85210A16A00291CBF0022B9
:1041000081F8832018B10021C4F2200101632078D6
:104110009FED8A8A9FED8A9AB0EE480A00284FF0F8
:10412000180008BF1420B0EE491A1825215801F1D3
:10413000BC00D1ED240AFEF787FB2078B0EE480AD8
:10414000B0EE491A142600284FF0140008BF1820BA
:10415000215801F1BC00D1ED240AFEF775FB20784F
:104160009FED788AB0EE480A002808BF14256059F0
:10417000FDF7DEFA2078B0EE480A002808BF1826BE
:10418000A059FDF7D5FABBF1000F18BFB8F1000F29
:1041900000F0C88084F800A0BBF1010F18BF4FF0F9
:1041A000050BB9F1000F84F80CB000F0C28348F29F
:1041B000000048F20001C4F21340CCF21341C4E9FC
:1041C0000101AFE0606A9FED5D8A00289FED5C9A77
:1041D0001CBF012180F85210A06AB0EE480A0028E6
:1041E000B0EE491A1CBF012180F8831020781826F0
:1041F00000284FF0180008BF1420215801F1BC001E
:10420000D1ED240AFEF720FB2078B0EE480AB0EE8C
:10421000491A142500284FF0140008BF182021580F
:1042200001F1BC00D1ED240AFEF70EFB20789FEDD2
:10423000458AB0EE480A002808BF1426A059FDF7A9
:1042400077FA2078B0EE480A00284FF0140008BF33
:1042500018202058FDF76CFA2078002808BF182590
:10426000605990ED350AB5EE400AF1EE10FA57DBD1
:1042700058E0606A00281CBF002180F85210A16A33
:1042800000291CBF002281F8832018B10021C4F24C
:104290002001016320789FED298A9FED299AB0EED5
:1042A000480A00284FF0180008BF1420B0EE491A41
:1042B0001825215801F1BC00D1ED240AFEF7C4FAFB
:1042C0002078B0EE480AB0EE491A142600284FF0C4
:1042D000140008BF1820215801F1BC00D1ED240AB8
:1042E000FEF7B2FA20789FED170A002808BF1425C0
:1042F0006059FDF71DFA2078002808BF182694EDB4
:10430000010AB1EE400AA059FDF712FA207804F133
:104310000D01002808BF04F112010878C00701D17F
:1043200000202073BDEC048B01B0BDE8F08F00BF0E
:104330007FBBEE43000000000000008000007A45D3
:1043400000D004460000C8C20000FA440000FA454C
:10435000606A1FED038A00281FED049A1CBF01212B
:1043600080F85210A06AB0EE480A0028B0EE491A50
:104370001CBF012180F883102078182500284FF0F9
:10438000180008BF1420215801F1BC00D1ED240A07
:10439000FEF75AFA2078B0EE480AB0EE491A142611
:1043A00000284FF0140008BF1820215801F1BC006C
:1043B000D1ED240AFEF748FA2078B2EE048A0028EC
:1043C0004FF0180008BF1420B0EE480A2058FDF73F
:1043D000AFF9207894ED020A00284FF0140008BFCE
:1043E000182038EE400A2058FDF7A2F9207800285E
:1043F00008BF1425615991ED350A38EE400AB0EE38
:10440000C01AB1EE040AB4EE401AF1EE10FA89DADD
:10441000002808BF182694ED022AA05990ED351AFD
:1044200031EE021A38EE411AB0EEC11AB4EE401A5B
:10443000F1EE10FABFF676AF032072E7606A00284B
:104440001CBF002180F85210A16A00291CBF002265
:1044500081F8832020B149F69A11C3F6996101636E
:1044600020781FED478A1FED479AB0EE480A0028D2
:104470004FF0180008BF1420B0EE491A1825215833
:1044800001F1BC00D1ED240AFEF7DEF92078B0EE90
:10449000480AB0EE491A142600284FF0140008BF4D
:1044A0001820215801F1BC00D1ED240AFEF7CCF907
:1044B000B2EE048A2078002808BF1425B0EE480A1E
:1044C0006059FDF735F92078002808BF182694EDCB
:1044D000020A38EE400AA059FDF72AF9207804F1C3
:1044E0000F01002808BF04F110010878C0073FF44D
:1044F00019AF042015E7606A00281CBF002180F86E
:104500005210A16A00291CBF002281F8832020B12B
:1045100049F69A11C3F69961016320781FED798AF3
:104520001FED799AB0EE480A00284FF0180008BF36
:104530001420B0EE491A1825215801F1BC00D1ED24
:10454000240AFEF781F92078B0EE480AB0EE491A45
:10455000142600284FF0140008BF1820215801F13C
:10456000BC00D1ED240AFEF76FF92078B2EE048A80
:10457000002808BF142594ED020A38EE400A60595D
:10458000FDF7D6F82078B0EE480A002808BF1826B4
:10459000A059FDF7CDF8207804F10E01002808BFDE
:1045A00004F111010878C0077FF4BCAE0820B8E61A
:1045B000606A00281CBF002180F85210A16A0029FF
:1045C0001CBF002281F8832020B149F69A11C3F65E
:1045D0009961016320789FEDE68A9FEDE69AB0EE3F
:1045E000480A00284FF0180008BF1420B0EE491AFE
:1045F0001825215801F1BC00D1ED240AFEF724F959
:104600002078B0EE480AB0EE491A142600284FF080
:10461000140008BF1820215801F1BC00D1ED240A74
:10462000FEF712F9207894ED010AB1EE400A002855
:104630004FF0180008BF14202058FDF779F82078B3
:104640009FEDC10A002808BF1826A059FDF770F891
:10465000207804F11201002808BF04F10D01097847
:10466000C9073FF45FAE002808BF142594ED011A76
:10467000615991ED350A30EE010AB0EEC01AB1EE83
:10468000040AB4EE401AF1EE10FABFF64BAE142154
:10469000002808BF1821605890ED351AB0EEC11AF5
:1046A000B4EE401AF1EE10FABFF63CAE022038E646
:1046B000606A00281CBF002180F85210A16A0029FE
:1046C0001CBF002281F8832020B149F69A11C3F65D
:1046D0009961016320789FEDA68A9FEDA69AB0EEBE
:1046E000480A00284FF0180008BF1420B0EE491AFD
:1046F0001825215801F1BC00D1ED240AFEF7A4F8D9
:104700002078B0EE480AB0EE491A142600284FF07F
:10471000140008BF1820215801F1BC00D1ED240A73
:10472000FEF792F820789FED880A002808BF14252C
:104730006059FCF7FDFF20789FED8F0A002808BF25
:104740001826A059FCF7F4FF207804F11001002886
:1047500008BF04F10F010878C0077FF4E3AD06201D
:10476000DFE5606A9FED828A00289FED829A1CBF78
:10477000012180F85210A06AB0EE480A0028B0EE7D
:10478000491A1CBF012180F88310207818250028C1
:104790004FF0180008BF1420215801F1BC00D1EDE2
:1047A000240AFEF751F82078B0EE480AB0EE491A14
:1047B000142600284FF0140008BF1820215801F1DA
:1047C000BC00D1ED240AFEF73FF82078B2EE048A4F
:1047D00094ED020A00284FF0180008BF142038EEAC
:1047E000400A2058FCF7A4FF2078B0EE480A0028C1
:1047F0004FF0140008BF18202058FCF799FF2078CC
:10480000002808BF142594ED021A615991ED350A6C
:1048100030EE010A38EE400AB0EEC01AB1EE040ADA
:10482000B4EE401AF1EE10FABFF67CAD002808BFD6
:104830001826A05990ED351A38EE411AB0EEC11A7B
:10484000B4EE401AF1EE10FABFF66CAD072068E541
:10485000606A9FED4A8A00289FED499A1CBF01219A
:1048600080F85210A06AB0EE480A0028B0EE491A4B
:104870001CBF012180F883102078182500284FF0F4
:10488000180008BF1420215801F1BC00D1ED240A02
:10489000FDF7DAFF2078B0EE480AB0EE491A142688
:1048A00000284FF0140008BF1820215801F1BC0067
:1048B000D1ED240AFDF7C8FF20789FED230A0028D8
:1048C0004FF0180008BF14202058FCF731FF207863
:1048D00094ED010AB1EE400A00284FF0140008BF21
:1048E00018202058FCF724FF2078002808BF142542
:1048F000615991ED350AB0EEC01AB1EE040AB4EE7A
:10490000401AF1EE10FABFF60DAD002808BF1826C8
:1049100094ED012AA05990ED351A31EE021AB0EE4D
:10492000C11AB4EE401AF1EE10FABFF6FBAC092042
:10493000F7E448F2000048F20001C4F29330CCF2F0
:104940009331C4E90101EDE400000080080000207B
:10495000020001000010040000100258000C025870
:104960000018025800180258000C02580010025893
:1049700000007A4500D004460000C8C20000FA4496
:104980000000FA450000000000F1140C8CE80E0055
:1049900000990162019941620299816200210173CB
:1049A000704700000000000020EE811AB4EE410ABA
:1049B000F1EE10FA07DCB1EE411AB4EE410AF1EE65
:1049C00010FAA8BF7047B0EE410A7047000000001F
:1049D000012180F850107047012180F85010704775
:1049E000F0B585B09FED1D2A04469FED1D4A20EECF
:1049F000823A20EE845A00F15805002601AFB0EE4D
:104A0000436AA0EE023AB0EE457AA0EE025AA0EE5A
:104A1000046AA0EE047A9FED134AA1EE045AA1EEB7
:104A2000046AA1EE047AA1EE043A8DED035A8DEDED
:104A3000016A8DED027A8DED043A00BFB81994ED4C
:104A40001A1A90ED000AA85920EE410AFCF74CFE14
:104A50000436102EF2D105B0F0BD00BFF304353F8F
:104A6000F30435BF3A23BA3EF0B581B00E461C467A
:104A7000DDE90671154600F067FB4AF2FC11046699
:104A8000C0F601010831016040F61651C0E9166513
:104A9000C4F21431C0E91971012180F8501001B03D
:104AA000F0BD00000000000090F851109FED091AC1
:104AB00090F85020090643F2400101FE000A002A46
:104AC000C2F2004101FE000A096880ED050A496A48
:104AD000C16470470000000070B52DED0C8B8CB0E8
:104AE000044690F8500010B194F8510018B9002015
:104AF0006061C4E9030043F24006E16CC2F2004683
:104B00003068406A401A40F64151C0F203018842C1
:104B100003D300206061C4E9030094F85200012827
:104B200002D10020C4E9030004F10C050AAB022203
:104B30002846294602F0DCFB9DED0A0AB5EE400A44
:104B4000F1EE10FA02DA9FEDDD0A01E0B1EEC00AE3
:104B500094ED0C1AB4EE410AF1EE10FA29DDB0EE34
:104B6000C01A9FEDD72AB4EE421AF1EE10FA04DA19
:104B70009FEDD20AB0EE401A0CE0B7EE001A0AA977
:104B80000222284681EE000A02F0CEFB9DED0A1AB1
:104B90009DED0B0A8DED090A94ED0C0A08A80AA9EF
:104BA00002228DED081A02F0BFFBDDE90A01C4E91B
:104BB000030194ED051A94ED0F0AB4EE401AF1EEDC
:104BC00010FA02DD84ED050A08E0B1EE400AB4EE09
:104BD000401AF1EE10FAB8BF84ED050A3068A16CF6
:104BE0009FEDB81A426A9FEDB82A511A00EE101ACA
:104BF0000021B8EE400A80EE011A9FEDB40AB4EE2F
:104C0000401AF1EE10FAC8BF0121406A94ED053A4E
:104C100094ED0B0AC90723EE004AB5EE401A01FED7
:104C200002BA33EE401AF1EE10FAB5EE404AD8BFA0
:104C3000B0EE42BAF1EE10FAA06402DA94ED112A55
:104C400001E094ED102A2BEE022AB4EE421AF1EEA6
:104C500010FA06DCB1EE422AB4EE421AF1EE10FA76
:104C600001DAB0EE421A30EE010A04F1240684EDB6
:104C7000080A20EE4B8AB0EE480A02F069FBB0EE5B
:104C8000409AB0EE480A02F0EBFA94ED0A1A94ED5D
:104C9000093A29EE412AE06820EE011A0990002025
:104CA0000AABA3EE002A94ED040AA3EE091A02222D
:104CB000B1EE400A2946CDE90600CDE904002846B8
:104CC00084ED092A84ED0A1A8DED080A02F010FB22
:104CD0009DED0A0A9FEDDDAAB0EEC00A0AAB0222E2
:104CE000B4EE4A0AF1EE10FA16DA3046314602F016
:104CF000FFFA9DED0A0AB0EEC00AB4EE4A0AF1EEE0
:104D000010FA6ADA4FF07E50069000210791049164
:104D10009FEDCD8A0590A4E02846294602F0E8FAE6
:104D20009FEDC98A9DED0A0AB0EE489AB5EE400A99
:104D3000F1EE10FA03DBB1EEC00AB0EE409A0AAB16
:104D400002222846294602F0D3FA9DED0A1AB0EE57
:104D5000480AB5EE401AF1EE10FA03DBB1EEC11AC3
:104D6000B0EE410AB0EEC01AB0EE482AB4EE4A1ACC
:104D7000B0EE481AF1EE10FA0CDBB7EE001A0AA9F1
:104D80000222284681EE000A02F0CEFA9DED0A1AB0
:104D90009DED0B2AB1EE420A0AAB022228462946B3
:104DA0008DED061A8DED072A8DED040A8DED051A9D
:104DB00002F09EFA9DED0ADAB0EE48CAB0EECD0AD6
:104DC000B4EE4A0AF1EE10FA5CDBB5EE40DAF1EE31
:104DD00010FA4BDA9FED9CDA4AE00AAB0222304629
:104DE000314602F085FA9FED988A9DED0A1AB0EEE1
:104DF000480AB5EE401AF1EE10FA03DBB1EEC11A23
:104E0000B0EE410AB0EEC01AB0EE482AB4EE4A1A2B
:104E1000B0EE481AF1EE10FA0CDBB7EE001A0AA950
:104E20000222304681EE000A02F07EFA9DED0A1A57
:104E30009DED0B2AB1EE420A0AAB02223046314602
:104E40008DED061A8DED072A8DED040A8DED051AFC
:104E500002F04EFA9DED0ACAB5EE40CAF1EE10FA24
:104E600027DAB0EE48CAB0EE489A3DE0B1EECDDAAE
:104E70000AAB02223046294602F03AFA9DED0A0AB0
:104E800080EE0DCA08A80AAB0222014602F030FAF1
:104E90009DED0ADAB0EECD0AB4EE4A0AF1EE10FA50
:104EA00022DBB5EE40DAF1EE10FA11DA9FED66DAA8
:104EB00010E0B1EECCCAB0EE489A15E00000000058
:104EC000BD378635002474496F12833ACDCCCC3D72
:104ED000B1EECDDA08A90AAB0222304602F008FA98
:104EE0009DED0A0A80EE0D8A94ED0E1AB1EE480A85
:104EF0002BEE011AB0EE412AB4EE401AF1EE10FA90
:104F000008DBB0EE402AB4EE418AF1EE10FA01DD82
:104F1000B1EE412A38EE028AB5EE40CA39EE4C0AAB
:104F2000F1EE10FA03DB94ED0D1A2BEE011AB4EE3C
:104F3000410AF1EE10FA06DCB1EE411AB4EE410A74
:104F4000F1EE10FA01DAB0EE410A3CEE000A06A8D2
:104F50000AA9022202F0E8F9B0EE480A0A98029083
:104F60000B98039004A80AA9022202F0DDF90A981E
:104F700000900B98019002A869460AAA022302F049
:104F80004BF825460A989FED321A45F8180F0B98F2
:104F900095ED020A85ED050A20EE018A6860D5E9E3
:104FA0000001B0EE480AC5E9030102F0D1F9B0EE04
:104FB000409AB0EE480A02F053F995ED011A95EDCA
:104FC000003A29EE412A95F8380020EE011AA3EEA6
:104FD000002AA3EE091A85ED002A85ED011A00BB0F
:104FE0000AAB02222846294602F082F99DED0A0A00
:104FF000B0EEC00AB4EE4A0AF1EE10FA11DA94EDFE
:10500000080AB0EEC00A9FED0E1BB7EEC00AB4EE60
:10501000410BF1EE10FA04DA2068816820468847D7
:1050200007E0206804F1180191EC030AC1682046EA
:1050300088470CB0BDEC0C8B70BD00BF00BF00BF3B
:105040008DEDB5A0F7C6B03E00000000BD37863537
:10505000AE47E1BD0000000010B52DED0A8B0446FF
:10506000406DB0EE409AB0EE418A90ED062AB0EE67
:1050700060AAB1EE42CAB0EE4C0A02F069F9B0EE95
:1050800040BAB0EE4C0A02F0EBF894F8500078B158
:1050900094F8510060B12BEE4A1A2AEE002AA9EECC
:1050A000001AA9EE0B2A84ED031A84ED042A04E009
:1050B00000209FED088AC4E9030043F2400084ED1C
:1050C000058AC2F200400068406AE064BDEC0A8BC9
:1050D00010BD00BF0000000010B52DED088B044688
:1050E000406DB0EE408AB0EE609A90ED061AB1EED7
:1050F00041BAB0EE4B0A02F02BF9B0EE40AAB0EE86
:105100004B0A02F0ADF894F8500078B194F85100D1
:1051100060B12AEE491A29EE002AA8EE001AA8EE7C
:105120000A2A84ED031A84ED042A02E00020C4E96F
:10513000030043F24000C2F200400068406AE064AD
:10514000BDEC088B10BD000070B52DED0C8B82B04E
:1051500004460D460120009022A121224FF48073C5
:1051600001902046B0EE628AB0EE429AB0EE61AA9B
:10517000B0EE41BAB0EE60CAB0EE40DA4FF48076DD
:10518000FBF7D2FD4AF214204521C0F60100083099
:10519000206004F10C00EBF74BFAB0EECD0A0020D2
:1051A000B0EECC1A84ED0C0AB0EECB0A84ED0D1AE9
:1051B000B0EECA1A84ED0E0AB0EEC90A84ED0F1AD9
:1051C000B0EEC81A84F85200656584ED100A84EDCB
:1051D000111AA4F85060A064204602B0BDEC0C8BFC
:1051E00070BD00BF436861737369735461736B0072
:1051F00070B582B0044690F8740090B904F14C0583
:10520000002600BF2846F9F7D7FC20B90436083538
:10521000102EF7D105E03AA0012184F874108059CE
:10522000A06794F87400012833D1206F94ED1E1A02
:1052300090ED060A30EE410A9FED351AB4EE410AB0
:10524000F1EE10FA02DA9FED351A08E09FED311AFF
:10525000B4EE410AF1EE10FA03DD9FED2F1A30EEA5
:10526000010AB0EEC00A9FED2E1AB4EE410AF1EE2B
:1052700010FA01DD012009E094F8750004EBC0008C
:105280004C30F9F795FC002084F87400E16E81F849
:105290008300E06F007BE8B904F10C05002600BF35
:1052A0002846F9F789FC20B901360835082EF7D1D0
:1052B00010E00220042E38BF012084F8810006F09F
:1052C000010084F88200C6F3400084F883000120C6
:1052D00084F8800094F88110E06F94F8822094F8AC
:1052E000833094F880600096FEF796FE94F8800074
:1052F000012802D1002084F8800002B070BD00BFF8
:1053000000000000DB0F4940DB0FC93FDB0FC9BFC6
:10531000DB0F49C0DB0F4940DB0FC9C0DB0FC940C1
:10532000C3B8B23D000000002DE9F0412DED048B23
:1053300082B004461E46174688460120002541A13A
:1053400015228023CDE900502046FBF7EDFC9FEDB0
:10535000418A4AF22C20B0EE480AC0F6010008301B
:10536000206004F10C0005210022F9F739FC9FEDC3
:105370003A9A04F11400B0EE490A06210022F9F726
:105380002FFCB0EE480A04F11C0007210022F9F7B7
:1053900027FCB0EE490A04F1240008210022F9F7A5
:1053A0001FFCB0EE480A04F12C0009210022F9F795
:1053B00017FCB0EE480A04F134000A210022F9F784
:1053C0000FFCB0EE480A04F13C000B210022F9F773
:1053D00007FCB0EE480A04F144000C210022F9F762
:1053E000FFFB9FED1E8A04F14C00B0EE480A01213C
:1053F0000022F9F7F5FBB0EE480A04F1540002214F
:105400000022F9F7EDFBB0EE480A04F15C0003213D
:105410000022F9F7E5FBB0EE480A04F1640004212C
:105420000022F9F7DDFBC4E91B76A4F8745020468E
:1054300084F88050C4E91E5802B0BDEC048BBDE86E
:10544000F08100BF4175746F4C6966745461736B71
:1054500000000000CDCCCC3D9A99993E295C8F3D4F
:1054600041F600000821C5F602000022EEF724BE36
:1054700041F600000821C5F602000122EEF71CBE2D
:105480002DE9F0472DED0A8BA2B08246C0680028B6
:1054900000F0A28090F84E0C012840F09D809AF810
:1054A000820043F24009C2F20049012840F0968090
:1054B00016AE884630460027CDE91B77CDE919772F
:1054C000F8F7D2FF12A8F9F763F9DAF884101FAAE7
:1054D000DAF80C501EAB91ED030AD1ED040A1DA9B8
:1054E00000911BA9019119A9029118A90690CDE973
:1054F000031710A92846109711978DED0E0ACDEDD0
:105500000F0A059600F0F8FCD9F80000DAF87410DC
:105510009FEDAF1A426A9FEDAF8A511A406A00EEC2
:10552000101ACAF87400B8EE400A80EE010AB4EE10
:10553000480AF1EE10FA0ADBB0EE408A9FEDA61A97
:10554000B4EE410AF1EE10FA01DDB0EE418A9AEDB7
:10555000180A9DED141AB4EE410AF1EE10FA12D0B9
:10556000DAF88C1001F10C00D1ED032A91ED040A58
:10557000D1ED050A91ED082AD1ED071AF8F7BCF92B
:105580001498CAF860009AED1B1A9DED130AB4EE48
:10559000401AF1EE10FA1EBFDAF88C0080ED080A0E
:1055A0008AED1B0A9DF85400DAF88C50012820D1AE
:1055B0001BA820AB0222014601F09AFE9DED200AB5
:1055C0009FED861AB0EEC00AB4EE410AF1EE10FA71
:1055D00012DA9FED830A18E0002092E20020C1E970
:1055E0000000D9F80010CAF87000486ACAF87400C0
:1055F00086E29DED120A08E0DDED1B0A9DED1C0A16
:1056000020A801F021FD9DED200A9FED769A002053
:10561000B4EE490A9FED74AAF1EE10FAC8BF01205A
:10562000B4EE40AAC00700FE091AF1EE10FA29FEF6
:10563000010A9DED171A85ED0D0A0AF110059AED84
:10564000190AB4EE410AF1EE10FA0FD0DAED042A8D
:105650009AED050ADAED060A9AED092ADAED081A3A
:105660002846F8F749F91798CAF864009AED1A1A0B
:105670009DED160AB4EE401AF1EE10FA1CBF8AED49
:10568000090A8AED1A0A9AF8800068BBDAF80C0059
:1056900090F8520C01280FD1DAF884009DED121A0F
:1056A00090ED060A30EE410AB4EE4A0AF1EE10FA25
:1056B00004DA9FEDE91A08E0012013E0B4EE490A8C
:1056C000F1EE10FA03DD9FEDE51A30EE010AB0EEBF
:1056D000C00A9FEDE31A0020B4EE410AF1EE10FA81
:1056E000D8BF01208AF880009AF88000012805D1EF
:1056F000DAF80C009DED1E0AF9F7FAF89AF8800026
:10570000002873D0B7EE000A9DED1F1AB4EE401AC0
:10571000F1EE10FA40F0FA81B7EE009A0CAE0020DC
:105720003146CDE90C00B0EE490ADAF80C0000F081
:105730000BFA0EA920AA0223304601F04DFE209854
:105740000A9021980B900AA820AB0222014601F092
:10575000CFFD9FED23AA9DED200AB0EE4A1AB5EECB
:10576000400AF1EE10FA03DBB1EEC00AB0EE401AC7
:105770000AA820AB022201468DED1E1A01F0B8FDE9
:105780009DED201AB0EE4A0AB5EE401AF1EE10FA7D
:1057900003DBB1EEC11AB0EE410AB0EEC01A9FEDC4
:1057A000E62AB4EE421AB0EE4A1AF1EE10FA0ADB1B
:1057B00089EE000A0AA820A9022201F0B5FD9DED9C
:1057C000201A9DED21AA8DED1B1A8DED1CAA68E013
:1057D0000024744917B7D138CDCCCC3DBD378635C0
:1057E00000000000DB0F4940DB0F49C09FEDD19A5C
:1057F0000CAEB0EE490A0020CDE90C00DAF80C003E
:10580000314600F0A1F90EA920AA0223304601F08A
:10581000E3FD20980A9021980B900AA820AB022261
:10582000014601F065FD9DED200AB0EE491AB5EE86
:10583000400AF1EE10FA03DBB1EEC00AB0EE401AF6
:105840000AA820AB022201468DED1E1A01F050FD80
:105850009DED201AB0EE490AB5EE401AF1EE10FAAD
:1058600003DBB1EEC11AB0EE410AB0EEC01A9FEDF3
:10587000B22AB4EE421AB0EE491AF1EE10FA0CDB7D
:10588000B7EE001A0AA820A9022281EE000A01F050
:105890004BFD9DED201A9DED219A8DED1B1A8DED8E
:1058A0001C9A00201D909DED1E0A9FEDA29A9FED6F
:1058B000A3AAF1EE400AB0EE490AB0EE4A1A00215E
:1058C00028460026F7F77CFF9DED161AB7EE00BAC2
:1058D00080FE410A9DED181A9DED1F2ADDED170A85
:1058E000B4EE4B2A80FE411AF1EE10FA00FE01CA16
:1058F0009AED1C0AB0EE481A3CEE400AFFF754F845
:105900009AED1C1AB5EE400A30EE011A9AF883009F
:10591000F1EE10FA4FF0000131FE0C0A00289DED67
:105920001D1A0AF13800F1EE410AB0EE4A1A00FEE3
:10593000098AB0EE490A8AED1C8AF7F741FF9DED0E
:10594000171A28EE082A31EE011AB0EE40AADAF84A
:105950000C000CA99DED16CA82EE011A9AED1F2AC1
:10596000CDE90C6682FE011A9DED1E2A31EE020A77
:1059700000F02AF9DAF80C009DED1E1A90F84C1C84
:1059800090F84D2C114400EB810000F53A6090ED49
:10599000000A30EE410A9AED1F1AB0EEC00AB4EECA
:1059A000410AF1EE10FA4BDB9AF88000012847D14A
:1059B0009DED1F0AB4EE4B0AF1EE10FA40D00CA890
:1059C00010A920AA022301F007FD9DED200A9DEDFC
:1059D0001C1A20EE41BA9DED211A9DED1B2A1BA831
:1059E00020A90AAB0222A2EE01BA8DED200A8DEDAC
:1059F000211A01F07DFCDDED0A0A9FED4F0AB0EEA1
:105A0000E01AB4EE401AF1EE10FA06DAB0EECB1A54
:105A1000B4EE401AF1EE10FA06DBB0EE4B0A0AA81B
:105A200001F012FB9DED0A9A9AED1E0A29EE009AEA
:105A3000B0EE490A01F08CFCB0EE490A01F010FC0E
:105A4000DAF80C00B0F8500C38B341F270070025BA
:105A50000126C2F2004708E0DB0FC940DB0FC9C0D6
:105A60005077563D0135102D17D0DAF80C0006FAA4
:105A700005F4B0F8500C0442F4D057F82500002883
:105A8000F0D0F9F7A1F80028ECD0DAF80C00B0F863
:105A9000501CA143A0F8501CE4E78AFE4C9A9DEDEF
:105AA0001E0A9FED271AB4EE410AF1EE10FA07DC48
:105AB000DAF80C00B0F8500C10B901208AF8810017
:105AC000B0EE480A1BA820A9022201F02DFCB0EE7E
:105AD000490A20980A9021980B9019A820A902221F
:105AE00001F022FC20980890219809900AA808A9A2
:105AF00020AA022301F090FADDE92001C8E90001A3
:105B0000012022B0BDEC0A8BBDE8F087DAF80C006A
:105B10009DED1E1A90F84C1C90F84D2C114400EB92
:105B2000810000F53A6090ED000A30EE410A8DEDFB
:105B30001E0AB8E600000000BD378635DB0F49407D
:105B40000AD7233D0000000000291CBF90F84E2C0E
:105B50005FEAC27200D17047B5EE400AF1EE10FA6A
:105B600019DD90F84C2CB7EE001A90F84D3C1A4411
:105B70004FF0FF33B4EE410AF1EE10FA53FA82F21D
:105B800012DA00EB820202F6A43292ED001A20EE45
:105B9000010A00F019B8D0F80C080028DBD0026820
:105BA0009FED070A1268104700EB8200D0F80C083E
:105BB000002808BF70470268B7EE000A1268104755
:105BC0000000000000000000B0B500294FF0000404
:105BD00000F0828090F84C2C90F84D3C1A4413064B
:105BE0007AD090F84E3C012B76D1B5EE400AF1EE1A
:105BF00010FA29DDD2B200F6A43C541E0CEB84024C
:105C000092ED001AB4EE410AF1EE10FA24DA90F89F
:105C10004A3C9C422FD00CEB830292ED001AB4EE6A
:105C2000410AF1EE10FA26DD90F84A3C0133DAB26F
:105C300094423EDD0CEB820292ED001AB4EE410A72
:105C4000F1EE10FAF2DC34E0D0F80C28002A43D050
:105C500013689FED220A07E000EB8402D2F80C28BB
:105C600022B31368B7EE000A1B6805461046984732
:105C700085F84A4C2FE0F3B10CEB830212ED011AC8
:105C8000B4EE410AF1EE10FA15DA90F84A3C00BF82
:105C9000013B1A060CD0DAB20CEB820212ED011AAB
:105CA000B4EE410AF1EE10FAF2DB02E00020B0BDE2
:105CB000002380F84A3C90F84A3C2BB10CEB83025D
:105CC00012ED011A30EE410A00EB8300D0F80C0807
:105CD00002685268904701242046B0BD00000000D1
:105CE00010B590F84E3C012B40F0018100297CD08A
:105CF00090F8443CA3F1010EBEF1130F75D890F853
:105D0000474C44B104EB440300EB830303F50A63FF
:105D100093ED001A01E09FED761AB4EE410A00F609
:105D2000AC0CF1EE10FA29DA90F8473C002B52D077
:105D300003EB4304C3F101039FED6D1A00EB8404F0
:105D400004F50A6E05E000BF0133AEF10C0E012B25
:105D50003ED0B0EE412A002B18BF1EED032AB4EE50
:105D6000420AF1EE10FAEFDD9EED002AB4EE420A8F
:105D7000F1EE10FAE8DC5B42DBB22AE004EB44030C
:105D80000CEB830393ED001AB4EE410AF1EE10FA26
:105D900021DD90F8473C9E4502DC1CE09E4518DD65
:105DA00003EB430401330CEB840494ED001AB4EECE
:105DB000410AF1EE10FAF1DD03EB43040CEB84042D
:105DC00094ED001AB4EE410AF1EE10FAE6DC00E0C0
:105DD000002380F8473C90F8473C03EB43030CEB6F
:105DE0008303D3E90134C1E90034002A00F07F8045
:105DF00090F8451C4B1E132B88BF10BD90F8481C13
:105E000041B101EB810400EB840404F6881494EDA5
:105E1000001A01E09FED361AB4EE410A00F69C1C10
:105E2000F1EE10FA27DA90F8483C002B51D003EB42
:105E30008301C3F101039FED2E1A00EB810101F6EE
:105E4000881103E001331439012B3FD0B0EE412A11
:105E5000002B18BF11ED052AB4EE420AF1EE10FA3C
:105E6000F0DD91ED002AB4EE420AF1EE10FAE9DC21
:105E70005942C9B22BE001EB81010CEB810191ED9C
:105E8000001AB4EE410AF1EE10FA22DD90F8481C37
:105E90008B4203DC1DE000BF8B4218DD01EB810467
:105EA00001310CEB840494ED001AB4EE410AF1EEDA
:105EB00010FAF1DD01EB81040CEB840494ED001A7F
:105EC000B4EE410AF1EE10FAE6DC00E0002180F8C1
:105ED000481C90F8480C00EB80000CEB8000017C23
:105EE0001173D0E90113C0689060C2E9001310BDBE
:105EF00000000000000000002DE9F04F81B02DED02
:105F0000068B8EB0064690F84E0C012840F07B813F
:105F100096F84C0CB0EE608A96F84D5CB0EE409A64
:105F200096F8497C2844C5B2AF424FF00007CDE94E
:105F3000047702D3013886F8490C96F8490C06F626
:105F40000C0454F82000002800F05D8103910168E2
:105F5000B0EE490AF0EE480ACDE90132CF6804A953
:105F600007AA08ABB84796F8499C9DED070A00952B
:105F7000B9F1000F41D0B5EE400AF1EE10FA3CDC69
:105F800000250DF1280B0DF1240A0DF1340800BF96
:105F9000A9F101095FFA89F054F8200010B3CDE9A6
:105FA0000A550168B0EE490AF0EE480A5246CF6839
:105FB00059464346B8479DED0D0A9DED082AB0EEBF
:105FC000C01AB0EEC22AB4EE421AF1EE10FA09DAA3
:105FD00086F8499C0B988DED080A05900A98049064
:105FE000099807905FEA096049D09DED070AB5EE70
:105FF000400AF1EE10FACBDD41E0A5F1010ACA45F5
:106000003DDDB7EE00AAB4EE4A0AF1EE10FA36DB37
:106010004FF000080DF1240B0DAF00BF09F101098D
:1060200054F8290010B3CDE90A880168B0EE490A96
:10603000F0EE480A5A46CD680AA93B46A8479DEDAE
:106040000D0A9DED082AB0EEC01AB0EEC22AB4EED9
:10605000421AF1EE10FA09DA86F8499C0B988DED98
:10606000080A05900A98049009980790CA4506DD29
:106070009DED070AB4EE4A0AF1EE10FACEDA96F870
:10608000490C9DED070A54F820000168096988470A
:1060900096F8490C0099A1F10108804525DD54F8D6
:1060A00020109FED5C2A91ED011A31EE401AB4EEFA
:1060B000421AF1EE10FA18DA411C86F8491CC8B2EF
:1060C000B0EE490AF0EE480A07AA54F8200008ABDF
:1060D0000168CF6804A9B84796F8490C9DED070AF6
:1060E00054F8200001680969884796F8490C2299FC
:1060F00030B106EB800202F53A6292ED001A01E03F
:106100009FED451A239F219D19B154F82000C068C6
:10611000086030EE018A55EA0700DDF890B022D021
:10612000B0EE409AB0EE480A00200AA9CDE90A0074
:1061300000223046FFF7D4FD002F1CBFDDE90A0125
:10614000C7E900017DB196F8490CB0EE490ADDEDD2
:106150000B0A54F8200000F01FFC9DED0A1A80FE87
:10616000410A85ED000ABBF1000FDDE91F7506D07D
:10617000B0EE480A002130465A46FFF7B1FD57EA13
:1061800005000AD096F8490C9DED070A2A4654F8F6
:10619000200001688B68394698470198002818BF8D
:1061A00080ED008A029B039A1E9813B396F8491C4F
:1061B0009DED070A39B9B5EE400AF1EE10FA02D1A9
:1061C0009FED150A13E0884509D1B7EE001AB4EE29
:1061D000410AF1EE10FA02D1B7EE000A07E006EB31
:1061E000880101F6A43191ED000A88EE000A83EDE2
:1061F000000A00281CBF08990160002A1CBFDDE9C5
:106200000401C2E900010EB0BDEC068B01B0BDE88F
:10621000F08F00BF8FC2F53C0000000000000000BE
:106220002DE9F0472DED028B0E4640F203449846CF
:10623000914682460321C0F2021430460138C0B2B2
:10624000C20004284FF0000038BF24FA02F00139E0
:1062500040B2F3D1F8F770FD701EB0EE408AC7B2BD
:10626000F800042F24FA00F5284628BF002040B289
:10627000F8F762FD9AED072A9FED333A38EE421A9D
:10628000B4EE431AF1EE10FA02DA9FED324A08E05A
:106290009FED2E4AB4EE441AF1EE10FA03DD9FEDA5
:1062A0002C4A31EE041A30EE420AB4EE430AF1EE03
:1062B00010FA02DA9FED272A08E09FED242AB4EEB7
:1062C000420AF1EE10FA03DD9FED212A30EE020AB8
:1062D000B0EEC11AB0EEC00AB4EE401AF1EE10FAF8
:1062E00016DA0320711E0026C9B2CA00042938BF7D
:1062F00024FA02F60138F5D109F1040188F80060AA
:10630000C8B209281AD249F68250C0F601000EE040
:10631000002009F10401CAB2042F28BF0546082A4B
:1063200088F8005006D849F69450C0F60100C9B26A
:1063300030F81100BDEC028BBDE8F0870020BDEC09
:10634000028BBDE8F08700BFDB0F49C0DB0F49407F
:10635000DB0FC9C0DB0FC940017A012907D1B5EEB7
:10636000400AF1EE10FA05DA9FED090A0BE09FED05
:10637000080A7047B7EE001AB4EE410AF1EE10FABF
:1063800001DDB0EE410A90ED011A20EE010A7047DE
:106390000000000000000000002948D070B52DED7D
:1063A000028B86B00C46017AC9073BD0B5EE400A95
:1063B000F1EE10FA0DDDB7EE001AB4EE410AF1EE7F
:1063C00010FA09DA90ED058A90ED0A1AA1EE008A1A
:1063D00004E090ED058A01E090ED068AB0EE480AEF
:1063E00000F11C05064600F03BFF8DED000AB0EE03
:1063F000480A00F0ADFF8DED010A96ED090A6846E6
:1064000004A9022200F090FF0498029005980390DE
:1064100002A904AA0223284600F0FEFDDDE90401DA
:10642000C4E9000106B0BDEC028BBDE870407047C6
:1064300010B500294FF000041CBF027A5FEAC27257
:1064400001D1204610BDB5EE400AF1EE10FA02DA95
:106450009FED0A0A0CE090ED011AB4EE410AF1EE4C
:1064600010FA02DDB7EE000A02E080EE010A012414
:10647000026812689047204610BD00BF000000006F
:106480002DE9F04188B00646007A01286FD13746E1
:1064900088460020049057F81C1B059004AC154654
:1064A0000A6830462146904706AA0223204639460C
:1064B00000F092FF0698009007980190684606AB9E
:1064C0000222014600F014FF9FED2A1A9DED062AD4
:1064D000B0EE410AB5EE402AF1EE10FA03DBB1EE60
:1064E000C22AB0EE420AB0EEC02A9FED233AB4EEC3
:1064F000432AB0EE412AF1EE10FA0CDBB7EE001A97
:10650000684606A9022281EE000A00F00DFF9DED0B
:10651000062A9DED071A96ED0A0ABFEE003AB5EE7F
:10652000400AB7EE000AF1EE10FAB1EE422A02A8D4
:1065300030FE030A06A9B1EE411A02228DED022AAD
:106540008DED031A00F0F0FE9DED060A9DED071A91
:10655000002D1CBF85ED000A85ED011AB8F1000F72
:1065600005D0B1EE400A88ED001A88ED010A08B0A6
:10657000BDE8F08100000000BD3786350000000056
:10658000F0B581B02DED028B8CB00546007A8DED13
:10659000070A0128CDED080A40F0D78095ED071ACB
:1065A0009FED6C8A30EE410A1C46B0EEC00AB4EE94
:1065B000480AF1EE10FA1EDA95ED080A30EEC00A2C
:1065C000B0EEC00AB4EE480AF1EE10FA13DA002A6F
:1065D0001CBF4FF07C50106029B12868B6EE000A4D
:1065E000026828469047002C00F0AF8095ED090A1C
:1065F00095ED0A1A9FE017460E4605F11C0107A803
:1066000009AA022300F0E8FE099805900A9806906E
:1066100005A809AB0222014600F06AFE9DED090AB9
:10662000B0EEC00AB4EE480AF1EE10FA02DA9FEDBD
:106630004A0A08E0DDED050A9DED060A09A800F00A
:1066400003FD9DED090A95ED051A9FED443A30EEE4
:10665000412AB4EE432AF1EE10FA02DA9FED422A03
:1066600008E09FED3F3AB4EE432AF1EE10FA03DD65
:106670009FED3C2A30EE020A30EE410A95ED0A1AEF
:1066800080EE018AB5EE408AF1EE10FA02DA9FED53
:10669000328A08E0B7EE000AB4EE408AF1EE10FA52
:1066A00001DDB0EE408A002FB0EE480A18BF87ED3A
:1066B000008A296800200290039028460A6802A9EF
:1066C0009047002E1CBFDDE90201C6E90001E4B3DA
:1066D00007A802A909AA022300F07EFEDDE909014C
:1066E000CDE909012868B0EE480A00210022CDE971
:1066F0000011836869462846984709A80BAB022217
:10670000014600F0F5FD9DED0B0AB5EE400AF1EEF5
:1067100010FA02DA9FED100A01E0B1EEC00A9DED19
:10672000001A9DED0A2A21EE421A9DED012A9DEDE7
:10673000093AA3EE021AB1EE402AB5EE401AF1EE84
:1067400010FA30FE020A84ED000A0CB0BDEC028B98
:1067500001B0F0BDBD37863500000000DB0F49C039
:10676000DB0F4940DB0FC9C0DB0FC9400000000050
:10677000017A012907D1B5EE400AF1EE10FA05DAE7
:106780009FED090A0BE09FED080A7047B7EE001A6B
:10679000B4EE410AF1EE10FA01DDB0EE410A90EDDF
:1067A000011A20EE010A70470000000000000000FE
:1067B00000291CBF027A5FEAC27200D17047B5EEB1
:1067C000400AF1EE10FA16DDB0B584B0B7EE001A4B
:1067D0000D4600F11404B4EE410AF1EE10FA0FDA9E
:1067E0001C3002A9022200F09FFD0298009003983D
:1067F0000190694606E0D0E90502C1E90002704750
:1068000000F11C0102AA0223204600F005FC0298B8
:106810000399C5E9000104B0B0BD0000000000000C
:1068200010B500294FF000041CBF027A5FEAC27263
:1068300001D1204610BDB5EE400AF1EE10FA02DAA1
:106840009FED0A0A0CE090ED011AB4EE410AF1EE58
:1068500010FA02DDB7EE000A02E080EE010A012420
:10686000026812689047204610BD00BF000000007B
:10687000037A012B18BF704700291CBFD0E9093CDF
:10688000C1E9003C002A1CBFD0E90B01C2E90001AC
:106890007047000000000000F0B589B00546007A9E
:1068A0008DED040A0128CDED050A71D11C4617466D
:1068B0000E4605F1140104A806AA022300F08CFD7F
:1068C000DDE90601CDE9020105F11C0102A806ABD4
:1068D000022200F00DFD9DED060A95ED0D1A80EEE9
:1068E000010AB5EE400AF1EE10FA02DA9FED290A2C
:1068F00008E0B7EE001AB4EE410AF1EE10FA01DD3D
:10690000B0EE410A002F4FF0000018BF87ED000ADB
:1069100029680090019028460A6869469047002E31
:106920001CBFDDE90001C6E900018CB304A869467B
:1069300006AA022300F050FD0698069007980790DB
:1069400006A808AB0222014600F0D2FC9DED080A21
:10695000B5EE400AF1EE10FA02DA9FED0E0A01E000
:10696000B1EEC00A95ED071A9DED032A21EE421AF9
:1069700095ED082A9DED023AA3EE021AB1EE402AE7
:10698000B5EE401AF1EE10FA30FE020A84ED000A6C
:1069900009B0F0BD0000000010B52DED028B90EDA8
:1069A000011AB0EE608A31EE400A9FED171AD0ED61
:1069B000040A044680FE010AB0EE481AF5F7A4FE68
:1069C00094ED031A9FED112AB0EEC11AB4EE421AEB
:1069D000F1EE10FA0ADD88EE012AB1EEC21AB4EE29
:1069E000411AF1EE10FA04D681FE400ABDEC028B8A
:1069F00010BDB0EE408AB0EE420A02F01AFFB0EECF
:106A0000401AB0EE480AEFE700000000BD378635B7
:106A10007438F6F755BA0000A0F18002C16810463C
:106A2000F6F716B90000000090F83210012935D1B0
:106A300043F24001426BC2F2004109684B6A9A1A64
:106A400040F24A43A2F2B73C496A416341F634112D
:106A50009C45C2F2004112D80B78072B11D8B2F531
:106A6000FA6F00EB430C28BF4FF4FA62B2F57A7F5D
:106A700098BF4FF47A72ACF806205A1C00E000224E
:106A80000A700978082918BF70472030082100BF14
:106A900030F81A2C013920F8022FF9D17047000084
:106AA000416901314161022938BF70472DE9F04F3A
:106AB0008BB00021416110F83ACC10F8381C10F866
:106AC00039EC90F8A85290F8A74280F8A2C280F85A
:106AD000A412B0F89812B0F89A22B0F89C3290F84C
:106AE0009EA290F8A06290F89FB290F8A17290F8E0
:106AF000A58280F8A3E290F8A6928838CDE90845EF
:106B000002ACCDE900AB84E8C050CDE90689F6F7C8
:106B100007F90BB0BDE8F08FA0F58C70FAF778BEDE
:106B2000A0F58C70FAF7BCBF416891F82D21027274
:106B3000531C81F82D3102EBC20CC268082301EB13
:106B40008C01D0F810C0407AC1E903C38A620122E7
:106B50000A77C88370470000A0F58C70FBF7A0B9D6
:106B6000A0F58C70FBF73CBAA0F58C70FBF71CBB52
:106B7000A0F59A70FAF730BF81B001210091A0F121
:106B80006003016B184601B0F6F73EB801A001F0B2
:106B9000FFF900BF50757265207669727475616C7B
:106BA0002066756E6374696F6E2063616C6C6564DA
:106BB0002100000000000000F0B589B040F61C6024
:106BC000C2F200400078BFF35F8FC0077AD140F671
:106BD0001C60C2F2004001F0C1F9002872D041F2FD
:106BE000B00404ADC2F2004402A807AA0223294659
:106BF0000027CDE90477CDE90277CDE90077C4E934
:106C0000007700F0E9FB2646079807AA022346F81A
:106C1000080F0898E0606846294600F0DDFB25462D
:106C2000079807AB022245F8100F089860613046BC
:106C3000314600F05DFB0798A06107AB02222846B1
:106C4000294600F055FB4CF6CD4004ADC4F24C0093
:106C500007AACDE9020700200223CCF2C000019070
:106C600007982946C4E9070702A80097CDE90477E9
:106C7000676200F0B1FB2646079807AA022346F890
:106C8000280F0898E0626846294600F0A5FB07989F
:106C900044F8300F0898606007AB02223046314656
:106CA00000F026FB0798A06007AB02222046214691
:106CB00000F01EFB0798E06040F61C60C2F2004046
:106CC00001F062F909B0F0BD70B588B040F62060FF
:106CD000C2F200400078BFF35F8FC00740F08280AF
:106CE00040F62060C2F2004001F038F9002879D067
:106CF00041F2F00404ADC2F200440020CDE90400EA
:106D0000CDE90200CDE90000C4E9000002A806AA0E
:106D10000223294600F060FB2646069806AA0223B5
:106D200046F8080F0798E0606846294600F054FBD3
:106D30002546069806AB022245F8100F07986061B9
:106D40003046314600F0D4FA0698A06106AB022224
:106D50002846294600F0CCFA49F69A114CF6CD4067
:106D6000CBF699714FF08242CDE9022149F69A1291
:106D700004ADC4F24C0004900591CCF2990200904D
:106D800002230192069AC4E90720616202A806AABA
:106D9000294600F021FB2646069806AA022346F85B
:106DA000280F0798E0626846294600F015FB069810
:106DB00044F8300F0798606006AB02223046314637
:106DC00000F096FA0698A06006AB02222046214603
:106DD00000F08EFA0698E06040F62060C2F20040B3
:106DE00001F0D2F808B070BDF0B589B040F624606B
:106DF000C2F200400078BFF35F8FC0077CD140F63D
:106E00002460C2F2004001F0A9F8002874D041F2D9
:106E1000301404ADC2F2004402A807AA0223294696
:106E20000027CDE90477CDE90277CDE90077C4E901
:106E3000007700F0D1FA2646079807AA022346F801
:106E4000080F0898E0606846294600F0C5FA254614
:106E5000079807AB022245F8100F0898606130468A
:106E6000314600F045FA0798A06107AB0222284698
:106E7000294600F03DFA43F2333104ADC4F2171154
:106E80004FF08240CDE9021700210090CDE90407C0
:106E9000CCF2C0010191079907AAC4E9071002A822
:106EA00002232946676200F097FA2646079807AA48
:106EB000022346F8280F0898E0626846294600F049
:106EC0008BFA079844F8300F0898606007AB0222ED
:106ED0003046314600F00CFA0798A06007AB02225A
:106EE0002046214600F004FA0798E06040F624604E
:106EF000C2F2004001F048F809B0F0BD0000000007
:106F0000F0B589B040F62860C2F200400078BFF3C7
:106F10005F8FC0077DD140F62860C2F2004001F0CB
:106F20001DF8002875D041F2701404ADC2F200447F
:106F300002A807AA022329460027CDE90477CDE954
:106F40000277CDE90077C4E9007700F045FA2646DC
:106F5000079807AA022346F8080F0898E0606846D9
:106F6000294600F039FA2546079807AB022245F872
:106F7000100F089860613046314600F0B9F9079863
:106F8000A06107AB02222846294600F0B1F9002192
:106F900043F23330C4F2401104ADCDE902170021B1
:106FA000C4F21710CDE904070090CCF2C0010191A2
:106FB0000799C4E9071002A807AA022329466762B5
:106FC00000F00AFA2646079807AA022346F8280F77
:106FD0000898E0626846294600F0FEF9079844F8F0
:106FE000300F0898606007AB02223046314600F04F
:106FF0007FF90798A06007AB02222046214600F0E7
:1070000077F90798E06040F62860C2F2004000F08F
:10701000BBFF09B0F0BD0000002B08BF704704386B
:10702000043A043990ED010A91ED011A02F1040CC1
:1070300030EE010A04300431013B82ED010A624660
:10704000F0D1704700000000F5EE400AF1EE10FAB2
:1070500023DD80EE200AB7EE002AB0EEC01AB4EEAF
:10706000421AF1EE10FA46DD82EE012A4AF2382287
:107070009FED771A2021C0F6010200BF5318B0EE31
:10708000413A043993ED001A0B1DA2EE031AF5D113
:107090009FED6D2A32EE412A3EE0F5EE400AF1EE18
:1070A00010FA46DAB5EE400AF1EE10FA4EDD80EE47
:1070B000200AB7EE002AB0EEC01AB4EE421AF1EE82
:1070C00010FA77DD82EE012A4AF238229FED601A2B
:1070D0002021C0F6010200BF5318B0EE413A043936
:1070E00093ED001A0B1DA2EE031AF5D19FED562A5F
:1070F00032EE412A70E04AF238229FED553A2021C3
:10710000C0F601025318043993ED002A0B1DA1EEBD
:10711000032AB0EE423AF5D1B1EE421AB5EE400A7A
:10712000F1EE10FA22FE010A80ED000A002040B2C2
:107130007047F5EE400AF1EE10FA38D1B5EE400A8C
:10714000F1EE10FA2BDD9FED400AEDE7B5EE400AB7
:10715000F1EE10FA4DDA80EE200AB7EE002AB0EE1A
:10716000C01AB4EE421AF1EE10FA4DDD82EE012A99
:107170004AF238229FED361A2021C0F6010200BFE4
:107180005318B0EE413A043993ED001A0B1DA2EEEC
:10719000031AF5D19FED2C2A32EE412A46E0B5EED6
:1071A000400AF1EE10FA02DA9FED280ABCE7FC2053
:1071B00040B270474AF238229FED253A2021C0F6AE
:1071C000010200BF5318043993ED002A0B1DA1EEF4
:1071D000032AB0EE423AF5D1B1EE421AB5EE400ABA
:1071E000F1EE10FA22FE010A9FED1B1A30EE010AA1
:1071F0009AE710EE101A40F6DB72C4F2490262F30D
:107200001E0100EE101A8FE74AF238229FED103A65
:107210002021C0F6010200BF5318043993ED002A63
:107220000B1DA1EE032AB0EE423AF5D1B1EE421A9F
:10723000B5EE400AF1EE10FA22FE010A9FED051AA2
:1072400030EE010A70E700BFDB0FC93FDB0FC9BF9B
:10725000A59204BDDB0F49C0DB0F494000000000D0
:10726000B5EE001A9FED1E2AA0EE021A9FED1E2A0F
:10727000BDEEC10AB5EE401AF1EE10FA10EE100A9A
:10728000B8BF013800EE100AB8EEC00A31EE400A6D
:107290009FED141A20EE010ABCEEC01A30EE022A4D
:1072A00011EE100A410A4AF2AC2118BF002000FE7C
:1072B000020AC0F6010101EE100A01EB800090ED18
:1072C000012AB8EE411A30EE410AB7EE001A31EE4B
:1072D000401A20EE020A90ED002AA1EE020A704741
:1072E00083F9223E00000044000000C400000000BA
:1072F00092B1A0F1040C081F9FED0A0A9CED011A3F
:1073000090ED012AA1EE020A0CF1040C0430013ABE
:10731000F4D183ED000A70479FED020A83ED000A65
:10732000704700BF00000000002A08BF7047031F1D
:10733000081F00BF93ED011A011D20EE011A04334E
:10734000013A80ED011A0846F4D1704700000000B0
:107350009FED1E1A20EE010A9FED1E2ABDEEC01AF7
:10736000B5EE400AF1EE10FA11EE100AB8BF01387E
:1073700001EE100AB8EEC11A30EE410A9FED141A60
:1073800020EE010ABCEEC01A30EE022A11EE100AFD
:10739000410A4AF2AC2118BF002000FE020AC0F6E2
:1073A000010101EE100A01EB800090ED012AB8EE18
:1073B000411A30EE410AB7EE001A31EE401A20EEC3
:1073C000020A90ED002AA1EE020A704783F9223EDC
:1073D00000000044000000C4002B08BF70470438C0
:1073E000043A043990ED010A91ED011A02F1040CFE
:1073F00030EE410A04300431013B82ED010A62465D
:10740000F0D170470000000084B04EF614550026FD
:107410000396CEF20005CDE901660096ECF724FF55
:107420006C4648F21F70029020460127ADF80070AC
:10743000019640F20118CDF80C80ECF7E5FE4FF014
:107440000060019013208DF80170C0F2015002908D
:107450002046ADF80C608DF80E70ECF7D5FE0220DA
:107460008DF801004FF00050019012208DF80800B7
:107470002046ADF80B808DF80F70ECF7C5FE0420A8
:10748000ECF702FF2868800311D4BFF34F8FBFF3DE
:107490006F8FC5F83C62BFF34F8FBFF36F8F2868C3
:1074A00040F400302860BFF34F8FBFF36F8F286820
:1074B000C00329D400202867BFF34F8FE96E43F63D
:1074C000E076CA08C1F34E30C1F3C9014C1C9207E3
:1074D000430100BF03EA0601571821460139C5F8E8
:1074E0004C7207F14047F9D10028A0F10100A3F147
:1074F0002003EFD1BFF34F8F286840F4803028601D
:10750000BFF34F8FBFF36F8FECF7F6FDF1F7F4F990
:10751000F0F746FDF0F700FCF0F77AFCF0F7B4FC6A
:10752000F0F7EEFCF0F76CFEF0F7AAFEF0F754FF70
:10753000F0F70AFEF0F7DCFBF0F726FEF0F70CFFA1
:10754000F0F78EFFF0F7CCFFF0F7C6FEE9F79CFAF4
:1075500000F016F8F0F710FD00F02AF8FEE7000042
:10756000EFF3058100291CBF6FF00500704720B1C3
:1075700080B500F095FE002080BD0020704700001F
:10758000EFF3058000281CBF6FF00500704740F244
:107590006850C2F20040016800291CBF4FF0FF3064
:1075A00070470121016000207047000000000000CA
:1075B000EFF3058000281CBF6FF00500704740F214
:1075C0006850C2F20040016801290CD180B54EF626
:1075D0001F510022CEF200010A700221016001F069
:1075E0003BF8002080BD4FF0FF30704700000000E6
:1075F00070B584B08E4600284FF000010391EFF380
:1076000005814DD000294BD122B39369002B08BFCF
:107610001823382B1BD81179C90718D155699468DC
:107620004FEA950C002D08BF4FF0800C116844B153
:10763000D6685C2E04D31669002E18BF002D20D109
:107640000CB9D468C4B10025002455B91DE0002050
:1076500004B070BD0124002118234FF0800C0025D8
:107660009DB1946812690294CDE900326246734676
:1076700001F076FD039013E01469B4FA84F4640910
:10768000EDE700240125002DEBD14CB11FFA8CF25F
:1076900003ACCDE90034734601F0F2FC012802D1BD
:1076A000039804B070BD0020E4E700000000000073
:1076B0002DE9F047044600F0F3FC4BF28C0046F64F
:1076C0009857C2F20040C2F200474BF6200A46F635
:1076D000B0560168C2F2004A013101603968C2F255
:1076E000004651B1DAF8000000283ED13868E16A5E
:1076F000C06A884298BF3C6037E03C60006801285F
:1077000033D10025701900F07FFC1435B5F58C6F6E
:10771000F8D14BF28478C2F20048404600F074FC85
:107720004BF29879C2F20049484600F06DFC4BF2EA
:10773000CC70C2F2004000F067FC4BF64000C2F291
:10774000004000F061FC4BF62C00C2F2004000F05B
:107750005BFC46F6A050C2F20040C0F8008046F63E
:10776000A850C2F20040C0F800904BF29800C2F25C
:10777000004001680131016061644BF29C01C2F27A
:107780000041E06A0A68904288BF086000EB800010
:10779000211D06EB800000F067FC00F0A9FCDAF880
:1077A000000088B13868E16AC06A884228BFBDE835
:1077B000F0874EF604504FF08051CEF20000016089
:1077C000BFF34F8FBFF36F8FBDE8F087000000005D
:1077D00070B582B000F064FC4BF65806C2F2004669
:1077E000306850BB4BF25874C2F20044204600F09F
:1077F0000BFC4BF26C75C2F20045284600F004FC0D
:1078000046F69C5046F6A442C2F2004046F6445367
:10781000C2F20042C2F20043046046F6AC50C2F22B
:107820000040102105600A200025009501F0A4F811
:10783000306010B103A100F0FBFC02B0BDE8704065
:1078400000F056BC546D72510000000000000000B2
:107850004BF2900546F6B05A4EF604584BF64007E8
:107860004BF28C06C2F20045C2F2004ACEF200088A
:107870004FF08059C2F20047C2F2004603E000BF59
:10788000204600F04DFC2868C8B100F009FCF868FB
:10789000C468201D00F080FB306801383060286823
:1078A0000138286000F024FC94F859000228EAD03E
:1078B0000128E5D070B9206B00F032FCE0E7DAF87F
:1078C00000000228DFD3C8F80090BFF34F8FBFF34A
:1078D0006F8FD8E74FF0500080F31188BFF36F8FA0
:1078E000BFF34F8FFEE7000008480068006880F390
:1078F00008884FF0000080F3148862B661B6BFF3C9
:107900004F8FBFF36F8F00DF00BF000008ED00E076
:107910002DE9F04F85B0834601F0AEFC46F6945A4F
:10792000C2F2004ADAF80010884248D246F69C5566
:107930008146C2F2004528680168002941D04BF613
:107940005804C2F2004408E0706028683946366185
:1079500000F06AFB2868016899B3C068C668D0F86F
:107960000080371D384600F017FB316A30468847E3
:1079700096F828004007EDD5B06940444045E3D86B
:107980007EB3206870B100200396CDE9010801F0B4
:107990005FFC20680022002301A901F05DF80028A7
:1079A000D8D102E000200028D4D14FF0500080F35D
:1079B0001188BFF36F8FBFF34F8F00BFFEE7002129
:1079C00008E046F6AC51C2F200410A6808600121A5
:1079D00048462A60CBF80010CAF8000005B0BDE8A0
:1079E000F08F4FF0500080F31188BFF36F8FBFF31B
:1079F0004F8F00BFFEE7000081B00020009040F2F2
:107A00001410C2F2004000684FF0500181F3118859
:107A1000BFF36F8FBFF34F8F013001D0FEE700BF80
:107A200000980028FCD001B0704700000000000062
:107A30008AB046F69C5B46F6AC5A4BF65805C2F245
:107A4000004B02ACC2F2004AC2F200450DF104093B
:107A5000DBF8000007681FB1C068D0F8008001E0C3
:107A60004FF0000800F04CFE2046FFF751FF02994E
:107A700011B101F09DFD83E0E7B180451AD856466B
:107A8000824601F095FDDBF80000C068C76807F189
:107A9000040B584600F080FA97F8280041070CD4F0
:107AA00046F69C5B00F0FA00C2F2004B87F8280013
:107AB000B2465CE0B7B100221AE0B9693F6101EB60
:107AC00008007860504529D9C24501D2404533D2DB
:107AD00046F69C525946C2F200429346106800F0A6
:107AE000A3FAE5E7DAF800100968B1FA81F14A096A
:107AF0002B68A8EB0001184600F0AEFB01F058FD22
:107B000000283DD14EF604504FF08051CEF20000D7
:107B10000160BFF34F8FBFF36F8F31E0AAEB080016
:107B2000884209D230685946B24600F07DFA46F6DE
:107B30009C5BC2F2004B1AE0002F00F0C280286864
:107B4000B24660B100200897CDE9060801F080FB3D
:107B500028680022002306A900F07EFF00E0002034
:107B600046F69C5B0028C2F2004B00F0B480396AF4
:107B70003846884704E0DBF8000000F055FA00BF03
:107B800028680022214601F073F800283FF460AF16
:107B90000298B0F1FF3F03DCDDE90320059990472F
:107BA00002980028ECD4049F786910B1381D00F0C9
:107BB000F3F94846FFF7ACFE02990929E0D8DFE85F
:107BC00001F00505054F395605054F3997F828107E
:107BD000039ABE693F6141F0010187F82810B3188C
:107BE0003946834241F8043F04D99042C3D29342BC
:107BF00003D2C0E7801AB0422DD3396A384688478D
:107C000097F828004007BBD5002F50D02868B0B3A4
:107C10000398B969002206920844CDE9070701F0EC
:107C200017FB28680022002306A900F015FF002892
:107C3000A6D128E097F8281041F00102039987F8AF
:107C40002820B96149B30A18394682423F6141F898
:107C5000042F3FF690AFDAF8000000F0E5F98FE767
:107C600097F8280000F0FE0087F8280088E797F8CA
:107C700028008107F6D4384600F052FA80E7002049
:107C800000287FF47DAF4FF0500080F31188BFF3E0
:107C90006F8FBFF34F8F00BFFEE74FF0500080F3B0
:107CA0001188BFF36F8FBFF34F8F00BFFEE74FF018
:107CB000500080F31188BFF36F8FBFF34F8F00BF69
:107CC000FEE74FF0500080F31188BFF36F8FBFF3D2
:107CD0004F8F00BFFEE74FF0500080F31188BFF3D5
:107CE0006F8FBFF34F8F00BFFEE700000000000062
:107CF000F0B581B0044600F0D3F994F94560012E47
:107D000010DB04F1240503E070B2013E012809DD17
:107D1000286838B1284601F003FC0028F4D000F0B0
:107D20009FFBF1E7FF2684F8456000F0E1F900F0E1
:107D3000B7F994F94470012F10DB04F1100503E04A
:107D400078B2013F012809DD286838B1284601F0E2
:107D5000E7FB0028F4D000F083FBF1E784F84460EF
:107D600001B0BDE8F04000F0C3B900000000000021
:107D7000F0B581B0044600F0C3FC46F6A4514BF2C6
:107D80008077C2F20041C2F20047086818B1B4F12E
:107D9000FF3F2DDD2FE047F280400026C2F2004079
:107DA000430700F5705300F1070223F0070318BFE3
:107DB00022F007004BF62402A3F108050D60C2F281
:107DC0000042C2E9000643E902662A1A42600B68D3
:107DD00003604BF2B470C2F2004002604BF2AC7030
:107DE000C2F20040026001203870B4F1FF3F02DCB3
:107DF0003878002839D134B1600706D024F0070064
:107E000000F1100402E0002400E008344BF2AC7EE4
:107E1000621EC2F2004EDEF80000824225D24BF60E
:107E20002403C2F200431E687068A04207D200BF5C
:107E3000326822B1334616465068A042F8D30A6829
:107E4000964212D0001BD3F800C0112832681A6085
:107E50003FD333195A0719D04FF0500080F31188DF
:107E6000BFF36F8FBFF34F8FFEE7002401F0A0FB3D
:107E7000600708D04FF0500080F31188BFF36F8F78
:107E8000BFF34F8FFEE7204601B0F0BD586074602D
:107E90004BF62404C2F20044204624689C42FBD3E3
:107EA000426885189D4203D15B681A4403464260CC
:107EB0005A689D18A54201D0214606E009688C4207
:107EC00003D0D4E9001422445A609842196018BFC4
:107ED00003604BF2B4707168C2F20040DEF800201B
:107EE000511ACEF8001002680CF10804914238BF14
:107EF00001603878716800284FF0000018BF41F029
:107F00000041C6E900014BF2C070C2F200400168B6
:107F100001310160AAE7000046F69850C2F2004025
:107F2000016819B101680A6D01320A65006870477D
:107F300047F6F91321F0010140F8081C4FF0807159
:107F400040F8041CA0F14401C0F6010340F80C3CC9
:107F50006FF0020340E9093208467047017809B121
:107F6000002070474178012903D08A0705D40222F6
:107F70004270481E18BF0120704780B54AF6BC20E9
:107F8000C0F6010000F004F8012101704170704753
:107F9000E8F7F5FB00000000D0E9013201699A60C2
:107FA000D0F808C04A6882424FF00002CCF8043092
:107FB00008BFC1F804C00261086801380860086899
:107FC00070470000000000004BF2A023C2F2004303
:107FD00003604BF2A000C2F20040086080201060F5
:107FE00070470000000000004BF2FC63C2F2004347
:107FF00003604BF2FC20C2F2004008604FF4807036
:10800000106070470000000002464FF0FF3142F858
:10801000081F00214260C0E9032201607047000090
:10802000002101617047000080B5D1F800C01CF14B
:10803000010207D000F108039E465B681A6862459A
:10804000FAD901E0D0F810E0DEF804204A60CEF85A
:1080500004109160C1F808E0086101680131016015
:1080600080BD000000000000D0F800C043684B60F5
:108070009A688A609A689960086151600CF1010100
:108080000160704700000000DFF80C00016841F457
:10809000700101607047000088ED00E00000000002
:1080A0004FF0500080F31188BFF36F8FBFF34F8FF5
:1080B00040F21410C2F200400168002901F10101F0
:1080C000016000D070474EF60450CEF20000006808
:1080D000000608BF70474FF0500080F31188BFF3CF
:1080E0006F8FBFF34F8F00BFFEE70000000000005E
:1080F00040F21410C2F20040016839B10139016048
:1081000018BF7047002080F3118870474FF050006F
:1081100080F31188BFF36F8FBFF34F8FFEE700002E
:10812000B0B5002808BFB0BD4BF28071C2F200416B
:108130000978002918BF4FF0004150F8042C114273
:108140000DD0A0F1080423689BB14FF0500080F3DC
:108150001188BFF36F8FBFF34F8F00BFFEE74FF063
:10816000500080F31188BFF36F8FBFF34F8F00BFB4
:10817000FEE722EA010140F8041C054600F0C0FABF
:108180004BF2AC7055F8041CC2F200402A4603685A
:10819000194401604BF62401C2F200410846096807
:1081A000A142FBD34368C518A54204D152F8042C60
:1081B00004461A4442606368E2188A4201D00A46C3
:1081C0000AE046F6A452C2F200421268914203D07D
:1081D000D1E9002119446160A042226018BF046007
:1081E0004BF2C470C2F20040016801310160BDE889
:1081F000B04001F0DDB900004EF210000021CEF2D7
:10820000000044F6D352C1F262020160816040F284
:108210002801C2F200410968A1FB02124FF0FF31B0
:1082200001EB9211416007210160704700000000DE
:108230004BF2E07C0022C2F2004C00BF5CF832300E
:108240001BB10132082AF9D170470CEBC2034CF87C
:10825000321058607047000070B515460E4604464F
:10826000FFF71EFF94F84400FF2802D1002084F895
:10827000440094F84500FF2802D1002084F845000E
:10828000FFF736FFA06B28B904F1240031462A46D7
:1082900000F03AF92046BDE87040FFF729BD000024
:1082A00070B5002845D04BF29401C2F200410A6833
:1082B0004AB14FF0500080F31188BFF36F8FBFF3C6
:1082C0004F8F00BFFEE70A6846F6985501320A60F4
:1082D0004BF65401C2F20045C2F2004106460C685A
:1082E000296804310846FFF757FE2868A41944603E
:1082F00009D346F6A850C2F200400068296804314C
:10830000FFF792FE10E046F6A050C2F2004000686F
:1083100029680431FFF788FE4BF2B870C2F20040C2
:1083200001688C4238BF046001F042F9002818BF90
:1083300070BD4EF604504FF08051CEF20000016047
:10834000BFF34F8FBFF36F8F70BD000000000000C0
:1083500070B580B1C9B14BF29402C2F20042136809
:10836000EBB14FF0500080F31188BFF36F8FBFF374
:108370004F8F00BFFEE74FF0500080F31188BFF32E
:108380006F8FBFF34F8F00BFFEE74FF0500080F3B9
:108390001188BFF36F8FBFF34F8F00BFFEE71368E5
:1083A000013313604BF65403C2F200431A680568A8
:1083B000AA42294402D2A94202D31CE0A94201D315
:1083C000914218D946F698540160C2F200441D68E3
:1083D0008E1A20680430FFF7DFFD2068AD19456074
:1083E0000BD346F6A850C2F2004000682168043161
:1083F000FFF71AFE12E0016010E046F6A050C2F24C
:108400000040006821680431FFF70EFE4BF2B8709F
:10841000C2F2004001688D4238BF056001F0C8F823
:10842000002818BF70BD4EF604504FF08051CEF2B8
:1084300000000160BFF34F8FBFF36F8F70BD00006E
:108440004BF2BC71C2F20041096801604BF6540165
:10845000C2F200410968416070470000000000005E
:108460004BF660000121C2F200400160704700003D
:1084700070B510B346F698550C46C2F2004529680F
:108480001831FFF7D1FD4BF65400C2F200400668E8
:1084900028680430FFF780FD601C18D02868A419F4
:1084A00044601ED346F6A850C2F200400068296816
:1084B0000431BDE87040FFF7B7BD4FF0500080F3C6
:1084C0001188BFF36F8FBFF34F8F00BFFEE728689F
:1084D000011D4BF62C00C2F20040BDE87040FFF7D2
:1084E000C3BD46F6A050C2F20040006829680431BE
:1084F000FFF79AFD4BF2B870C2F2004001688C425F
:1085000038BF046070BD0000F0B581B020B346F6FE
:1085100098560C46C2F20046154631681831FFF7EE
:10852000A3FD4BF65400002DC2F2004018BF4FF0DF
:10853000FF34076830680430FFF72EFDADB1601CD2
:1085400013D13068011D4BF62C00C2F2004001B07F
:10855000BDE8F040FFF788BD4FF0500080F3118870
:10856000BFF36F8FBFF34F8FFEE73068E4194460AD
:108570000BD346F6A850C2F20040006831680431BF
:1085800001B0BDE8F040FFF74FBD46F6A050C2F283
:108590000040006831680431FFF746FD4BF2B870C7
:1085A000C2F2004001688C4238BF046001B0F0BDE7
:1085B00070B520B3026D1AB3C36C8B4288BF1946E5
:1085C000012A1CD1C26A8A4208BF70BD46F6985380
:1085D000C2F200431B6898421BD08369C162002B22
:1085E00046F6B0555CBFC1F13801816102EB8201F2
:1085F000C2F20045426905EB81018A4213D070BD89
:108600004FF0500080F31188BFF36F8FBFF34F8F8F
:10861000FEE74FF0500080F31188BFF36F8FBFF378
:108620004F8F00BFFEE7041D06462046FFF7B4FC4F
:108630004BF29C01F06AC2F200410A68904288BF86
:10864000086000EB8000214605EB8000BDE870402B
:10865000FFF70ABD00000000B0B586B005A804A968
:1086600003AA0024CDE90444FFF7AEFCDDE90320B2
:10867000CDE9004047F651001EA1C0F601000023DD
:10868000059D029500F06CFD4BF2B070C2F2004007
:10869000056015B101F028F80446601C20D0012CBB
:1086A0001CD14FF0500080F31188BFF36F8FBFF3E0
:1086B0004F8F4BF2B870C2F200404FF0FF310160B3
:1086C0004BF62000C2F20040012101604BF654003D
:1086D000C2F200400021016000F066F806B0B0BDB3
:1086E0004FF0500080F31188BFF36F8FBFF34F8FAF
:1086F000FEE700BF49444C450000000000000000B8
:108700004BF29400C2F200400168013101607047F1
:108710004BF29400C2F20040006830B14BF66000AA
:108720000121C2F20040016070474BF660004BF23D
:108730009C0CC2F20040C2F2004C002146F6B0533D
:108740000160C2F20043DCF8001001EB810253F833
:10875000220003EB8202C0B15068436802F10800B6
:108760008342536001D158685060506846F6985271
:10877000C2F20042C0681060CCF80010704700BF21
:1087800052F8140D01390028E6D10029F8D14FF034
:10879000500080F31188BFF36F8FBFF34F8F00BF7E
:1087A000FEE7000000000000B0B584B04EF20040CB
:1087B0004CF27021CEF20000C4F20F114B1CD0F825
:1087C00000299A4209D14FF0500080F31188BFF37D
:1087D0006F8FBFF34F8F00BFFEE7D0F800298A42AA
:1087E00009D14FF0500080F31188BFF36F8FBFF3B2
:1087F0004F8F00BFFEE701784BF280020291FF210C
:108800000170C2F2004201788DF807109DF8071040
:1088100001F0500111704BF284010722C2F20041B5
:108820000A609DF90720B2F1FF3F0CDC062200BF71
:108830000A60013A9DF807305B008DF807309DF91A
:108840000730002BF4D40A68032A3BD14FF440725E
:108850000A6002990170D0F8201941F47001C0F843
:108860002019D0F8201941F07041C0F82019FFF705
:10887000C3FC40F214140025C2F200442560FFF747
:1088800003FC4EF63470CEF20000016841F0404126
:108890000160FFF729F8FFF73BFF039520684FF0D1
:1088A000500181F31188BFF36F8FBFF34F8F0130F9
:1088B00002D000BFFEE700BF03980028FCD00020D4
:1088C00004B0B0BD4FF0500080F31188BFF36F8F3C
:1088D000BFF34F8FFEE7000080B54FF0500080F3EC
:1088E0001188BFF36F8FBFF34F8F00F0CDFC30B115
:1088F0004EF604504FF08051CEF20000016000208F
:1089000080F3118880BD000070B505465020FFF748
:108910002FFA044670B3002684F8466024600120D4
:10892000C4E90F06FFF7BCFBD4E90F012268A66378
:1089300001FB0023013800FB01206260C4E9023022
:10894000FF2084F8440084F8450004F11000FFF78C
:108950005BFB04F12400FFF757FBFFF7C9FB002185
:1089600000220023204684F84C502660C4E90266A9
:1089700000F072F8204670BD70B582B058B1A3B156
:10898000E9B9E2B14FF0500080F31188BFF36F8F67
:10899000BFF34F8FFEE74FF0500080F31188BFF315
:1089A0006F8FBFF34F8F00BFFEE74FF0500080F393
:1089B0001188BFF36F8FBFF34F8F00BFFEE751B138
:1089C0004AB94FF0500080F31188BFF36F8FBFF3A7
:1089D0004F8F00BFFEE750250195019D502D2ED1F0
:1089E000019D0125002983F8465008BF1A46069EBE
:1089F0001C461A60C3E90F01FFF752FBD4E90F01CF
:108A00002268002501FB0023013800FB0120A5633B
:108A10006260C4E90230FF2084F8440084F8450015
:108A200004F11000FFF7F0FA04F12400FFF7ECFA6C
:108A3000FFF75EFB84F84C60204602B070BD4FF03B
:108A4000500080F31188BFF36F8FBFF34F8F00BFCB
:108A5000FEE70000000000002DE9F04F85B0049211
:108A6000B8B104461D46F1B1022D03D1E06B0128D7
:108A700040F0A780019100F0EBFB00BB0498F0B13F
:108A80004FF0500080F31188BFF36F8FBFF34F8F0B
:108A9000FEE74FF0500080F31188BFF36F8FBFF3F4
:108AA0004F8F00BFFEE7206C0028DDD04FF0500054
:108AB00080F31188BFF36F8FBFF34F8FFEE7FFF78F
:108AC000EFFA022DA06B5ED0E16B88425BD304F11C
:108AD0001006012002AF4FF0000B0DF1100800BF8F
:108AE0000499002900F08280C00702D03846FFF7C1
:108AF000A7FCFFF7FDFAFFF703FEFFF7D1FA94F8A2
:108B00004400FF2808BF84F844B094F84500FF28CB
:108B100008BF84F845B0FFF7EBFA3846414600F04D
:108B200067FA002865D1FFF7BBFAD4F838A0D4F86B
:108B30003C90FFF7DDFACA4516D104993046FFF79D
:108B400097FC2046FFF7D4F800F032FD88B94EF6C6
:108B500004504FF08051CEF200000160BFF34F8F00
:108B6000BFF36F8F05E000BF2046FFF7C1F800F0AC
:108B70001FFDFFF795FA022DA06B04D0E16B884230
:108B80004FF00000ACD2A66B0199226C1AB3CDB3A2
:108B9000E068E7F7ACFCE168206C2268091A9142B2
:108BA000E16003D24042A1680844E060A81E31465B
:108BB000B0FA80F0002E18BF012140090840361A93
:108BC0002CE04FF0500080F31188BFF36F8FBFF39C
:108BD0004F8F00BFFEE7206800BBA06800F00CFCD0
:108BE000B0FA80F00021A160400918E0FFF780FA98
:108BF00004E02046FFF77CF800F0DAFC002005B026
:108C0000BDE8F08F6068E7F772FCD4E90101226CDF
:108C100010446060884201D3206860600120711CAC
:108C2000A16354F8241F79B1204600F079FCB8B153
:108C30004EF604504FF08051CEF200000160BFF3B9
:108C40004F8FBFF36F8F0BE050B94EF604504FF0CB
:108C50008051CEF200000160BFF34F8FBFF36F8FE2
:108C6000FFF746FA012005B0BDE8F08F00000000D4
:108C70002DE9F04F85B0049298B104460D460029C5
:108C800000F0B78000F0E4FAA8B9049898B14FF06A
:108C9000500080F31188BFF36F8FBFF34F8F00BF79
:108CA000FEE74FF0500080F31188BFF36F8FBFF3E2
:108CB0004F8F00BFFEE704F11000019004F1240083
:108CC00000900DF108090DF1100A4FF000080CE0BA
:108CD0002046FFF70DF800F06BFCFFF7E1F9A76BFA
:108CE000FFF706FA002F00F09280FFF7D9F9D4F8C9
:108CF00038B0BBF1000F27D0226C5AB1D4E9020181
:108D00001144E160814201D32068E060E1682846B7
:108D1000E7F7EDFBABF10100A063206970B10198AA
:108D200000F0FEFB50B14EF604504FF08051CEF2F1
:108D300000000160BFF34F8FBFF36F8FFFF7D8F9CB
:108D400000200126A0B963E0049850B1B8F1000FEB
:108D500002D14846FFF774FB4FF00108012038B9F3
:108D600056E0FFF7C5F900260020002850D000BFCC
:108D7000FFF7BEF9FFF7C4FCFFF792F994F844003F
:108D8000FF2802D1002084F8440094F84500FF2811
:108D900002D1002084F84500FFF7AAF94846514661
:108DA00000F026F900287FF493AFFFF779F9A76B5D
:108DB000FFF79EF92FB12046FEF79AFF00F0F8FB6F
:108DC00093E704990098FFF753FB2046FEF790FFC6
:108DD00000F0EEFB00287FF488AF4EF604504FF011
:108DE0008051CEF200000160BFF34F8FBFF36F8F51
:108DF0007BE7206C00283FF445AF4FF0500080F334
:108E00001188BFF36F8FBFF34F8F00BFFEE70026BF
:108E1000304605B0BDE8F08F2DE9F04F87B00691E0
:108E200058B10446006C90B14FF0500080F31188A7
:108E3000BFF36F8FBFF34F8FFEE74FF0500080F30B
:108E40001188BFF36F8FBFF34F8F00BFFEE700F0B5
:108E5000FFF950B9069840B14FF0500080F31188E7
:108E6000BFF36F8FBFF34F8FFEE704F1100B04F1D8
:108E70002400019000260DF1100806AD0020CDE978
:108E800002000CE02046FEF733FF00F091FBFFF7F5
:108E900007F9A76BFFF72CF9002F00F08880FFF788
:108EA000FFF8A06B00B30138A063206810B9FFF78A
:108EB00033F8A060DBF8000070B1584600F030FBDA
:108EC00050B14EF604504FF08051CEF200000160D8
:108ED000BFF34F8FBFF36F8FFFF70AF94FF0010A0F
:108EE0000020B8B976E000BF069840B1039810B9E9
:108EF0004046FFF7A5FA0120039058B96AE00298AE
:108F000000286BD1FFF7F4F800204FF0000A00288A
:108F100060D000BFFFF7ECF8FFF7F2FBFFF7C0F8F7
:108F200094F84400FF2808BF84F8446094F8450092
:108F3000FF2808BF84F84560FFF7DAF84046294665
:108F400000F056F800289DD1FFF7AAF8D4F8389021
:108F5000FFF7CEF8B9F1000F06D02046FEF7C8FEA5
:108F600000F026FB00269AE72068002638B9FFF7B4
:108F700097F8A06800F08CFA0290FFF7B9F806990C
:108F80000198FFF775FA2046FEF7B2FE00F010FBDD
:108F900000287FF484AF4EF604504FF08051CEF29B
:108FA00000000160BFF34F8FBFF36F8F77E7029828
:108FB00070B1FFF775F8606A20B1206B0068C0F1EE
:108FC000380100E00021A068FFF7F2FAFFF790F8FF
:108FD0004FF0000A504607B0BDE8F08F4FF0500048
:108FE00080F31188BFF36F8FBFF34F8FFEE7000050
:108FF00070B538B30C4671B30546FFF751F84BF620
:10900000540EC2F2004EDEF800302268501C2CD004
:109010004BF2BC7C2946C2F2004CD5E90050DCF88A
:109020000060AE4201D0834223D2181A82421ED978
:10903000101A2060DCF800000860DEF800004860CC
:10904000002417E04FF0500080F31188BFF36F8FBA
:10905000BFF34F8FFEE74FF0500080F31188BFF34E
:109060006F8FBFF34F8F00BFFEE7002402E00020A8
:1090700020600124FFF73CF8204670BD000000008E
:109080002DE9F04F81B095008146284698469246DA
:109090000F46FEF76DFE78B104465C20FEF768FED1
:1090A00038B10646046356B94FF0FF3001B0BDE851
:1090B000F08F2046FFF734F80026002EF4D0306BF6
:1090C000A52229464C46DDF828B04FF0000986F865
:1090D0005990E7F783FA306B00EB8A00A0F10400A7
:1090E00020F0070A06F1340067B100217A5C42548F
:1090F0007A5C1AB10F2901F10101F7D1002086F83D
:10910000430001E080F80090BBF1370F06F1040046
:1091100028BF4FF0370B0025C6E913B5C6F82CB0B1
:10912000FEF77EFF06F11800FEF77AFFCBF138005C
:10913000B06150462146424636617662756586F8D2
:109140005850FEF7F5FE0B9930603046002918BFE5
:109150000E60FEF7ADFA012001B0BDE8F08F00000F
:109160002DE9F04381B0099D45B30A9C7CB35C278F
:109170000097009F5C2F34D1984693008146009859
:109180002563022084F859001646A52228460D467C
:109190001946089FE7F722FA206B04F1340255B311
:1091A00029460023CD5CD554CD5C1DB10F2B03F1B6
:1091B0000103F7D1002184F843101EE04FF0500066
:1091C00080F31188BFF36F8FBFF34F8FFEE74FF02F
:1091D000500080F31188BFF36F8FBFF34F8F00BF34
:1091E000FEE74FF0500080F31188BFF36F8FBFF39D
:1091F0004F8F00BFFEE70021117000EB8600372F74
:10920000A0F104004FF0000628BF372720F0070523
:10921000201DC4E91376E762FEF702FF04F118008F
:10922000FEF7FEFEC7F13800A061284649464246D7
:1092300024616462666584F85860FEF779FE2060F8
:109240002046FEF735FA204601B0BDE8F083000065
:109250004BF62000C2F20040006848B14BF2940087
:10926000C2F200400068B0FA80F040094000704748
:1092700001207047000000004BF65400C2F200408D
:1092800000687047000000002DE9F04F81B04BF2FC
:109290009400C2F20040006840B14BF2C870002454
:1092A000C2F20040016801310160A0E04BF65400B9
:1092B000C2F2004001684E1C06602ED346F6A05054
:1092C000C2F200400168096849B14FF0500080F3D4
:1092D0001188BFF36F8FBFF34F8F00BFFEE746F6D5
:1092E000A8520168C2F200421368036011604BF299
:1092F000BC71C2F200410A6801320A600168096863
:1093000021B10068C068C068406801E04FF0FF30DC
:109310004BF2B871C2F2004108604BF2B87146F6E8
:10932000985AC2F2004146F6B058C2F2004AC2F260
:1093300000480868864201D2002446E046F6A0575D
:109340000024C2F2004738680068A0B34BF29C0BBF
:10935000C2F2004B1AE000BFD9F82C00DBF8001075
:109360008842294688BFCBF8000000EB800008EB5C
:109370008000FEF779FED9F82C00DAF80010C96AEF
:109380003A68884228BF01241068B8B13868C068BC
:10939000D0F80C904D4655F8040F864210D328465D
:1093A000FEF7FAFDD9F828000028D5D009F11800F9
:1093B000FEF7F2FDD0E74FF0FF3005E04FF0FF3051
:1093C0004BF2B871C2F200410860DAF80000C06ADE
:1093D00000EB800058F8200001284BF66000C2F234
:1093E000004088BF01240068002818BF01242046DF
:1093F00001B0BDE8F08F000078B146F69851C2F296
:109400000041096888420AD04FF0500080F311886B
:10941000BFF36F8FBFF34F8FFEE700207047016DE2
:1094200059B3013901654FF0000124D1C26AC36C00
:109430009A4220D0B0B5041D05462046FEF7ACFD8B
:10944000E86CE862C0F13801A9614BF29C01C2F2FC
:1094500000410A68904288BF086000EB800046F631
:10946000B051C2F2004101EB80002146FEF7FCFD45
:109470000121BDE8B040084670474FF0500080F32E
:109480001188BFF36F8FBFF34F8F00BFFEE700005F
:1094900008B3F0B581B046F69855C16AC2F20045EE
:1094A0002A68D26A914218D28269002A04D42A68B2
:1094B000D26AC2F13802826101EB810146F6B056F0
:1094C000C2F20046426906EB81018A420ED0296849
:1094D000C96AC16221E000207047C16C2868C26A75
:1094E0000020914238BF012001B0F0BD041D0746A5
:1094F0002046FEF751FD28684BF29C01C2F2004164
:10950000C06AF8620A68904288BF086000EB800079
:10951000214606EB8000FEF7A7FD012001B0F0BD5B
:10952000B0B5C068C5687DB105F118042046FEF7E6
:1095300033FD4BF29400C2F20040006868B14BF278
:10954000CC70C2F200401DE04FF0500080F3118853
:10955000BFF36F8FBFF34F8FFEE72C1D2046FEF742
:109560001BFD4BF29C01E86AC2F200410A6890427E
:1095700088BF086000EB800046F6B051C2F200419F
:1095800001EB80002146FEF76FFD46F69850E96A30
:10959000C2F200400068C06A814206D94BF6600101
:1095A0000120C2F200410860B0BD0020B0BD000043
:1095B0002DE9F04F81B04BF29404C2F200442068D0
:1095C00068B1FEF76DFD206801382060206880B129
:1095D0000024FEF78DFD204601B0BDE8F08F4FF06E
:1095E000500080F31188BFF36F8FBFF34F8F00BF20
:1095F000FEE74BF28C00C2F2004000680028E7D082
:109600004BF2CC764BF66008C2F20046C2F200483C
:109610003068002843D04BF29C0746F6B05946F616
:10962000985BC2F20047C2F20049C2F2004B4FF011
:10963000010A00BFF068C56805F11800FEF7ACFC30
:109640002C1D2046FEF7A8FCE86A396888422146AE
:1096500088BF386000EB800009EB8000FEF704FD56
:10966000E86ADBF80010C96A884228BFC8F800A081
:1096700030680028DED195B146F6A050C2F2004015
:109680000168096821B10068C068C068406801E0ED
:109690004FF0FF304BF2B871C2F2004108604BF25C
:1096A000C874C2F20044256855B10126FFF7ECFDED
:1096B000002818BFC8F80060013DF7D100202060E5
:1096C000D8F8000000283FF483AF4EF604504FF066
:1096D0008051CEF2000001240160BFF34F8FBFF331
:1096E0006F8F76E70000000080B586B0FEF770F857
:1096F0004BF65800C2F20040006808B3002004A9ED
:10970000CDE9040005A803AAFEF76EFCDDE90320FD
:1097100002210023CDE9001047F631200DA1C0F64B
:109720000100DDF814C0CDF808C0FFF719FD4BF6B5
:109730005C01C2F20041086010B1012006B080BD9A
:109740004FF0500080F31188BFF36F8FBFF34F8F3E
:10975000FEE700BF546D722053766300410008029B
:1097600018BF04200A0E18BF40F001004FF07F42DE
:1097700032EA010108BF40F00200012808BF0520BD
:10978000704710B52DED028BF0EE408A18EE900A6E
:10979000B0EE608A20F00040C0F1FF40C00F07D15A
:1097A00018EE100A20F00040C0F1FF40C00F2BD08F
:1097B00018EE101A18EE900A00F028FA00EE100ABF
:1097C00010EE100A6FEAD05010F0FF0F04BFBDEC8E
:1097D000028B10BD18EE900A00F0004110EE100A46
:1097E00000F00040814204BFBDEC028B10BD18EEBA
:1097F000101A10EE100ABDEC028B61F31E0000EE91
:10980000900A30EE600A10BD18EE900A4FF07F41CA
:10981000B1EB400F1CBF18EE100A5FEA4000C7D141
:109820000120E6F74AFFBDEC028BBDE8104000F0D6
:10983000DFB810B52DED028BB1EEC08A18EE100A1C
:1098400020F00040C0F1FF40C00F0AD010EE100A17
:1098500020F00040C0F1FF40C00F04BF0120E6F738
:109860002CFFB0EE480ABDEC028B10BD00B510EE27
:10987000101A2DED028B81B04D4A6846B2EB410FB4
:109880003CD94FF0E640B0EB410F94BF00204FF0C1
:10989000FF3000900098B0EE408A00285FDB28EE91
:1098A000080ADFED440A9FED441A00EE201ADFEDAE
:1098B000430A40EE010A9FED421A00EE201ADFED46
:1098C000410A10F0010F40EE010A9FED3F1A00EE31
:1098D000201A61EE000AB0EE480A08EE200A02BF24
:1098E00001B0BDEC028B00BDBFEE001A01B0C1EEAD
:1098F000000ABDEC028BB0EE600A00BD334B21F0D4
:109900000042934228D911F0004FDFED310A20EEDA
:10991000201ADFED300A19BF31EE601A71EE200A0D
:1099200031EE201A71EE600ABDEEE01A11EE100A57
:109930009FED291A00F0030000EEC10A9FED271ADF
:10994000009000EEC10A9FED261A00EEC10A9FEDBD
:10995000251A00EEC10A9DE700F05AF89AE718EEC2
:10996000100A4000B0F17F4F0DD218EE100AFFF739
:10997000F5FE042808BF00F043F8B0EE480A01B035
:10998000BDEC028B00BD09D10120E6F796FE01B0C7
:10999000BDEC028B5DF804EB00F02AB801B0B0EE2C
:1099A000480ABDEC028B5DF804EB00F01DB8000026
:1099B000B61F927EBCE9223C0B6D063B8A76CE3CFC
:1099C000ACB5593D35A1083E29AAAA3E490E4946E3
:1099D00083F9223F0000004B0000C93F00A0FD3981
:1099E0000020A2331A61342C30EE000A70470000C8
:1099F000DFED020A80EEA00A7047000000000000C0
:109A00009FED020A20EE000A7047000000000010DF
:109A10002DE9F0014FF07F42B2EB410F9FBF4FF0B5
:109A2000FF310160BDE8F00170474FF0004242EAAB
:109A30000123C1F3C752783A551112F01F0C434C61
:109A4000CCF120067C44C1F3C752A2F178024FEA60
:109A5000621204EB820254F8254008BFD2E9015695
:109A600012D0556804FA0CF425FA06F73C439768BF
:109A700005FA0CF527FA06F8D26807FA0CFCF24052
:109A800045EA08054CEA0206A4FB034CA5FB035279
:109A9000A6FB03631D449D4234BF01260026131913
:109AA000334416B1934202D903E0934201D201221A
:109AB00000E00022624402F1200C9206DC0C42EA33
:109AC000443200EE102A5B03DFED210AF8EEC01AE3
:109AD00000EE103A4FEA9C1C11F0004FB8EE400A1D
:109AE000C0F800C020EE201A00EE105ADFED190A6F
:109AF000B8EE400A20EE200A71EE810A70EE800A6C
:109B000010EE902A02F500626FF30B0200EE902A2D
:109B100070EEE11A31EEC11ADFED101A30EE411A83
:109B20009FED0D0A20EE800A01EE210A9FED0C1A2E
:109B300000EE810A04BFBDE8F0017047CCF180510E
:109B40000160BDE8F001B1EE400A7047B8020000C4
:109B5000000000360000802C22AAFD29DB0FC92F4F
:109B60000000C92F0EF1020E2EF0030E5EF8044B1A
:109B7000244204D44FEA4102B2F17F4F11D84FEA98
:109B80004003B3F17F4F0CD80ED14FEAD07C0CEBE1
:109B90004C0C0CF1020CB2F17F4F08BF4CEBD17CA6
:109BA00004E04FF0080C01E04FEAD17C0CEB4C03D1
:109BB00024FA03F404F00704B4F1040C06D20EEB0B
:109BC000840CBDE810404CF0010C6047DFE80CF05D
:109BD000070802024FF00040A0F5800010BD0846C3
:109BE000420018BFD2F1807288BF00F0004010BD63
:109BF000F1EE100A4FF6FF71C0F2C03120EA010009
:109C000040F04070E1EE100A704700004FF07F4CCA
:109C10003CEA410318BF3CEA400200F062804FF486
:109C20007F0C0CEAD11310F0004F18BF43F005036E
:109C30001CEAD01218BF13EA0C0F00F057804FF047
:109C4000004C4CEA00204CEA0121A3F580339A42F3
:109C500010DD23F00203B0F1004F06D343F00203FE
:109C6000401ABCBF404283F001034FEA4000A2F516
:109C70008032ECE74FEA224CBCEB234F08DB8842F2
:109C800006D31CD0A0EB4100C0F1000083F001031B
:109C900040001DD217D40DD0B0FA80FC0CF1010C9D
:109CA00000FA0CF0A2EB0C42D2F1000C12DB4FEAEE
:109CB000C37070474FEA437000F00040704713F0E4
:109CC000020FE5D0DEE74FEA4000B2F58032EBDD6F
:109CD000002AE9DD4FEAC21242EA502040EAC3708E
:109CE000704710B5FFF73EFFEDFFFF3E1CEAD11FA6
:109CF00002D000F000407047004870470000C07F6D
:109D0000000000006E83F9A22915444ED15727FCAC
:109D1000C0DD34F5999562DB4190433CAB6351FE65
:109D20000000000000000000000000000000000033
:109D3000000000000100000002000000030000001D
:109D4000040000000000000005000000000000000A
:109D500000000000000000000600000000000000FD
:109D600000000000000000000700000000040810D0
:109D700020400104081020400104010304020004F3
:109D800000000002000000010000000000001000C0
:109D90000000200000080000000400000000000097
:109DA00040000000800000000000010203040102E6
:109DB0000304060708090100020004000600080069
:109DC0000A000C001000200040008000000100D5B7
:109DD0007FAAFE2B815429FC5683D702A87D528787
:109DE0002DF8AC79D3067BAE04D18550FA2FA4713F
:109DF000DB0E5A8F25F08D58F22773A60CD9F62367
:109E0000895C08DD77A2DF0AA07521F45E8B9D488E
:109E1000E23763B61CC9B461CB1E4A9F35E0CF1A46
:109E2000B06531E44E9BE633994C18CD67B239ECFE
:109E30004693C712B86D10C56FBAEE3B91446BBE26
:109E400014C19540EA3F42973DE8BC69C316EF3A1A
:109E5000904511C46EBBC613B96C38ED4792BD680E
:109E6000C21743963CE99441EB3E6ABF15C04B9E36
:109E700034E1B560CA1F62B71DC89C49E33619CCEE
:109E800066B3E732984D30E54F9ACE1BB16472A7A6
:109E90000DD88C59F3265B8E24F1A570DA0F20F5CE
:109EA0005F8ADE0BA17409DC76A3F722885DD603F6
:109EB000A97C28FD5782FF2A805501D47EAB8451AE
:109EC000FB2E7AAF05D0AD78D20753862CF901046A
:109ED0000202030410000004020204021000000247
:109EE0000102030205020004020206021000010240
:109EF0000502070210000202040206020802030221
:109F0000050209021000040208020A0210000502FC
:109F1000070209020B02060208020C0210000702E7
:109F20000B020D02100008020A020C020D040902C5
:109F30000B020D0210000A020B040C020E010D01AF
:109F400010001000100000040204020406040604BD
:109F500002040200010000000000000000000000F8
:109F60008D6B0108000000000000000011D1000806
:109F700029D10008C1CE0008B9CE000891D0000850
:109F8000A0FFFFFF00000000796B01088CFFFFFFBE
:109F900000000000116A010880FFFFFF00000000C0
:109FA000196A010878FFFFFF00000000A16A01089C
:109FB00000000000000000008D6B01088D6B01089F
:109FC0008D6B01080000000000000000B1D2000805
:109FD00000000000000000008D6B01080000000080
:109FE0000000000081D50008000000000000000013
:109FF000D9DF0008000000000000000079E0000840
:10A000000000000000000000E9E00008000000007F
:10A01000000000008D6B010800000000000000003F
:10A0200031E3000800000000000000008D6B010813
:10A03000000000000000000071E4000800000000C3
:10A0400000000000F1E50008000000000000000032
:10A0500079EC00080000000000000000D9FD0008B5
:10A0600000000000000000008D6B010800000000EF
:10A07000000000009963010831640108816401084F
:10A08000816501085963010800000000000000001C
:10A09000B167010821680108716801089968010821
:10A0A000716701080000000000000000991201081B
:10A0B00000000000000000003121010869220108B1
:10A0C000E9230108B1130108A9210108E8FEFFFFF7
:10A0D00000000000696B01080000000000000000A3
:10A0E0003121010869220108E92301082915010825
:10A0F000A9210108E8FEFFFF00000000696B0108CC
:10A100000000000000000000A11B0108E11B010885
:10A11000691B010811180108A11A0108D9190108C1
:10A12000E8FEFFFF00000000196B0108216B010829
:10A13000296B0108CCFEFFFF00000000716B0108D5
:10A1400000000000000000008D6B01088D6B01080D
:10A150000000000000000000312101086922010810
:10A16000E9230108B1130108A11E0108E8FEFFFF61
:10A1700000000000596B0108000000000000000012
:10A180003121010869220108E92301082915010884
:10A19000E11F0108E8FEFFFF00000000616B0108FD
:10A1A00000000000000000003121010869220108C0
:10A1B000E92301088D6B0108A9210108E8FEFFFFD2
:10A1C00000000000696B01080000000000000000B2
:10A1D00021290108A9280108F4FFFFFF0000000061
:10A1E000296A01080000000000000000E12A0108BF
:10A1F00000000000000000008D6B0108000000005E
:10A2000000000000D94A0108D9490108D1490108D4
:10A21000E14901080000000000000000D94A0108DF
:10A220008D6B01088D6B01088D6B0108000000002B
:10A2300000000000F1510108000000000100803F13
:10A24000C90CC0B7E565AABE435690BB3C695D3EEC
:10A25000EBFCA9BC08B732BEE745093EA59204BD98
:10A260000001020304050607080C101418203040F2
:10A2700001010103070100000804020408010101B3
:10A280000100020004000800B0AA0108000000005C
:10A2900000000000000000000000000000020000BC
:10A2A0001800000000000000000000000000000096
:10A2B000920E493CB10AC93C2BC3163D2EFB483DCA
:10A2C000752B7B3D04A9963D80B6AF3D36BDC83D9C
:10A2D0002FBCE13D73B2FA3D87CF093E8340163E65
:10A2E000B5AB223EA2102F3ECF6E3B3EC2C5473ECD
:10A2F0000115543E135C603E7F9A6C3ECCCF783E95
:10A30000C07D823E938E883E229A8E3E32A0943E3D
:10A3100086A09A3EE59AA03E128FA63ED47CAC3E23
:10A32000EF63B23E2A44B83E491DBE3E15EFC33E20
:10A3300053B9C93ECA7BCF3E4136D53E80E8DA3EAE
:10A340004F92E03E7533E63EBBCBEB3EEA5AF13E20
:10A35000CBE0F63E275DFC3EE4E7003F3D9C033F3B
:10A36000824B063F9BF5083F6B9A0B3FDA390E3F55
:10A37000CDD3103F2A68133FD9F6153FC07F183F51
:10A38000C6021B3FD17F1D3FCBF61F3F9967223F7F
:10A3900025D2243F5636273F1594293F4AEB2B3FC1
:10A3A000DE3B2E3FBB85303FC9C8323FF304353F0B
:10A3B000233A373F4268393F3B8F3B3FF9AE3D3F41
:10A3C00067C73F3F70D8413F01E2433F03E4453F49
:10A3D00065DE473F12D1493FF8BB4B3F029F4D3FDF
:10A3E000207A4F3F3D4D513F4918533F31DB543F99
:10A3F000E595563F5348583F6AF2593F1A945B3FE0
:10A40000532D5D3F05BE5E3F2146603F97C5613FCE
:10A410005A3C633F59AA643F880F663FD86B673F39
:10A420003CBF683FA7096A3F0C4B6B3F5E836C3FA4
:10A4300093B26D3F9ED86E3F73F56F3F0809713F31
:10A440005213723F4714733FDD0B743F0BFA743F96
:10A45000C6DE753F07BA763FC58B773FF853783F26
:10A460009812793F9DC7793F02737A3FBE147B3FB4
:10A47000CDAC7B3F283B7C3FC9BF7C3FAC3A7D3FA6
:10A48000CCAB7D3F23137E3FB0707E3F6DC47E3FDB
:10A49000580E7F3F6D4E7F3FAB847F3F0FB17F3FB4
:10A4A00097D37F3F43EC7F3F11FB7F3F0000803F0E
:10A4B00011FB7F3F43EC7F3F97D37F3F0FB17F3F3F
:10A4C000AB847F3F6D4E7F3F580E7F3F6DC47E3F14
:10A4D000B0707E3F23137E3FCCAB7D3FAC3A7D3FD7
:10A4E000C9BF7C3F283B7C3FCDAC7B3FBE147B3F4C
:10A4F00002737A3F9DC7793F9812793FF853783FAE
:10A50000C58B773F07BA763FC6DE753F0BFA743FBF
:10A51000DD0B743F4714733F5213723F0809713FBC
:10A5200073F56F3F9ED86E3F93B26D3F5E836C3F75
:10A530000C4B6B3FA7096A3F3CBF683FD86B673F36
:10A54000880F663F59AA643F5A3C633F97C5613FF5
:10A550002146603F05BE5E3F532D5D3F1A945B3F31
:10A560006AF2593F5348583FE595563F31DB543F17
:10A570004918533F3D4D513F207A4F3F029F4D3F79
:10A58000F8BB4B3F12D1493F65DE473F03E4453FEF
:10A5900001E2433F70D8413F67C73F3FF9AE3D3FBF
:10A5A0003B8F3B3F4268393F233A373FF304353F07
:10A5B000C9C8323FBB85303FDE3B2E3F4AEB2B3FC5
:10A5C0001594293F5636273F25D2243F9967223FCD
:10A5D000CBF61F3FD17F1D3FC6021B3FC07F183FF8
:10A5E000D9F6153F2A68133FCDD3103FDA390E3F15
:10A5F0006B9A0B3F9BF5083F824B063F3D9C033F08
:10A60000E4E7003F275DFC3ECBE0F63EEA5AF13E30
:10A61000BBCBEB3E7533E63E4F92E03E80E8DA3E40
:10A620004136D53ECA7BCF3E53B9C93E15EFC33E36
:10A63000491DBE3E2A44B83EEF63B23ED47CAC3ED8
:10A64000128FA63EE59AA03E86A09A3E32A0943E86
:10A65000229A8E3E938E883EC07D823ECCCF783E3D
:10A660007F9A6C3E135C603E0115543EC2C5473E66
:10A67000CF6E3B3EA2102F3EB5AB223E8340163E2E
:10A6800087CF093E73B2FA3D2FBCE13D36BDC83DD0
:10A6900080B6AF3D04A9963D752B7B3D2EFB483D12
:10A6A0002BC3163DB10AC93C920E493C0000000084
:10A6B000920E49BCB10AC9BC2BC316BD2EFB48BDC6
:10A6C000752B7BBD04A996BD80B6AFBD36BDC8BD98
:10A6D0002FBCE1BD73B2FABD87CF09BE834016BE61
:10A6E000B5AB22BEA2102FBECF6E3BBEC2C547BEC9
:10A6F000011554BE135C60BE7F9A6CBECCCF78BE91
:10A70000C07D82BE938E88BE229A8EBE32A094BE39
:10A7100086A09ABEE59AA0BE128FA6BED47CACBE1F
:10A72000EF63B2BE2A44B8BE491DBEBE15EFC3BE1C
:10A7300053B9C9BECA7BCFBE4136D5BE80E8DABEAA
:10A740004F92E0BE7533E6BEBBCBEBBEEA5AF1BE1C
:10A75000CBE0F6BE275DFCBEE4E700BF3D9C03BF37
:10A76000824B06BF9BF508BF6B9A0BBFDA390EBF51
:10A77000CDD310BF2A6813BFD9F615BFC07F18BF4D
:10A78000C6021BBFD17F1DBFCBF61FBF996722BF7B
:10A7900025D224BF563627BF159429BF4AEB2BBFBD
:10A7A000DE3B2EBFBB8530BFC9C832BFF30435BF07
:10A7B000233A37BF426839BF3B8F3BBFF9AE3DBF3D
:10A7C00067C73FBF70D841BF01E243BF03E445BF45
:10A7D00065DE47BF12D149BFF8BB4BBF029F4DBFDB
:10A7E000207A4FBF3D4D51BF491853BF31DB54BF95
:10A7F000E59556BF534858BF6AF259BF1A945BBFDC
:10A80000532D5DBF05BE5EBF214660BF97C561BFCA
:10A810005A3C63BF59AA64BF880F66BFD86B67BF35
:10A820003CBF68BFA7096ABF0C4B6BBF5E836CBFA0
:10A8300093B26DBF9ED86EBF73F56FBF080971BF2D
:10A84000521372BF471473BFDD0B74BF0BFA74BF92
:10A85000C6DE75BF07BA76BFC58B77BFF85378BF22
:10A86000981279BF9DC779BF02737ABFBE147BBFB0
:10A87000CDAC7BBF283B7CBFC9BF7CBFAC3A7DBFA2
:10A88000CCAB7DBF23137EBFB0707EBF6DC47EBFD7
:10A89000580E7FBF6D4E7FBFAB847FBF0FB17FBFB0
:10A8A00097D37FBF43EC7FBF11FB7FBF000080BF0A
:10A8B00011FB7FBF43EC7FBF97D37FBF0FB17FBF3B
:10A8C000AB847FBF6D4E7FBF580E7FBF6DC47EBF10
:10A8D000B0707EBF23137EBFCCAB7DBFAC3A7DBFD3
:10A8E000C9BF7CBF283B7CBFCDAC7BBFBE147BBF48
:10A8F00002737ABF9DC779BF981279BFF85378BFAA
:10A90000C58B77BF07BA76BFC6DE75BF0BFA74BFBB
:10A91000DD0B74BF471473BF521372BF080971BFB8
:10A9200073F56FBF9ED86EBF93B26DBF5E836CBF71
:10A930000C4B6BBFA7096ABF3CBF68BFD86B67BF32
:10A94000880F66BF59AA64BF5A3C63BF97C561BFF1
:10A95000214660BF05BE5EBF532D5DBF1A945BBF2D
:10A960006AF259BF534858BFE59556BF31DB54BF13
:10A97000491853BF3D4D51BF207A4FBF029F4DBF75
:10A98000F8BB4BBF12D149BF65DE47BF03E445BFEB
:10A9900001E243BF70D841BF67C73FBFF9AE3DBFBB
:10A9A0003B8F3BBF426839BF233A37BFF30435BF03
:10A9B000C9C832BFBB8530BFDE3B2EBF4AEB2BBFC1
:10A9C000159429BF563627BF25D224BF996722BFC9
:10A9D000CBF61FBFD17F1DBFC6021BBFC07F18BFF4
:10A9E000D9F615BF2A6813BFCDD310BFDA390EBF11
:10A9F0006B9A0BBF9BF508BF824B06BF3D9C03BF04
:10AA0000E4E700BF275DFCBECBE0F6BEEA5AF1BE2C
:10AA1000BBCBEBBE7533E6BE4F92E0BE80E8DABE3C
:10AA20004136D5BECA7BCFBE53B9C9BE15EFC3BE32
:10AA3000491DBEBE2A44B8BEEF63B2BED47CACBED4
:10AA4000128FA6BEE59AA0BE86A09ABE32A094BE82
:10AA5000229A8EBE938E88BEC07D82BECCCF78BE39
:10AA60007F9A6CBE135C60BE011554BEC2C547BE62
:10AA7000CF6E3BBEA2102FBEB5AB22BE834016BE2A
:10AA800087CF09BE73B2FABD2FBCE1BD36BDC8BDCC
:10AA900080B6AFBD04A996BD752B7BBD2EFB48BD0E
:10AAA0002BC316BDB10AC9BC920E49BC0000008080
:10AAB00064656661756C745461736B005F5F637885
:10AAC000615F67756172645F61637175697265204A
:10AAD0006465746563746564207265637572736917
:10AAE000766520696E697469616C697A6174696FF1
:10AAF0006E3A20646F20796F7520686176652061F9
:10AB00002066756E6374696F6E2D6C6F63616C2067
:10AB1000737461746963207661726961626C652027
:10AB200077686F736520696E697469616C697A61B1
:10AB300074696F6E20646570656E6473206F6E203B
:10AB4000746861742066756E6374696F6E3F00008F
:10AB5000A0AB010800000024200100003003000821
:10AB6000C0AC01082001002450BD000050030008C3
:10AB7000410EFFFF45C0FFFF51C1FFFF6DC2FFFF48
:10AB800081C3FFFF7D14FFFF0000000000000000F4
:10AB900000000000000000000000000000000000B5
:10ABA000000000000000000001A3000839A3000815
:10ABB00049A3000879A30008A9A30008D9A20008A6
:10ABC00011A30008000000000090D0030090D00303
:10ABD000F99E0008499D000851A0000800000000EF
:10ABE000A99D0008919C0008099D00080000000034
:10ABF0000000000000000000499E0008F19D0008D0
:10AC0000A19E0008E19D000809024300020100C066
:10AC100032090400000102020100052400100105B0
:10AC20002401000104240202052406000107058214
:10AC30000308001009040100020A000000070501D2
:10AC40000240000007058102400000000A060002E1
:10AC5000000000400100000012010002020200405A
:10AC6000830440570002010203010000F90B0008B1
:10AC7000F10B0008E90B0008B10C0008D90C000822
:10AC8000040309041A030000000000000000000093
:10AC900000000000000000000000000000000101B2
:10ACA0000101010101010101010101010101010095
:10ACB00010000000AAAAAAAA0000000000000000DC
:04000005080002CD20
:00000001FF
