:020000040800F2
:1000000050260124AD030008018D0008A1830008DB
:10001000F98C0008D90B000829C200080000000074
:100020000000000000000000000000002191000816
:100030000112000800000000218D000859910008FD
:10004000CB030008CB030008CB030008CB03000858
:10005000CB030008CB030008CB030008CB03000848
:1000600021120008CB030008CB030008210D000873
:10007000310D0008410D0008510D0008610D000808
:10008000710D0008810D0008CB03000881120008E3
:10009000A112000891120008B112000829120008EC
:1000A000CB030008CB030008CB030008CB030008F8
:1000B00009930008CB03000819930008CB0300083C
:1000C000CB030008CB030008CB030008CB030008D8
:1000D000CB030008E1A40008F1A40008CB0300084A
:1000E00009120008CB03000800000000CB03000841
:1000F00049930008CB030008CB030008910D0008CA
:10010000CB030008CB030008CB030008C98F00080D
:10011000B9940008CB03000829930008399300081C
:10012000A10D0008B10D0008C10D0008D10D000897
:10013000E10D0008CB030008CB030008CB03000847
:1001400000000000000000000000000000000000AF
:10015000CB030008CB030008CB03000801A500086F
:10016000CB030008CB030008CB030008CB03000837
:10017000CB030008098D0008CB0300080000000035
:10018000CB030008CB030008CB030008C994000888
:10019000CB030008CB030008CB030008CB03000807
:1001A000CB030008CB030008CB03000800000000CD
:1001B000CB030008CB030008CB030008CB030008E7
:1001C000CB030008CB030008000000000000000083
:1001D0000000000000000000CB0300080000000049
:1001E000000000000000000000000000000000000F
:1001F0000000000000000000CB030008CB03000853
:10020000CB030008CB03000800000000CB0300086C
:10021000CB030008CB030008CB030008CB03000886
:10022000CB03000800000000CB0300080000000022
:10023000CB030008CB03000800000000CB0300083C
:10024000CB030008CB030008CB030008CB03000856
:10025000CB030008CB030008CB030008CB03000846
:10026000CB030008CB030008CB030008CB03000836
:10027000CB030008CB030008CB03000800000000FC
:10028000CB030008CB030008CB030008CB03000816
:1002900000000000CB030008CB03000800000000B2
:1002A00000000000CB030008110D0008CB0300087C
:1002B000CB030008CB030008CB030008C1120008E1
:1002C000D1120008CB030008CB03000800F002F8AD
:1002D00000F05DF814A696E8000CB244B344DA4589
:1002E00001D100F054F8BAE80F000FA696E83000EC
:1002F000A5EB040504EB0607AAEB0704A7F1010729
:100300004FEA15154FEA3414A4F10104AC4201D3AD
:1003100000F03DF813F0010F18BFFB1A43F0010382
:1003200000F001F8DBE71847D0BD0100F0BD010087
:10033000103A24BF78C878C1FAD8520724BF30C811
:1003400030C144BF04680C60704700007047000073
:100350000023002400250026103A28BF78C1FBD8CE
:10036000520728BF30C148BF0B6070471FB51AF055
:1003700003FF9DE8030000F093FA00F03DFA00F05F
:1003800081F91FBD10B5002000F004FA10BD00F087
:1003900045FA1146FFF7EAFF18F0B2FA00F0DCFA6E
:1003A00003B4FFF7EFFF03BC00F02CFA0A488047C4
:1003B0000A4880470A480047FEE7FEE7FEE7FEE7F7
:1003C000FEE7FEE7FEE7FEE7FEE7FEE70548064933
:1003D000064A074B7047000061120008319200087E
:1003E000CD0200085020012450260124502201246F
:1003F0005022012453EA020C00F069802DE9F04BF1
:100400004FF00006002B1FBFB3FA83F503FA05F483
:1004100024FA05F65E4012BF1643B2FA82F502FADC
:1004200005F4C5F120051EBF22FA05FC44EA0C04C0
:10043000203556EA044C4FEA144418BF641C4FF0B0
:1004400000084FF00009904271EB030C39D30029EA
:1004500019BFB1FA81F701FA07F6B0FA80F700FA8E
:1004600007F6C7F120071EBF20FA07FC46EA0C0674
:100470002037B6FBF4FCA7EB0507103F07F01F0B76
:10048000CBF120062CFA06F60CFA0BFB44BFB34660
:100490000026202FA4BF5E464FF0000B5BEA060C3F
:1004A00008BF4FF0010B19EB0B0948EB0608ABFB3B
:1004B000027C06FB02CC0BFB03CCC01B71EB0C01D6
:1004C000C1E70B46024641464846BDE8F08B13B5EE
:1004D000084318BF4FF0FF300146AFF30080BDE87E
:1004E0001C4070470B460146184600F0EDB8032A41
:1004F00040F2308010F0030C00F0158011F8013B41
:10050000BCF1020F624498BF11F801CB00F8013B27
:1005100038BF11F8013BA2F1040298BF00F801CBEB
:1005200038BF00F8013B11F0030300F02580083AC2
:10053000C0F0088051F8043B083A51F804CBA0E819
:100540000810F5E7121D5CBF51F8043B40F8043B6E
:10055000AFF30080D20724BF11F8013B11F801CBA3
:1005600048BF11F8012B24BF00F8013B00F801CB74
:1005700048BF00F8012B704710B5203AC0F00B803F
:10058000B1E81850A0E81850B1E81850A0E8185089
:10059000203ABFF4F5AF5FEA027C24BFB1E81850FF
:1005A000A0E8185044BF18C918C0BDE810405FEA61
:1005B000827C24BF51F8043B40F8043B08BF7047DD
:1005C000D20728BF31F8023B48BF11F8012B28BFE2
:1005D00020F8023B48BF00F8012B704702F0FF03F0
:1005E00043EA032242EA024200F024B84FF000023C
:1005F0000429C0F0128010F0030C00F01B80CCF135
:10060000040CBCF1020F18BF00F8012BA8BF20F8A2
:10061000022BA1EB0C0100F00DB85FEAC17C24BFF6
:1006200000F8012B00F8012B48BF00F8012B7047A0
:100630004FF0000200B5134694469646203922BF7B
:10064000A0E80C50A0E80C50B1F12001BFF4F7AFC6
:10065000090728BFA0E80C5048BF0CC05DF804EBA8
:10066000890028BF40F8042B08BF704748BF20F816
:10067000022B11F0804F18BF00F8012B7047704714
:100680007047704708487CB5784400900748784424
:10069000009C0546019004E020460168084480471C
:1006A000241DAC42F8D17CBD8CBA01009EBA010079
:1006B00010B500F031F8006810BD10B5044600F028
:1006C0002BF8046010BD00002DE9F04107461546E7
:1006D0000E46102000F024F8040013D06760C4E92F
:1006E00002650948AFF3008000F012F8016821604C
:1006F00006490460002008600348AFF30080002032
:10070000BDE8F0810120FBE7040000240000002484
:100710000048704758010024004870472001002419
:1007200070B5064600F0A0F8056806F10B0020F051
:100730000704B4429CBF002070BD2B466A68BAB162
:100740001068A04210D304F1080188423CBF5068F1
:10075000586007D35168101941601168091B016086
:1007600058601460101D70BD13465268002AE7D10E
:100770002146284600F080F80028DED170BD10B573
:10078000002000F0F2F8FFF7FDFDBDE81040012069
:1007900000F038B82DE9F84306461548AFF300805D
:1007A000FFF7B6FF134F8146E8464D4616E026B1E7
:1007B000E068B04201D0254610E0206828600C486F
:1007C000C7F80080AFF30080D4E9010188470848EA
:1007D000AFF300803968414500D04D462C68002CAD
:1007E000E5D1002038600248AFF30080BDE8F8830F
:1007F0000400002400000024014800F00DB80000AF
:100800000400002401491820ABBEFEE726000200C8
:100810000048704720010024002070477546FFF70C
:10082000F7FFAE4605006946534620F007008546AF
:1008300018B020B5FFF7CAFDBDE820404FF0000614
:100840004FF000074FF000084FF0000BAC46ACE84B
:10085000C009ACE8C009ACE8C009ACE8C00921F0A7
:1008600007018D46704700000048704728010024AA
:10087000704770477047704738B504460A460020F5
:100880006946AFF30080002808BF38BD02460099D2
:10089000204600F072F8012038BD012000F0A4B815
:1008A000F8B5AFF30080054600200C460C2000BFD1
:1008B0000646A819A0420DD9324669460020AFF37A
:1008C0000080070008BF00F08FF80098A04218BF12
:1008D0000546C419FFF7C8FF05600746F01D20F064
:1008E00007004619284600F00AF8B44208BFF8BDD0
:1008F000A21B31463868BDE8F84000F03EB8002140
:100900000160416070470C20704770B50446051FB8
:10091000FFF7AAFF0068002C14BF446870BD002CCC
:1009200018BFAC423CBF20466468F8D301680A187F
:10093000AA4218BF456003D12A68054611440160E8
:1009400028684119A1421CBF6C6070BD6168696074
:1009500021680844286070BD10B50446AFF30080DC
:100960002046BDE81040FFF71BBD10B500F024F88D
:10097000BDE8104000F01BB87047034640688C4645
:10098000002818BF88423CBF03464068F8D3186867
:100990001844884207D00CF1030020F00700001D26
:1009A000411A521A0146081D0A60FFF7AEBF00281F
:1009B00001D0FFF727BF704710B5002102A000F05B
:1009C0001AF8012010BD0000534947414252543AE1
:1009D0002041626E6F726D616C207465726D696E1C
:1009E0006174696F6E00000010B500F01DF8BDE87D
:1009F0001040FFF7DCBF70B505460C460A2000E04A
:100A00006D1C00F039F835B128780028F8D102E0E3
:100A1000641C00F031F814B120780028F8D1BDE84A
:100A200070400A2000F028B810B5012805D0002138
:100A300003A0FFF7E0FF012010BD09A1F8E70000C7
:100A400053494752544D454D3A204F7574206F66B7
:100A50002068656170206D656D6F7279000000001F
:100A60003A2048656170206D656D6F727920636F03
:100A7000727275707465640008B569468DF800007F
:100A80000320ABBE08BD000080B58AB068460021D7
:100A900005914160016041F6A040C2F20040039020
:100AA000012309931A460CF0CFFE039805996A4674
:100AB000516011604FF080410691022307931A465E
:100AC0000CF0C2FE03980CF0DBFE0599099B68460A
:100AD0004160016041F6F850C2F2004004900322E8
:100AE0000CF0B2FE0498059A0699079BEC46CCF8E8
:100AF0000420CCF8002004220CF0A6FE04980CF090
:100B0000BFFE0599099B68464160016041F650703F
:100B1000C2F20040089005220CF096FE059A069954
:100B2000079B0898EC46CCF80420CCF8002006225D
:100B30000CF08AFE08980CF0A3FE47F20470C2F293
:100B400000400DF021FE47F26870C2F200400DF047
:100B50001BFE47F2A060C2F200400DF015FE11F03E
:100B6000F7FF43F65000C2F2004013F069FD099808
:100B70000DF052FE43F6E000C2F200400CF034FDEE
:100B80000BF0CEFE0AB080BD41F25001C2F200412E
:100B90000978002908BF7047B0B541F25404C2F289
:100BA000004400BF22681368834204D0013904F175
:100BB0000404F7D10DE0908858B1002502EB8500C0
:100BC00080680168096888472268013590888542F5
:100BD000F4D3BDE8B0407047FEE70000000000001D
:100BE0000020704700000000002070470000000057
:100BF00010B542F22C3440F67841C2F20044C2F201
:100C000000410022204609F053FE40F6782120469C
:100C1000C2F2004109F03CFE002010BD00000000BF
:100C200040293FD8F0B581B041F24806C2F20046F3
:100C30003368A3B3B3F85823B3F85A53EF433A4495
:100C400002F5007202EBD25707F47E47D21B92B234
:100C5000914224D80246C5F5007084B2A14210D951
:100C60002B440F1A03F25710154611462246FFF780
:100C70003EFC36682919BAB206F25710FFF737FC66
:100C800009E058190C4600F2571011462246FFF7AA
:100C90002EFC2F1936686FF35F27A6F85A7301B040
:100CA000BDE8F04070470000B0B509680446FFF7A2
:100CB000B7FF42F22C352146C2F20045284609F022
:100CC000E7FD284609F0C0FD0020B0BD000000008F
:100CD000002070470000000042F22C32C2F20042B5
:100CE000D2F8BC22D2F81422002A1CBF012070477F
:100CF00010B542F22C340A46C2F2004401462046A6
:100D000009F0D6FD2046BDE8104009F049BE0000BC
:100D100042F20860C2F2004000F026BB0000000072
:100D200042F67810C2F2004000F096BF00000000CA
:100D300042F6F010C2F2004000F08EBF000000004A
:100D400042F29870C2F2004000F086BF000000003E
:100D500042F61000C2F2004000F07EBF000000002A
:100D600042F23060C2F2004000F076BF00000000A6
:100D700042F2A860C2F2004000F06EBF0000000026
:100D800042F68800C2F2004000F066BF000000009A
:100D900042F60010C2F2004000F05EBF000000000A
:100DA00042F66820C2F2004000F056BF000000008A
:100DB00042F6E020C2F2004000F04EBF000000000A
:100DC00042F65830C2F2004000F046BF000000007A
:100DD00042F6D030C2F2004000F03EBF00000000FA
:100DE00042F22070C2F2004000F036BF0000000066
:100DF00040F20F42D0F800C0C4F20202944510DC69
:100E00006F22C4F20202944520DC3F22C4F20202A7
:100E1000944536DC1022C4F20202944554D02822B4
:100E20004EE040F26F42C4F2020294451ADC40F2F6
:100E30003F42C4F2020294452ADC40F21042C4F25E
:100E40000202944540D040F2284239E09F22C4F289
:100E50000202944525DC7022C4F20202944533D08C
:100E600088222DE040F29F42C4F2020294451FDC2A
:100E700040F27042C4F20202944525D040F288420A
:100E80001EE04022C4F2020294451DD0582217E011
:100E900040F24042C4F20202944515D040F258425A
:100EA0000EE0A022C4F2020294450DD0B82207E061
:100EB00040F2B842C4F20202944505D040F2A0428A
:100EC000C4F20202944517D10CF0F8024AF6AB23A3
:100ED000103ACAF6AA23A2FB033109A35F2AC1F381
:100EE00002115B5C40F2FF312CEA0101C36588BF4F
:100EF00004318165084670472CF0FF01F9E700BF17
:100F0000000610160006101670B540F26F44D0F8B7
:100F100000C0C4F20204D0F858E0A44519DC9F25B3
:100F2000C4F20205AC4531DC5725C4F20205AC45DC
:100F300056DC1025C4F20205AC4500F0928028254D
:100F4000C4F20205AC4500F08C804025C4F20205D5
:100F500084E045F22F45C5F60205AC452BDC40F296
:100F6000B745C4F20205AC4548DC40F27045C4F216
:100F70000205AC4575D040F28845C4F20205AC4587
:100F80006FD040F2A045C4F2020567E040F2274569
:100F9000C4F20205AC4540DCA025C4F20205AC4514
:100FA0005FD0B825C4F20205AC455AD040F21045D6
:100FB000C4F2020552E045F26B45C5F60205AC45A8
:100FC0003CDC45F23045C5F60205AC4549D045F25A
:100FD0004445C5F60205AC4543D045F258453BE0D3
:100FE0005825C4F20205AC453BD07025C4F2020579
:100FF000AC4536D08825C4F202052FE040F2B84552
:10100000C4F20205AC452CD045F20845C5F60205F0
:10101000AC4526D045F21C451EE040F22845C4F2FE
:101020000205AC451DD040F24045C4F20205AC4576
:1010300017D040F25845C4F202050FE045F26C4566
:10104000C5F60205AC450CD045F29445C5F602053F
:10105000AC4506D045F28045C5F60205AC4540F0EA
:10106000CC80456EC66E002E866E6E601CBFD0E9C9
:101070001C566E60A44515DC9F24C4F20204A445EE
:101080002BDC5724C4F20204A4454EDC1024C4F225
:101090000204A44576D02824C4F20204A44571D0E9
:1010A00040246BE045F22F44C5F60204A44527DC3A
:1010B00040F2B744C4F20204A44542DC40F270445A
:1010C000C4F20204A4455DD040F28844C4F2020494
:1010D000A44557D040F2A04450E040F22744C4F267
:1010E0000204A4453CDCA024C4F20204A44549D077
:1010F000B824C4F20204A44544D040F210443DE0B8
:1011000045F26B44C5F60204A44553DC45F2304475
:10111000C5F60204A4455FD045F24444C5F6020476
:10112000A44559D045F2584452E05824C4F2020470
:10113000A44527D07024C4F20204A44522D08824F8
:101140001CE040F2B844C4F20204A4451AD045F2AF
:101150000844C5F60204A4453ED045F21C4437E0DD
:1011600040F22844C4F20204A4450BD040F24044AB
:10117000C4F20204A44505D040F25844C4F202046B
:10118000A4453AD18468C06D00F01F003F2505FAE0
:1011900000F0CEF80800DCF80000402C20F480209D
:1011A000CCF80000CCF8043023D1CCF80820CCF8DF
:1011B0000C1070BD45F26C44C5F60204A4450BD07A
:1011C00045F28044C5F60204A44505D045F2944496
:1011D000C5F60204A44510D1C46D012504F01F0416
:1011E000806805FA04F4CEF804404028CCF80430B6
:1011F000DBD0CCF80810CCF80C2070BD000000004B
:10120000704700000000000080B54FF4804002F0FD
:1012100073FE4FF40040BDE8804002F06DBE000058
:10122000042002F069BE000080B5202002F064FEB8
:10123000402002F061FE4FF4807002F05DFE4FF43A
:101240000070BDE8804002F057BE000000000000C2
:10125000EFF3108072B600BFFEE700000000000050
:1012600044F60C00C5F60200016841F0020101607D
:1012700050F8081C8904FBD57047000000000000EE
:1012800042F68C40C2F2004002F0BAB80000000002
:1012900042F68C40C2F2004002F0B2B800000000FA
:1012A00042F62C50C2F2004002F0AAB80000000042
:1012B00042F62C50C2F2004002F0A2B8000000003A
:1012C00042F6CC50C2F2004002F09AB80000000092
:1012D00042F6CC50C2F2004002F092B8000000008A
:1012E000F0B5D1E900C4D1F808E00D692CB14EEA9F
:1012F0000C04254345F0804C03E045EA8C4444EA65
:101300000E0C856ED0F88470D1E907466B438D6969
:1013100044EA0660D1F814E0CC68054307EB83008B
:1013200045EA0E0647F823C046EA04434360CB680B
:10133000002B08BFF0BD4BF2F47C083001320023D3
:10134000C0F6010CD71857F8017CC750CF6804339A
:101350001CF80770BB42F5D3F0BD00000000000090
:10136000704700000000000001680A68D2032DD514
:101370000A68B2F1FF3FC8BF7047D0F808C00369E0
:101380006246013B03618B6842F8043B82600A6855
:10139000120305D58A68CCF804200CF1080282609B
:1013A000C3688BB1D0F804C0013BC360634653F8F7
:1013B000042B4A6043600A68D20205D5DCF8042099
:1013C0004A600CF108024260026902B170470A6883
:1013D00022F480320A60012180F82110FFF7C0BF9B
:1013E000C0B190F8211049B910B5002180F8201043
:1013F000044600F011F82046BDE81040002141628B
:10140000C0E90111C0E903114161012280F82120E6
:1014100008467047012070472DE9F04182B044F240
:10142000004104460068C4F6020188421CBF02B0B5
:10143000BDE8F08144F2DC4042F23065C5F60200BE
:10144000C2F2004540F2700800260168C4F20208AA
:1014500041F40031016000684FF4806700F400300F
:10146000019001987A2068602846C5F80080C5E997
:101470000266C5E90476C5E90666C5E9086601F0B5
:101480002BF908B1FFF7E4FEE56108F11800AC6341
:1014900042F2A865C2F2004505F1080128607B20F0
:1014A00068604020C1C128466E62C5E90566C5E98D
:1014B000076601F011F908B1FFF7CAFE9A2005216D
:1014C0000022A561AC6302F023FF9A2002B0BDE8C0
:1014D000F04102F009BF00002DE9F041044602F09E
:1014E000FBFD14B3054694F83500022820D140F2E4
:1014F0000F472668C4F2020740F26F48BE426FF001
:101500000E00C4F2020817DC6F21C4F202018E4201
:1015100023DC3F21C4F202018E4239DC1021C4F2E7
:1015200002018E4258D0282151E00120BDE8F0810F
:1015300080206065012037E246451ADC40F23F41D9
:10154000C4F202018E422ADC40F21041C4F20201D0
:101550008E4241D040F2284139E09F21C4F202017D
:101560008E4225DC7021C4F202018E4234D08821E3
:101570002DE040F29F41C4F202018E421FDC40F296
:101580007041C4F202018E4226D040F288411EE032
:101590004021C4F202018E421ED0582117E040F2D1
:1015A0004041C4F202018E4216D040F258410EE092
:1015B000A021C4F202018E420ED0B82107E040F211
:1015C000B841C4F202018E4206D040F2A041C4F2FA
:1015D00002018E42314607D13146306820F01E00AC
:1015E00041F8140B6FF080000A68464500EA0200DB
:1015F000086019DC9F20C4F20200864231DC5720CB
:10160000C4F20200864256DC1020C4F20200864278
:1016100000F091802820C4F20200864200F08B8006
:101620004020C4F2020084E045F22F40C5F60200DB
:1016300086422BDC40F2B740C4F20200864248DC0E
:1016400040F27040C4F20200864274D040F28840FA
:10165000C4F2020086426ED040F2A040C4F2020002
:1016600067E040F22740C4F20200864240DCA0203E
:10167000C4F2020086425ED0B820C4F20200864264
:1016800059D040F21040C4F2020052E045F26B40E3
:10169000C5F6020086423CDC45F23040C5F6020049
:1016A000864248D045F24440C5F60200864242D008
:1016B00045F258403BE05820C4F2020086423AD03E
:1016C0007020C4F20200864235D08820C4F20200A5
:1016D0002FE040F2B840C4F2020086422BD045F21F
:1016E0000840C5F60200864225D045F21C401EE0A7
:1016F00040F22840C4F2020086421CD040F2404032
:10170000C4F20200864216D040F25840C4F20200F1
:101710000FE045F26C40C5F6020086420BD045F260
:101720009440C5F60200864205D045F28040C5F6D9
:101730000200864204D1206E016821F480710160AC
:10174000306820F0010030603068C0070BD002F034
:10175000C3FC401B0628F7D320206065032084F8D3
:101760003500012020E120680821B8424FF03F02F7
:1017700010DC6F23C4F2020398421CDC3F23C4F246
:101780000203984232DC1023C4F20203984251D083
:1017900028234AE040451ADC40F23F43C4F20203EA
:1017A00098422ADC40F21043C4F20203984241D02E
:1017B00040F2284339E09F23C4F20203984225DC1B
:1017C0007023C4F20203984234D088232DE040F203
:1017D0009F43C4F2020398421FDC40F27043C4F2FC
:1017E0000203984226D040F288431EE04023C4F210
:1017F000020398421ED0582317E040F24043C4F23F
:101800000203984216D040F258430EE0A023C4F2DF
:10181000020398420ED0B82307E040F2A043C4F27E
:101820000203984206D040F2B843C4F20203984241
:1018300040F0BF80D4E9163707F01F07404502FA91
:1018400007F25A5019DC9F21C4F20201884231DCB0
:101850005721C4F20201884256DC1021C4F2020171
:10186000884200F091802821C4F20201884200F0F1
:101870008B804021C4F2020184E045F22F41C5F67D
:10188000020188422BDC40F2B741C4F202018842D7
:1018900048DC40F27041C4F20201884274D040F248
:1018A0008841C4F2020188426ED040F2A041C4F2E5
:1018B000020167E040F22741C4F20201884240DCA5
:1018C000A021C4F2020188425ED0B821C4F2020114
:1018D000884259D040F21041C4F2020152E045F270
:1018E0006B41C5F6020188423CDC45F23041C5F649
:1018F0000201884248D045F24441C5F602018842BF
:1019000042D045F258413BE05821C4F202018842DE
:101910003AD07021C4F20201884235D08821C4F245
:1019200002012FE040F2B841C4F2020188422BD0FC
:1019300045F20841C5F60201884225D045F21C4116
:101940001EE040F22841C4F2020188421CD040F25D
:101950004041C4F20201884216D040F25841C4F21C
:1019600002010FE045F26C41C5F6020188420BD03E
:1019700045F29441C5F60201884205D045F2804106
:10198000C5F6020188420BD1616EA26EE06E4A601C
:1019900030B1016821F480710160D4E91C0141601B
:1019A000012084F835000020002184F83410BDE8BF
:1019B000F081042101223DE7F0B190F835100229B1
:1019C00018D180B540F20F420168C4F20202914280
:1019D00014DC6F23C4F20203994224DC3F23C4F2D7
:1019E000020399423ADC1023C4F20203994258D010
:1019F000282352E0802141650120704740F26F4367
:101A0000C4F2020399421ADC40F23F43C4F20203DB
:101A100099422ADC40F21043C4F20203994240D0BA
:101A200040F2284339E09F23C4F20203994225DCA7
:101A30007023C4F20203994233D088232DE040F290
:101A40009F43C4F2020399421FDC40F27043C4F288
:101A50000203994225D040F288431EE04023C4F29D
:101A6000020399421DD0582317E040F24043C4F2CC
:101A70000203994215D040F258430EE0A023C4F26D
:101A8000020399420DD0B82307E040F2B843C4F2F4
:101A90000203994205D040F2A043C4F202039942E6
:101AA0006ED191424FF0040280F8352010DC6F2097
:101AB000C4F20200814220DC3F20C4F202008142D5
:101AC00036DC1020C4F20200814253D028204EE0C0
:101AD00040F26F40C4F2020081421ADC40F23F4003
:101AE000C4F2020081422ADC40F21040C4F202003B
:101AF00081423FD040F2284039E09F20C4F20200EA
:101B0000814225DC7020C4F20200814232D088205C
:101B10002DE040F29F40C4F2020081421FDC40F2FF
:101B20007040C4F20200814224D040F288401EE09E
:101B30004020C4F2020081421CD0582017E040F23D
:101B40004040C4F20200814214D040F258400EE0FE
:101B5000A020C4F2020081420CD0B82007E040F27D
:101B6000B840C4F20200814204D040F2A040C4F266
:101B700002008142086820F001000860002080BD5A
:101B80000A6822F00E020A6045F25742C5F60202C8
:101B900091420A6822F001020A600EDC45F22F42EF
:101BA000C5F60202914217DC45F20842C5F6020270
:101BB000914226D045F21C421FE045F27F42C5F615
:101BC0000202914211DC45F25842C5F602029142EE
:101BD00017D045F26C4210E045F23042C5F60202E1
:101BE00091420ED045F2444207E045F29442C5F6D8
:101BF0000202914205D045F28042C5F602029142AE
:101C00001AD1D0E9181CD0E916E30A6822F48072D0
:101C10000A6003F01F01012202FA01F1CEF804105C
:101C2000816ECCF80410C16E31B10A6822F4807262
:101C30000A60D0E91C124A60012180F83510016D5C
:101C40000022002980F8342098D08847002080BDE9
:101C5000406D7047000000002DE9F04381B0002185
:101C6000009140F2280148F2B513C2F20041C1F6DA
:101C70004E33856D40F26F490A680168C4F202096B
:101C80002E68A2FB032849452B6815DC9F22C4F26D
:101C9000020291422BDC5722C4F2020291424FDC35
:101CA0001022C4F20202914278D02822C4F2020229
:101CB000914273D040226CE045F22F42C5F60202F9
:101CC000914227DC40F2B742C4F20202914243DC67
:101CD00040F27042C4F2020291425FD040F2884268
:101CE000C4F20202914259D040F2A04251E040F2C7
:101CF0002742C4F2020291423DDCA022C4F2020259
:101D000091424BD0B822C4F20202914246D040F236
:101D100010423EE045F26B42C5F60202914275DC8C
:101D200045F23042C5F60202914200F0828045F24F
:101D30004442C5F6020291427BD045F2584273E01C
:101D40005822C4F20202914228D07022C4F2020248
:101D5000914223D088221CE040F2B842C4F2020231
:101D600091421BD045F20842C5F60202914260D072
:101D700045F21C4258E040F22842C4F2020291426D
:101D80000CD040F24042C4F20202914206D040F22E
:101D90005842C4F20202914240F02D84C26D0823E1
:101DA00002F01F029340334200F0168140F20F44CC
:101DB000C4F20204A1424FF0040413DC6F27C4F202
:101DC0000207B94200F391803F27C4F20207B942EB
:101DD00000F3D2801027C4F20207B94200F0F0806D
:101DE0002827E8E0494500F38C8040F23F47C4F2E1
:101DF0000207B94200F3C78040F21047C4F202075D
:101E0000B94200F0DD8040F22847D4E045F26C4250
:101E1000C5F6020291420CD045F28042C5F602029C
:101E2000914206D045F29442C5F60202914240F03A
:101E3000E2830E68C26D02F01F02042707FA02F463
:101E40001C4218BF16F004072CD1022707FA02F42F
:101E50001C4218BF16F0020762D1D3401B0740F1A5
:101E6000CA8316F0080300F0C68340F20F43C4F2A1
:101E7000020399426FF01C0300F318836F27C4F22A
:101E80000207B94200F354833F27C4F20207B94264
:101E900000F3B4831027C4F20207B94200F0D383E1
:101EA0002827CAE332046C605ED4B20600F1A18335
:101EB00040F20F42C4F2020291426FF0080200F3B6
:101EC000E3826F23C4F20203994200F302833F23AB
:101ED000C4F20203994200F347831023C4F20203C1
:101EE000994200F0838328237AE39F27C4F20207F4
:101EF000B94251DC7027C4F20207B94260D088278A
:101F000059E040F29F47C4F20207B9424BDC40F26D
:101F10007047C4F20207B94252D040F288474AE003
:101F200032046C6000F19C82B20600F1CF8340F273
:101F30000F42C4F2020291426FF0140200F3D68203
:101F40006F23C4F20203994200F315833F23C4F2C6
:101F50000203994200F38C831023C4F202039942D6
:101F600000F0AB832823A2E3F10300F14283816CEC
:101F7000002940F079833EE34027C4F20207B942CA
:101F80001ED0582717E040F24047C4F20207B9427A
:101F900016D040F258470EE0A027C4F20207B9421B
:101FA0000ED0B82707E040F2A047C4F20207B942BA
:101FB00006D040F2B847C4F20207B94218BF08245D
:101FC0000F68274208D00F6827F004070F60AB6046
:101FD000436D43F0010343650123934033426FD0C7
:101FE00040F20F47C4F20207B94210DC6F27C4F277
:101FF0000207B9421CDC3F27C4F20207B94232DCB7
:102000001027C4F20207B94251D028274AE04945B7
:102010001ADC40F23F47C4F20207B9422ADC40F220
:102020001047C4F20207B94241D040F2284739E0D4
:102030009F27C4F20207B94225DC7027C4F20207C9
:10204000B94234D088272DE040F29F47C4F20207FE
:10205000B9421FDC40F27047C4F20207B94226D0F1
:1020600040F288471EE04027C4F20207B9421ED062
:10207000582717E040F24047C4F20207B94216D091
:1020800040F258470EE0A027C4F20207B9420ED032
:10209000B82707E040F2B847C4F20207B94206D0B9
:1020A00040F2A047C4F20207B94240F0E1814F6913
:1020B00007F0800424B1AB60436D43F00203436535
:1020C0000423934033426FD040F20F47C4F202071B
:1020D000B94210DC6F27C4F20207B9421CDC3F276B
:1020E000C4F20207B94232DC1027C4F20207B94237
:1020F00051D028274AE049451ADC40F23F47C4F254
:102100000207B9422ADC40F21047C4F20207B94282
:1021100041D040F2284739E09F27C4F20207B94274
:1021200025DC7027C4F20207B94234D088272DE09D
:1021300040F29F47C4F20207B9421FDC40F27047E9
:10214000C4F20207B94226D040F288471EE0402779
:10215000C4F20207B9421ED0582717E040F24047A8
:10216000C4F20207B94216D040F258470EE0A02749
:10217000C4F20207B9420ED0B82707E040F2B847D0
:10218000C4F20207B94206D040F2A047C4F20207E7
:10219000B94240F073810F6807F0020424B1AB60CC
:1021A000436D43F004034365102303FA02F2324205
:1021B0007ED040F20F43C4F2020399424FF008036D
:1021C00010DC6F27C4F20207B9421CDC3F27C4F2BF
:1021D0000207B94232DC1027C4F20207B94251D0DB
:1021E00028274AE049451ADC40F23F47C4F202077B
:1021F000B9422ADC40F21047C4F20207B94241D08A
:1022000040F2284739E09F27C4F20207B94225DC93
:102210007027C4F20207B94234D088272DE040F27B
:102220009F47C4F20207B9421FDC40F27047C4F274
:102230000207B94226D040F288471EE04027C4F288
:102240000207B9421ED0582717E040F24047C4F2B7
:102250000207B94216D040F258470EE0A027C4F258
:102260000207B9420ED0B82707E040F2A047C4F2F7
:102270000207B94206D040F2B847C4F20207B94299
:1022800018BF04230F681F4212D0AA600A685203C5
:102290000A6806D4D20506D40A6822F008020A6049
:1022A00001E0110352D4016C11B104468847204665
:1022B000C16D01F01F02202101FA02F3334200F048
:1022C000A68040F20F470168C4F202071026B94207
:1022D00010DC6F27C4F20207B9421CDC3F27C4F2AE
:1022E0000207B94236DC1027C4F20207B94255D0C2
:1022F00028274EE049451ADC40F23F47C4F2020766
:10230000B9422EDC40F21047C4F20207B94245D070
:1023100040F228473DE09F27C4F20207B94229DC7A
:102320007027C4F20207B94238D0882731E040F262
:102330009F47C4F20207B94223DC40F27047C4F25F
:102340000207B9422AD040F2884722E0816C002976
:10235000ABD1ADE74027C4F20207B9421ED05827DF
:1023600017E040F24047C4F20207B94216D040F2EB
:1023700058470EE0A027C4F20207B9420ED0B82792
:1023800007E040F2A047C4F20207B94206D040F28B
:10239000B847C4F20207B94218BF02260F68374295
:1023A00035D0AB6090F83530042B0B6816D123F094
:1023B00016030B604B6923F080034B61036C0BB970
:1023C000836C1BB10B6823F008030B603F21914025
:1023D000A960012180F83510016D3FE15A030A68B8
:1023E0000CD4D2050ED40A6822F010020A60012132
:1023F00080F83510002180F8341003E0110301D477
:10240000416C00E0C16B11B1044688472046416D24
:10241000002900F0F080416DC9071CD0042180F82C
:10242000351001684FEA98220B6823F001030B6016
:10243000009B01330093934202D80B68DB07F7D16E
:102440000968C9074FF0030108BF012180F8351062
:10245000002180F83410C16C002940F00581CAE0E9
:10246000F10300F13381416C002940F0FD80C2E0AE
:1024700000240F68002C7FF41EAE21E600240F68B4
:10248000002C7FF48CAE8FE6494542DC40F23F439E
:10249000C4F2020399427CDC40F21043C4F202030E
:1024A000994200F0A38040F2284399E049454CDC72
:1024B00040F23F47C4F20207B94200F3A68040F25F
:1024C0001047C4F20207B94200F0BD8040F228472D
:1024D000B3E09F23C4F20203994263DC7023C4F289
:1024E0000203994200F08280882379E0494560DC4C
:1024F00040F23F43C4F20203994200F3C08040F22D
:102500001043C4F20203994200F0D78040F22843FE
:10251000CDE040F29F43C4F20203994258DC40F2FE
:102520007043C4F20203994260D040F2884357E0FE
:102530009F27C4F20207B94270DC7027C4F2020779
:10254000B94200F08080882777E040F29F47C4F2CC
:102550000207B94269DC40F27047C4F20207B9428F
:1025600071D040F2884768E04023C4F202039942E8
:102570003CD0582334E09F23C4F20203994200F375
:1025800087807023C4F20203994200F0968088236A
:102590008DE040F24043C4F20203994226D040F25B
:1025A00058431DE0A023C4F2020399421ED0B82371
:1025B00016E040F29F43C4F2020399426FDC40F2FE
:1025C0007043C4F20203994277D040F288436EE030
:1025D00040F2A043C4F20203994207D040F2B8434C
:1025E000C4F20203994218BF6FF004020B681A404C
:1025F0000A60016CC1BB01B0BDE8F0834027C4F2A2
:102600000207B9421FD0582717E040F24047C4F2F2
:102610000207B94217D040F258470EE0A027C4F293
:102620000207B9420FD0B82707E040F2A047C4F232
:102630000207B94207D040F2B847C4F20207B942D4
:1026400018BF6FF00E030F683B400B60012101FAC9
:1026500002F26A60416580F83510C16C00294FF0C4
:10266000000280F83420C6D001B0BDE8F04308472E
:102670004023C4F2020399421FD0582317E040F2CE
:102680004043C4F20203994217D040F258430EE08F
:10269000A023C4F2020399420FD0B82307E040F20E
:1026A000A043C4F20203994207D040F2B843C4F2F7
:1026B0000203994218BF6FF00A020B681A400A60C1
:1026C000012180F83510002180F83410C16B0029F9
:1026D000CAD190E7000000002DE9F041044601F066
:1026E000FBFCECB140F26F4805462068C4F20208DA
:1026F000404518DC9F21C4F2020188422EDC57219C
:10270000C4F20201884254DC1021C4F20201884262
:102710007ED02821C4F20201884279D0402172E0A3
:102720000120BDE8F08145F22F41C5F60201884243
:1027300027DC40F2B741C4F20201884245DC40F296
:102740007041C4F20201884262D040F28841C4F272
:10275000020188425CD040F2A04154E040F227419F
:10276000C4F20201884240DCA021C4F20201884286
:102770004ED0B821C4F20201884249D040F2104143
:1027800041E045F26B41C5F60201884200F3B88092
:1027900045F23041C5F60201884200F0C38045F29F
:1027A0004441C5F60201884200F0BC8045F2584120
:1027B000B4E05821C4F20201884229D07021C4F249
:1027C0000201884224D088211DE040F2B841C4F2C1
:1027D000020188421CD045F20841C5F60201884238
:1027E00000F0A08045F21C4198E040F22841C4F27C
:1027F000020188420CD040F24041C4F202018842FA
:1028000006D040F25841C4F20201884240F0CE8026
:10281000022184F83510002184F83410016821F079
:102820000101016020680168C9070CD001F054FC67
:10283000401B0628F6D320206065032084F835006D
:102840000120BDE8F08148F23F0204F10807016869
:10285000CFF61062114066698CCF1143D4F818C0CE
:102860001943E3693943276A0E43616A33430429F4
:1028700043EA070343EA0C0303D1D4E90B76374359
:102880003B436568A5F12906292E00F2A1800127A6
:10289000DFE806F01515151515159E9E9E9E9E9E49
:1028A0009E9E9E9E9E9E9E9E9E9E151515159E9E6C
:1028B0009E9E15159E9E9E9E9E9E15151515002F7B
:1028C00018BF43F4801304290360426922F0070211
:1028D00041EA020140F09080D4E90A53002B41EA1A
:1028E000050100F08980BCF5005F61D0BCF1000FEC
:1028F0006AD1022D74D0012D60D0002D70D072E00D
:1029000045F26C41C5F6020188420BD045F2804188
:10291000C5F60201884205D045F29441C5F6020190
:10292000884243D104F1080E022184F835100021B9
:1029300084F834100168A3699EE80450A2F1800570
:10294000E769B5FA85F566696D09402A4FEA85356C
:1029500043EA07026FF3101142EA060208BF10258E
:1029600041EADC0142EA0E022943236A41EAD2012C
:102970004AF6F832CAF2FD724CF6CD470244CCF664
:10298000CC4741EA1311A2FB072301606FF003005B
:1029900000EA9300E0652046FEF72AFAE16D012285
:1029A00001F01F0102FA01F1416030E0402043E7ED
:1029B000032D18D8DFE805F00A140A02A3F1C0724B
:1029C000B2FA82F252090FE0032D08D201220BE085
:1029D00025F00302743AB2FA82F257096FE702D186
:1029E000C3F3006200E0002232B1402060650120A4
:1029F00084F83500BDE8F08141612046FEF7F8F922
:102A0000E16D3F2201F01F0102FA01F181602068AF
:102A1000404519DC9F21C4F20201884231DC572174
:102A2000C4F20201884256DC1021C4F2020188423D
:102A300000F092802821C4F20201884200F08C80CC
:102A40004021C4F2020184E045F22F41C5F60201A3
:102A500088422BDC40F2B741C4F20201884248DCD4
:102A600040F27041C4F20201884275D040F28841C0
:102A7000C4F2020188426FD040F2A041C4F20201C8
:102A800067E040F22741C4F20201884240DCA02105
:102A9000C4F2020188425FD0B821C4F20201884228
:102AA0005AD040F21041C4F2020152E045F26B41AB
:102AB000C5F6020188423CDC45F23041C5F6020110
:102AC000884249D045F24441C5F60201884243D0CC
:102AD00045F258413BE05821C4F2020188423BD004
:102AE0007021C4F20201884236D08821C4F202016A
:102AF0002FE040F2B841C4F2020188422CD045F2E6
:102B00000841C5F60201884226D045F21C411EE06C
:102B100040F22841C4F2020188421DD040F24041F7
:102B2000C4F20201884217D040F25841C4F20201B7
:102B30000FE045F26C41C5F6020188420CD045F227
:102B40009441C5F60201884206D045F28041C5F69F
:102B50000201884240F0D08045F2574C45F6FC0E09
:102B6000C5F6020CC5F6020E60450EDC45F22F4399
:102B7000C5F60203984217DC45F20843C5F6020386
:102B8000984226D045F21C431FE045F27F43C5F62C
:102B90000203984211DC45F25843C5F602039842FD
:102BA00017D045F26C4310E045F23043C5F60203FE
:102BB00098420ED045F2444307E045F29443C5F6EF
:102BC0000203984205D045F28043C5F602039842BD
:102BD00050D100F0FC034CF6CD47083BCCF6CC4777
:102BE000A3FB0737AEF1FC05AEF17C063B0905EB14
:102BF00083022266A26803F01F030127802A66660B
:102C000007FA03F2A26601D1002262606368A56E32
:102C1000D4E91826DFB2591E07291760756015D848
:102C20007E1E072E62D860450EF1440213DC45F289
:102C30002F41C5F6020188423CDC45F20841C5F649
:102C4000020188424BD045F21C4144E000206067FD
:102C5000C4E91B0050E045F27F41C5F602018842FD
:102C600031DC45F25841C5F60201884237D045F2C1
:102C70006C4130E000F0F8034AF6AB27103BCAF68F
:102C8000AA27A3FB073740F20F43C4F2020308252B
:102C90003E09984203F1AA02334688BF05EB171399
:102CA00040F600059042C4F2020528BF334605F104
:102CB00080069CE745F23041C5F6020188420ED0FD
:102CC00045F2444107E045F28041C5F602018842E1
:102CD00005D045F29441C5F60201884213D10EEBAE
:102CE0008300E06601202267B040606704F16C0257
:102CF000002307CA03604A6000206065012184F850
:102D00003510BDE8F08140F60000C4F2020000F189
:102D1000FC0E00F5A072E2E730B110B590F8344037
:102D2000012C03D1022010BD01207047012480F83E
:102D3000344090F83540012C2BD1022480F83540E6
:102D400000244465D0F800C0DCF8004024F0010401
:102D5000CCF800400446FEF7D7F840F20F4C20684C
:102D6000C4F2020C40F26F416045C4F2020118DC6B
:102D70006F23C4F20203984224DC3F23C4F202030F
:102D800098423ADC1023C4F20203984259D0282317
:102D900052E04FF400614165002180F834100120B9
:102DA00010BD88421ADC40F23F43C4F2020398424D
:102DB0002ADC40F21043C4F20203984241D040F2B0
:102DC000284339E09F23C4F20203984225DC702394
:102DD000C4F20203984234D088232DE040F29F438E
:102DE000C4F2020398421FDC40F27043C4F20203B3
:102DF000984226D040F288431EE04023C4F20203EA
:102E000098421ED0582317E040F24043C4F2020318
:102E1000984216D040F258430EE0A023C4F20203B9
:102E200098420ED0B82307E040F2B843C4F2020340
:102E3000984206D040F2A043C4F20203984240F008
:102E4000238103680B2262F344030360226C1AB1EE
:102E5000082302681A430260884219DC9F22C4F2E8
:102E60000202904231DC5722C4F20202904256DC48
:102E70001022C4F20202904200F091802822C4F293
:102E80000202904200F08B804022C4F2020284E0F1
:102E900045F22F42C5F6020290422BDC40F2B742C7
:102EA000C4F20202904248DC40F27042C4F20202D4
:102EB000904274D040F28842C4F2020290426ED036
:102EC00040F2A042C4F2020267E040F22742C4F29C
:102ED0000202904240DCA022C4F2020290425ED084
:102EE000B822C4F20202904259D040F21042C4F219
:102EF000020252E045F26B42C5F6020290423CDC0F
:102F000045F23042C5F60202904248D045F24442B2
:102F1000C5F60202904242D045F258423BE05822A8
:102F2000C4F2020290423AD07022C4F202029042ED
:102F300035D08822C4F202022FE040F2B842C4F237
:102F4000020290422BD045F20842C5F6020290429E
:102F500025D045F21C421EE040F22842C4F2020293
:102F600090421CD040F24042C4F20202904216D07D
:102F700040F25842C4F202020FE045F26C42C5F63C
:102F8000020290420BD045F29442C5F602029042F2
:102F900005D045F28042C5F6020290426ED1236E02
:102FA0001A68D20303D51A6842F480721A60E36E7D
:102FB0001BB11A6842F480721A60604510DC6F2100
:102FC000C4F2020188421CDC3F21C4F202018842A3
:102FD00032DC1021C4F2020188424FD028214AE09D
:102FE00088421ADC40F23F41C4F2020188422ADCE6
:102FF00040F21041C4F2020188423FD040F2284121
:1030000039E09F21C4F20201884225DC7021C4F21C
:103010000201884232D088212DE040F29F41C4F263
:10302000020188421FDC40F27041C4F20201884272
:1030300024D040F288411EE04021C4F202018842BF
:103040001CD0582117E040F24041C4F202018842EE
:1030500014D040F258410EE0A021C4F2020188428F
:103060000CD0B82107E040F2B841C4F20201884216
:1030700004D040F2A041C4F202018842016841F04C
:1030800001010160002010BD0268052363F34302C3
:103090000260226C002A3FF4DFAE0423D9E6000070
:1030A000B0B5044601F018F840F20F110546C2F21F
:1030B0000041621C097818BF0C4400BF01F00CF8F5
:1030C000401BA042FAD3B0BD90F89830013B012BD1
:1030D0000BD80068836D0B420CD0836D0B408B4284
:1030E0000CD1C36D43F0020309E000F19C01012003
:1030F000022221E0C36D43F0010300E00323C36516
:103100008B0504D5D0F8E0301343C0F8E0304B0510
:1031100004D5D0F8E4301A43C0F8E4204FF6FF722B
:10312000436DC3F6CF720A401A4342658A0F4AF6CE
:1031300014010020C4F200010B681A430A607047B2
:1031400090F89830022B1BD1B0B50368D3F8C0506B
:1031500015F07C5F1CD0D3F8C450AD021DD4D3F859
:10316000C4300546C3F304442346FEF7B9F8286883
:103170000121A140C0F8D0100020C5F89410B0BDC6
:10318000D0F89C1041F00801C0F89C100120704755
:10319000D0F89C1041F0200103E0D0F89C1041F4DD
:1031A0000071C0F89C100120B0BD000000000000BC
:1031B000704700000000000090F89820013A012AB2
:1031C0000BD880B50A68002ACA680ED00B69072A96
:1031D00043EA427E16D18B6919E0D0F89C1041F089
:1031E0000201C0F89C1001207047072A18D10A6913
:1031F000D1E906C3120442EA032242EA0C0242F079
:10320000605217E0D1F808C04B6943EA8C73006F35
:10321000496800EBC10240F831E05360002080BDF6
:103220008B68D1E904CE9B0743EAC26242EA0C42B2
:1032300042EA0E024968C06E40F82120002080BD9D
:1032400010B5044600F0DCFD2046BDE8104000F05B
:10325000BBBD00000000000070470000000000003F
:1032600070B590F89850022D11D1402914D10468FE
:10327000D4F8A05015F4FE0F2BD0D4F8A4506D064E
:103280002CD0D4F8A450ED0130D4002531E0D0F892
:103290009C1041F0080125E041290FD10468D4F8C1
:1032A000B05015F4FE0F14D0D4F8B4506D0615D0FC
:1032B000D4F8B450ED0126D4002527E0056DA942CD
:1032C00007D200F17C04D0F854E04FF0000C0D461A
:1032D00026E0D0F89C1041F0200103E0D0F89C10CB
:1032E00041F48071C0F89C10012070BDD4F8A0504A
:1032F000ED0FD4F8A440C4F3052404EB050E00F14F
:103300007404456C0BE0D4F8B050ED0FD4F8B44021
:10331000C4F3052404EB050E00F17804C56CF446F3
:1033200005FB0EFE256855F82E4014F080445460CD
:1033300055F82E4024F0604608BFC4F38A46166054
:1033400055F82E4004F00054946005EB8E0455F8B7
:103350002E6006F000461661A688D661E68816F053
:103360000F06D660666806F480165661666806F435
:1033700000169661E67906F07F06166266684FEAE7
:10338000D67656620ED04BF2F47E04F10805002486
:10339000C0F6010E2E5D1E550134D6681EF806607B
:1033A000B442F7D3402904D10068C0F8A8C0002077
:1033B00070BD412904D10068C0F8B8C0002070BDBC
:1033C0001F2907D80068012202FA01F1C0F89810FD
:1033D000002070BD006801F01F01012202FA01F116
:1033E000C0F89C10002070BD0068D0F8C40000F048
:1033F0003F00704700000000704700000000000020
:103400002DE9F04F87B004464AF61000C4F20000E0
:1034100001684AF61400C4F20000026820680A40FD
:10342000D0F850B0D0F85490056D466D036D0293FE
:10343000436D0193036D0693436D0593036D0493F0
:10344000436D0393D0F854A0D0F850805FEACA537C
:1034500010D518F480710DD04FF4807101654AF6D3
:1034600010010020C4F20001174608602046FFF753
:10347000C3FF3A460BEA090B4AF610095FEA4A50C5
:10348000C4F200094FEA82771AD518F4806017D089
:1034900020689146D0F8DC10D0F8E42011404FF4B9
:1034A000806202654AF61002C4F200020020106039
:1034B000204600F0FDFC4A464AF61009C4F2000915
:1034C00005EA06050BF4704657B120680021016536
:1034D00002F00300C9F8000020463946FFF768FEF5
:1034E000DDE9011000EA010705F00F0546B120688B
:1034F000314606650020C9F80000204600F0E0FCD7
:1035000007F0F00645B12068294605650020C9F896
:103510000000204600F0D0FB46B120683146066529
:103520000020C9F80000204600F00AFC5FEA0A50BB
:103530000CD518F4006009D020684FF400610165D3
:103540000020C9F80000204600F0BEFC5FEA8A5067
:1035500011D518F400700ED02068D0F8D810D0F82B
:10356000E02011404FF4007202650020C9F800000D
:10357000204600F0A1FC5FEA0A300CD518F40020C8
:1035800009D020684FF4002101650020C9F800002F
:10359000204600F08DFB5FEACA300CD518F480306D
:1035A00009D020684FF4803101650020C9F800007F
:1035B000204600F079FC5FEA4A30DDE9031000EABA
:1035C00001050CD518F4802009D020684FF4802123
:1035D00001650020C9F80000204600F061FC5FEAA8
:1035E0008A30DDE9051000EA010005F060710FD5B1
:1035F00018F400320CD022684FF400331365002217
:10360000C9F80020D4F89C2042F08002C4F89C2025
:1036100000F0715539B1206801650020C9F800003B
:103620002046FFF719FE4DB1206805650020C9F856
:103630000000D4F89C002843C4F89C002068A9F539
:103640000161884209D0D4F89C00002868D0204647
:1036500007B0BDE8F04FFFF7F3BD606881688907E8
:10366000F1D0016A426A036A476A114003EA07021D
:1036700002F03005D0F82080D0F82490D0F820B0A7
:10368000466A026A069211F00F01426A0592D0F86A
:1036900024A0026A049203D00162204600F0F4FBE9
:1036A00008EA09072DB1606829460562204600F046
:1036B000F3FB5FEA4A6006EA0B0607F4C0750ED515
:1036C000049810F040000AD060684023C16BC26BC0
:1036D000090C02F03F020362204600F0D9FBDDE94D
:1036E000051000EA010706F4FC462DB16068294682
:1036F0000562204600F0C4FB07F4F02036B1616893
:103700000E62D4F89C103143C4F89C1000289AD063
:1037100061680862D4F89C100843C4F89C0092E7E2
:1037200007B0BDE8F08F000040B32DE9F04F83B043
:103730004AF200080446C4F200080068404502D17D
:1037400008F58070606094F8980028B9002084F82B
:103750009900204600F0CCF92068816921F0100121
:10376000816100F0B9FC054620688169090707D529
:1037700000F0B2FC401B0B28F6D312E0012070478A
:10378000816941F00101816100F0A6FC054600BF9E
:1037900020688169C90711D100F09EFC401B0B28ED
:1037A000F6D30120D4F89C100843C4F89C000320F1
:1037B00084F89800012003B0BDE8F08F816941F0E2
:1037C00002018161217C826922F04002012918BF37
:1037D00040328261617C826922F48042012908BF03
:1037E00002F580428261A17C826922F48052012923
:1037F00018BF02F580528261816921F44073D4E9D7
:1038000002120B438361836923F0A403836103697C
:1038100023F0100303619AB1012A0DD0022A09D0C6
:103820008369032A43F080038361036943F0100234
:10383000026105D1202200E0042283691A438261DB
:10384000D4E90572E369561E6FF0FF02256A02EBA8
:103850000323B1F5407F43EA4663A5F1010646EA3A
:10386000030640F20003CFF6FF7303EB074746EA77
:103870000701C16110D1D4E90B65D4E90917013FF3
:1038800002EB06226FF00F063A4306EB05173A43A8
:1038900003EB01411143C160236E2BB1616ED0F87F
:1038A000C0201143C0F8C010E16DCDE90113D94229
:1038B0004BF2A821C0F6010109D0D0F8C820A36EB0
:1038C00022F0070251F823301A43C0F8C820D4F878
:1038D00040C0BCF1000F09D0D0F8BC20636C22F0CE
:1038E000070251F823301A43C0F8BC20D4F848B07E
:1038F000BBF1000F0AD0D0F8BC20E36C22F07002BC
:1039000051F8233042EA0312C0F8BC20D4F850A08A
:10391000BAF1000F0AD0D0F8BC20636D22F4E06247
:1039200051F8231042EA0121C0F8BC10404504D1EF
:1039300061688A6822F003028A600021C4F894104A
:10394000C4F89C10012184F8981004F13409D0F8CF
:1039500084104FF6FC729143656C99E80C02009557
:1039600041EA8201C0F88410D0F8841021F47F016C
:1039700041EA0341C0F884109918D0F888306FF3F9
:103980008F0343EA8103C0F88830D0F8883023F4ED
:10399000FE0343EA0943C0F8883001EB4903D0F83D
:1039A000A0606FF38F0646EA8306C0F8A060D0F8E7
:1039B000A06026F4FE0646EA0C46C0F8A06005FBAF
:1039C0000C36D0F8B0306FF38F0343EA8603C0F8AB
:1039D000B030D0F8B03023F4FE0343EA0B43C0F814
:1039E000B030E36CD0F8AC506FF38F0503FB0B667F
:1039F00045EA8605C0F8AC50D4F8548008FB0A6547
:103A0000D0F8F0606FF38F0646EA8506C0F8F060E4
:103A1000D0F8F0E0A66D2EF47C1747EA0647C0F810
:103A2000F070F70007EB8507D0F8C0506FF38F05F3
:103A30002F43C0F8C070D0F8C070009DDDF804E0DE
:103A400027F47C1705FB0CFC4AF2000547EA0E47F9
:103A5000C0F8C070C4F2000503FB0BC305F5406756
:103A6000D0F8C05007EB820207EB810125F07C57AC
:103A7000029D47EA0567C0F8C07001EBC90008FB6A
:103A80000A372167A16E00EB8C0C606700EB8303A3
:103A9000E266C4E91EC30EFB01F300EB8700694335
:103AA000C4F8800000EBC600C4F8840000EB83007B
:103AB000C4F8880000EB81004DF2FC31C4F2000133
:103AC000C4F89000884201D920206BE6824208D2D7
:103AD000002000BF42F8040BD4F890108A42F9D3BA
:103AE00069E6002003B0BDE8F08F00000000000090
:103AF000B0B5B6B0044602A8B8210025CDE93455CA
:103B0000CDE932553195FCF793FD4DF20041206827
:103B1000C4F20001884279D04AF20041C4F20001A7
:103B200088423DD04AF20001C4F20001884240F0D0
:103B3000BC80002003901D9002A84FF40041029128
:103B400001F00EFC08B1FDF783FB40F2585144F23E
:103B5000E040C2F20041C5F602000A68002A02F104
:103B600001020A6008D1C16841F48071C160C16876
:103B700001F48071019101990168152441F0080157
:103B800001600068132500F00800019040F2004039
:103B90000199C5F60200092100F5006003226AE0E0
:103BA000002003901D9002A84FF40041029101F003
:103BB000D7FB08B1FDF74CFB40F2585144F2E0400E
:103BC000C2F20041C5F602000A68002A02F10102B1
:103BD0000A6008D1C16841F48071C160C16801F414
:103BE0008071019101990168162441F00201016080
:103BF0000068142500F002000190019840F2004096
:103C000009214FF44052C5F6020034E04FF4004061
:103C1000029002A803951D9501F0A2FB08B1FDF7E3
:103C200017FB40F2585144F2E040C2F20041C5F6A1
:103C300002000A68002A02F101020A6008D1C16884
:103C400041F48071C160C16801F4807101910199F2
:103C50000168A02441F02001016000689F2500F068
:103C60002000019040F200400199C5F602000221B7
:103C700000F58050C022359131A931920222329252
:103C80000022CDE9332200F043F905210022284625
:103C900000F03EFB284600F027FB052100222046CD
:103CA00000F036FB204600F01FFB36B0B0BD000030
:103CB0007047000000000000012920D141F23801C6
:103CC000C2F200410978002908BF704710B58CB0D6
:103CD00041F23C04C2F200442268D2F83021824210
:103CE00004D0013904F10404F6D105E002AA6B46C0
:103CF0004021FFF7B5FA18B10CB0BDE8104070478D
:103D0000206890F82C21002AF6D000F59C73DDE99C
:103D1000021C03E0013A03F10403EDD01868002807
:103D2000F8D0C4686445F5D1D0E9054E0C4074451F
:103D3000F0D1026853686A469847DDE7000000004A
:103D4000102920D141F23801C2F20041097800293E
:103D500008BF704710B58CB041F23C04C2F2004479
:103D60002268D2F83021824204D0013904F10404DF
:103D7000F6D105E002AA6B464121FFF771FA18B1AE
:103D80000CB0BDE810407047206890F82C21002A44
:103D9000F6D000F59C73DDE9021C03E0013A03F163
:103DA0000403EDD018680028F8D0C4686445F5D144
:103DB000D0E9054E0C407445F0D1026853686A465C
:103DC0009847DDE70000000090F8981001290CD119
:103DD000022180F8981001688A6922F001028A6144
:103DE0000021C0F89C1000207047D0F89C1041F0D2
:103DF0000401C0F89C100120704700000000000082
:103E000090F89810022928D101688A6942F00102CD
:103E10008A618A69D20706D1342200BF013A24D0D0
:103E20008B69DB07FAD08A6922F010028A618A69FD
:103E3000120706D5342200BF013A16D08B691B0742
:103E4000FAD48A6942F002028A610021C0F8941013
:103E5000012180F8981000207047D0F89C1041F0A4
:103E60000801C0F89C1001207047D0F89C1041F068
:103E70000101C0F89C10032180F8981001207047C0
:103E800070470000000000007047000000000000C4
:103E900070470000000000007047000000000000B4
:103EA00070470000000000007047000000000000A4
:103EB0007047000000000000704700000000000094
:103EC0007047000000000000704700000000000084
:103ED00090FAA0F0B0FA80F00F2888BF704741F246
:103EE0008C01C2F2004151F8200010B1016809684C
:103EF00008477047000000008821C5F600010A68E5
:103F0000024208BF70470860FFF7E2BF00000000F0
:103F10002DE9F04F83B00E68002E00F0C78000F14D
:103F2000264742F2004507F1FF77C5F602050A224F
:103F3000A8424FEAB72500F1200308BF09220093E9
:103F4000082D38BF4FEAB722002400274FF0000A9F
:103F500001920AE00AF1010A0E6836FA0AF207F144
:103F6000020704F1040400F0A180012202FA0AFB16
:103F700016EA0B08EED0D1F80490032209F0030EE4
:103F8000AEF10106012E02FA07F610D8D0F808C0EB
:103F9000CD682CEA0602BD402A438260C9F30015B1
:103FA000426822EA0B0205FA0AF52A434260BEF192
:103FB000030F1FD0C2688D68B243BD40BEF1020F2F
:103FC00042EA0502C26015D16FF00302009D02EAC9
:103FD0005A0B04F01C030F2255F80BC002FA03FE23
:103FE000D1F810902CEA0E0C09FA03F343EA0C0303
:103FF00045F80B3002684B68B24303F00306BE403D
:1040000013F4403F42EA06020260A3D044F2F443B4
:1040100040F2084CC5F60203C5F6000C0F251A68DD
:1040200042F002021A601A6802F0020202922AF0BA
:104030000302029B04F00C0352F80C609D40AE4357
:10404000019D05FA03F3334342F80C304FF0B04CB6
:10405000DCF800204B6842EA0806DD0258BF22EA7D
:1040600008069D02CCF8006040F2040CC5F6000C76
:10407000DCF8002042EA080658BF22EA08069D0341
:10408000CCF80060DCF8802042EA080658BF22EA3B
:104090000806DB03CCF88060DCF87C2042EA0806E6
:1040A00058BF22EA0806CCF87C6053E703B0BDE8AD
:1040B000F08F0000000000000069084018BF0120D8
:1040C0007047000000000000002A08BF0904816159
:1040D000704700000000000041F66800C2F2014095
:1040E000006870470000000040F20F1041F66801C0
:1040F000C2F20040C2F2014100780A681044086030
:10410000704700000000000080B5032000F030F987
:1041100001F0B6FF44F218414BF22E33C5F602010E
:10412000C0F601030A68C2F303229A5C096801F031
:104130000F0102F01F02595CD04040F22C02C2F283
:10414000004201F01F0120FA01F1116040F2280144
:10415000C2F2004108600F2000F00AF800281CBFDE
:10416000012080BD00F0A8F8002080BD0000000004
:104170000F2847D8B0B58AB0044636200022214621
:10418000002500F0C5F8362000F0AEF840F210101F
:10419000C2F20040046044F2E840C5F60200016843
:1041A00041F010010160006801A900F010000290C8
:1041B000029802A801F0B0FE079C002C18BF012451
:1041C00001F0FEFE4DF68361A040C4F21B3141F2C6
:1041D0000002A0FB010143F2BC40C2F200404FF0DC
:1041E000FF33C4F20002026003EB9141C0E9011504
:1041F00040F2E731C0E9031502F08AFE20B1012048
:104200000AB0B0BD0120704743F2BC40C2F200408A
:1042100002F072FF0AB0B0BD10B54EF6A05E437852
:10422000CEF2000E90F800C04EF8083CDEF80030E8
:1042300023F00103CEF8003043684EF8043C037BC2
:10424000C27A817A447B120642EA0372837B42EA95
:10425000C141C27B41EA8441447A41EA4341007A48
:1042600041EA024141EA042141EA400040EA0C00EF
:10427000CEF8000010BD00004EF62450CEF2000033
:10428000BFF35F8F016821F4803101600021016775
:1042900070470000000000004EF6245140F001007D
:1042A000CEF200010867086840F480300860BFF370
:1042B0004F8FBFF36F8F704781B044F2F4400022FC
:1042C000C5F60200016841F00201016000680F219B
:1042D00000F0020000906FF00100009B01B000F0C0
:1042E00017B8000000000000002848BF704700F029
:1042F0001F01012202FA01F14EF20012C0F34A102E
:10430000CEF2000242F820107047000000000000CA
:1043100070B54EF60C5C4FF0FF36CEF2000C00F19B
:10432000604505F56445DCF80030C3F3022E8EF0DD
:104330000703042B28BF0423BEF1030406FA03F38A
:1043400021EA030100F00F0338BF0024043B0028DA
:10435000634406FA04F048BF03F10C05A14022EAC9
:10436000000008430001287070BD0000000000003C
:104370004EF60C514FF6FF03CEF200010A681A40C8
:1043800060F30A2242F0806040F0FD7008607047E0
:1043900001680122C0F8D824002280F8CC24886962
:1043A00040F000608861486D40F08052002042F08B
:1043B00003024A65704700007047000000000000DB
:1043C0000268002051627047B0B5D0F800E0DEF816
:1043D0002400D1B1DEF82830B1F1010C00EB134319
:1043E0000BD05FFA8CF10EF58070002450F8045F5A
:1043F00001348C4203EB1543F8D30EEB8C0043EAF7
:104400000241C0F804110020B0BD40EA0240CEF8DD
:1044100028000020B0BD0000D0F8E00406F014BD74
:1044200001EBC10200EB8202D0F8E004126A06F050
:1044300077BC00000000000001EBC10200EB82022B
:10444000D0F8E004D2F8602206F0C2BC0000000000
:10445000D0F8E00406F0FCBC10B54FFA81FC0A4627
:1044600001F00F0E4FF41571BCF1000F4FEAD2129C
:1044700048BF14210EEBCE0C90F89444431803EB84
:104480008C01012C03F82CE04A7001D1022010BDF0
:10449000012280F8942402680446104607F034FA9A
:1044A000002084F8940410BDB0B5027901F00F0328
:1044B000934201D90120B0BD4AB24FF41574002ACD
:1044C00003EBC30E48BF1424C909021990F89444A1
:1044D00002EB8E0C012C4FF000048CF801108CF8CC
:1044E000024002F82E3001D10220B0BD012180F837
:1044F0009414016805460846614607F091FB204682
:1045000085F89444B0BD000001F00F0101EBC1013A
:1045100000EB8100D0F86802704700000000000046
:1045200070B58C464FF4157449B20CF00F0E6FF352
:10453000DF22002948BF14240EEBCE0604445FEAB4
:10454000DC1504EB860104F826E04D708A600B71DF
:1045500018BFA1F81AE0022B01D100224A7190F88D
:104560009424012A01D1022070BD012280F89424F4
:1045700002680446104607F0E7F8002084F8940427
:1045800070BD00000000000080B501F00F0C0CEBC6
:10459000CC0100EB810E0021CEE998238379CEF87F
:1045A00068128EF855120EF51571012B8EF854C253
:1045B00008BFCA6100681A4607F07AFB002080BD78
:1045C000B0B5027901F00F0494424FF001022AD8ED
:1045D0004BB24FEAD11C002B4FF4157548BF214652
:1045E00048BF142590F894E401EBC1030544BEF1E3
:1045F000010F05EB830105F8234081F801C08A70A3
:1046000001D10220B0BD80F894240546006807F06F
:104610002FFB2CB9A979286805F29C4207F0D0FA43
:10462000002285F894241046B0BD00000000000070
:1046300080B501F00F0C90F806E00CEBCC01BEF158
:10464000010F00EB810101F814CF4FF0000C0B615A
:104650004FF00103CA60C1F814C04B7008BFCA61B3
:104660000068724607F024FB002080BD00000000B7
:104670002DE9F04F87B005688246284607F098FC80
:1046800010B107B0BDE8F08FDAF8000007F0C0FC09
:104690000028F6D0D5F80808C0F30D20CAF8D404D5
:1046A000DAF8000007F0B4FC800705D5DAF800005E
:1046B000416901F00201416105F500600590DAF8F9
:1046C000000007F0A5FCC006069536D5DAF8000014
:1046D000816921F0100181612C6A04F00F0000EB68
:1046E000C001C4F343400AEB8101062801F51575AA
:1046F00011D002281AD147F6F07014EA000615D03E
:104700003409E9680698224607F086FCE86800EB61
:104710001610E86007E00AF29C410822069807F0AC
:104720007BFCC4F30A14686920446861DAF800006D
:10473000816941F010018161069DDAF8000007F0FF
:1047400067FC000340F1F280DAF8000007F03CFC5F
:10475000002800F0EB8006464FF4306800244FF04C
:10476000000B0AF29C40049009E000BF0BF1010B22
:10477000760808F1200804F1240400F0D780F0073F
:10478000F4D05FFA8BF9DAF80000494607F038FCFC
:104790000746C0075FD005EB080001218160DAF809
:1047A000000008EB0001036C8A689AF80650012D9E
:1047B00025D1150732D4950600F1B08043F20B05E0
:1047C000C4F65475AB42069D02D312F400422FD1B9
:1047D0000AEB0402D2F8743209696FF3DF41A3EBEC
:1047E0000101C2F8681294BBD2F86432002B00F0C9
:1047F0009B80D2F860020844C2F8600227E043F2CE
:104800000B05C4F65475FF35AB4217D11004069D55
:104810000ED490061BD52020886018E043F20B00D0
:10482000069DC4F65470834215D312F4004012D092
:104830004FF40040886038070FD437E0069D34B944
:10484000DAF8641219B90021049A07F0B9F9504650
:104850004946FFF7F1FD380728D505EB0800082188
:10486000816043F20B01DAF80000C4F65471056C64
:1048700040448D42816805D311F400411CBF4FF4C0
:1048800000418160504600F0C3FB43F20B00C4F6C8
:1048900054708542069D09D39AF80600012805D177
:1048A000DAF800000121049A07F08AF9F80607D423
:1048B000B8070BD4B80624D4B8047FF557AF27E067
:1048C00005EB080010218160B807F3D56869000680
:1048D00004D50599486840F4806048600AEB0400FC
:1048E00090F85712012906D1002180F8571250463E
:1048F000494600F0A9FA05EB080002218160B806DC
:10490000DAD505EB080020218160B8047FF52EAFD1
:1049100005EB08004FF40051816027E720208860F4
:10492000069D380799D4C1E701218DE7DAF8000028
:1049300007F06EFB400340F1DC80DAF8000007F07E
:104940003BFB002800F0D5800646069800F510696C
:104950000AF1140B00270AF29C400290CDE903B93A
:1049600005E000BF760807F1010700F0C280F007FC
:10497000F8D0FDB2DAF80000294607F02DFB044616
:10498000C0070BD1200733D4E00637D460063BD4F0
:10499000A0073FD42006E5D555E000BF059B07F0F2
:1049A0000F004FF0010C09EB47120CFA00F0596BA5
:1049B00021EA00005863C2F808C09AF806000128EE
:1049C00010D107EBC7000BEB8000D0E902121144B5
:1049D000C1603FB9006928B9DAF800000121029AE4
:1049E00007F0EEF850462946FFF71AFD2007CBD511
:1049F00009EB471008218160E006C7D509EB471095
:104A0000102181606006C3D509EB47104021816009
:104A1000A007BFD50698394607F096FA07EBC700FE
:104A20000BEB800010F8031F012905D10021017054
:104A30005046294600F004FA09EB47100221816034
:104A400020067FF58FAF07EBC7000BEB8008D8E996
:104A500004108142FFF486AFDAF80040081AD8F853
:104A60000810884238BF014604EB47100331D0F8E4
:104A7000182992B2B2EB910F28D300F5106900BF4C
:104A8000D8E90410814221D9081A9AF80620D8E9F9
:104A900002B1584538BF8346009220461FFA8BF377
:104AA0002A4607F0ADFBD8F80C00D8F8141058448B
:104AB000C8F80C0001EB0B00C8F814000BF1030060
:104AC000D9F8181089B2B1EB900FD9D2D8E9040106
:104AD0008842DDE903B93FF645AF07F00F00012139
:104AE00001FA00F0D4F8341821EA0000C4F83408C0
:104AF00038E7DAF8000007F08BFAB0F1FF3F069CC8
:104B000019DC0599486820F0010048609AF8CC0447
:104B1000012807D100208AF8CC0400215046FFF775
:104B20004BFC02E0504600F057FADAF80000416909
:104B300001F000414161DAF8000007F069FA000570
:104B40000CD505988068C00702D0504600F088FA5E
:104B5000DAF80000416901F400614161DAF800000F
:104B600007F056FA000117D5DAF80000416901F0A4
:104B7000006141619AF8CC1419B1504600F070FA06
:104B80000AE001218AF8CC14406DC0F38300CAF812
:104B9000D0045046FFF710FCDAF8000007F038FAAE
:104BA000C00453D50599486820F001004860DAF840
:104BB0000000102107F0C8F99AF80400D8B104F5F4
:104BC00010614FF67F3200BF8A6001380B6823F412
:104BD00000130B60C1F80822D1F8003223F400134F
:104BE000C1F80032D1F8003243F00063C1F800325E
:104BF00001F12001E8D1059F84214422F86940F0A9
:104C00000110F8619AF80F0000284FF00B0008BF60
:104C1000142104BF42F22B0010227B581843785015
:104C2000B85840F00B00B85038680AF29C4220F4A3
:104C3000FE6038609AF80610DAF8000006F0C0FF4F
:104C4000DAF80000416901F480514161DAF80000AE
:104C500007F0DEF980041CD5DAF8000006F0B8FD94
:104C6000DAF8000007F094F98AF80700DAF8004053
:104C700001F07EF99AF807200146204607F038FA3D
:104C8000504600F095F9DAF80000416901F400514E
:104C90004161DAF8000007F0BBF9000708D550467B
:104CA00000F09EF9DAF80000416901F00801416165
:104CB000DAF8000007F0ACF900062AD506998869F1
:104CC00020F0800088619AF80400022821D30AF5B8
:104CD00015740AF11405012640F27B2706E000BF97
:104CE0009AF8040001362437864212D21AF80700D7
:104CF0000128F5D106F00F00320600EBC00005EBED
:104D0000800158BF04EB8001DAF8000007F0CCF80E
:104D1000E6E7DAF8000007F07BF9C0022FD59AF831
:104D20000400022825D306980AF1140400F5126540
:104D30000AF13B064FF00108012706E09AF804004B
:104D4000013720352436874213D22868717801292B
:104D5000F4D1B0F1FF3FF1DC07F00F0086F80080DE
:104D600000EBC00004EB8001DAF8000007F09CF8CB
:104D7000E4E7DAF80000416901F480114161DAF8F2
:104D8000000007F045F9800233D59AF80410069D1B
:104D9000022928D305F5326001390AF51F72012373
:104DA00006E000BF013900F1200002F124021AD010
:104DB00007681678012EF5D1B7F1FF3FF2DCDAF87B
:104DC000D46486EA1747FF07ECD102F8013CAF69CB
:104DD00047F08007AF616F693F06E3D405994868E3
:104DE00040F400704860DAF80000416901F40011F5
:104DF0004161DAF8000007F00BF9400008D5504691
:104E0000FFF70AFBDAF80000416901F080414161D7
:104E1000DAF8000007F0FCF840077FF532ACDAF86A
:104E200000004468600702D55046FFF711FBDAF82E
:104E3000000041682143416007B0BDE8F08F0000E9
:104E4000D0F8E00406F06CB8D0F8E00406F080B8C2
:104E5000002862D010B582B0044690F8950428B9B5
:104E6000002084F89404204600F06AF8032084F8B7
:104E70009504206806F09CFED4E9000194F810C067
:104E8000D4E90223CDF800C006F0B2FC00283ED1E0
:104E90002068002107F0E4F8C8BB207960B300EB7C
:104EA000C00000214FEA800E4FF0010C00230022C9
:104EB000E01824339E450275C28502F1010280F894
:104EC00015C00176C16101624162F1D10021002269
:104ED000002300BFA0182432964580F8543203F115
:104EE000010380F8551280F85812C0F85C12C0F81F
:104EF0006012C0F86412EDD1D4E9000194F810C03A
:104F0000D4E90223CDF800C006F05EFD38B10220DE
:104F100084F89504012002B010BD012070470020E4
:104F20006074012084F89504207B012802D120467A
:104F3000FFF72EFA206806F037FD002002B010BD02
:104F400010B5B0B0044602A8B821FBF771FB0021F0
:104F50002068C4F20401884201D030B010BD0020A6
:104F600003904FF4802002904FF44010239002A849
:104F700000F0F6F908B1FCF76BF900F0B1F844F273
:104F8000D8400022C5F60200016841F000710160BE
:104F90000068052100F00070019001984D20FFF796
:104FA000B7F94D20FFF7A0F930B010BD00000000A8
:104FB00010B5C179044621B1022901D0FCF748F9A6
:104FC0000121D4F8E00406F04FF8D4F8E004BDE87D
:104FD000104005F0FDBF0000D0F8E00406F028B84E
:104FE000D0F8E00406F030B890F89424012A01D1FA
:104FF0000220704710B5012280F8942441740446C1
:105000000268104607F060F8002084F8940410BD90
:10501000D0F8E02400F29C41104606F03DB80000B4
:1050200010B5044690F89404012801D1022010BD67
:105030002068012184F89414C168490606D5617B73
:10504000012903D1816B41F48031816306F074FF43
:10505000206806F099FC002084F8940410BD00003C
:1050600010B50446D0F8E00406F06EF82068D0F8D9
:10507000001E41F00101C0F8001EE07A002808BFC0
:1050800010BD4EF61050CEF20000016841F006014E
:10509000016010BD00000000B0B544F60C05C5F677
:1050A000020529684907296805D401F00701081A93
:1050B00018BF0120B0BD21F0070108432860FFF7A9
:1050C0000BF8044655F8080C800407D4FFF704F8E1
:1050D000001BB0F57A7FF5D90120B0BD0020B0BD2E
:1050E00044F60C00C5F60200016841F080710160D1
:1050F000704700000000000080B500F039FF44F266
:1051000020414BF22E32C5F60201C0F601020968B9
:10511000C1F30211515C01F01F01C84080BD0000C5
:1051200080B544F2384EC5F6020E5EF8103C5EF8CB
:10513000101C5EF80C2CC1F3053CDEF80410BCF129
:10514000000F18D0C9089FED3A1AD20601EAE271A1
:1051500003F003026FF35F3100EE101AB8EE400A5D
:10516000DFE802F0021F0E1F5EF8381C89060AD421
:105170009FED311A15E000218160C0E9001180BD6A
:105180009FED2C1A0DE05EF8381C49F20002C0F2C7
:10519000D032C1F3C10122FA01F101EE101AB8EECA
:1051A000411ADEF800109FED253A6FF35F2102EE01
:1051B000101ADEF80010C1F34621B8EE422A013180
:1051C00000EE032A00EE10CAB7EE003AB8EE400A2D
:1051D00081EE000A32EE031A20EE010A01EE101AE7
:1051E000B8EE411A80EE011ABCEEC11A80ED001A29
:1051F000DEF80010C1F30641013101EE101AB8EEDD
:10520000411A80EE011ABCEEC11A80ED011ADEF8D7
:105210000010C1F30661013101EE101AB8EE411A17
:1052200080EE010ABCEEC00A10EE101A816080BD4B
:105230000024744A20BCBE4B0024744C000000398A
:1052400080B544F2404EC5F6020E5EF8183C5EF89A
:10525000181C5EF8142CC1F3055CDEF80410BCF1D8
:10526000000F18D0C9089FED3A1AD20501EAE27181
:1052700003F003026FF35F3100EE101AB8EE400A3C
:10528000DFE802F0021F0E1F5EF8401C89060AD4F8
:105290009FED311A15E000218160C0E9001180BD49
:1052A0009FED2C1A0DE05EF8401C49F20002C0F29E
:1052B000D032C1F3C10122FA01F101EE101AB8EEA9
:1052C000411ADEF800109FED253A6FF35F2102EEE0
:1052D000101ADEF80010C1F34621B8EE422A01315F
:1052E00000EE032A00EE10CAB7EE003AB8EE400A0C
:1052F00081EE000A32EE031A20EE010A01EE101AC6
:10530000B8EE411A80EE011ABCEEC11A80ED001A07
:10531000DEF80010C1F30641013101EE101AB8EEBB
:10532000411A80EE011ABCEEC11A80ED011ADEF8B6
:105330000010C1F30661013101EE101AB8EE411AF6
:1053400080EE010ABCEEC00A10EE101A816080BD2A
:105350000024744A20BCBE4B0024744C0000003969
:105360002DE9F04381B00446C07844F22C4900078F
:10537000C5F6020901D4002520E0606E4FEA3050E6
:10538000032835D80025DFE800F0020A1C22D9F8EE
:10539000000040F40030C9F80000D5B906E004F17F
:1053A0000800022103F0F0FC054695B9D9F8240065
:1053B000616E20F440100843C9F824004FF0000843
:1053C00008E004F12800022103F06EFD0546002DDF
:1053D000ECD0A8466078C0071ED0A06D04283ED847
:1053E000DFE800F02B340A0303006DB1A84613E098
:1053F0000125002DEDD1D9E704F12800002103F0AB
:1054000053FD0546002DF1D1D9F82400A16D20F0FF
:1054100007000843C9F824006078400747D5D4F84E
:10542000A4004FEA705005282CD8DFE800F01C2FAC
:105430002503030395B3A84639E0D9F8000040F4EA
:105440000030C9F80000002DD0D1DDE704F10800DC
:10545000002103F099FC0546002DC7D1D4E70125B2
:10546000002DC3D1D0E7D9F8000040F40030C9F8CE
:105470000000002DDFD111E004F12800002103F02D
:1054800013FD08E00125002DD5D107E004F1080047
:10549000002103F079FC0546002DCCD1D9F82C0071
:1054A000D4F8A41020F460000843C9F82C006078F8
:1054B000000731D5D4F8A8004FEA3060052816D887
:1054C000DFE800F006190F030303E5B1A84623E067
:1054D000D9F8000040F40030C9F80000002DF5D1E3
:1054E00011E004F12800002103F0DEFC08E00125B2
:1054F000002DEBD107E004F10800002103F044FC8B
:105500000546002DE2D1D9F82C00D4F8A81020F0DF
:10551000E0600843C9F82C00E07880071BD5E06CF8
:105520004FEA301003282FD8DFE800F002052502EB
:105530004DB1A8460FE0D9F8000040F40030C9F89A
:105540000000002DF5D1D9F82000E16C20F03000EA
:105550000843C9F820006078C00629D5E06D4FEAFD
:105560003030042849D8DFE800F0363F1303030049
:10557000B5B1A8461CE004F10800022103F004FCC8
:105580000546002DD5D1DEE70125002DD1D1DAE782
:1055900004F12800002103F087FC0546002DE8D126
:1055A000D9F82400E16D20F4E0400843C9F8240054
:1055B0006078800639D5206E4FEA3040052829D81A
:1055C000DFE800F025031F25252504F1080001214F
:1055D00003F0DAFB1AE0D9F8000040F40030C9F813
:1055E0000000002DC5D1DBE704F10800002103F025
:1055F000CBFB0546002DBCD1D2E70125002DB8D14B
:10560000CEE704F12800012103F04EFC054625B148
:10561000A8460AE00125002DFAD1D9F82400216E10
:1056200020F4E0200843C9F824006078400625D51E
:10563000D4F8AC004FEA3070052813D8DFE800F04A
:105640000F03090F0F0F04F10800012103F09CFB69
:1056500004E004F12800012103F026FC054625B1F1
:10566000A8460BE00125002DFAD1D9F82C00D4F87A
:10567000AC1020F0E0400843C9F82C006078000628
:1056800020D5E06ED8B1B0F1005F12D0B0F1805FEC
:1056900026D1D9F8000040F40030C9F8000085B9DF
:1056A000D9F82400E16E20F040500843C9F82400E6
:1056B00008E004F10800012103F066FB0546002D17
:1056C000EED0A846E078C0071ED0A06C032800F2F8
:1056D0008080DFE800F0020974026DB1A84613E093
:1056E0000125002DEDD1DBE7D9F8000040F40030B2
:1056F000C9F80000002DF1D1D9F82000A16C20F0EC
:1057000003000843C9F82000A078400644D5D9F822
:10571000D40340F48070C9F8D403FEF7DDFC0646DC
:10572000D9F8D403C00505D4FEF7D6FC801B652844
:10573000F6D303257DBBD9F84410D4F8B00041401E
:1057400011F4407F11D0D9F84410D9F8442042F424
:105750008032C9F84420D9F8442021F4407122F461
:105760008032C9F84420C9F84410B0F5807F0FD1C9
:10577000FEF7B2FC064641F2893700BFD9F8440073
:10578000800705D4FEF7A8FC801BB842F6D303259A
:10579000002D00F07A82A8462078C00732D0A06F92
:1057A0004FEAF000052822D8DFE800F01E03181E9B
:1057B0001E1E04F10800012103F0E6FA13E004F1D3
:1057C0000800022103F0E0FA0546002D7FF486AFC1
:1057D00092E70125002D7FF481AF8DE704F12800C9
:1057E000012103F061FB054625B1A8460AE0012529
:1057F000002DFAD1D9F82800A16F20F03800084315
:10580000C9F828002078800721D5606F052813D8B3
:10581000DFE800F00F03090F0F0F04F1080001216A
:1058200003F0B2FA04E004F12800012103F03CFB8C
:10583000054625B1A8460AE00125002DFAD1D9F880
:105840002800616F20F007000843C9F8280020787D
:10585000400723D5D4F89000052813D8DFE800F0DE
:105860000F03090F0F0F04F10800012103F08CFA58
:1058700004E004F12800012103F016FB054625B1E0
:10588000A8460BE00125002DFAD1D9F82C00D4F858
:10589000901020F007000843C9F82C0020788006FB
:1058A00025D5D4F88C004FEA3070052813D8DFE8EE
:1058B00000F00F03090F0F0F04F10800002103F09F
:1058C00063FA04E004F12800022103F0EDFA054632
:1058D00025B1A8460BE00125002DFAD1D9F8280002
:1058E000D4F88C1020F0E0400843C9F82800207854
:1058F000400625D5D4F898004FEAB020052813D8E3
:10590000DFE800F00F03090F0F0F04F1080000217A
:1059100003F03AFA04E004F12800022103F0C4FA8B
:10592000054625B1A8460BE00125002DFAD1D9F88E
:105930002C00D4F8981020F4E0500843C9F82C004B
:105940002078000625D5D4F89C004FEA7030052851
:1059500013D8DFE800F00F03090F0F0F04F1080060
:10596000002103F011FA04E004F12800022103F001
:105970009BFA054625B1A8460BE00125002DFAD17A
:10598000D9F82C00D4F89C1020F460400843C9F8E2
:105990002C002078000716D5D4F88000B0F5805F81
:1059A00008D104F12800022103F07EFA002818BF74
:1059B0004FF00108D9F82800D4F8801020F44050A6
:1059C0000843C9F828002078C00616D5D4F89400FA
:1059D000B0F5807F08D104F12800022103F064FAB9
:1059E000002818BF4FF00108D9F82C00D4F8941003
:1059F00020F440700843C9F82C00A078000724D593
:105A0000D4F8A000B0F5003F1CD0B0F5803F13D013
:105A1000002840F0E58004F10800002103F0B4F90B
:105A200005468DB9D9F82C00D4F8A01020F44030E8
:105A30000843C9F82C0008E004F12800022103F013
:105A400033FA0546002DEDD0A846A078400725D5AD
:105A5000D4F88400B0F5401F1DD0B0F5001F14D05D
:105A6000B0F5801F40F0C180D9F8000040F400304C
:105A7000C9F800008DB9D9F82800D4F8841020F4B2
:105A800040100843C9F8280008E004F1280001216B
:105A900003F00AFA0546002DEDD0A846A078C0070D
:105AA0001FD0206DB0F5803F0BD0002840F09380D0
:105AB000D9F8000040F40030C9F800004DB1A84604
:105AC0000FE004F10800022103F05EF90546002D05
:105AD000F5D1D9F82000216D20F480300843C9F8B1
:105AE0002000E078800608D504F12800022103F0A8
:105AF000DBF9002818BF4FF00108D4E900108A0331
:105B000040F18280E26F6FF0010303EB3223022B3E
:105B10000AD34FEA32233BB1012B6BD1D9F80030C5
:105B200043F40033C9F80030002D66D0CA026ED4A9
:105B30008A0277D44A0000F18080CA0F40F08D803D
:105B4000090200F19580C00707D004F10800002188
:105B500003F01AF9002818BF05462079800707D5F9
:105B600004F10800012103F00FF9002818BF0546D1
:105B70002079400707D504F10800022103F004F959
:105B8000002818BF05462079000707D504F1280032
:105B9000002103F089F9002818BF05462079C006C6
:105BA00007D504F12800012103F07EF9002818BF71
:105BB00005462079800607D504F12800022103F06C
:105BC00073F9002818BF0125002D18BF01252846AC
:105BD00001B0BDE8F0830125002D7FF470AF78E7B8
:105BE0000125002D7FF430AF1CE70125002D7FF447
:105BF00054AF40E70125002D98D1D9F8283023F47F
:105C000040731A43C9F828204546CA0290D5D9F8EE
:105C10002420236F22F000421A43C9F824208A026C
:105C20007FF588AFD9F82420A36E22F080721A4342
:105C3000C9F824204A007FF580AF59F81C2C22F4C3
:105C4000004249F81C2CD4F8B42059F81C3C1A43E3
:105C500049F81C2CCA0F3FF473AFD9F82020636DAC
:105C600022F040521A43C9F8202009027FF56BAF99
:105C7000D9F82810D4F8882021F440011143C9F83C
:105C80002810C0077FF461AF67E74FF6CF73D4F8F1
:105C9000B00059F81C2CC0F2FF0300F4407122F44C
:105CA0007C5203EA1013B1F5407F08BF1A436FF32B
:105CB0001F3049F81C2CD9F844100843C9F8440097
:105CC0006AE50000000000002DE9F04381B00028E3
:105CD00000F0F88042F200080446C5F20028894628
:105CE000D8F8000000F00F0081420ED9D8F800006B
:105CF00020F00F0040EA0900C8F80000D8F80000C2
:105D000000F00F00484540F0DD80206844F218475D
:105D10004107C5F602070AD521693A6802F0700208
:105D2000914204D93A6822F07002114339600107A8
:105D30000AD561697A6802F07002914204D97A68E2
:105D400022F0700211437960C1060AD5A1697A6810
:105D500002F4E062914204D97A6822F4E0621143CD
:105D6000796081060AD5E169BA6802F07002914251
:105D700004D9BA6822F070021143B96081070AD5CC
:105D8000E1683A6802F00F02914204D93A6822F0C1
:105D90000F0211433960C00740F0808020688107FE
:105DA0000AD5E1683A6802F00F02914204D23A68DB
:105DB00022F00F0211433960D8F8001001F00F01F2
:105DC00089450DD2D8F8001021F00F0141EA0901F0
:105DD000C8F80010D8F8001001F00F01494571D142
:105DE00041070AD521693A6802F07002914204D253
:105DF0003A6822F070021143396001070AD56169DF
:105E00007A6802F07002914204D27A6822F070023D
:105E100011437960C1060AD5A1697A6802F4E0628B
:105E2000914204D27A6822F4E062114379608006DC
:105E30000AD5E069B96801F07001884204D2B968F6
:105E400021F070010843B86000F01AF939684BF28C
:105E50002E32C0F60102C1F30321515C3B6803F00E
:105E60000F0301F01F01D25C20FA01F102F01F00C4
:105E700040F22C02C2F2004221FA00F0106040F21F
:105E8000101040F22802C2F20040C2F20042006844
:105E9000116001B0BDE8F043FEF76AB9386820F43C
:105EA0007061D4E9010211433960012857F8181CC8
:105EB0000CD0032804D0022828D1890302D507E09A
:105EC000890105D4012001B0BDE8F083C905F9D5E9
:105ED00057F8081C21F00701084347F8080CFEF7A3
:105EE000FBF8064641F2883557F8080C616800F067
:105EF0003800B0EBC10F3FF451AFFEF7EDF8801B57
:105F0000A842F1D9032001B0BDE8F0834907D9D5F3
:105F1000DEE70000000000003F22026044F2184269
:105F2000C5F6020252F8083C03F007034360136809
:105F300003F470638360136803F00F03C360136896
:105F400003F070030361536803F070034361536807
:105F500003F4E0638361926802F07002C26142F26E
:105F60000000C5F20020006800F00F0008607047D4
:105F700080B500F085F844F218414BF22E33C5F697
:105F80000201C0F601030A68C2F303229A5C0968A1
:105F900001F00F0102F01F02595C20FA02F201F039
:105FA0001F0040F22C01C2F2004122FA00F008600A
:105FB00040F22801C2F200410A6080BD00000000EA
:105FC00080B500F05DF844F2184C4BF22E33C5F664
:105FD000020CC0F60103DCF80020C2F303229A5C35
:105FE000DCF8001001F00F0102F01F02595CD040F4
:105FF00040F22C02C2F2004201F01F0120FA01F12E
:10600000116040F22802C2F200421060DCF8040085
:10601000C0F30210185C00F01F0021FA00F080BDF0
:1060200080B500F02DF844F2184C4BF22E33C5F633
:10603000020CC0F60103DCF80020C2F303229A5CD4
:10604000DCF8001001F00F0102F01F02595CD04093
:1060500040F22C02C2F2004201F01F0120FA01F1CD
:10606000116040F22802C2F200421060DCF8040025
:10607000C0F30220185C00F01F0021FA00F080BD80
:1060800044F20041C5F602010869C0F3C2000328CA
:1060900014D002280DD088BB0868800649F20000A1
:1060A000C0F2D03058BF70470968C1F3C101C84081
:1060B000704747F64000C0F27D1070478B6A886ACF
:1060C000D1F82CC04A6BC0F30510E0B1C2F3CC028A
:1060D00003F0030300EE102A9FED291AB8EE400AE0
:1060E00020EE010A9FED271ADFE803F0021F0F1FC1
:1060F0000A6892060CD49FED251A16E040F60010AF
:10610000C0F23D007047002070479FED1F1A0CE061
:106110000A6849F20003C0F2D033C2F3C10223FA85
:1061200002F201EE102AB8EE411A0A6B9FED183AFE
:106130006FF35F2202EE102A5FEACC7203FE000AC0
:1061400003EE100A086BB8EE422AC0F34620B8EE00
:10615000433A013030EE020AB7EE002A81EE031A0C
:1061600030EE020A21EE000A01EE100AB8EE411AE2
:1061700080EE010ABCEEC00A10EE100A704700BFA4
:10618000000000390024744A20BCBE4B0024744C2B
:1061900000000000000000002DE9F04381B000285D
:1061A00000F097818046007844F20049C007C5F6A8
:1061B000020954D0D9F8100000F03801D9F82800AD
:1061C000102905D018290CD100F00300022808D1AD
:1061D000D9F8000080033ED5D8F80400D8BB0127C9
:1061E0002CE0D8F80450D9F800002DB1B5F5A02F57
:1061F0000BD0B5F5803F0ED020F48030C9F80000F8
:10620000D9F8000020F4802007E040F48020C9F88D
:106210000000D9F8000040F48030C9F80000FDF714
:106220005BFF002D054612D0D9F80000800312D480
:10623000FDF752FF401B6428F6D90327002070B9F0
:106240008CE100BFFDF748FF401B6428F5D8D9F862
:1062500000008003F6D40120002800F07F8198F828
:10626000000080076AD5D9F8100010F03801D9F87D
:1062700028001DD0182908BF5FEA807018D0D8F810
:106280000C00D9F80010002840D021F01901084373
:10629000C9F80000FDF720FF054600BFD9F800004F
:1062A000400727D4FDF718FF401B0228F6D91EE04F
:1062B000D9F80000400704D5D8F80C00002800F0F9
:1062C000AC81D9F80000D8F80C1020F01900084370
:1062D000C9F80000FDF700FF054600BFD9F800002F
:1062E000400707D4FDF7F8FE401B0228F6D9032724
:1062F000002420E0D9F80400D8F8101020F0FE4067
:10630000012440EA0160C9F8040014E021F0010012
:10631000C9F80000FDF7E0FE05460126D9F80000A7
:1063200010F0040086EA900405D0FDF7D5FE401B6E
:106330000228F3D90327002C00F0108198F8000000
:10634000C00656D5D9F8100000F03801D9F8280059
:10635000082905D0182917D100F00300012813D10E
:10636000D9F80000C00503D5D8F81C0080283BD11F
:10637000D9F80C00D8F8201020F07C50012440EA15
:106380000160C9F80C0031E0D8F81C000028D9F8E9
:10639000000012D040F08000C9F80000FDF79CFE1C
:1063A000054600BFD9F80000C005E1D4FDF794FE12
:1063B000401B0228F6D9032717E020F08000C9F817
:1063C0000000FDF789FE0546012600BFD9F8000050
:1063D00010F4807086EA102408D0FDF77DFE401B83
:1063E0000228F3D9032701E001270024002C00F044
:1063F000B58098F8000000076DD498F8000080067A
:1064000000F1818098F80000400700F19480D8F8EE
:106410002440002C5BD0D9F8100000F03800182878
:1064200040F0D980012CD9F82810D9F8300050D08C
:1064300001F00302D8F828309A424AD1C1F305117D
:10644000D8F82C20914244D10146D8F830206FF37F
:106450005F21013A91423CD1C0F34622D8F8341072
:1064600001398A4235D1C0F30642D8F838100139D3
:106470008A422ED1C0F30660D8F83C100139884218
:1064800027D1D9F83400D8F84810C0F3CC008142A5
:106490001DD0D9F82C0020F00100C9F82C00FDF720
:1064A0001BFE0546FDF718FEA842FBD0D9F83400C4
:1064B0004FF6F871D8F84820884340EAC200C9F87E
:1064C0003400D9F82C0040F00100C9F82C00002756
:1064D00044E0012742E0D8F814000028D9F87400FD
:1064E00040D040F00100C9F87400FDF7F5FD054605
:1064F000D9F8740080073FF580AFFDF7EDFD401B34
:106500000228F5D929E0D8F818000028D9F80000A9
:106510004DD040F48050C9F80000FDF7DDFD054680
:10652000D9F8000080043FF56DAFFDF7D5FD401BA5
:106530000228F5D911E0D9F8000440F48070C9F8B8
:106540000004FDF7C9FD0546D9F80004C0051CD4B8
:10655000FDF7C2FD401B6428F6D90327F8B201B04D
:10656000BDE8F08320F00100C9F87400FDF7B4FD28
:1065700005460327D9F8740080077FF53EAFFDF785
:10658000ABFD401B0228F5D9E8E7D8F80850D9F848
:1065900070001DB1052D42D0012D46D020F0010024
:1065A000C9F87000D9F8700020F004003FE020F432
:1065B0008050C9F80000FDF78FFD0546032700BF96
:1065C000D9F8000080047FF51DAFFDF785FD401B65
:1065D0000228F5D9C2E7D9F8000020F08070C9F888
:1065E0000000FDF779FD022C05464FF0030709D1A5
:1065F000D9F8000080013CD5FDF76EFD401B022854
:10660000F6D9ABE7D9F8000080017FF560AFFDF760
:1066100063FD401B0228F5D9A0E7012768E640F09A
:106620000400C9F87000D9F8700040F00100C9F802
:106630007000FDF751FD002D054641F288344FF002
:10664000030711D0D9F8700080073FF5E0AEFDF7E1
:1066500043FD401BA042F5D980E700BFFDF73CFD9C
:10666000401BA0423FF67AAFD9F870008007F5D4FE
:10667000CDE608F12807D9F8280040F2F331884325
:106680008ECF0843591E40EA02104FF47E426FF34A
:106690005F21C9F8280002EB47204FF4FE0280B2C8
:1066A000D8F83C300844D8F8381002EB01414FF0DC
:1066B000FE4201F4FE0102EB0362084402F0FE41D7
:1066C0000844C9F83000D9F82C004FF6F87120F0D2
:1066D0000100C9F82C00D9F83400D8F848208843C4
:1066E00040EAC200C9F83400D9F82C00D8F84010AC
:1066F00020F00C000843C9F82C00D9F82C00D8F879
:10670000441020F002000843C9F82C00D9F82C00EE
:1067100040F48030C9F82C00D9F82C0040F4003047
:10672000C9F82C00D9F82C0040F48020C9F82C00BE
:10673000D9F82C0040F00100C9F82C00D9F800006D
:1067400040F08070C9F80000FDF7C6FC044603273E
:10675000D9F8000080013FF5BAAEFDF7BDFC001B83
:106760000228F5D9FAE6000070470000000000009A
:1067700090F88100704700002DE9F041044606685A
:1067800030697169B76894F881800A050BD510F0FB
:10679000080208D0B06940F40060B0612046BDE84E
:1067A000F04100F069BA01EA000505F06400042830
:1067B00007D1616F20468847216F20468847012016
:1067C00000E0002005F04501012903D1216F20469A
:1067D0008847012005F02601022903D1616F204678
:1067E0008847012008B1BDE8F081280753D415F48B
:1067F000587FF8D0680600F19F80A80500F1AA80B4
:10680000E80500F1B580A8060AD52068D4F8841000
:1068100041F08001C4F88410816941F02001816158
:10682000D4F884000028DED0206807F4404240F20B
:106830006B33B2F5404F016821F00101016001693D
:1068400021EA0301016140F0A280816849F2A105BB
:1068500021F440418160E06FC0F6000548B1056554
:10686000FBF7AAF828B1D4F8840040F04000C4F83F
:106870008400A06F0028B6D00565FBF79DF80028BE
:1068800008BFBDE8F081D4F8840040F04000C4F8AF
:106890008400BDE8F0812068816941F008018161D0
:1068A000816941F010018161816941F40061816178
:1068B000016921F008010161806810F4404F24D083
:1068C000204602F089FB012084F88100D4F884007E
:1068D00000285FD1B8F1030F66D0B8F1040F5ED085
:1068E000B8F1050F7FF47FAF2046BDE8F04100F01E
:1068F0008BBA00BF2068616E006B41F8040B6166C3
:10690000B4F86A000138A4F86A00B4F86A000028F4
:10691000D6D0E0681028EDD2082804D3308E616EFE
:1069200021F8020BEBE7206890F83000616E0870E8
:10693000606E01306066E3E72068D4F8841041F0AF
:106940000401C4F88410816941F040018161A80507
:106950007FF556AF2068D4F8841041F00101C4F8E7
:106960008410816941F400718161E8057FF54BAFC6
:106970002068D4F8841041F00801C4F884108169BB
:1069800041F480718161A8063FF53FAF48E70120DF
:1069900084F881002046BDE8F041FFF7E5BE2046BF
:1069A000BDE8F04100F064B92046BDE8F04100F0D8
:1069B00023BA000000000000002863D02DE9F04752
:1069C00043F600040168C4F2000443F2000E43F6EB
:1069D000004CA142C4F2010EC4F2000C4FF00002C0
:1069E000826204D0614518BF714540F0B480C26B2B
:1069F0000125C368A14203F1080305EB52124FEAD7
:106A0000D30303FB02F218BF714540F09280102AB5
:106A100000F2A58090F8811031B9002180F8801033
:106A2000044600F0A1F82046022180F88110016898
:106A3000D0F818E00A68BEF1806F22F001020A6007
:106A40008B680FD144682CB1B4F5800F0AD1826BEA
:106A500022B13CB9826BB2F1805F03D10A6842F483
:106A600080520A60D0F8049003F4F8135FEA492CCE
:106A70000AD5C268072A07D30A68056D22F4807216
:106A80002A4304E0012070470A6822F480720A60F9
:106A9000B9F1000FC269856A42EA0302C36B42EA98
:106AA000050242EA0302D0E90285D0E9046A42EA1B
:106AB00005028A60426B876B456A42EA0502056AF5
:106AC00042EA070242EA060242EA0A02D0E9124317
:106AD00042EA050242EA0302836D42EA080242EA00
:106AE000040242EA030242EA0E0242EA0902CA60D2
:106AF00009D18A68012363F3CC228A608A68022361
:106B000063F34A228A600A6DBCF1000F22F0010291
:106B10000A6505D5CA68436D22F000421A43CA606F
:106B20000021C0F88410012180F881100020BDE808
:106B3000F087614518BF082A11D8A14218BF7145D6
:106B40003FF465AF61457FF465AF102A84BF012033
:106B5000BDE8F0875EE7C2680F2A7FF648AF0120E4
:106B6000BDE8F087000000002DE9F043B5B0044611
:106B700002A8B8210025CDE93355CDE9315530952E
:106B8000F9F756FD43F600412068C4F2000188423F
:106B900002D035B0BDE8F0834FF48050029002A8D7
:106BA00003951995FEF7DCFB08B1FAF751FB44F2A7
:106BB000E04040F20045C5F60200C5F6020530AEE1
:106BC0004FF002088168002741F40041816081682C
:106BD0004FF0030901F4004101910199016841F06E
:106BE000020101600068314600F002000190019846
:106BF00008203090062034902846CDF8C480329783
:106C0000CDF8CC90FDF784F920203146CDE930084D
:106C1000072034902846CDE93279FDF779F942F220
:106C2000207540F27040C2F20045C4F202002860B4
:106C30003E2068604020C5E902074FF48060C5E946
:106C400004072846C5E90677C5E90877FBF744FD40
:106C500008B1FAF7FDFA332005210022A567AC63DD
:106C6000FDF756FB3320FDF73FFB35B0BDE8F08361
:106C700070470000000000007047000000000000A6
:106C800090F88130012B0AD10123002918BF002A76
:106C900001D11846704790F88030012B01D10220B5
:106CA000704770B5012380F88030032580F881504B
:106CB0000025C0F88450C165A0F86020A0F86220CB
:106CC0004566C0E91C55A0F86850A0F86A50856870
:106CD000B5F5C02F056804D12B6843F400632B6021
:106CE00003E0EC6863F35244EC60C368102B04D3F8
:106CF000856FAD69B5F5804F17D1082B07D3856F28
:106D0000AD69B5F5804F18BFB5F5005F0DD11646DA
:106D1000072B0CD8826F9269B2F5005F0ED0B2F5E6
:106D2000804F13D1022303220AE001235CE00F2BE2
:106D30000CD8826F9269B2F5804F07D101220123EE
:106D4000B0F862502A44DA40A0F86220D0F878C047
:106D500049F2E90349F2F1050268C0F60003C0F602
:106D60000005CCE90F5349F2B9030025C0F6000332
:106D7000CCE913359368054623F400439360B0F8DB
:106D8000623020326046FBF7C7FF50B1D5F884105F
:106D9000284641F01001C5F88410012385F88130A0
:106DA00022E0AA6F2846D5E90013D2694FF6FF7496
:106DB0004D68B2F5807F25EA040518BF3544B3F568
:106DC000800F4D608A6842F400428A600A6942F48A
:106DD00048720A610A6842F001020A6003D10A6837
:106DE00042F400720A600023002180F88010BDE8A0
:106DF0007040184670470000704700000000000017
:106E00007047000000000000704700000000000014
:106E10007047000000000000704700000000000004
:106E2000704700000000000090F83C20012A4FF05D
:106E3000020269D0B0B5012380F83C3080F83D20D3
:106E400040F2004C0268C4F2010C42F480636345D6
:106E50005368D2F808E002BF23F470034C68234360
:106E60004DF6FF740D68C4F2000423F07003A242D3
:106E700043EA0503536014DC40F2FF73C4F20003DD
:106E80009A4222DD40F60003C4F200039A422ED05B
:106E900040F60043C4F200039A4228D041F60003B2
:106EA00021E04FF6FF73C4F200039A4213DD002382
:106EB000C4F201039A421AD044F20003C4F201035F
:106EC0009A4214D0624512D016E0B2F1804F0ED033
:106ED00040F2004307E04EF20003C4F200039A427E
:106EE00005D04EF20043C4F200039A4204D12EF0C2
:106EF00080038968194391600022012180F83D10C8
:106F000080F83C20BDE8B04010467047000000000B
:106F100060B310B5044690F83D0028B9002084F80D
:106F20003C00204600F024F8022084F83D00206850
:106F3000211D02F011FA012084F8480084F83E0077
:106F400084F83F0084F8400084F8410084F842004F
:106F500084F8430084F8440084F8450084F846002F
:106F600084F8470084F83D00002010BD01207047E0
:106F700010B582B0006800F140404FEAB020072809
:106F800054D8DFE800F0045328535316533A44F220
:106F9000E8400022C5F602001C24016841F001010E
:106FA00001600068052100F00100019001981C209B
:106FB00034E044F2E8400022C5F6020037240168BC
:106FC00041F0200101600068072100F020000190DD
:106FD0000198372022E044F2E8400022C5F6020082
:106FE0001E24016841F0040101600068032100F0E3
:106FF0000400019001981E2010E044F2E8400022B5
:10700000C5F602002C24016841F08001016000688F
:10701000072100F08000019001982C20FDF778F9FD
:10702000204602B0BDE81040FDF75EB902B010BDC9
:1070300090F83D1001291ED1022180F83D10016811
:107040004DF6FF70C4F20000814216DC40F2FF7082
:10705000C4F20000814228DD40F60000C4F20000C6
:10706000814234D040F60040C4F2000081422ED06C
:1070700041F6000027E0012070474FF6FF70C4F290
:107080000000814217DD0020C4F2010081421ED0C1
:1070900044F20000C4F20100814218D040F20040E6
:1070A000C4F20100814212D01DE0B1F1804F0ED038
:1070B00040F2004007E04EF20000C4F200008142BE
:1070C00005D04EF20040C4F2000081420BD10722ED
:1070D0008868C0F2010202400020062A18BFB2F5FB
:1070E000803F00D17047086840F001000860002030
:1070F000704700000000000090F83D10012922D1E7
:10710000022180F83D1001684DF6FF70C4F20000C6
:107110008142C86840F00100C86016DC40F2FF7090
:10712000C4F20000814228DD40F60000C4F20000F5
:10713000814234D040F60040C4F2000081422ED09B
:1071400041F6000027E0012070474FF6FF70C4F2BF
:107150000000814217DD0020C4F2010081421ED0F0
:1071600044F20000C4F20100814218D040F2004015
:10717000C4F20100814212D01DE0B1F1804F0ED067
:1071800040F2004007E04EF20000C4F200008142ED
:1071900005D04EF20040C4F2000081420BD107221C
:1071A0008868C0F2010202400020062A18BFB2F52A
:1071B000803F00D17047086840F00100086000205F
:1071C000704700000000000090F83C20012A4FF0BA
:1071D000020200F0A78080B5012380F83C3080F8DF
:1071E0003D208822D0F800C0CFF6CE72DCF80830FF
:1071F0001A40CCF808200B686F2B0CDDB3F1101F80
:1072000034DAB3F5005F69DA702B00F0AF80B3F5C4
:10721000805F7ED0D0E02F2B32DD4F2B37DC302B40
:107220006BD0402B40F0C880D1F804E0C968DCF88E
:107230002030DCF8202022F00102CCF82020DCF8FD
:10724000182022F0F00242EA011123F00A02CCF8E1
:10725000181042EA0E01CCF820104FF68872DCF8C4
:107260000810CFF6CF721140473150E02F21C0F205
:1072700010018B4237DCB3F1101F3ED0202138E0E3
:10728000002B18BF102B38D0202B36D094E0502B79
:107290004AD0602B40F09080D1F804E0C968DCF857
:1072A0002030DCF8202022F01002CCF82020DCF87E
:1072B000182022F4704242EA013123F0A002CCF8F7
:1072C000181042EA0E11CCF820104FF68872DCF844
:1072D0000810CFF6CF721140673118E059D0B3F5DE
:1072E000801F0AD068E03021C0F210018B4204D028
:1072F0004021C0F210018B425ED14FF68872DCF85B
:107300000810CFF6CF721140194341F00701CCF8B5
:1073100008100022012180F83D10002180F83C1067
:10732000BDE8804010467047D1F804E0C968DCF839
:107330002030DCF8202022F00102CCF82020DCF8FC
:10734000182022F0F00242EA011123F00A02CCF8E0
:10735000181042EA0E01CCF820104FF68872DCF8C3
:107360000810CFF6CF7211405731D0E701F1040E6B
:107370009EE80C40DCF808101A4321F47F4142EAF1
:107380000E221143CCF80810DCF8081041F0770108
:10739000BDE701F1040E9EE80C40DCF808101A432A
:1073A00021F47F4142EA0E221143CCF80810DCF8A8
:1073B000081041F48041AAE70122ABE70000000079
:1073C0007047000000000000F0B581B0044600687E
:1073D000C5680669B10716D515F0020113D06FF024
:1073E00002010161012121778069800703D02046D5
:1073F000FFF7E6FF05E0204600F09AF8204600F08F
:107400009BF800202077700718D515F0040015D0E0
:1074100020686FF00401016102212177806910F476
:10742000407F03D02046FFF7CBFF05E0204600F069
:107430007FF8204600F080F800202077300717D52D
:1074400015F0080014D020686FF0080101610421D4
:107450002177C069800703D02046FFF7B1FF05E020
:10746000204600F065F8204600F066F800202077FE
:10747000F00618D515F0100015D020686FF0100137
:10748000016108212177C06910F4407F03D02046B4
:10749000FFF796FF05E0204600F04AF8204600F08E
:1074A0004BF800202077F00718BF15F0010006D038
:1074B00020686FF001010161204600F041F805F0FD
:1074C000800716F4025F18BF002F02D1F00509D41F
:1074D00010E020686FF4025101612046FFF79CFC28
:1074E000F00507D537B120686FF48071016120463F
:1074F000FFF78EFC700609D515F0400006D0206815
:107500006FF040010161204600F02EF8B0060CD566
:1075100015F0200009D020686FF02001016120469D
:1075200001B0BDE8F040FFF77BBC01B0F0BD00004A
:1075300070470000000000007047000000000000DD
:1075400041F200020168C4F20002914201D0F9F751
:107550001BBB10B50446FCF7C7FD2046BDE8104034
:10756000F9F712BB000000007047000000000000A7
:1075700090F88410012901D1022070472421C0F81D
:10758000881001680A680B6822F0005223F001039A
:107590000B60002343660A602021C0F8881080F841
:1075A000843000207047000090F88410012901D138
:1075B0000220704780B52421C0F8881001684BF67E
:1075C000040CC0F6010C4BF60C0E0A68C0F6010E56
:1075D0000B6842F0005223F001030B604FF00053A0
:1075E00043660A608A688968490FC2F342621CF8E0
:1075F00001301EF801101B01B3FBF1F1A0F86A1075
:107600001CF802101EF802200901B1FBF2F1A0F8EB
:1076100068102021C0F88810002180F88410002014
:1076200080BD000000000000D0F88C30202B06D177
:1076300003460120002918BF002A02D1704702200A
:10764000704710B50120D8660020186718461C4600
:1076500002F0C6FD002818BF10BDE26E012A0ED14F
:1076600022682146102313620A6852E8002F0B6833
:1076700042F0100243E80024002CF5D110BD012097
:1076800010BD0000000000000CF0F6BF000000007C
:10769000704700000000000090F88420012A01D10A
:1076A00002207047B0B5012380F884302422C0F84E
:1076B00088200268D0F864E0BEF1000FD2F800C064
:1076C000146824F001041460946824F0606441EAB2
:1076D000040191601BD091684BF6040E9368C0F6CC
:1076E000010E5B0F4BF60C05C1F34261C0F60105BC
:1076F0001EF80340EB5C2401B4FBF3F3A0F86A30FE
:107700001EF80130695C1B01B3FBF1F301E0A0F846
:107710006A30A0F868302021C2F800C0C0F8881094
:10772000002180F884100020B0BD0000000000009F
:1077300090F88420012A01D102207047B0B50123BE
:1077400080F884302422C0F888200268D0F864E0F1
:10775000BEF1000FD2F800C0146824F001041460D8
:10776000946824F0604441EA040191601BD0916860
:107770004BF6040E9368C0F6010E5B0F4BF60C053A
:10778000C1F34261C0F601051EF80340EB5C240121
:10779000B4FBF3F3A0F86A301EF80130695C1B01FA
:1077A000B3FBF1F301E0A0F86A30A0F868302021C3
:1077B000C2F800C0C0F88810002180F884100020B2
:1077C000B0BD000000000000704700000000000095
:1077D00070470000000000000168CA69D20701D0AC
:1077E00001220A62CA69920701D502220A62CA69A5
:1077F000520701D504220A62CA69120701D508227C
:107800000A62CA69D20502D54FF480720A620CF08E
:10781000A7BF00000000000070B5046840F62F010B
:10782000E269114020292168A66805D101F02003F2
:1078300006F080555B1939D140F60F0313400DD087
:10784000012340F22015C1F20003C0F2004506EA10
:10785000030C01EA050313EB0C032DD1D306C36E11
:1078600016D5012B14D111F0100311D01021216273
:10787000A168490600F1FB80B0F85C10B0F85E200A
:10788000B0F85E30002B18BF914240F05A8170BDB5
:10789000D30240F1CA8016F4800300F0C6804FF492
:1078A00080112162BDE87040FFF792BF416F00294F
:1078B000EDD0BDE870400847D30718BF11F48073BE
:1078C00007D001232362D0F8903043F00103C0F8C1
:1078D0009030930706F0010E0AD5BEF1000F07D0D5
:1078E00002232362D0F8903043F00403C0F89030B4
:1078F00053070AD5BEF1000F07D004232362D0F846
:10790000903043F00203C0F8903013070CD501F01B
:10791000200353EA0C0307D008232362D0F89030E9
:1079200043F00803C0F8903013050BD511F08063C5
:1079300008D04FF400632362D0F8903043F0200366
:10794000C0F89030D0F89030002BA0D092060AD525
:1079500001F0200106F08052891804D0416F11B166
:107960000446884720460168D0F89020896802F0D4
:10797000280201F04001891806D10446FFF72CFFC8
:107980000020C4F8900070BD016851E8001F026833
:1079900021F4907142E80013002BF5D14FF6FE71EF
:1079A000CEF6FF71026852E8022F03680A4043E8EE
:1079B0000226002EF6D1C16E012909D1016851E8D5
:1079C000001F026821F0100142E80013002BF5D1DE
:1079D0002021C0F88C100021C166026841679168BF
:1079E000490640F1A18000BF016851E8021F02680A
:1079F00021F0400142E80213002BF5D1D0F88010AD
:107A0000002900F0918049F2796204460846C0F6E8
:107A100000020A65F9F7D0FF00283FF438AFD4F828
:107A20008000016DBDE870400847130606D501F0DF
:107A3000800306F400069B1940F0B380530677D507
:107A400011F0400374D000BF016851E8001F0268C4
:107A500021F0400142E80013002BF5D12021C0F8AD
:107A6000881000218167BDE8704000F091BCD0F81B
:107A70008020116849688BB2002B4AD0B0F85C6056
:107A8000B34246D2A0F85E10D169B1F5807F34D000
:107A9000016851E8001F026821F4807142E8001378
:107AA000002BF5D1016851E8021F026821F00101A5
:107AB00042E80213002BF5D1016851E8021F026869
:107AC00021F0400142E80213002BF5D12021C0F83B
:107AD0008C100021C16600BF016851E8001F0268D8
:107AE00021F0100142E80013002BF5D1D0F88010EE
:107AF00004460846F9F7F0FC204602210167B0F879
:107B00005C10B0F85E20891A89B2BDE87040FFF7BA
:107B1000BBBDB0F85C1099427FF4B9AED269B2F542
:107B2000807F7FF4B4AE36E0BDE87040FFF754BE0E
:107B300013023DD511F080433AD0BDE87040FFF705
:107B400043BE891A026852E8002F036822F490723B
:107B500043E80026002EF5D14FF6FE72CEF6FF72F6
:107B6000036853E8023F0668134046E80235002DDB
:107B7000F6D12022C0F88C200022C266426700BFE6
:107B8000026852E8002F036822F0100243E8002642
:107B9000002EF5D189B202220267BDE87040FFF7DE
:107BA00073BD816F00293FF472AEBDE87040084795
:107BB000D2017FF56CAEB1F1FF3FC8BF70BDBDE82B
:107BC0007040FFF765BD000010B5D8B10446D0F88D
:107BD000880028B9002084F88400204600F028F8A6
:107BE0002420C4F888002068A16A0268002922F0D5
:107BF0000101016002D0204601F06EFC204602F037
:107C0000BBF808B1012010BD2068416821F4904103
:107C10004160816821F02A018160016841F0010121
:107C200001602046BDE8104001F0C6BC0000000025
:107C30002DE9F041B6B000210446CDE93411CDE97B
:107C40003211319102A8B821F8F7F2FC47F6FF3162
:107C50002068C4F20001884240F3818047F6004169
:107C6000C4F20001884200F0F18041F20001C4F248
:107C70000101884200F0628141F20041C4F2010139
:107C8000884240F058810120029002A80026039605
:107C90002096FDF765FB08B1F9F7DAFA44F2E04007
:107CA00040F21008C5F60200C4F20208016941F072
:107CB00020010161016901F0200101910199016830
:107CC00041F004010160006831A900F00400019056
:107CD0000198C02031900220CDE93206072035906E
:107CE00040F600003496C5F60200FCF711F942F6A2
:107CF000583508F58660C2F200454FF48067286069
:107D00004720C5E901062846EE60C5E90476C5E9C5
:107D10000666C5E90866FAF7DFFC08B1F9F798FAD4
:107D2000C4F8805008F58960AC6342F6D035C2F2E1
:107D300000452860482068604020A8600020C5E910
:107D40000307C5E90500C5E9070068622846FAF798
:107D5000C3FC00284FF0470640F0E180E1E044F228
:107D60000041C4F20001884200F0548144F6004111
:107D7000C4F20001884240F0DE8002A8002603968B
:107D8000022502951F96FDF7EBFA08B1F9F760FAA4
:107D900044F2E04040F21008C5F60200C4F20208C6
:107DA000816841F400218160816801F40021019122
:107DB0000199016841F004010160006831A900F0F7
:107DC0000400019001984FF4406061C10820359093
:107DD00040F6000031A9C5F602003496FCF798F889
:107DE00042F2987508F13000C2F200454FF4806706
:107DF00028603F20C5E901062846EE60C5E9047603
:107E0000C5E90666C5E90866FAF766FC08B1F9F740
:107E10001FFAC4F8805008F14800AC6342F6100520
:107E2000C2F2004528604020C5E9010000206862D8
:107E3000C5E90307C5E90500C5E907002846FAF7C3
:107E40004BFC00284FF0340669D16AE002A80026F6
:107E50000396022502951F96FDF782FA08B1F9F7FD
:107E6000F7F944F2E04040F21008C5F60200C4F20F
:107E70000208816841F000418160816801F00041A1
:107E800001910199016841F010010160006831A978
:107E900000F0100001900198032061C140F600013C
:107EA0000820C5F60201359001F5006031A934962D
:107EB000FCF72EF842F6880508F19000C2F2004562
:107EC0004FF4806728605120C5E901062846EE601E
:107ED000C5E90476C5E90666C5E90866FAF7FCFB5C
:107EE00008B1F9F7B5F9C4F8805008F1A800AC63FF
:107EF00042F60015C2F2004528605220686040201A
:107F0000A8600020C5E90307C5E90500C5E9070029
:107F100068622846FAF7E0FB4FF0530608B1F9F71C
:107F200097F9052100223046E567AC63FCF7F0F9CC
:107F30003046FCF7D9F936B0BDE8F0810120029057
:107F400002A8002603962096FDF70AFA08B1F9F771
:107F50007FF944F2E04040F21008C5F60200C4F296
:107F60000208016941F010010161016901F010018D
:107F700001910199016841F002010160006840F639
:107F8000000100F002000190C5F602010198C02036
:107F9000319002203496CDE9320607203590A1F5C4
:107FA000806031A9FBF7B4FF42F678152920C2F2B0
:107FB00000454FF48067C5E901062846C5F80080F2
:107FC000EE60C5E90476C5E90666C5E90866FAF714
:107FD00083FB08B1F9F73CF9C4F8805008F11800A8
:107FE000AC6342F6F015C2F2004528602A206860B2
:107FF0004020A8600020C5E90307C5E90500C5E9E0
:10800000070068622846FAF767FB00284FF025064C
:1080100085D186E702A800260396022502951F96C1
:10802000FDF79EF908B1F9F713F944F2E04040F288
:108030001008C5F60200C4F20208816841F400315C
:108040008160816801F4003101910199016841F07A
:1080500008010160006831A900F008000190019852
:10806000602061C140F600010720C5F6020135908D
:1080700001F5806031A93496FBF74AFF42F6682586
:1080800008F58060C2F200454FF4806728602B201D
:10809000C5E901062846EE60C5E90476C5E906662D
:1080A000C5E90866FAF718FB08B1F9F7D1F8C4F882
:1080B000805008F58360AC6342F6E025C2F20045CB
:1080C00028602C2068604020A8600020C5E90307D4
:1080D000C5E90500C5E9070068622846FAF7FCFA19
:1080E00000284FF026067FF41AAF1AE700000000C0
:1080F000D0F88C30202B0AD194460A4600294FF044
:10810000010118BFBCF1000F04D1084670470221DD
:108110000846704710B54FF0000EC0F86CE040F60E
:1081200000440368C5F60004A3420DD05B681B023F
:108130000AD500BF036853E8003F046843F080633A
:1081400044E800310029F5D182652221A0F85CC005
:10815000C0F890E0C0F88C10D0F8803013B349F22A
:10816000517149F2D974C0F60001C0F60004C3E9A8
:108170000F1449F289610024C0F60001C3E9131409
:1081800001680446243118466346FAF7C5FD0146E6
:10819000204639B11021C0F890102021C0F88C1071
:1081A000012120E0016949B1016851E8001F02681E
:1081B00041F4807142E80013002BF5D1016851E8C9
:1081C000021F026841F0010142E80213002BF5D1C1
:1081D000016851E8021F026841F0400142E80213C1
:1081E000002BF5D10021BDE8104008467047000083
:1081F000D0F88C30202B06D10123002918BF002A8B
:1082000003D1184670470220704780B50023C3662B
:1082100040F60043D0F800C0C5F600039C450FD0DF
:10822000DCF804301B020BD5036853E800CFD0F80C
:1082300000E04CF080634EE8003CBCF1000FF3D14D
:1082400002F01EF80023BDE8804018467047000089
:1082500010B541F28821C2F200410978002908BF17
:1082600010BD41F28C24C2F2004403E0013904F154
:1082700004042ED02268002AF8D053688342F5D136
:108280009189A9B1906800F01F02BFF34F8F11448C
:108290004EF65C722031CEF2000200BF2039106031
:1082A000202900F12000F9DCBFF34F8FBFF36F8F5F
:1082B00020680368828981681B6898472068817BF1
:1082C00082890129D0E9010104D1BDE81040FFF7FE
:1082D0000FBF10BDBDE81040FFF78ABF00000000CF
:1082E0007047000000000000D0F88830202B07D134
:1082F00013460122002918BF002B04D110467047F5
:1083000002221046704710B501650022A0F85430D3
:108310002124A0F85630C0F89020C0F88840D0F84A
:108320007CC0BCF1000F20D049F2F97E49F6390437
:10833000C0F6000EC0F60004CCE90FE449F28964EF
:10834000C0F60004CCE913420268044628326046B5
:10835000FAF7E2FC0146204639B11021C0F890102E
:108360002021C0F8881001220DE0016840220A6235
:10837000016851E8021F026841F0800142E80213DF
:10838000002BF5D10022BDE81040104670470000D8
:10839000704700000000000070470000000000006F
:1083A000FEE700000000000080B542F2086044F2E1
:1083B0000041C2F20040C4F602010160F9F710F872
:1083C000002808BF80BDBDE88040F8F741BF00002D
:1083D00080B582B044F2D8400022C5F602000168A0
:1083E00041F001010160016801F001010191019971
:1083F000016841F0020101600068052100F00200FF
:10840000009000980B20FBF783FF0B20FBF76CFF1D
:108410000C2005210022FBF77BFF0C20FBF764FFFB
:108420000D2005210022FBF773FF0D20FBF75CFFF9
:108430000E2005210022FBF76BFF0E20FBF754FFF7
:108440000F2005210022FBF763FF0F20FBF74CFFF5
:10845000102005210022FBF75BFF1020FBF744FFF3
:10846000112005210022FBF753FF1120FBF73CFFF1
:108470002F2005210022FBF74BFF2F20FBF734FFB5
:10848000382005210022FBF743FF3820FBF72CFFA3
:10849000392005210022FBF73BFF3920FBF724FFA1
:1084A0003A2005210022FBF733FF3A20FBF71CFF9F
:1084B0003B2005210022FBF72BFF3B20FBF714FF9D
:1084C0003C2005210022FBF723FF3C2002B0BDE841
:1084D0008040FBF709BF000080B542F68C404AF2AD
:1084E0000001C2F20040C4F200014FF0010C02236F
:1084F00001600021C0E90211C0F80F104FF00F0E0B
:10850000C0F814C009228361C0F81CE0C0E9082C3F
:10851000C0E90A3EC0E90C21C0E90E33082202641A
:1085200004238366C0E91132C0E91331C0E9153173
:108530001D22C2650322C0E91821FBF7F5F80028C7
:1085400008BF80BDBDE88040F8F782BE0000000093
:1085500080B542F62C504AF20041C2F20040C4F20B
:1085600000014FF0010C022301600021C0E902115B
:10857000C0F80F104FF00F0EC0F814C0092283612D
:10858000C0F81CE0C0E9082CC0E90A3E02634FF4C1
:108590008062C0E90D23C363082202640423C0E99A
:1085A0001132C0E91331C0E915311D22C265032221
:1085B0008366C0E91821FBF7B7F8002808BF80BD23
:1085C000BDE88040F8F744BE80B542F6CC504DF28D
:1085D0000041C2F20040C4F200014FF0010C02233E
:1085E00001600021C0E90211C0F80F104FF00F0E1A
:1085F000C0F814C009228361C0F81CE0C0E9082C4F
:10860000C0E90A3E02634FF40062C0E90D23C36370
:10861000082202640423C0E91132C0E91331C0E921
:1086200015311D22C26503228366C0E91821FBF7BC
:108630007BF8002808BF80BDBDE88040F8F708BE81
:1086400080B549F249104BF61C02C0F60000C0F696
:108650000102002110F04CFA42F2AC01C2F20041DA
:10866000086080BD000000002DE9F04786B044F2AC
:10867000E0404FF00009C5F60200CDF81490CDE9B6
:108680000399CDE90199016841F6000441F0100118
:1086900001600168C5F6020401F010010091009923
:1086A000016841F0200101600168002201F0200111
:1086B00000910099016841F08001016001684FF06C
:1086C000800801F0800100910099016841F00101EA
:1086D0000160016801F0010100910099016841F019
:1086E00040010160016801F04001009100990168BA
:1086F00041F002010160016801F00201009100995E
:10870000016841F008010160016801F00801009171
:108710000099016841F0040101600068802100F0C7
:108720000400009000982046FBF7CEFC01AD0C2021
:10873000CDE90109A4F50060294601270397FBF75D
:10874000E7FBA4F580664FF480700190304629461F
:108750004FF4881ACDE902A9FBF7DAFB4FF4007059
:108760002946CDE9010A30460397FBF7D1FB0420E7
:108770002946CDE9010AA4F5C0500397FBF7C8FBD1
:1087800003202946CDE9010920460397FBF7C0FBEA
:10879000A4F540664FF44050CDE901093046294622
:1087A0000397FBF7B5FB4FF440402946CDE9010A9A
:1087B00030460397FBF7ACFB60202946CDE9010A60
:1087C000204602260396FBF7A3FB20462946CDE967
:1087D0000187CDE90396FBF79BFB082004210022CB
:1087E000FBF796FD0820FBF77FFD172004210022F0
:1087F000FBF78EFD1720FBF777FD282004210022D0
:10880000FBF786FD2820FBF76FFD06B0BDE8F0877B
:1088100010B543F2503443F60040C2F20044C4F2B3
:1088200000004FF0806120604FF4800060604FF4E2
:108830000030A0600720E0600020C4E90400A161CE
:108840004FF04051C4E90710C4E90900E06204F1A7
:1088500034002821F7F7ECFE2046FEF7ADF800289B
:1088600008BF10BDBDE81040F8F7F2BC00000000E2
:1088700080B543F2D83041F60041C2F20040C4F264
:10888000000140F2CF7201604FF489714160002114
:108890008160C0E903218161FEF73AFB002808BF2F
:1088A00080BDBDE88040F8F7D3BC000000000000A8
:1088B00080B588B043F224400021C2F20040079105
:1088C000CDE90511CDE90311CDE901114FF0804249
:1088D00002604FF489728161C0E901214FF0FF32DB
:1088E000C0E90321FEF714FB08B1F8F7B1FC4FF41F
:1088F0008050049043F2244004A9C2F20040FEF7E5
:1089000063FC08B1F8F7A4FC00200190039043F247
:108910002440C2F2004001A9FEF786FA08B1F8F738
:1089200097FC08B080BD000080B588B043F270406D
:1089300040F60002C2F2004000210791C4F200029A
:10894000CDE90511CDE90311CDE9011102604FF424
:108950008972C0E9012140F2CF728161C0E903212F
:10896000FEF7D6FA08B1F8F773FC4FF48050049084
:1089700043F2704004A9C2F20040FEF725FC08B1A2
:10898000F8F766FC00200190039043F27040C2F2B9
:10899000004001A9FEF748FA08B1F8F759FC08B001
:1089A00080BD00000000000010B584B043F2085004
:1089B00041F20041C2F2004000240394C4F20001DD
:1089C000CDE9014401604FF48971C0E9011440F21E
:1089D000E731C1608461FEF79BFA08B1F8F738FC13
:1089E00043F2085001A9C2F2004001940394FEF73B
:1089F0001BFA08B1F8F72CFC04B010BD0000000011
:108A000080B543F27C6044F60041C2F20040C4F2FB
:108A100000010C2201604FF4E13141600021C0E906
:108A200002110161C0E90521C0E90711C0E909117E
:108A3000FFF7CAF808B1F8F70BFC43F27C6000219D
:108A4000C2F20040FEF774FE08B1F8F701FC43F2F1
:108A50007C600021C2F20040FEF71EFE08B1F8F76C
:108A6000F7FB43F27C60C2F20040FEF781FD002874
:108A700008BF80BDBDE88040F8F7EABB00000000F9
:108A800080B543F2A47047F60041C2F20040C4F240
:108A900000010C2201604FF4E13141600021C0E986
:108AA00002110161C0E90521C0E90711C0E90911FE
:108AB000FFF78AF808B1F8F7CBFB43F2A470002166
:108AC000C2F20040FEF734FE08B1F8F7C1FB43F2F2
:108AD000A4700021C2F20040FEF7DEFD08B1F8F7F5
:108AE000B7FB43F2A470C2F20040FEF741FD00283C
:108AF00008BF80BDBDE88040F8F7AABB00000000B9
:108B000080B543F2545041F20001C2F20040C4F279
:108B100001010C2201604FF4E13141600021C0E904
:108B200002110161C0E90521C0E90711416210216C
:108B300081624FF48051C163FFF746F808B1F8F73E
:108B400087FB43F254500021C2F20040FEF7F0FDD3
:108B500008B1F8F77DFB43F254500021C2F2004007
:108B6000FEF79AFD08B1F8F773FB43F25450C2F2D6
:108B70000040FEF719FD002808BF80BDBDE8804019
:108B8000F8F766BB0000000080B543F2E85044F2FD
:108B90000041C2F20040C4F200010C2201604FF417
:108BA000E13141600021C0E902110161C0E9052104
:108BB000C0E90711C0E90911FFF706F808B1F8F795
:108BC00047FB43F2E8500021C2F20040FEF7B0FD3F
:108BD00008B1F8F73DFB43F2E8500021C2F2004033
:108BE000FEF75AFD08B1F8F733FB43F2E850C2F242
:108BF0000040FEF7BDFC002808BF80BDBDE88040F6
:108C0000F8F726BB0000000080B543F2107041F277
:108C10000041C2F20040C4F201010C2201604FF495
:108C2000E13141600021C0E902110161C0E9052183
:108C3000C0E90711C0E90911FEF7C6FF08B1F8F74E
:108C400007FB43F210700021C2F20040FEF770FDF6
:108C500008B1F8F7FDFA43F210700021C2F20040AB
:108C6000FEF71AFD08B1F8F7F3FA43F21070C2F2FA
:108C70000040FEF77DFC002808BF80BDBDE88040B5
:108C8000F8F7E6BA0000000080B542F22C3040F25E
:108C90000801C2F20040C2F20041012202F004F8D1
:108CA00008B1F8F7D5FA42F22C3040F23001C2F2A6
:108CB0000040C2F2004102F077FA08B1F8F7C8FAB2
:108CC00042F22C3040F2CC01C2F20040C2F200412C
:108CD00001F0D2FD08B1F8F7BBFA42F22C30C2F233
:108CE000004002F08DFA08B1F8F7B2FABDE8804012
:108CF000FCF7F6B900000000FEE7000000000000ED
:108D0000FEE700000000000042F66C60C2F2004086
:108D1000FBF7AEBC000000000000000000000000F7
:108D2000EFF30980BFF36F8F154B1A681EF0100F19
:108D300008BF20ED108A20E9F04F10602DE90900EE
:108D40004FF0500080F31188BFF34F8FBFF36F8F48
:108D500010F05EFF4FF0000080F31188BDE80900BD
:108D600019680868B0E8F04F1EF0100F08BFB0ECAB
:108D7000108A80F30988BFF36F8F704700BF00BF70
:108D80007871002400000000F0B581B044F22C4757
:108D9000C5F6020757F8042C02F00302032A02D199
:108DA000012001B0F0BD054657F82C0C0C4620F010
:108DB000806047F82C0CFBF78FF9064657F82C0C0F
:108DC000000105D5FBF788F9801B0228F6D964E07D
:108DD00057F8040CEE6895E80E0020F47C30012C66
:108DE00040EA0130A2F101016FF35F214FF47E42AE
:108DF00002EB432247F8040C92B24FF0FE4302EB21
:108E000001004FF4FE012A6901EB064101F4FE0165
:108E100003EB0262084402F0FE410844F86038683F
:108E2000696920F0C00040EA010038603868A9692B
:108E300020F0200040EA0100386038684FF6F871F1
:108E400020F0100038603869EA6920EA01004FF428
:108E5000001140EAC2003861386808BF4FF4801141
:108E600040F01000002C386008BF4FF40021386833
:108E70000843386057F82C0C40F0806047F82C0C01
:108E8000FBF72AF9044600BF57F82C0C000107D461
:108E9000FBF722F9001B0328F6D3032001B0F0BD35
:108EA000002001B0F0BD0000F0B581B044F22C47C5
:108EB000C5F6020757F8042C02F00302032A02D178
:108EC000012001B0F0BD054657F82C0C0C4620F0EF
:108ED000805047F82C0CFBF7FFF8064657F82C0C8F
:108EE000800005D5FBF7F8F8801B0228F6D964E06E
:108EF00057F8040CEE6895E80E0020F07C70012C09
:108F000040EA0150A2F101016FF35F214FF47E426C
:108F100002EB432247F8040C92B24FF0FE4302EBFF
:108F200001004FF4FE012A6901EB064101F4FE0144
:108F300003EB0262084402F0FE410844786138689D
:108F4000696920F4406040EA010038603868A96926
:108F500020F4007040EA0100386038684FF6F8717C
:108F600020F480703860B869EA6920EA01004FF0A7
:108F7000807140EAC200B861386808BF4FF4000150
:108F800040F48070002C386008BF4FF480013868CE
:108F90000843386057F82C0C40F0805047F82C0CF0
:108FA000FBF79AF8044600BF57F82C0C800007D452
:108FB000FBF792F8001B0328F6D3032001B0F0BDA5
:108FC000002001B0F0BD000043F25030C2F200407A
:108FD000FDF7D2BB00000000016840F26F32D1F80B
:108FE00014C08B6943F008038B618B6943F0100355
:108FF0008B610B6823F001030B600B6923EA02020B
:109000000A618A6822F440428A6090F88120042A2A
:1090100018BF1CF0200209D0D0F8842042F0800252
:10902000C0F884208A6942F020028A6190F8812089
:10903000032A18BF1CF0400215D15FEA8C521FD4DE
:109040005FEACC5209D5D0F8842042F00802C0F87B
:1090500084208A6942F480728A610021A0F862103B
:10906000A0F86A107047D0F8842042F00402C0F8DB
:1090700084208A6942F040028A615FEA8C52DFD51F
:10908000D0F8842042F00102C0F884208A6942F4BA
:1090900000728A615FEACC52D5D4DEE7000000009E
:1090A000806B0021A0F86A10A0F86210012180F8FE
:1090B0008110FDF759BB000010B5846BF8F7C8FDAF
:1090C000022808BF10BD2046FFF786FFD4F88400B1
:1090D00040F01000C4F88400012084F8810020468C
:1090E000BDE81040FDF740BB806BFDF789BE000076
:1090F000806B90F88110072908BF7047816FC9699C
:10910000B1F5807F01D1FDF777BE0068016941F0BC
:10911000080101617047000000000000000000002D
:10912000074B19680868B0E8F04F80F30988BFF36F
:109130006F8F4FF0000080F31188704700BF00BFB1
:109140007871002400000000FFF79EFD01200FF061
:1091500087FCFBE70000000080B54EF21000CEF265
:109160000000006811F038FB012808BF80BDBDE891
:10917000804010F031BE0000B0B59CB044F6180439
:1091800009A84C21C5F60204F7F752FA022000257F
:10919000CDE90755CDE90555CDE90355CDE9015593
:1091A000FBF77AFF0095206820F44040206020689B
:1091B00000F440400090009820688004FCD52120F5
:1091C00009904FF480300A9001200F9002212C2248
:1091D000CDE9152004201491CDE917010C20199038
:1091E00009A80024CDE91211CDE91A44FCF7D4FFF7
:1091F00018B1EFF3108072B6FEE73F200190032014
:109200004FF48061CDE90204082004904020CDE9AC
:109210000500CDE9071001A80321FCF755FD20B199
:10922000EFF3108072B600BFFEE71CB0B0BD0000C7
:109230004EF6885042F2000CCEF20000C5F2002C2F
:10924000026842F470020260DCF8000000F00F00D7
:10925000062806D8DCF80000072262F30300CCF8E9
:10926000000044F200404EF67F51C5F60200CEF6F3
:10927000F621026842F001020260002202610368E6
:1092800019400160DCF80010090706D5DCF8001071
:10929000072363F30301CCF8001040F20021826140
:1092A000C261C0F20221026281620021C0F2FF119C
:1092B000C16240F28021C0F2011101634263816307
:1092C000C26301644264016821F480210160026686
:1092D000D0F8D410C90448BF7047D0F8D41043F276
:1092E000D20241F48051C0F8D41044F20001C5F21A
:1092F00000210A60D0F8D41021F48051C0F8D410B5
:10930000704700000000000043F22440C2F2004019
:10931000FEF75AB80000000043F27040C2F200406D
:10932000FEF752B80000000043F2BC40C2F2004019
:10933000FEF74AB80000000043F20850C2F20040B5
:10934000FEF742B80000000043F2D830C2F20040FD
:10935000FEF73AB80000000010B540F6FF32D0F832
:1093600000E0C4F2000290420FDCB0F1804F1DD04B
:1093700040F20043C4F20003984217D040F60003C5
:10938000C4F20003984211D015E040F60043C4F245
:10939000000398420AD040F20043C4F2010398420D
:1093A00004D00023C4F20103984204D12EF07002CD
:1093B0004B6843EA020E4EF2FF3343F6FF7CC4F2E1
:1093C0000003C4F2010C98420FDD604522DC4EF22E
:1093D0000043C4F20003984238D00023C4F20103D2
:1093E000984233D040F2004322E040F2FF73C4F2CF
:1093F0000003984221DD40F60003C4F200039842C6
:1094000024D040F60043C4F2000398421ED04EF22E
:10941000000317E044F20003C4F20103984215D0A0
:1094200044F60003C4F2010398420FD044F2004313
:10943000C4F20103984209D00DE0B0F1804F05D08D
:1094400040F20043C4F20003984204D12EF440726B
:10945000CB6843EA020E4B6960450A688C68C462B7
:1094600082620EDD44F20002C4F20102904213D087
:1094700044F60002C4F2010290420DD044F20042D0
:1094800006E00022C4F20102904205D040F2004200
:10949000C4F20102904201D109690163016841F0FF
:1094A00004010160012141612EF080011943016036
:1094B00010BD00000000000043F27C60C2F20040DA
:1094C000FEF7AAB90000000043F2A470C2F2004007
:1094D000FEF7A2B900000000816A0A070CD4CA078F
:1094E00015D18A071ED44A0727D4CA0630D48A0663
:1094F00039D44A0642D454E00268D0F838C05368E0
:1095000023F4004343EA0C035360CA07E9D002681E
:10951000D0F82CC0536823F4003343EA0C035360A3
:109520008A07E0D50268D0F830C0536823F480334E
:1095300043EA0C0353604A07D7D50268D0F834C019
:10954000536823F4802343EA0C035360CA06CED544
:109550000268D0F83CC0936823F4805343EA0C03BC
:1095600093608A06C5D50268D0F840C0936823F49A
:10957000005343EA0C0393604A0612D50268D0F800
:1095800044C0BCF5801F536823F4801343EA0C03E6
:10959000536006D1536823F4C00C836C43EA0C0378
:1095A0005360090658BF70470168C06C4A6822F4CE
:1095B0000022104348607047B0B582B004460020D6
:1095C000C4F89000FAF788FD216805460968090784
:1095D00018D54FF4001100226FF07E400090204615
:1095E0002B4600F0DDFE68B1206850E8000F2168CE
:1095F00020F0800041E80002002AF5D1032020215C
:10960000882230E020680068400723D54FF48001AD
:1096100000226FF07E40009020462B4600F0C0FEF6
:10962000C0B100BF206850E8000F216820F490709E
:1096300041E80002002AF5D1206850E8020F2168B5
:1096400020F0010041E80202002AF5D10320202188
:109650008C2208E02020C4F88800C4F88C00002187
:1096600070220020E166A150002184F8841002B02D
:10967000B0BD000000000000806B0021A0F85E106B
:10968000FEF7AAB800000000806B0368D0F88820BD
:10969000D0F88CC09B681B061BD5212A19D100224B
:1096A000A0F85620026852E8002F036822F0C0029A
:1096B00043E800210029F5D1016851E8021F026842
:1096C00021F4000142E80213002BF5D12021C0F85B
:1096D000881001688968490632D5BCF1220F2FD164
:1096E0000021A0F85E1000BF016851E8001F026869
:1096F00021F4907142E80013002BF5D14FF6FE7C67
:10970000CEF6FF7C026852E8022F036802EA0C02E0
:1097100043E802210029F5D1C16E01290AD100BF19
:10972000016851E8001F026821F0100142E80013AF
:10973000002BF5D12021C0F88C100021C1664167B3
:10974000D0F8901041F01001C0F89010FEF744B826
:10975000C169806BB1F5807F30D00021A0F85E1028
:10976000016851E8001F026821F4807142E800138B
:10977000002BF5D1016851E8021F026821F00101B8
:1097800042E80213002BF5D1016851E8021F02687C
:1097900021F0400142E80213002BF5D12021C0F84E
:1097A0008C10C16E012909D1016851E8001F0268BF
:1097B00021F0100142E80013002BF5D100210167D0
:1097C000C16E012903D1B0F85C10FDF75DBFFEF753
:1097D0003FBD000000000000806B01210167C16EE9
:1097E000012904D1B0F85C104908FDF74DBFFEF720
:1097F00077BD000000000000C169806BB1F5807F7B
:1098000001D1FEF7C5BD0021A0F85610016851E84E
:10981000021F026821F0800142E80213002BF5D1FB
:10982000016851E8001F026841F0400142E800135E
:10983000002BF5D170470000806BFEF7ADBD000036
:10984000B0F860200168D0F88C30222B58D1496ADA
:10985000836D114023F8021B8365B0F85E10013957
:10986000A0F85E10B0F85E10002918BF704700BF66
:10987000016851E8001F026821F4907142E800136A
:10988000002BF5D1016851E8021F026821F00101A7
:1098900042E80213002BF5D12021C0F88C100021E2
:1098A0004167016740F600420168C5F60002914237
:1098B0000CD04968090209D5016851E8001F026807
:1098C00021F0806142E80013002BF5D1C16E01291F
:1098D0001BD10021C16600BF016851E8001F02686A
:1098E00021F0100142E80013002BF5D10168CA698C
:1098F000D20601D510220A62B0F85C10FDF7C4BE92
:10990000886940F0080088617047FEF7A1BC00003C
:109910002DE9F04F81B004460068B4F86050C66984
:1099200001688268D4F88C30222B40F0A580B4F80E
:109930006800002800F0AA8001F4807802F0010796
:109940004FF000094FF0020B4FF0010A04E000BF96
:10995000B4F85E00002841D0B00640F1978020683E
:10996000A16D426A2A4021F8022BA165B4F85E106D
:109970000139A4F85E10C6697107E9D0F20718BF73
:10998000B8F1000F02D1B2070AD412E0C0F820A04B
:10999000D4F8902042F00102C4F89020B20708D514
:1099A0003FB1C0F820B0D4F8902042F00402C4F8CF
:1099B0009020002908D53FB104210162D4F890001D
:1099C00040F00200C4F89000D4F890000028BFD006
:1099D0002046FDF701FFC4F89090B9E7206850E8F1
:1099E000000F216820F4807041E80002002AF5D1C0
:1099F0004FF6FE70CEF6FF70216851E8021F226814
:109A0000014042E80213002BF6D12020C4F88C005C
:109A100000206067206740F600412068C5F600011D
:109A200088420DD0406800020AD500BF206850E887
:109A3000000F216820F0806041E80002002AF5D183
:109A4000E06E01281FD10020E06600BF206850E8CA
:109A5000000F216820F0100041E80002002AF5D133
:109A60002068C169C90601D510210162B4F85C10F3
:109A70002046FDF709FE09E0816941F00801816196
:109A800001B0BDE8F08F2046FEF7E2FBB4F85E00BF
:109A9000F0B1B4F8681088421AD200BF206850E8CC
:109AA000020F216820F0805041E80202002AF5D11F
:109AB00049F64100C0F60000606700BF206850E82A
:109AC000000F216840F0200041E80002002AF5D193
:109AD00001B0BDE8F08F0000B0F860100268D0F867
:109AE0008C30222B58D1526A836D11401970816DD0
:109AF00001318165B0F85E100139A0F85E10B0F850
:109B00005E10002918BF7047016851E8001F026805
:109B100021F4907142E80013002BF5D1016851E85F
:109B2000021F026821F0010142E80213002BF5D167
:109B30002021C0F88C1000214167016740F60042E7
:109B40000168C5F6000291420CD04968090209D5A6
:109B5000016851E8001F026821F0806142E80013AB
:109B6000002BF5D1C16E01291BD10021C16600BFB8
:109B7000016851E8001F026821F0100142E800135B
:109B8000002BF5D10168CA69D20601D510220A62FC
:109B9000B0F85C10FDF778BD906940F00800906166
:109BA0007047FEF755BB00002DE9F04F81B0044629
:109BB0000068B4F86050C66901688268D4F88C30D7
:109BC000222B40F0A780B4F86800002800F0AC8099
:109BD00001F4807B02F001074FF000084FF0020A09
:109BE0004FF0010904E000BFB4F85E00002843D044
:109BF000B00640F199802068A16D406A2840087045
:109C0000A06D0130A0652068B4F85E100139A4F899
:109C10005E10C6697107E7D0F20718BFBBF1000FED
:109C200002D1B2070AD412E0C0F82090D4F89020F4
:109C300042F00102C4F89020B20708D53FB1C0F845
:109C400020A0D4F8902042F00402C4F8902000290B
:109C500008D53FB104210162D4F8900040F0020021
:109C6000C4F89000D4F890000028BDD02046FDF73D
:109C7000B3FDC4F89080B7E7206850E8000F216872
:109C800020F4807041E80002002AF5D14FF6FE7002
:109C9000CEF6FF70216851E8021F2268014042E8B9
:109CA0000213002BF6D12020C4F88C00002060673E
:109CB000206740F600412068C5F6000188420DD0BB
:109CC000406800020AD500BF206850E8000F2168F4
:109CD00020F0806041E80002002AF5D1E06E012802
:109CE0001FD10020E06600BF206850E8000F216807
:109CF00020F0100041E80002002AF5D12068C16977
:109D0000C90601D510210162B4F85C102046FDF7A8
:109D1000BBFC09E0816941F00801816101B0BDE847
:109D2000F08F2046FEF794FAB4F85E00F0B1B4F874
:109D3000681088421AD200BF206850E8020F2168DC
:109D400020F0805041E80202002AF5D149F6D920DE
:109D5000C0F60000606700BF206850E8000F21686F
:109D600040F0200041E80002002AF5D101B0BDE832
:109D7000F08F000000000000F0B583B004460368D7
:109D8000806846F6F315D4E9031210436269104364
:109D9000E2691E68CCF6FF75104306EA050210431F
:109DA000186058684FF2FF4620F4405240F60040D9
:109DB00011435960C5F60000A1698342C1F2FF1644
:109DC0001CBF226A11439A6847F6FF353240C4F23D
:109DD000000511439960DA6A44F2544122F00F02FF
:109DE000666AC5F602013243AB42DA624FF0800286
:109DF00018DD41F2FF76C4F20106B34227DC47F6D4
:109E00000046C4F20006B3424DD041F20006C4F24F
:109E10000106B34231D041F20046C4F20106B3421A
:109E20002BD04DE044F6FF36C4F20006B3422EDDDF
:109E300044F60046C4F20006B34234D045F20006B0
:109E4000C4F20006B3422ED047F6000627E041F6E2
:109E50000006C4F20106B3420FD041F60046C4F238
:109E60000106B34209D083422AD14A6802F00702B0
:109E7000062A24D20FF260331EE00A68C2F3C2023F
:109E8000062A1CD24BF2FA23C0F6010314E044F276
:109E90000046C4F20006B34205D044F60006C4F200
:109EA0000006B3420CD10A6802F00702062A06D265
:109EB0004BF2F423C0F601031A44127800E080222A
:109EC0002368834240F60010C0F23D0000F04F804E
:109ED000E369B3F5004F40F06480402A00F2FC8053
:109EE0000027DFE812F041002101F900F900270105
:109EF000F900F900F9002F01F900F900F900F90063
:109F0000F900F900F900FF00F900F900F900F90083
:109F1000F900F900F900F900F900F900F900F90079
:109F2000F900F900F9003401F900F900F900F9002D
:109F3000F900F900F900F900F900F900F900F90059
:109F4000F900F900F900F900F900F900F900F90049
:109F5000F900F900F900F900F900F900F900F90039
:109F6000F900F900F9001B01FCF72AF8EFE0931E55
:109F70001E2B00F260800027DFE803F0106374639B
:109F80006363786363636363636366636363636389
:109F9000636363636363636363637D00FBF7ACF8D0
:109FA00069E0402A00F29B800027DFE812F04100C0
:109FB000C00098009800C700980098009800ED0035
:109FC0009800980098009800980098009800A900C0
:109FD00098009800980098009800980098009800C1
:109FE0009800980098009800980098009800F20057
:109FF00098009800980098009800980098009800A1
:10A000009800980098009800980098009800980090
:10A010009800980098009800980098009800980080
:10A020009800980098009800980098009800BA004E
:10A03000FBF7C6FFADE0402A03D14FF400400027F4
:10A0400019E00020012716E051F8540C800649F26F
:10A050000000C0F2D0300ED551F8541CC1F3C1013C
:10A06000C84008E06846FBF75BF802E06846FBF78B
:10A07000E7F800270198002800F0A280616A4BF2FF
:10A080003E32C0F60102656832F8112005EB450149
:10A09000B0FBF2F38B424FF00101C0F094802E032D
:10A0A000B34200F2908000210023F6F7A3F90902E1
:10A0B000002341EA10612A46000210EB550041F1ED
:10A0C0000001F6F797F94FF60052A0F54071C0F283
:10A0D0000F02914272D375E00020012737E0002083
:10A0E000012756E051F8540C800649F20000C0F2F6
:10A0F000D0302CD551F8541CC1F3C101C84026E022
:10A1000051F8540C800649F20000C0F2D03040D51E
:10A1100051F8541CC1F3C101C8403AE04FF400406B
:10A1200015E04FF4004034E0FBF77AFF0FE0FBF757
:10A1300077FF2EE06846FAF7F3FF06E06846FAF785
:10A14000EFFF24E06846FBF77BF800270198B8B3DF
:10A15000616A4BF23E32C0F6010232F811106268B9
:10A16000B0FBF1F0510801EB4000B0FBF2F0A0F1C0
:10A1700010014FF6EF72914224D84FF6F071014072
:10A18000C0F34200084419E06846FBF759F800277D
:10A190000198A8B1616A4BF23E32C0F6010232F872
:10A1A00011106268B0FBF1F000EB5200B0FBF2F06E
:10A1B000A0F110014FF6EF72914203D82168C860F8
:10A1C000394600E001214FF00110A0660020C4E9EB
:10A1D0001D00084603B0F0BD020408102040000036
:10A1E00010B504468C4681650021A0F85C20C0F8BB
:10A1F00090102220C4F88C00D4F88000F0B11346EF
:10A2000049F2517E49F2D972C0F6000EC0F6000242
:10A21000C0E90FE249F28962C0F60002C0E91321E9
:10A22000216862462431F8F777FD38B11020C4F870
:10A2300090002020C4F88C00012010BD206948B196
:10A24000206850E8000F216840F4807041E8000267
:10A25000002AF5D1206850E8020F216840F0010083
:10A2600041E80202002AF5D1206850E8020F216877
:10A2700040F0400041E80202002AF5D1002010BD64
:10A2800081650023A0F85C20A0F85E208168436708
:10A2900071B1B1F1805F07D0B1F5805F0ED1016976
:10A2A00051B940F2FF110AE0016919B13F2106E0FE
:10A2B000016909B17F2102E0FF2100E00021A0F83F
:10A2C00060100021C0F890102221C0F88C1000BF4F
:10A2D000016851E8021FD0F800C041F001014CE8CC
:10A2E0000213002BF4D1416EB1F1005F03D1B0F83D
:10A2F00068108A4225D28168B1F5805F02D1016978
:10A30000002941D049F6D921C0F600010269416710
:10A3100062B100BF016851E8001F026841F490710A
:10A3200042E80013002BF5D12CE000BF016851E892
:10A33000001F026841F0200142E80013002BF5D114
:10A3400020E08168B1F5805F01D1016909B349F668
:10A35000A931C0F60001026941674AB1016851E8BC
:10A36000001F026841F4807142E80013002BF5D110
:10A37000016851E8021F026841F0805142E802136F
:10A38000002BF5D10020704749F64101C0F60001CD
:10A39000BCE749F61111C0F60001DCE7000000003F
:10A3A0002DE9F04381B004460068C0690840401AB6
:10A3B000B0FA80F04009824257D1DDF820800D4686
:10A3C0001646994608F1010709E000BF2068C069F8
:10A3D0002840401BB0FA80F04009864245D1002F4A
:10A3E000F4D0F9F779FEB8F1000F01464FF0030001
:10A3F0003CD0A1EB0901414538D8206801684907E4
:10A40000E4D5402D18BF802DE0D0C169090730D4B4
:10A41000C1690905DAD54FF400610162206850E88E
:10A42000000F216820F4907041E80002002AF5D165
:10A430004FF6FE70CEF6FF70216851E8021F2268C9
:10A44000014042E80213002BF6D1E06E012809D149
:10A45000206850E8000F216820F0100041E8000259
:10A46000002AF5D1032020212CE0002001B0BDE816
:10A47000F0830821016200BF206850E8000F2168C6
:10A4800020F4907041E80002002AF5D14FF6FE70EA
:10A49000CEF6FF70216851E8021F2268014042E8B1
:10A4A0000213002BF6D1E06E012809D1206850E894
:10A4B000000F216820F0100041E80002002AF5D1C9
:10A4C000012008212022C4F88C200022E266626765
:10A4D000C4F8901084F8842001B0BDE8F083000037
:10A4E00043F25450C2F20040FDF796B9000000005C
:10A4F00043F2E850C2F20040FDF78EB900000000C0
:10A5000043F21070C2F20040FDF786B9000000006F
:10A51000D0F8D42200EB820CDCF8C0223AB3B0B5FC
:10A5200001F00F0404EB840300EB830E5EF8183F88
:10A530005BB1D0F8C85204EBC40405EB8404E469B1
:10A54000B3FBF4F505FB14339BB10020C2F81402F1
:10A55000DCF8C4321B69002B08BFB0BD02F5047CD7
:10A56000D2F808020A46614698470020B0BD032091
:10A57000704700220023CEF8002000F0F5FD0020F7
:10A58000B0BD000000000000B0B5D0F8D42200EB50
:10A590008202D2F8C05295B1044600F069FCD4F8AA
:10A5A000D412C5F80C02D5F8040204EB8101D1F8ED
:10A5B000C42205F50371D26890470020B0BD032086
:10A5C000B0BD00000000000070B58121044600F01D
:10A5D00093FB012120460025258700F08DFB822179
:10A5E0002046A4F8785100F087FBD4F8D40204F593
:10A5F0003076E56456F8201089B104EB8000D0F87D
:10A60000C40240688047D4F8D40256F8200001F014
:10A610008FF8D4F8D40246F82050C4F8BC52002079
:10A6200070BD00000000000010B5D0F8D41200EB9F
:10A630008100D0F8C04284B1D0F8C41259B194F866
:10A640000002FF2807D094F801228B682146984722
:10A65000FF2084F80002002010BD032010BD000080
:10A6600040F2AC010A22C2F2004102800846704763
:10A67000F0B581B040F268070446C2F2004782217B
:10A68000384600F019FA05460121384600F014FA60
:10A6900006468121384600F00FFA002D1CBF10211C
:10A6A000A971002E1CBF4021B18000281CBF402191
:10A6B000818040F268004321C2F20040218001B055
:10A6C000F0BD000000000000F0B581B040F2680766
:10A6D0000446C2F200478221384600F0EDF90546F3
:10A6E0000121384600F0E8F906468121384600F09D
:10A6F000E3F9002D1CBF1021A971002E1CBF4FF4DF
:10A700000071B18000281CBF4FF40071818040F2BD
:10A7100068004321C2F20040218001B0F0BD00007A
:10A72000F0B581B040F268070446C2F200478221CA
:10A73000384600F0C1F905460121384600F0BCF961
:10A7400006468121384600F0B7F9002D1CBF1021C4
:10A75000A971002E1CBF4021B18000281CBF4021E0
:10A76000818040F268004321C2F20040218001B0A4
:10A77000F0BD0000000000002DE9F04104464FF458
:10A78000077000F0D9FF002849D04FF40771054643
:10A79000F5F74EFFD4F8D402217C4027022204EBC7
:10A7A000800000294FF081014FF00206C0F8C0522E
:10A7B0002046C4F8BC5208BF4FF400773B4600F077
:10A7C000DFFB0121022220463B464FF00108A4F89E
:10A7D000388000F0D5FB1020A4F84E00822103221F
:10A7E00008232046A4F8788100F0CAFBD4F8D402EC
:10A7F0000027C5F8047204EB8000A4F84C80D0F860
:10A80000C40200688047C5F81472C5F81872D5F8FC
:10A810000422A2B1207C012158B140230BE0D4F8DE
:10A82000D402002104EB8000C0F8C0120220BDE871
:10A83000F0814FF40073204600F0B6FB002630464E
:10A84000BDE8F08100000000D0F8D41200EB8101D7
:10A85000D1F8C01271B180B5027C4023002AD1F832
:10A8600004224FF0010108BF4FF4007300F09CFB7D
:10A87000002080BD0320704739B1D0F8D42200EB0E
:10A880008200C0F8C4120020704703207047000007
:10A89000D0F8D42200EB8200D0F8C00218B1C0F882
:10A8A00004120020704703207047000000000000E1
:10A8B000D0F8D43200EB8300D0F8C00228B1C0F841
:10A8C0000812C0F8102200207047032070470000D3
:10A8D000F0B581B0D0F8D42200EB820300228DF8CD
:10A8E0000320D3F8C042ADF80020002C54D00D78DE
:10A8F00015F0600214D0202A4CD1CA881AB36DB268
:10A90000B5F1FF3F27DD4978402A84F8001221463F
:10A9100028BF402284F8012200F096F800243CE091
:10A920004A780B2A36D80024DFE802F006373434A0
:10A93000343434343434253090F89C22032A29D11D
:10A94000694602221EE0D3F8C422487800249368A6
:10A950000022984721E0D3F8C4524B7806460F46B0
:10A96000AD6818462146A847FA8830462146072A8E
:10A9700028BF072206E090F89C22032A0AD10DF195
:10A980000301012200F07CF8002406E090F89C22EC
:10A99000032A02D000F04CF80324204601B0F0BD99
:10A9A000D0F8D41200EB8101D1F8C0323BB1D3F81A
:10A9B000141200294FF0010103D00846704703200C
:10A9C000704780B5C3F814128121D3F80822D3F858
:10A9D0001032C36200F0C8FB0021BDE88040084689
:10A9E000704700000000000080B5D0F8B82252681F
:10A9F0009047002818BF032080BD00000000000021
:10AA00000020704700000000002070470000000098
:10AA100080B513460A46002100F0C6FA002080BD2A
:10AA200080B513460A46002100F09EFB002080BD41
:10AA300010B58021044600F05FFB00212046BDE8F0
:10AA4000104000F059BB000080B50323C0F89432D9
:10AA50001346C0F858210A460021C0F85C3100F0C6
:10AA6000A3FA002080BD000080B50521C0F8941233
:10AA700000210022002300F097FA002080BD000092
:10AA800080B50223C0F89432134682610A46002141
:10AA9000C36100F069FB002080BD000000000000E1
:10AAA00080B50421C0F8941200210022002300F098
:10AAB0005BFB002080BD0000B0F802C003789C451D
:10AAC00010D980B504E000BF73449AB262450BD23E
:10AAD00090F800E070444278052AF5D182788A42E5
:10AAE000F2D180BD00207047002080BD0000000032
:10AAF000002808BF704710B5037863B1A0F1010EBC
:10AB00004FF0000C9EF802300CF1010C0EF1010E1A
:10AB1000002BF7D101E04FF0000C5FFA8CFC022310
:10AB200003EB4C0313800B7003224A70027882B14E
:10AB3000013802234FF0000C5FFA83FE51FA83F4D0
:10AB4000023301F80E2084F801C082780130002A17
:10AB5000F2D1BDE81040704710B540F258640A4683
:10AB6000C2F2004402A02146FFF7C2FF204610BDFA
:10AB700043444320436F6E66696700000000000095
:10AB800040F2B8001222C2F200400A807047000072
:10AB900010B540F258640A46C2F2004402A02146B1
:10ABA000FFF7A6FF204610BD43444320496E74655D
:10ABB000726661636500000040F2E0000422C2F2A8
:10ABC00000400A807047000010B540F258640A4601
:10ABD000C2F2004402A02146FFF78AFF204610BDC2
:10ABE00053544D6963726F656C656374726F6E69FF
:10ABF000637300000000000010B540F258640A467C
:10AC0000C2F2004402A02146FFF772FF204610BDA9
:10AC100053544D3332205669727475616C20436F02
:10AC20006D506F727400000070B54EF60000C1F6F2
:10AC3000F17002688368D2184FF01A030B802ED08F
:10AC400040F2E40C40686FF00101C2F2004C4FF09A
:10AC5000370E0023140F0CEB01050EEB1276B2F148
:10AC6000204F38BF04F13006023112010E292E7137
:10AC70006B71EFD10CF1100104224FF0370C00235F
:10AC8000060FB0F1204F0CEB107538BF06F1300500
:10AC9000013A4FEA001001F8025F4B70F0D140F228
:10ACA000E400C2F2004070BD80B10023C0F8B832A9
:10ACB000C0F8C4320029C0F8D03218BFC0F8B412AE
:10ACC000012180F89C12027000F0D6B80320704772
:10ACD00080B5D0F8C802F9F7E7FB40F20032C100B6
:10ACE000C0F20132032822FA01F188BF0321C8B261
:10ACF00080BD00000000000080B5D0F8C802F9F760
:10AD0000ABFB40F20032C100C0F20132032822FA4C
:10AD100001F188BF0321C8B280BD0000000000001F
:10AD2000B0B581B190F89C22032A4FD1D0F8B82257
:10AD30005269002A4AD00023C0F8D4329047002834
:10AD400008BF0020B0BDD0F89412022938D1D0E954
:10AD500007318B420DD95B1A11461A46C36104466E
:10AD6000FFF75EFE002100220023204600F01CF9C0
:10AD700025E00FD182698A420CD3D0F898128A421A
:10AD800008D20021002200250446FFF749FEC4F83E
:10AD90009852E7E790F89C12032909D1D0F8B8122D
:10ADA000C96829B10022C0F8D42204468847204649
:10ADB0008021044600F0A0F92046FFF755FE20460A
:10ADC00090F8A01211B1002180F8A0120020B0BDAF
:10ADD00010B589B190F89C22032A08D1D0F8B82286
:10ADE000002392691AB1C0F8D432904700E00020E5
:10ADF000002808BF002010BDD0F8941203291FD1ED
:10AE0000D0E9571399420BD9C91AC0F85C1199427D
:10AE100038BF0B4611461A46FFF7FAFD002010BD59
:10AE200090F89C12032909D1D0F8B812096929B108
:10AE30000022C0F8D422044688472046FFF730FE9F
:10AE4000002010BD0000000000207047000000003E
:10AE5000012180F89C12D0F8B8223AB180B501796E
:10AE600052689047002818BF032080BD002070471B
:10AE7000D0F8C802F9F748BB0178012933D110B5E1
:10AE800042F66C61C2F20041C0F8C812C1F8E00499
:10AE90000020C4F204000860092008714FF400701B
:10AEA000C8800220C1F809000020C8810874084643
:10AEB000F9F7CEFF08B1F6F7CBF942F66C644FF420
:10AEC0000071C2F200442046F9F77AFA002180228C
:10AED0002046F9F779FA01214FF4BA722046F9F7C2
:10AEE00073FABDE810400020704700000000000029
:10AEF00001F07F02D0F8C80201EBC10349B202EBB6
:10AF0000C202002900EB820200EB830000F256200F
:10AF100048BF02F1160000787047000000000000F2
:10AF2000D0F8D42200EB8202D2F8B8225AB190F8BD
:10AF30009C32032B05D1126A1AB180B590470020CC
:10AF400080BD002070470320704700000000000013
:10AF5000D0F8D42200EB8202D2F8B8225AB190F88D
:10AF60009C32032B05D1526A1AB180B5904700205C
:10AF700080BD0020704703207047000000000000E3
:10AF800080B59446D0F8C8021A466346F9F7C8FA65
:10AF900040F20032C100C0F20132032822FA01F16E
:10AFA00088BF0321C8B280BD80B5D0F8C802F9F7C8
:10AFB000EBFA40F20032C100C0F20132032822FA5B
:10AFC00001F188BF0321C8B280BD0000000000006D
:10AFD000F0B581B0012680F89C620025C0F894523B
:10AFE00004464560D0F8B802C4F8A45284F8A052D0
:10AFF00040B1426832B10021204690470546002802
:10B0000018BF032500210022402320464027FFF7D8
:10B01000B7FF8021002240232046A4F86461C4F8D1
:10B020006071FFF7ADFFA6842846276201B0F0BD2E
:10B0300090F89C12042903D190F89D1280F89C127C
:10B04000002070470000000090F89C12032908D1EE
:10B05000D0F8B81229B1C96919B180B58847BDE8DF
:10B0600080400020704700000246002011747047A5
:10B0700080B5D0F8C802F9F7B7FF40F20032C1003E
:10B08000C0F20132032822FA01F188BF0321C8B2BD
:10B0900080BD000000000000B0B500F2AA24054603
:10B0A000204600F075F80121C5F8941295F8AA120F
:10B0B000B5F8B03201F01F02C5F89832022A0ED05E
:10B0C000012A06D08AB928462146BDE8B04000F0E2
:10B0D0009BB828462146BDE8B04000F0EDBA2846AE
:10B0E0002146BDE8B04000F043BA01F08001284697
:10B0F000BDE8B040AFF3008080B5D0F8C802F9F7E2
:10B100005FFA40F20032C100C0F20132032822FA95
:10B1100001F188BF0321C8B280BD0000000000001B
:10B1200080B5D0F8C802F9F77BFF40F20032C100C9
:10B13000C0F20132032822FA01F188BF0321C8B20C
:10B1400080BD000000000000014690F89C02042829
:10B1500003D091F89C0281F89D020020042281F81E
:10B160009C2270470000000080B5D0F8C802F9F7B3
:10B170005FFA40F20032C100C0F20132032822FA25
:10B1800001F188BF0321C8B280BD000000000000AB
:10B190000A7802704A7842704A8842808A8882809F
:10B1A000C988C1807047000010B582B004464FF0D6
:10B1B0000000ADF80600B1B1D4F8D40204F52E7247
:10B1C000C4F8B81252F82000C16A21B10DF106008E
:10B1D0008847C4F8D002D4F8D8020130C4F8D802A5
:10B1E000002002B010BD032002B010BD000000001E
:10B1F000D0F8B8220AB1126810470020704700004A
:10B20000FFF78EBF000000000A78C2F34112531E00
:10B21000022B07D2D0F8D42200EB8202D2F8B82257
:10B2200092681047F0B581B0002A40F0BF804A789C
:10B23000092A00F2BB80DFE802F0052CB94FB958AB
:10B2400074B91A3C90F89C22013A022A00F2AE80AE
:10B25000C988022940F0AA80D0F8A412032200294C
:10B26000014608BF012241F80C2F022238E1C988AB
:10B27000012940F09B8090F89C124A1E022A80F01F
:10B28000908001460122002441F8084FFFF7F8FBA7
:10B2900095E090F89C22013A022A00F287804988C2
:10B2A0000024012940F08B80C0F8A442FFF7F8FB8E
:10B2B00085E0498840F25465C2F2004511F0FE0F66
:10B2C000297049D080210446FFF716FF002120464F
:10B2D000FFF712FF032472E04A88022A5AD0012A9B
:10B2E00064D10121C0F8A41257E08A88002A5DD1F8
:10B2F000CA88002A5AD14D887F2D57D890F89C12C1
:10B30000032953D0E9B280F89E520446FFF7B0FEFD
:10B3100020462646FFF7C4FB002D00F021810220C5
:10B320001FE14A884FF0FF330027ADF8027003EBAE
:10B3300012230E2B53D8DFE803F008604552526FFA
:10B340007A5252525252525254000F46D0F8B4120E
:10B350000446007C0A684BE090F89C22032A00F027
:10B360007580022A40F096800A0616D001F001028C
:10B370004260C9B20546FFF73BFF0446002800F0D3
:10B38000CF8080212846FFF7B7FE00212846FFF72F
:10B39000B3FE7BE0497980F8A012FFF781FB00241F
:10B3A0000DE0032902D1011D012299E0802105460B
:10B3B000FFF7A2FE002128460024FFF79DFE20464D
:10B3C00001B0F0BDD2B2052A09D8DFE802F003BF10
:10B3D000B5BAB0C40F46D0F8B4124A6805E00F46BB
:10B3E00028E00F46D0F8B412CA691AB30446007CAC
:10B3F0000DF102019047054664E00F46017C0446CA
:10B40000D0F8B80200290CBF816AC16A0DF10200B0
:10B4100088470546022054E00F46017C51B9044696
:10B42000D0F8B802416B0DF102008847E3E70F4600
:10B43000017CE9B380210646FFF75EFE002130461D
:10B4400000253446FFF758FE00203CE00A065AD09B
:10B4500001F00102416891429FD0C9B20446FFF752
:10B46000C3FA2978204661602546FFF7C1FE0446ED
:10B47000002851D080212846FFF73EFE00212846B3
:10B48000FFF73AFE29792846FFF7AEFA022085F841
:10B490009C0294E780210446FFF72EFE00212046FF
:10B4A000FFF72AFE29782046FFF79EFA032486E755
:10B4B0000446D0F8B802016B0DF10200884705463A
:10B4C00007206870012090B1FA886AB1BDF80210B7
:10B4D00079B19142204638BF0A462946ADF802208C
:10B4E000FFF7CEFA00246AE72046FFF7D9FA0024D6
:10B4F00065E780212046FFF7FFFD00212046FFF78A
:10B50000FBFD00245BE7C9B2022280F89C220024E4
:10B5100044600546FFF768FA2846FFF7C1FA4EE790
:10B520002846FFF7BDFA032085F89C0247E70F463F
:10B53000D0F8B4124A6958E70F46D0F8B412CA6876
:10B5400053E70F46D0F8B4120A694EE70F46D0F819
:10B55000B4128A6849E70F46D0F8B4128A6944E702
:10B56000012086F89C02002429E70000000000006A
:10B5700070B50D4609780446C1F341122979531E6E
:10B58000022B05D22046FFF73BFAD8B1002070BD50
:10B59000DABB687880B3012821D0032835D194F82C
:10B5A0009C0203281FD1688838B911F07F0004D0AD
:10B5B000E88810B92046FFF79FFD2046FFF770FA94
:10B5C000002070BDD4F8B80282680020002AC4F8B8
:10B5D000D402DBD020462946BDE87040104794F8DD
:10B5E0009C0203281BD002280FD148060DD020460C
:10B5F000FFF782FD80210DE094F89C0203281ED005
:10B60000022808BF5FEA416040D080212046FFF752
:10B6100073FD00212046FFF76FFD002070BD688894
:10B620000028B3D10E46480603D020463146FFF726
:10B630004FFB2046FFF734FA20463146A3E701F0DE
:10B640000F00802900EB800004EB800002D2B0F8EC
:10B65000640100E0808C0028D7D001F07F0001EB6E
:10B660008102802900EB800004EB800000F11405CA
:10B6700004EB820038BF00F5AA75480612D02046B8
:10B68000FFF736FC002818BF01200CE008064FF039
:10B69000140058BF4FF4AA70002221182250022231
:10B6A000204604E000202860022220462946FFF7B9
:10B6B000E7F9002070BD000070B50A7802F0600262
:10B6C000602A08D090F89C22013A022A03D88A887E
:10B6D00012F0FE0F0AD080210546FFF70DFD002174
:10B6E00028460024FFF708FD204670BD0E4605469B
:10B6F000D1B2FFF789F910B1032431460EE0D5F835
:10B70000B8128A6842B128460021C5F8D4123146E1
:10B7100090473146044601E031460324C88800289A
:10B7200008BF002CE0D12846FFF7BAF9204670BDCB
:10B73000704700000000000040F65800C2F20040D0
:10B74000704700000000000010B50C784A78D0F86F
:10B750001CC804F00F034FEA441E012A18D101222D
:10B760009A4000EB0E0342EA0C02C0F81C28D3F802
:10B770000009000429D403F510600A7989686FF381
:10B78000DF21036841EA824143EA8452114317E012
:10B790004FF4803202FA03F300EB0E0243EA0C038B
:10B7A000C0F81C38D2F8000B00040ED40B7902F557
:10B7B000306089686FF3DF21026841EA83411143F9
:10B7C00041F0805141F400410160002010BD0000B3
:10B7D0000146D0F8000940F2FF729043C1F8000919
:10B7E000D1F80428002042F48072C1F80428704780
:10B7F00082B002F47F42B2F5807F39D1836B4FF67D
:10B80000BF7223F480338363DDF808C0C368CFF6CA
:10B81000BD721A40C2605FFA8CF2C368012A23F439
:10B820004012C26003D1C26842F48012C26000229A
:10B83000009200BF009A01320092009AB2F1706F3C
:10B840003AD80269B2F1FF3FF4DC002200920269AB
:10B8500042F00102026100BF009A01320092009A98
:10B86000B2F1706F28D80269D207F5D1002230E01A
:10B87000C26842F04002C26000220192019A013285
:10B880000192019AB2F1706F18D80269B2F1FF3FCC
:10B89000F4DC00220192026942F00102026100BF61
:10B8A000019A01320192019AB2F1706F06D80269D1
:10B8B000D207F5D1002202E003220AE0032213F4AA
:10B8C0007F4F836B02D023F4803301E043F4803355
:10B8D000836301F47F01B1F5803F10D1C16D89B25E
:10B8E000C165C16D41F0007141F0F771C1658168BA
:10B8F00041F006018160816841F0200181601046BD
:10B9000002B070470000000080B50A7847F6000CCE
:10B910004B78CEF6334C5101012B014425D1D1F89F
:10B9200000394FF0010EB3F1FF3F01F5106307DC62
:10B93000196841F000611960196841F0804119608F
:10B9400002F00F01D0F83C280EFA01F18A43C0F84A
:10B950003C28D0F81C2822EA0101C0F81C181968FC
:10B96000002001EA0C01196080BDD1F800EB01F55F
:10B970003063BEF1FF3F0CF1707C4FF4803EDFDCA2
:10B98000D6E70000000000000146D0F8000E20F0CD
:10B990000300C1F8000E0020D1F8042822F00202B2
:10B9A000C1F80428704700000146D0F8000E20F0CE
:10B9B0000300C1F8000E0020D1F8042842F0020272
:10B9C000C1F80428704700002DE9F04F83B01B0C2C
:10B9D0004127002640F827600137502FFAD1DBB20B
:10B9E000009323B100F138034FF400170FE0D0F8B3
:10B9F0000438802743F00203C0F80438836B23F433
:10BA000000138363036843F04003036003461E682A
:10BA1000374302F47F461F60B6F5807F4FF0000386
:10BA2000C0F8003E07D1B3EB116FD0F8003806D054
:10BA300043F0010303E0D0F8003843F00303C0F8FB
:10BA400000380023019300BF019B01330193019B48
:10BA5000B3F1706F18D80369B3F1FF3FF4DC002332
:10BA600001934FF484630361019B4FF0000E013397
:10BA70000193019BB3F1706F88BF4FF0010E05D8A1
:10BA800003699B06F0D401E04FF0010E00230293FE
:10BA9000029B01330293029BB3F1706F18D80369C4
:10BAA000B3F1FF3FF4DC002302931023036100BFD6
:10BAB000029B4FF0000A01330293029BB3F1706FB7
:10BAC00088BF4FF0010A05D80469E406F0D401E00C
:10BAD0004FF0010ACCB24FF00008C0F81088C0F84F
:10BAE0001488C0F81C88A4B300F510664FEA441B04
:10BAF0004FF67F39002400BF4FF09047002C08BF5D
:10BB00004FF000673359351907EAE3733351203496
:10BB1000C5F81080A345C5F80890EDD100F5306652
:10BB20004FF000094FF67F34002700BF4FF09043DD
:10BB3000002F08BF4FF00063F55906EB070C03EA2E
:10BB4000E573F3512037CCF81090BB45CCF8084092
:10BB5000ECD1D0F8103811F47F0F23F48073C0F8C3
:10BB60001038C0F818806FF08041416103D18169BD
:10BB700041F01001816143F600038169C8F23C0382
:10BB800012F47F0F41EA0301816103D0816941F022
:10BB9000080181610099012905D1816941F0804145
:10BBA00041F0040181614EEA0A0003B0BDE8F08F64
:10BBB00001468268002022F001028A60704700007E
:10BBC00043F20B03D0F840C0C4F654739C4503D332
:10BBD000D0F8003B002B1ED40023C0F8103BD0F857
:10BBE000103B012943F40023C0F8103BD0F8103B70
:10BBF00043F01803C0F8103BD0F8103B43F0C041AD
:10BC0000C0F8101B07D1C0F8142BD0F8001B41F06E
:10BC10008021C0F8001B00207047000000000000D9
:10BC20004A780B78012A4FEA431210440DD1D0F81C
:10BC3000002922F40012C0F80029097901F0FE0160
:10BC4000022913D100F510600CE0D0F8002B22F48B
:10BC50000012C0F8002B097901F0FE01022905D17C
:10BC600000F53060016841F08051016000207047AC
:10BC70000A784B785101012B084406D1D0F80019FD
:10BC8000002900F5106106D50BE0D0F8001B002953
:10BC900000F5306105D4002A1EBF086820F08040FE
:10BCA00008600A68002042F400120A607047000031
:10BCB000F0B54B78002491F800C04FF6FF75012BCA
:10BCC000CFF6F874CEF207052AD100EB4C1E0E69B0
:10BCD000002E0EF51063DEF810794ED03C401C614A
:10BCE0001C69BCF1000F04EA05041C618C6856D085
:10BCF00035191E69013DB5FBF4F40025C1F6F87550
:10BD000005EAC44535431D610D79012D4FD14FF032
:10BD1000C0461D6906EA447425F0C0451D6143E034
:10BD200000EB4C134FF6FF7EC0F2070EBCF1000F84
:10BD3000D3F8107B07EA0407C3F8107BD3F8104B45
:10BD400004EA0504C3F8104B03F530630E691DD0F7
:10BD5000002E8D686FD07719013FB7FBF5F7BEB2A3
:10BD60006E4300250E62C1F6F87505EAC7471D69E6
:10BD700006EA0E062F431F6164E03D401D611D6908
:10BD800045F400251D611D692C4015E0002E1CBFE7
:10BD90008F680F618F680F6207EA0E074DE0A642B9
:10BDA00000D90C614FF400241D692C431C610C69FF
:10BDB0001D696FF3DF442C43012A1C6115D1CA6948
:10BDC000002A18BFCEF814290979012952D1D0F8D8
:10BDD0000808C0054FF0805058BF4FF00050DEF803
:10BDE00000190843CEF8000944E000F510634FEA5B
:10BDF0004C169F5947F004479F510F79012F0FD1DF
:10BE0000D0F80878FF054FF0805758BF4FF0005723
:10BE1000F558002A45EA0702F25032D00020F0BD62
:10BE200009690029FAD00CF00F01012202FA01F190
:10BE300000F6340320E005EA0E071E6937431F6150
:10BE40004FF400261F69012A47EA06021A6103D14E
:10BE5000CA68002A18BF5A61097901290AD1D0F8A5
:10BE60000808C0054FF0805058BF4FF000501968C7
:10BE7000084318604FF00441186808431860002018
:10BE8000F0BD0A8A002AC9D0CB68D11C890800F508
:10BE900080504FEA0C32043B013953F8047F1750AD
:10BEA000FAD1BBE70000000081B0002200924A787E
:10BEB0000978012A4FEA41111BD100F51060425860
:10BEC000B2F1FF3F2FDC0A5842F000620A500A58D4
:10BED00042F080420A5042F2107200BF009B0133D0
:10BEE0000093009B934221D84358B3F1FF3FF5DD07
:10BEF00019E000F530604258B2F1FF3F13DC0A58F8
:10BF000042F000620A500A5842F080420A5042F25F
:10BF1000107200BF009B01330093009B934205D831
:10BF20004358002BF6D4002001B07047012001B027
:10BF3000704700000000000001468268002042F0C7
:10BF400001028A607047000081B00022009200BFA9
:10BF5000009A01320092009AB2F1706F15D802690E
:10BF6000B2F1FF3FF4DC890100220092203101612F
:10BF70000099013100910099B1F1706F05D8016904
:10BF80008906F5D4002001B07047032001B0704746
:10BF9000D0F8081888074FF0020001F0060158BFDA
:10BFA0000F20002908BF084670470000000000006D
:10BFB000406900F001007047D0F81818D0F81C084C
:10BFC000084080B270470000D0F81818D0F81C085C
:10BFD0000840000C70470000D0F810C8D0F8343882
:10BFE00001F00F0200EB411023FA02F2D201D0F867
:10BFF0000809D1B241EA0C01084070470000000076
:10C0000000EB4111D1F8081BD0F814080840704724
:10C01000416980690840704780B5930802F0030EBB
:10C0200009D004394FF4805C013B50F80C2041F8F2
:10C03000042FF9D10431BEF1000F0ED04FF480521D
:10C0400000238058AEF1010E20FA03F201F8012B13
:10C050005FEA0E4203F10803F4D1084680BD0000F8
:10C06000B0B50446C06820F0C040E06091B101293D
:10C0700026D1E068002540F00050E0600A20F7F784
:10C080000FF86069C00705F10A0014D1BE2D0546FE
:10C09000F4D310E0E068002540F08040E06000BF8D
:10C0A0000A20F6F7FDFF6069C00705F10A0002D01B
:10C0B000BE2D0546F4D3C838B0FA80F04009B0BDB3
:10C0C0000120B0BD000000000246D0F8000820F4B6
:10C0D000FE6001F07F01C2F800080020D2F80038AD
:10C0E00043EA0111C2F80018704700000000000088
:10C0F000022A02465CD145F2403043F20053CFF6AB
:10C100002770C0F20C030844984202D24FF47051D9
:10C1100050E041F6406044F24023CFF61B70C0F27D
:10C120000F030844984202D24FF4605142E0A1F557
:10C13000740044F68073A0F51050C0F212039842C8
:10C1400002D24FF4505135E0A1F183704DF22063DB
:10C15000A0F5E740C0F21303984202D24FF44051D9
:10C1600028E04BF260604EF26033CFF6E560C0F23B
:10C1700016030844984202D24FF430511AE04DF2AF
:10C18000003047F24073CFF6CE60C0F21B03084484
:10C19000984202D24FF420510CE045F6C03049F2EB
:10C1A000C013CFF6B360C0F22103084498420AD20C
:10C1B0004FF41051D06820F47050D060D368002044
:10C1C0001943D1607047A1F1B77047F22053A0F531
:10C1D0005850C0F23803984202D24FF40051E9E7B8
:10C1E00045F2E04049F6E043CFF65960C0F2410322
:10C1F00008444FF4C051984238BF4FF4E051D9E79A
:10C20000DDF800C0BCF1000F0CD15BB1033300F5C9
:10C21000805C9B0804391203013B51F8040F42F87B
:10C220000C00F9D100207047FEE70000000000007C
:10C230002DE9F04F81B040F688614FF00414C2F24E
:10C24000004101F10800C1E900404021F4F7F0F994
:10C2500040F61871C2F2004101F10800C1E9004046
:10C260004021F4F7E5F940F66071C2F2004101F1B6
:10C270000800C1E900404021F4F7DAF940F6A8715E
:10C28000C2F2004101F10800C1E900404021F4F789
:10C29000CFF940F6F071C2F2004101F10800C1E9A6
:10C2A00000404021F4F7C4F940F6D061C2F20041E9
:10C2B00001F10800C1E900404021F4F7B9F941F665
:10C2C000044147F6E122C2F2004147F25443C3F66B
:10C2D0009462C4F20003C1E9022341F6F4334FF241
:10C2E000AA10C2F2004341F22457CBF6D2500024E8
:10C2F0000860C2F200474C6043F65811C3F634415F
:10C3000019604CF29C4142F60E5241F2345AC3F687
:10C31000A061C3F6B272C2F2004AC3E902124FF042
:10C320007C5139604CF28F2144F2AE725C60C3F6EE
:10C330007561CBF6616241F65413C7E9021243F20C
:10C3400033314DF20A72C3F63371CAF8001048F661
:10C350005C71C2F20043C3F64261CBF6A362CAE944
:10C3600002124AF6084145F2F832C3F61C61196020
:10C3700040F21941CBF6E352C3F6D661DC60C3E963
:10C38000012141F6641349F69A12C2F2004341F6C4
:10C390003416C3F69952C2F20046186048F21230C1
:10C3A0005A604FF2C352C3F60070C3F6C872C3E9B5
:10C3B00002024AF6084345F2F835CBF61C63C3F691
:10C3C000E355C6E9003541F644154CF6CD43C2F2BB
:10C3D0000045CBF6CC53C6E902134FF2AA1149F639
:10C3E0009A13C3F6D251CBF69953C5E90013C5E9A8
:10C3F000020241F244554CF6CD40C2F2004541F2F2
:10C400005458C3F60C7045F62941286049F69A1035
:10C41000C2F20048CBF61960CBF68F6141F2645945
:10C42000C5E9020148F21F51C2F20049C3F62B715F
:10C4300041F6741BC8E9001441F27B41C2F2004B83
:10C44000CBF6AE617C60C8E9020145F204602D21A3
:10C45000C3F68E60C9F800004CF6C120CAF804404B
:10C46000C3F621606C60C9E9014002208BF800002E
:10C470000BF10400C9F80C40CBF83440F4F7D8F8BD
:10C4800046F2E1100022C0F601004FF08041CBE9F6
:10C490000E043868CBF854007868CBF85800B868B8
:10C4A000CBF85C00F868CBF860004FF08040CBF828
:10C4B000680001208BF87000DAF80000CBF89400D7
:10C4C000DAF80400CBF89800DAF80800CBF89C0002
:10C4D000DAF80C00CBF8AC10CBE928044FF07E5012
:10C4E000CBF8A80004208BF8C0000BF1C4002D216C
:10C4F0008BF84040C4F24002CBE91144CBE913442D
:10C50000CBF864404FF07E57CBF86C2001228BF8BB
:10C510008040CBE91D44CBF87C40CBE92144CBE9FA
:10C5200023448BF8B020CBE92D44CBF8BC40CBE9B9
:10C530004D44CBF83C41F4F77BF80BF582702D218C
:10C540008BF80041CBE93D44CBF8FC40F4F770F8A0
:10C5500041F6B4262868C2F200464FF0804106F149
:10C560006003012270616868B061A868F061E868E2
:10C57000C6E908040020F166C4F220003470C6E960
:10C580000A10D8F800007065D8F80400B065D8F833
:10C590000800F065D8F80C00012191C3D9F800001B
:10C5A000C6F89400D9F80400C6F89800D9F8080035
:10C5B000C6F89C00D9F80C00C6F8A0004CF6CD4097
:10C5C0000027C3F64C7086F8B010C6E92940042055
:10C5D00086F8C00006F1C4002D21C6E90144C6E971
:10C5E000034486F830204FF0804BC6E90D44F463D5
:10C5F000C4F2400786F84040C6E91144C6E9134436
:10C6000086F87020C6E91D44F46786F88040C6E9C4
:10C610002144C6E92344C6F8AC70C6E92D44C6F8E7
:10C62000BC40C6E94D44C6F83C41F4F701F806F5B4
:10C6300082702D2186F80041C6E93D44C6F8FC40D1
:10C64000F3F7F6FF41F2747541F63411C2F200457A
:10C65000C2F200410123086868614868A8618868DF
:10C66000E861C86805F120012C7081E8110841F6E5
:10C670004411EF62C2F2004185F83030C5E901444F
:10C68000086868654868A8658868E865C86805F14D
:10C690006001C5E9034481E81108022085F88000A3
:10C6A00005F184002D21C5E90D44EC6385F8404077
:10C6B000C5E91144C5E91344EF66012785F87030D8
:10C6C000C5E91D44EC67C5F8B440F3F7B1FF46F285
:10C6D000F11805F1C4002D21C0F60108C5E92E842A
:10C6E00085F8C070F3F7A4FF41F6F4362D21C2F2AD
:10C6F000004640F6B839C5E93D943068C5F81401E4
:10C700007068C5F81801B068C5F81C01F068C5F874
:10C71000FC40C5E948044FF07F5085F80041C5E969
:10C720004A0B042085F8400105F5A27085F83071A8
:10C73000C5E94144C5E94344C5E94D44C5F83C4118
:10C74000C5E96D44C5F8BC41F3F772FF05F5C27049
:10C750002D2185F88041C5E95D44C5F87C41F3F79A
:10C7600067FF41F2745541F65411C2F20045C2F21E
:10C7700000414FF07E5A086868614868A86188687F
:10C78000E861C86805F120012C7081E8110841F6C4
:10C7900064110020C2F20041C4F22000E86208687F
:10C7A00068654868A8658868E865C8682D21C5E996
:10C7B0001804022085F8800005F1840085F83070A7
:10C7C000C5E90144C5E90344C5E90D44EC6385F8B6
:10C7D0004040C5E91144C5E91344C5E91AAB85F8E1
:10C7E0007070C5E91D44EC67C5F8B440F3F720FF4D
:10C7F00005F1C4002D21C5E92E8485F8C070F3F73A
:10C8000017FF05F590713068C5F814017068C5F818
:10C810001801B068C5F81C01F06881E8110C04200B
:10C8200085F8400105F5A2702D21C5E93D94C5F8B4
:10C83000FC4005F5A07685F80041C5E94144C5E90D
:10C84000434485F83071C5E94D44C5F83C41C5E91C
:10C850005D44C5F87C41F3F7EBFE00BF06F8404F9E
:10C86000301D2D21F463C6E90D44F3F7E1FE06F116
:10C87000400005F500718842F0D101B0BDE8F08FAD
:10C8800080B50BF0BDFD0BF007FE0BF011FE0BF0B9
:10C890001BFE0BF025FE0BF02FFE0BF089F90BF0C1
:10C8A00093F90BF0ADF90BF0C7F90BF0E1F90BF0D0
:10C8B000FBF90BF01DFA0BF043FA0BF05DFA0BF0ED
:10C8C0007BFA0BF021FB0BF03BFB0BF055FB0BF065
:10C8D0006FFB0BF075FB0BF087FB0BF095FB0BF080
:10C8E000A3FB0BF0ADFB0BF0DBFB0BF071FC0BF0D3
:10C8F0007BFC0BF0ADFC0BF0D7FC0BF0E9FC0BF074
:10C90000FFFC0BF02DFD0BF037FD0BF041FD0BF0A4
:10C9100053FD0BF081FD0BF08FFD0BF0A1FD80BDF1
:10C9200080B59AB044F2AC70C2F2004000908430FE
:10C930009FED8F0A8DED090A9FED8E1A8DED0A1A73
:10C940009FED8D2A8DED0F2ADFED8C2ACDED192A72
:10C95000DFED8B3ACDED0B3A9FED8A5A8DED105AF3
:10C96000DFED895ACDED015A9FED886A8DED026A9F
:10C97000F0EE620AF0EE621AB0EE463AB0EE454AC8
:10C98000F0EE454A01F038FD0098DDED015A9DEDCD
:10C99000026A9DED090A9DED0A1ADDED0B3A9DED47
:10C9A0000F2A9DED105ADDED192A1C30049044F633
:10C9B000F400C2F2004003908430F0EE620AF0EE20
:10C9C000621AB0EE463AB0EE454AF0EE454A01F042
:10C9D00013FD039904981C3105919FED6D0A8DEDAF
:10C9E000060ADFED6C0ACDED070A05F09DF9059802
:10C9F0009DED060ADDED070A05F096F99DED0F2A7B
:10CA00009DED105ADDED192A43F6F870C2F2004090
:10CA1000089084309FED600A8DED0D0AB0EE081A83
:10CA20008DED0E1ADFED5D5ACDED115A9FED5C6A6A
:10CA30008DED126AF0EE620AF0EE621AB0EE463A3E
:10CA4000F0EE453AB0EE454AF0EE454A01F0D4FC2E
:10CA500008989DED090A9DED0A1ADDED0B5A9DED32
:10CA60000F2A9DED105A9DED116ADDED192A1C303B
:10CA7000159044F63C20C2F200400C9084309FEDAB
:10CA8000493AF0EE620AF0EE621AF0EE653AB0EE64
:10CA9000454AF0EE454A01F0AFFC0C989DED0D0AB9
:10CAA0009DED0E1A9DED0F2A9DED105ADDED115AE8
:10CAB0009DED126ADDED192A1C30169043F62040D8
:10CAC000C2F2004013908430F0EE620AF0EE621A77
:10CAD000B0EE463AF0EE453AB0EE454AF0EE454A41
:10CAE00001F08AFC1398DDED192A1C30179042F2F0
:10CAF000B000C2F2004014906C30B2EE0E0A9FED0E
:10CB00002A1A9FED2A2AB1EE045AF3EE045AB1EE26
:10CB10000C6AF0EE620AF0EE621AB0EE463AF0EEFF
:10CB2000453AB0EE454AF0EE454A01F065FC1499ED
:10CB30001598DDED190A043118919FED1D0A05F0D5
:10CB4000F3F81698DDED190A9FED1A0A05F0ECF8D6
:10CB50001798DDED190A9FED180A05F0E5F8189809
:10CB60009DED190ADFED150A05F0DEF81AB080BD5B
:10CB70000000C8420AD7A33B6F12033B000000002D
:10CB800000007A440000FA430000164300D0044637
:10CB900000001B44000016C4000048430000FA4493
:10CBA0000000FA4500803B45AE47613D6F12833A75
:10CBB000F6086B44CD3C03443313F34339D69DC090
:10CBC0009FED173AB0EE402AB4EE430AB0EE600A89
:10CBD000F1EE10FAB8BF704731EE011A22EE011AD9
:10CBE000A0EE001AB1EEC12AB4EE422AF1EE10FA1C
:10CBF00002D682FE000A704780B52DED028BB0EEA2
:10CC0000408AB0EE410A0EF0D8F8B0EE402AB0EEFD
:10CC1000480ABDEC028BBDE8804082FE000A7047E6
:10CC2000BD3786350000000080B592B0119047F204
:10CC30001460C2F20040029006F046F9029806F035
:10CC400053F942F23020C2F20040039006F09CFB00
:10CC5000039806F079FB06200021049102F0C4FB42
:10CC600004990A2002F0C0FB04990B2002F0BCFBDF
:10CC70000DA802F029F80BA89FED7C0ADFED7C0AD5
:10CC800009F0BEFA049A0B980C990E910D9040F69B
:10CC9000DB70CBF6C9700F9001218DF84010ADF814
:10CCA00042200D980E9BDDF83CC0CDF828C00993BA
:10CCB00008909DED080ADDED090A9DED0A1A44F67B
:10CCC000F040C2F2004001F0CBFEFFE741F6144015
:10CCD000C2F20040006805F043FF48F28141C0F213
:10CCE0001E0188420ED3FFE705F046FF41F61441CE
:10CCF000C2F20041086040F26C50C2F2004007F0FE
:10CD0000C7FFFFE742F26420C2F2004006F0A0FC39
:10CD100042F23020C2F20040019006F06DFB019813
:10CD200042F24401C2F2014181ED000A06F074FBB7
:10CD3000019842F24801C2F2014181ED000A06F079
:10CD400083FB019842F24C01C2F2014181ED000ADD
:10CD500006F046FB44F60060C2F2004080ED000A97
:10CD600047F21460C2F2004090F8240008B9FFE7CF
:10CD700019E047F21460C2F2004090F82400012844
:10CD800010D1FFE747F21460C2F2004006F0ACF8A1
:10CD900038B1FFE747F2F050C2F2004001F0C8FBA3
:10CDA000FFE7FFE7FFE747F21460C2F2004090F8A8
:10CDB0002200012807D1FFE744F60860C2F20040D4
:10CDC00003F036FC4DE044F60860C2F2004003F088
:10CDD0003FFC01208DF81F0047F21460C2F20040B2
:10CDE00090F8220020B9FFE700208DF81E0003E034
:10CDF00001208DF81E00FFE700208DF81D0047F28E
:10CE00001460C2F200400090B0F9281000EE101A31
:10CE1000B8EEC00A9FED172A80EE020AB0F926008C
:10CE2000404201EE100AB8EEC11AC1EE020A05A88E
:10CE300009F0E6F90098B0F92A00404200EE100A25
:10CE4000B8EEC00A9FED0C1A80EE011A9DED050A9E
:10CE5000DDED060A44F69450C2F2004008F0BCFF33
:10CE6000FFE701200BF0FCFD30E700BF9A99294154
:10CE7000C3F590C0000016430000C8420000000047
:10CE80002DE9F04F84B047F2906C0DF10103C2F22E
:10CE9000004C4BF2563B416A03F1010EDCF8009066
:10CEA0004FF00008C0F6010B04E00026002E00F051
:10CEB000F88000BF428D058D521B02F5807202EB97
:10CEC000126525F0FF05521B072AC0F0EA80068D87
:10CED000751CEDB28A5D4D5DAA2A08BF552D11D093
:10CEE000AA2A08BF662D49D0AA2A08BF772D00F0CC
:10CEF0008180028D0132D2B202850126002ED9D165
:10CF0000CFE000BF428D058D521B02F5807202EB0F
:10CF1000126525F0FF05521B0F2AC6D3002500BF5E
:10CF2000B2B28A5C5A550135721C0F2DD6B2F7D1B8
:10CF30009DF80F20DE2ADCD19DF80EA000250B22E3
:10CF4000774600BF17F8014F013A84EA05041BF841
:10CF50000450F7D1AA45CCD1BDF80320A0F8402059
:10CF6000DDF80520C0F842209DF80D20DDF80940CD
:10CF7000C0F8464080F84A208BE000BF002500BF83
:10CF8000B2B28A5C5A550135721C072DD6B2F7D160
:10CF90009DF80720DE2AACD19DF806A000250322CB
:10CFA000774600BF17F8014F013A84EA05041BF8E1
:10CFB0000450F7D1AA459CD19DF80320082A5AD0E5
:10CFC000072A3FD0042A64D180F84B209DF8042022
:10CFD0009DF8054080F84C2080F84D4002F00F0588
:10CFE00080F85550120980F8562004F00F0280F89E
:10CFF00057204EE0002500BFB2B28A5C5A55013579
:10D00000721C072DD6B2F7D19DF80720DE2A7FF4D7
:10D0100070AF9DF806A000250322774617F8014F50
:10D02000013A84EA05041BF80450F7D1AA457FF4BD
:10D0300060AF9DF8032080F84E20BDF80420A0F8D2
:10D040004F2026E080F84B209DF804209DF80540F5
:10D0500080F84C2080F84D4002F00F0580F85850C1
:10D06000120980F8592004F00F0280F85A20220992
:10D0700080F85B200DE080F84B209DF804209DF89F
:10D08000054080F84C2080F84D4002F00F0280F8F7
:10D090005C20068509F10109CCF800904FF00108E9
:10D0A0002BE708F0010004B0BDE8F08F000000009D
:10D0B00083688B421DD1002A08BF704710B500213C
:10D0C00003E000BF01318A4211D0C36913F801C0E7
:10D0D000438D03F1010E038D5FFA8EFE9E45F1D064
:10D0E000436A448D03F804C0A0F82AE0EAE7BDE8EB
:10D0F000104070470000000042688A4218BF704725
:10D1000010B5018AC26804461046F6F7D5FF00281C
:10D110004ED0618E2046228E891A01F5807101EB76
:10D12000116222F0FF02891A45D08BB20022402BF7
:10D1300028BF40239C46012B98BF4FF0010C02E012
:10D14000013294450FD0D0F820E0048E418E8C42FD
:10D15000F6D0C16A048E095D0EF80210018E01310D
:10D16000C9B20186ECE7016A4EF6687C01F01F0245
:10D17000CEF2000CBFF34F8F1A442032203ACCF885
:10D180000010202A01F12001F8DCBFF34F8FBFF31C
:10D190006F8F012180F83410D0E90041026A2468C1
:10D1A000A04747F65C00C2F200400168013101600F
:10D1B000BDE810407047002180F83410BDE81040F1
:10D1C00070470000000000002DE9F04786B090F89D
:10D1D000344014B106B0BDE8F087DDE90EE4640028
:10D1E000DDF840C044EACE04028744EA0C04DDF8CE
:10D1F00044C080F83CC0DDF848E08DF80FC04BF229
:10D20000563C4387C0F6010C80F83EE0DDF84C80C8
:10D21000ADF80A200222ADF80C3000238DF810E0A2
:10D220000DF1060EC186DDF8509080F83D40DDF826
:10D2300054A080F83F80169D80F85190179E80F88A
:10D2400052A04AF6552780F8535080F85460ADF844
:10D250000670ADF808108DF80E408DF811808DF82D
:10D2600012908DF813A08DF814508DF8156000BF42
:10D27000DBB21EF8021001325940102A1CF80130AE
:10D28000F6D100228DF81630ED218DF8171002E04E
:10D290000132122A0CD01EF80230418E078E013165
:10D2A000C9B2B942F4D0C76A468EBB554186EFE792
:10D2B00090F8341000298DD1418E028E891A09060A
:10D2C00088D0018AC26804461046F6F7F5FE0128A8
:10D2D0007FF480AF20466168FFF70EFF06B0BDE81F
:10D2E000F0870000000000004BF2E04C8260C0F6C6
:10D2F000010CC3620CF1080C029AC0E900C1039949
:10D30000C160049901820599416106990183002158
:10D3100001864186C261009A0262019A42624AF61F
:10D32000CB120185C6F28752418580F83410C0F8CF
:10D33000362042F2431242874BF6AA32CDF6CC5247
:10D34000C2634FF08072C0F84B20A0F85B10C0F8A9
:10D350005710C0F85310C0F84F107047000000007D
:10D360007047000000000000D0F88C10FFF7C4BE2A
:10D3700010B50446FFF784FD002808BF10BD40F239
:10D38000801040F28412C2F20040C2F2004240F229
:10D39000821143F6480C0088C2F20041A4F8200331
:10D3A0001088A4F8240340F26350C2F200400988B8
:10D3B000A4F8221340F264510078C2F2004184F8CC
:10D3C0002D0347F29460C2F2004043F6380EC2F2D9
:10D3D000004CC2F2004E0078097884F82F03B4F8AC
:10D3E0004800ACF8000044F6046C84F82E13C2F236
:10D3F000004CD4E91012CEE9001294F84A2002F051
:10D400000F038CF8003042F2A8031209C2F2004365
:10D4100040F25C5CC2F2004C1A7043F64002C2F269
:10D42000004294F85630118043F64202C2F20042A4
:10D43000BEF80210118043F64402C2F20042BEF868
:10D440000410118043F64602C2F20042BEF80610F4
:10D4500094F858E0118094F855208CF8002040F2A0
:10D460005D52C2F2004294F85710137040F25E52BF
:10D47000C2F2004294F8503084F82C33002311702B
:10D4800040F25F51C2F2004140F26052C2F20042EB
:10D4900081F800E094F85910117040F26152C2F224
:10D4A000004294F85A10117040F26252C2F20042E7
:10D4B00094F85B10117040F26552C2F2004294F889
:10D4C0005C10117040F20E12C2F2004294F84E103D
:10D4D000117047F21062C2F2004294F84F101170BE
:10D4E00043F64E01C2F200410A8800BF20FA03F45D
:10D4F0000133E4071CBF01320A80102BF6D143F63A
:10D500004C0C43F64A0EC2F2004CC2F2004E4FF6EB
:10D51000FF73BCF800105940BEF8003000EA010467
:10D52000002100BF24FA01F20131D2071CBF0133F0
:10D53000AEF800301029F5D1ACF8000010BD0000A5
:10D54000D0F89C100131C0F89C10022938BF7047F8
:10D550002DE9F04F8BB00021C0F89C1090F84EC020
:10D5600090F8501090F84FE090F8305390F82F4317
:10D5700080F82AC380F82C13B0F82013B0F82223C7
:10D58000B0F8243390F826A390F8286390F827B3D6
:10D5900090F8297390F82D8380F82BE390F82E9360
:10D5A000CDE9084502ACCDE900AB84E8C050CDE937
:10D5B0000689FFF709FE0BB0BDE8F08F0000000000
:10D5C000D0F88C00814218BF7047084611461A46B1
:10D5D000FAF78ABE0000000081B001210091D0F866
:10D5E000901001B0FFF764BD603007F029B800006B
:10D5F0002DE9F04F8FB004464BF2EC40A24627468F
:10D60000A146A0469646C0F6010004F1A00C0B937B
:10D6100000F108020E92226000F124020D9200F146
:10D620003C0B4AF8602F00F130020C9200F14806E2
:10D6300047F8742F04F5287249F880BF04F5D070BC
:10D6400048F8886F04F53875CDE90020CDE902531C
:10D6500018980490199805901A98069020467246DA
:10D6600063460A91CDF824B008957546FFF73CFE55
:10D670000E9820600D98CAF800000C98386040237E
:10D6800050462946089AC9F800B0B346C8F8006069
:10D6900001260096019607F0A3F805201AA118228A
:10D6A0004FF48073CDE90060384603F051FE189EB8
:10D6B0004846314601F030F940461B9901F044F8E4
:10D6C0000E9820600D98CAF800000C9838600998F0
:10D6D000C9F80000C8F800B00020C4F89C000A99FE
:10D6E000C4E923150B99C4F89410A4F898604FF47A
:10D6F0008031C4E9C800C4F82813C4F82D032046BB
:10D700000FB0BDE8F08F00BF4C6F72615461736B56
:10D710000000000000000000FFF722BE0000000033
:10D72000B0B54BF238520C46C0F6010202F10801C6
:10D730000022C0E9001494F82C118261C0E904228F
:10D74000013184F82C11CBB2092B03D30546F3F732
:10D750007FFD284694F82C1101394172CAB204EBBE
:10D760008202C2F83801B0BD2DE9F04F8BB082467D
:10D7700090F82D01002863D00AF10C080AF59C7777
:10D7800002A80AF11E054FF0000B103001900AE0CC
:10D79000A046002086F820009AF82D010BF1010B1D
:10D7A000243583454CD20BEBCB0008EB800696F872
:10D7B00020000128F0D1307C58B1002435F8140045
:10D7C00057F82000016809688847307C013484429A
:10D7D000F4D370680828F1690391DDD84446B04657
:10D7E000059001984FF0000958F8081B0291CDF8F8
:10D7F0001090C0E90099C0E90299C0F8109007E0C4
:10D8000001200BF02DF9B9F1120F09F10109BFD276
:10D81000DAF83001F5F7E8FD70B1DAF8300102A965
:10D820004246F5F78DFC00F0FE000228B0D1B9F1B8
:10D83000120FE5D3E7E700BFB9F1110FE0D9E2E736
:10D840000BB0BDE8F08F000080B588B00091D0F833
:10D85000300169464FF0000CCDE906CC03930A9BDA
:10D8600004930B9B0593019202220292F5F7A4FC0C
:10D8700008B1F3F7EDFC08B080BD00000000000027
:10D8800010B50446D0F8300101210022F5F71CFC48
:10D8900008B1F3F7DDFCD4F8300110210022F5F7D0
:10D8A00013FC08B1F3F7D4FCD4F83001F6F78CFA86
:10D8B000002808BF10BDBDE81040F3F7C9BC000048
:10D8C000B0B582B004460D46012000901DA12B2268
:10D8D00096230190204603F03BFD4BF24C504FF451
:10D8E0009171C0F601000830206004F10C00F2F7DD
:10D8F0009FFEC4F830510020C4E94E00C4E9500036
:10D90000C4E95200C4E954000BF04AFE41F2380564
:10D91000C2F20045287801302870C1B2042901D331
:10D92000F3F796FC2878013884F83401C1B241F24B
:10D930003C00C2F2004040F821400BF059FE204666
:10D9400002B0B0BD43616E0010B5A2F1010C4BF204
:10D9500058535FFA8CF4C0F60103092C03F1080E4A
:10D96000C0F800E04FF00003836088BF10BD816005
:10D9700001EB8401427180F804C0C1F8A40310BD1A
:10D980003B2B22D82DE9F04381B00446174645F2DF
:10D99000AA501E46A4F8170104F21B1084F81911AE
:10D9A00011461A46DDF8208004F2171984F81A315E
:10D9B000F2F79DFD5EB1791E0020324611F8013F5D
:10D9C000013A80EA0300F9D102E00020704700200C
:10D9D00006EB09010871EE204871E06841460CF041
:10D9E000DFFC01284FF0000023D194F8161104F554
:10D9F00089770636B2B237F811309D18812D38BFBD
:10DA00000120802D80460DD804EBC11049461844F2
:10DA10001130F2F76CFD94F8160137F8101031440C
:10DA200027F81010E0680021002200230CF0D8FA3B
:10DA3000404601B0BDE8F0832DE9F041044600F016
:10DA400037F894F8160104F58977B0FA80F04FEAB8
:10DA5000501837F81800A8B104EBC810002600F1E0
:10DA60001105002094F8CC1321B937F81810284676
:10DA7000F3F732F918B1092E06F10106F2D30020AE
:10DA800027F81800E0684FF0FF310CF089FC0128FE
:10DA900018BFBDE8F081E06800210022002384F86F
:10DAA0001681BDE8F0410CF09BBA000000000000B8
:10DAB0002DE9F04F81B00446B0F85803B4F85A137A
:10DAC000884202D101B0BDE8F08F04F2571604F588
:10DAD000697804F5587A04F25F3900274FF0010C99
:10DAE0004FF0020E4FF0060B08E000BF84F85C73A5
:10DAF000B4F85803B4F85A138842E3D0B4F8580382
:10DB0000305CB4F8581301316FF35F21A4F8581357
:10DB100094F85C130629E9D8DFE801F0042E1924F3
:10DB200009334300AA28E3D184F85CC3E0E7B4F8E2
:10DB3000A0130AF8010094F85E13B4F8A0030130B2
:10DB4000A4F8A00382B28A42D2D305200FE0A0F14C
:10DB50000B0111F10B0FC9D984F85D03032084F880
:10DB60005C03C5E74128C1D284F85E03042084F831
:10DB70005C03A4F8A073BBE75528B7D184F85CE335
:10DB8000B6E794F85E23002132B14B4613F8015FEB
:10DB9000013A81EA0501F9D18842A7D184F85CB342
:10DBA000A6E7EE28A2D194F85D0308EB800050F8B8
:10DBB000040C00283FF49AAF016894F85E230B68C8
:10DBC000514698474FF0020E4FF0010C8EE70000CF
:10DBD00070B582B004460D460120009024A1232296
:10DBE00080230190204603F0B3FB4BF264504FF4C6
:10DBF0008071C0F601000830206004F11100F2F7D6
:10DC0000F5FC04F58B7041210026C4F81261F2F78F
:10DC1000EDFC04F257104FF40071F2F7E7FC04F545
:10DC200058704021A4F85863A4F85A6384F85C63E0
:10DC3000F2F7FEFC04F569702821A4F8A063F2F75E
:10DC4000F7FC41F24800002D84F8CC53C2F20040AA
:10DC500018BF012540F82540012025740CF0D4F8A8
:10DC6000E06008B9F3F7F4FA204602B070BD00BFD7
:10DC7000436463000000000010B52DED048B43F2F7
:10DC8000244230EE608AC2F2004200291468426ADF
:10DC9000636A616A416214D0B0EEC11A31EE010AC2
:10DCA000B4EE418AF1EE10FA02DD38EE408A08E067
:10DCB000B1EE411AB4EE418AF1EE10FA01DA38EE13
:10DCC000008A90ED001AB0EEC80AB5EE401AF1EEE7
:10DCD00010FA09D0B4EE410AF1EE10FABEBF9FED82
:10DCE000320ABDEC048B10BD991A9FED2D2A01EE6E
:10DCF000101AB8EE411A81EE021A9FED2A2A81FE0F
:10DD0000029A90ED041AB4EE410AF1EE10FA1DDD0C
:10DD100090ED061A30EE410A90ED031AB0EEC00AFB
:10DD200021EE001AB1EEC10AB4EE400AF1EE10FA8B
:10DD30002ED690ED071AB5EE408A30EE010AF1EECC
:10DD400010FAB1EE401A30FE010A03E090ED010A2C
:10DD500028EE000A90ED081AB0EE403A38EE411A6B
:10DD600090ED022AB5EE402AF1EE10FA81EE091A82
:10DD7000A1EE023A90ED051AB1EE412A18BFB0EEBD
:10DD8000430A80FE020A80FE410ABDEC048B10BDEE
:10DD9000B0EE410A04460DF010F82046C9E700BF76
:10DDA0000024744917B7D1380000000000000000BB
:10DDB00010B52DED088B31EE018AB5EE400AB0EEBC
:10DDC000E23A9FED329A80ED003AB0EEE14AB0EED1
:10DDD000C83A80ED010AB0EEC22AC0ED020AF1EEA7
:10DDE00010FA80ED033A80ED044A80ED052A11D047
:10DDF000B5EE401AF1EE10FA0CD0B1EEC82AB4EE2E
:10DE0000422AF1EE10FA2CD620EE022A81EE021AF6
:10DE100021EE019A28EE092A80ED069AB1EEC21A87
:10DE2000B4EE411AF1EE10FA0AD691EE801A31EEF4
:10DE3000C90A80ED060A80ED071ABDEC088B10BDFB
:10DE4000B0EE408AB0EE420AB0EE61AA04460CF091
:10DE5000B4FFF0EE4A1AB0EE401AB0EE480A20467F
:10DE6000E3E7B0EE409AB0EE480AB0EE61AA04468D
:10DE7000B0EE41BA0CF0A1FFB0EE4B1AF0EE4A1A28
:10DE8000B0EE402AB0EE490A2046BDE7000000008F
:10DE90000021C161C0E90011C0E90311C0E9051109
:10DEA0007047000000000000B0B52DED088B82B077
:10DEB000044690F85000B0EEE2AAB0EE428AB0EE0E
:10DEC000609AB0EE40BA01280D4613D1B0EE410A77
:10DED000F0EE4A0A0020019004F1540001AA2946FC
:10DEE00004F0EAFE9DED011A9FED822A61EE021A0E
:10DEF000B0EE401A94ED030A3AEE0A2AB5EE400A53
:10DF0000F1EE10FA0CD094ED103A31EE433A9DB197
:10DF1000B4EE4A3AF1EE10FA05DD33EE423A0BE088
:10DF20009FED750A23E0B1EE4A4AB4EE443AF1EEB1
:10DF300010FA01DA32EE033A94ED0A4A83EE044A0B
:10DF400094ED083AB5EE403AF1EE10FA20EE040AEC
:10DF50000DD0B4EE430AF1EE10FA06DCB1EE433A0E
:10DF6000B4EE430AF1EE10FA01DAB0EE430A31EEF4
:10DF70004B4A85B1B4EE4A4AF1EE10FA02DD34EEB6
:10DF8000424A08E0B1EE4A3AB4EE434AF1EE10FAE2
:10DF900001DA32EE044AB0EEC46A94ED097A9FEDDC
:10DFA000563A94ED015AB4EE467AF1EE10FAB5EE17
:10DFB000405A33FE042A94ED004AF1EE10FA3FD0A5
:10DFC000D4ED040AF5EE400AF1EE10FA0CD0B4EEEE
:10DFD000467A9FED497AF1EE10FA37FE066AB4EE02
:10DFE000606AF1EE10FA11DA94ED0E6A32EE066A0A
:10DFF00094ED0A7A26EE076AB6EE007A26EE076AF4
:10E0000094ED0C7AA6EE057A84ED0C7A94ED055A1F
:10E01000B5EE405AF1EE10FA12D094ED0C6AB4EE5F
:10E02000456AF1EE10FA02DD84ED0C5A08E0B1EE1B
:10E03000455AB4EE456AF1EE10FAB8BF84ED0C5AB9
:10E0400094ED025A24EE024AB5EE405AF1EE10FA6F
:10E0500024D031EEC93AB7EE006A23EE053A94EDCA
:10E06000135A36EE456A23EE063A94ED116AA5EE90
:10E07000063A94ED075AB5EE405AF1EE10FA0DD07B
:10E08000B4EE453AF1EE10FA06DCB1EE455AB4EEC4
:10E09000453AF1EE10FA01DAB0EE453A94ED0C5A39
:10E0A00034EE054A33EE044A38EE045A94ED064A3B
:10E0B000B5EE404AF1EE10FA30EE050A0FD0B4EE9C
:10E0C000440AF1EE10FA06DCB1EE444AB4EE440A1A
:10E0D000F1EE10FA01DAB0EE440A84ED0D0A84ED97
:10E0E0000E2A84ED101A84ED113A02B0BDEC088BB3
:10E0F000B0BD00BFEBC918410000000000000000E7
:10E10000B0B52DED048B044690F85000B0EEC19AE6
:10E11000B0EE408A01280D460BD1B0EE600AF0EE59
:10E12000490A04F154000022294604F0C5FDF0EE2E
:10E13000400A94ED030A39EE091AB5EE400AF1EEF1
:10E1400010FA0CD094ED102A30EEC22A9DB1B4EE34
:10E15000492AF1EE10FA05DD32EE412A0BE09FED7F
:10E16000980A23E0B1EE493AB4EE432AF1EE10FAF0
:10E1700001DA31EE022A94ED0A3A82EE033A94ED86
:10E18000082AB5EE402AF1EE10FA20EE030A0DD06F
:10E19000B4EE420AF1EE10FA06DCB1EE422AB4EE19
:10E1A000420AF1EE10FA01DAB0EE420A30EEC85A35
:10E1B00085B1B4EE495AF1EE10FA02DD35EE415A5E
:10E1C00008E0B1EE492AB4EE425AF1EE10FA01DA53
:10E1D00031EE055AB0EEC53A94ED094A9FED782A22
:10E1E00094ED006AB4EE434AF1EE10FAB5EE406ADF
:10E1F00032FE051AF1EE10FA0CD094F82D00012829
:10E2000006D194ED0E2A31EE422A26EE022A01E0D2
:10E2100026EE012A94ED015AB5EE405AF1EE10FABD
:10E220003DD094F82D00012802D121EE053A34E0CA
:10E2300094ED046AB5EE406AF1EE10FA0CD0B4EE3B
:10E24000434A9FED5F4AF1EE10FA34FE033AB4EE12
:10E25000463AF1EE10FA11DA94ED0E3A31EE033A45
:10E2600094ED0A4A23EE043AB6EE004A23EE043A4D
:10E2700094ED0C4AA3EE054A84ED0C4A94ED053A60
:10E28000B5EE403AF1EE10FA09D094ED0C4AB4EE36
:10E29000434AF1EE10FA40F3898084ED0C3A94ED94
:10E2A000023AB5EE403AF1EE10FA2ED094ED0E4A55
:10E2B00094F82D0031EE444A94ED0A5A84EE054A52
:10E2C00023EE043A18BBB7EE004A94ED135A34EE2D
:10E2D000454A24EE033A94ED114AA5EE043A94ED32
:10E2E000074AB5EE404AF1EE10FA10D0B4EE443AC7
:10E2F000F1EE10FA06DCB1EE444AB4EE443AF1EE27
:10E3000010FA04DAB0EE443A01E09FED2D3A94F8A9
:10E310002D0094ED0C4A94ED0D5A32EE042A00289B
:10E3200003FE054A32EE044A94ED062AB5EE402A71
:10E33000F1EE10FA30EE040A15D0B0EE424AB4EE17
:10E34000420AF1EE10FA0ADCB1EE425AB0EE404A4F
:10E35000B4EE450AF1EE10FA01DAB0EE454AB0EE3D
:10E36000440A84ED0D4AA16BA16484ED0E1A84ED7C
:10E370000F8AC4ED100A84ED113AA0B133EE000A01
:10E38000B4EE420AF1EE10FA04DDB0EE420ABDEC42
:10E39000048BB0BDB1EE421AB4EE410AF1EE10FAB0
:10E3A00001DAB0EE410ABDEC048BB0BDB1EE433AE8
:10E3B000B4EE434AF1EE10FAB8BF84ED0C3A6EE7C2
:10E3C0000000000000000000B0EEC00AB7EE001A26
:10E3D00080F82D1080F82C20B4EE401A9FED051A1D
:10E3E000F1EE10FA80F8503030FE010A80ED130A89
:10E3F000704700BF0000000080EC020AB0EEE30AA4
:10E4000080ED021AB0EEC41A80ED050A80ED041A00
:10E41000B0EEE41AB0EEC50A80ED071A80ED080AE6
:10E42000B0EE461AB0EE650AB0EEC33AB5EE402A39
:10E4300080ED063AB0EEE23AC0ED031AF1EE10FAC2
:10E4400080ED093A04D1DFED060A543004F02CBD0A
:10E45000F0EEC20AC0ED0A0A543004F025BD00BF38
:10E460006F12833A0000000080B584B003908DEDF8
:10E47000020ACDED010A039901F154009DED020A53
:10E48000D1ED0A0A9DED011A04F00EFD04B080BD25
:10E4900090ED001AB4EE401AF1EE10FA02DD80EDB4
:10E4A000000A7047B1EE400AB4EE401AF1EE10FADD
:10E4B000B8BF80ED000A70470C2A09D1027E3AB934
:10E4C0000A684B688968416103610121C260017675
:10E4D00080B582B001218DF8071080680DF1070228
:10E4E000022101234FF47A7CCDF800C0FFF748FAEF
:10E4F00002B080BD0000000080B5FFF725FA4BF2A6
:10E5000070514FF00232C0F60101C0F80F200831FF
:10E51000016040F201118181012181730322C274E3
:10E520004FF004324261017680BD0000000000001F
:10E5300080B582B001218DF8071080680DF10702C7
:10E54000042101234FF47A7CCDF800C0FFF718FABC
:10E5500002B080BD00000000102A18BF704710B53F
:10E5600084460A684CF80C2F02464B6842F8103F6C
:10E5700003468C6843F8144FC96840F8181F416877
:10E5800004460846614600F06FF9606800220023E7
:10E590002146BDE8104000F07FB9000000000000F7
:10E5A00010B51C46FFF7D0F94BF27C51C461C0F6A0
:10E5B0000101083101600021C0E90311C0E9051122
:10E5C00010BD00000000000010B582B0062A4275A0
:10E5D0000CD890F884304BB900F10C03044618466F
:10E5E000F1F785FF2046012184F8841001218DF880
:10E5F000071080680DF10702032101234FF47A749C
:10E600000094FFF7BDF902B010BD0000000000004B
:10E6100080B5FFF799F90522427544F2A2524EF6F1
:10E620009E73C4F25E02C4F22F0382614CF28F2209
:10E63000C3614CF6D963C4F25D02C3F6C7730262CC
:10E6400042F2DD42436241F27B43C4F25E02C3F612
:10E65000AE63826245F20462C36246F24E23C4F2A4
:10E660009602C4F23003C0E90C234EF6853245F21F
:10E67000EC13C4F29502C3F6C873826343F6715279
:10E68000C36347F2C963C4F29602C3F6BE63026471
:10E6900042F2C50243644DF2FE43C4F2BC02C4F22E
:10E6A000300382644DF63B72C36446F25A43C4F2AF
:10E6B000BB02C3F6CB73C0E914234AF2D733826599
:10E6C000C3F6B06348F22B72C36545F610034BF2F4
:10E6D0008851C4F2E202C4F23103026647F2C96211
:10E6E00043664FF2C353C0F60101C4F2E202C3F61F
:10E6F000C87382664EF67912C3664FF2B63308319C
:10E70000016040F20251C4F2E202C3F6BD63C0F2FE
:10E710000471C0E91C2340F20123C1600A21017485
:10E720000021C0F811104FF00112C0F20123C0E91E
:10E730001E23C0F88020012280F88420C0F88810B1
:10E7400080BD0000000000004BF294520029C0F68A
:10E75000010202F10802026008BF70478A88013294
:10E760008A8093B2182B08D3B0B504460D46F2F751
:10E770006FFD29462046BDE8B0408A8801EB820142
:10E78000486070470000000080B582B00190019899
:10E790000068F8F7B1FC18B1FFE7F2F759FDFFE7A1
:10E7A00002B080BD0000000070B504460160002684
:10E7B000868008305C21F1F73BFF0AF0F1FE41F260
:10E7C0005005A680C2F20045287801302870C1B2F9
:10E7D0000E2901D3F2F73CFD287841F25401C2F230
:10E7E000004101EB800040F8044C0AF001FF204694
:10E7F00070BD00000000000041F28800C2F200403D
:10E80000704700000000000040F2FE00C2F200402D
:10E81000704700000000000040F2FE01C2F200411B
:10E82000087041F28800C2F2004001210170704777
:10E8300043F22441836AC2F2004144F2402CC0F208
:10E840000F0C09684A6AD21A624502D9002280F880
:10E850002420026B496A891A614598BF70470021DC
:10E8600080F82C107047000000291CBF0968C160A7
:10E87000002A1CBF11680161002B1CBF196841618F
:10E8800043F22441C2F200410968496A81620121D0
:10E8900080F824107047000000291CBF09688161BE
:10E8A000002A1CBF1168C161002B1CBF19680162DE
:10E8B00043F22441C2F200410968496A016301211F
:10E8C00080F82C107047000010B582B00EA10A220B
:10E8D00040234FF0500C0024CDE9004C02F038FDED
:10E8E0004BF2A0510463C0F6010180F824400831C6
:10E8F0000160C0E90344C0E90544C0E907448462FB
:10E9000080F82C4002B010BD436861737369735482
:10E9100061736B000000000091FAA1F24BF2AC535E
:10E92000B2FA82F2C0F601030F2A03F10803036072
:10E9300088BF7047818041F28C01C2F2004141F8EA
:10E94000220070470000000090ED000A90ED011ACF
:10E9500091ED002A91ED013A80FE420AC1FE430A80
:10E96000704700000000000083B002908DED010AA6
:10E97000CDED000A0298019901600099416003B051
:10E9800070470000000000000021C0E9001170473E
:10E9900070B582B0044690F8A0000028D4F890002A
:10E9A0002ED094F88C1004F10C0594ED250AD4EDCA
:10E9B000260A94ED271A05EB011609010436695859
:10E9C0004CCE009601F034FB60B194F88C0004F159
:10E9D0009401020105EB0010AA580A60D0E9010277
:10E9E000C1E9010294F88C0094F88D10091A4907C6
:10E9F00004D0013000F0070084F88C0002B070BD34
:10EA0000006842F27821425C7AB946189FED100AFC
:10EA1000DFED100A00219FED101A002200230025CF
:10EA2000009501F065FD0120307040F63D204FF269
:10EA3000C351C3F6D760CCF29001C4E92501002090
:10EA4000C4F89C00012084F8A00002B070BD00BF93
:10EA50003D0AD73EC3F590C0000000000000000052
:10EA6000B0B590F88DE090F88CC06FEA0E039C442E
:10EA70005FEA4C7314D000F10C0505EB0E1383ED27
:10EA8000000A90F88D40C3ED010A83ED021A05EBF0
:10EA900004152973611CEA8101F0070180F88D10CB
:10EAA0001CF0070018BF0120B0BD000000000000EE
:10EAB000B0B582B00C4612A1132280234FF0020C95
:10EAC0000025CDE9005C02F043FC4BF2B851C0F6E2
:10EAD0000101083101606FF00F0100BF42181031D1
:10EAE0007029D5611562F9D1C0F890400021C0E9C4
:10EAF0002511A0F88C1080F8A01002B0B0BD00BFA6
:10EB00004E617669676174696F6E5461736B000062
:10EB1000B0B582B06946002500950446019507F01E
:10EB200087FB002808BFCDE9005594F88200012832
:10EB300007D1D4F88800BDEC020ABDE8B04007F068
:10EB40008BB902B0B0BD000080B582B001900198D1
:10EB5000012180F88210D0F88C0000F081FB02B017
:10EB600080BD00000000000080B582B001900198D7
:10EB7000002180F88210D0F88C0000F079FB02B000
:10EB800080BD000000000000D1B1024691F84E0C9B
:10EB900001284FF0000018BF704743F2244310676C
:10EBA000C2F200435066C2E91A001B6810665B6A35
:10EBB000A2F8800082F8830001205367D16070477B
:10EBC00000207047000000002DE9F04381B02DEDDA
:10EBD0000A8B82B00446984691460F460120009069
:10EBE00032A11E224FF4007301902046B0EE408AFD
:10EBF00002F0AEFB4BF2C45004F11006C0F6010067
:10EC0000083020603046FFF743F904F13805284604
:10EC1000FFF73EF9B0EE089AB0EE04AA9FED26BACF
:10EC2000F0EE482A9FED25CAB0EE4B0AF0EE4C0AF2
:10EC3000B0EE491AB0EE4A2ADFED211A3046C4F888
:10EC40008C80C4E921790027E760FFF7B1F8B0EEC6
:10EC50004B0AF0EE4C0AB0EE491AB0EE4A2AF0EE3A
:10EC60004C2ADFED181A2846FFF7A2F849F69A1049
:10EC7000A766C3F69960A0674CF28F20E766C3F6DB
:10EC8000F540E06743F224402767C2F20040C4E940
:10EC900018770068406A6067C4F88070204602B048
:10ECA000BDEC0A8B01B0BDE8F08300BF5472616314
:10ECB0006B335461736B00006666E63F0000000032
:10ECC0000AD7233D295C8F3D80B582B00190019821
:10ECD000009000F001FF009802B080BD000000002D
:10ECE00091ED010A91ED021A90ED012A90ED023AA0
:10ECF00080FE420A81FE431A80ED010A80ED021A6D
:10ED0000704700000000000086B002AA0092024690
:10ED10000098059280ED020AC0ED010A80ED001A0C
:10ED20008DF80710059804990160039941600299D4
:10ED300081609DF8071001F00101017306B0704772
:10ED400000210173C0E900118160704700000000DC
:10ED500090F8462C0E2A16D800F62C33AAB103EBF5
:10ED6000C20313ED021AB4EE410AF1EE10FA0ADD05
:10ED700030EE411A9FED0C2AB0EEC11AB4EE421AE1
:10ED8000F1EE10FA08DA0020704703EBC20283EDBF
:10ED9000000A9180012103E09980511C83ED000A53
:10EDA00080F8461C01207047BD3786350000000002
:10EDB00090F8441C132918D800F6AC02B9B101EB45
:10EDC000410302EB830212ED032AB4EE420AF1EE94
:10EDD00010FA0ADD30EE422A9FED0E3AB0EEC22A5A
:10EDE000B4EE432AF1EE10FA0DDA0020704701EB81
:10EDF000410182ED000A02EB8101C1ED010A81EDC2
:10EE0000021A012102E0013182EC030A80F8441C5D
:10EE100001207047BD37863590F845CCBCF1130F03
:10EE200001D900207047B0B5BCF1000FDDF810E04B
:10EE300000F69C1517D00CEB8C0405EB840414ED44
:10EE4000051AB4EE410AF1EE10FA0ADD30EE411A6D
:10EE50009FED122AB0EEC11AB4EE421AF1EE10FA8A
:10EE60000FDA0020B0BD0CEB8C0485ED000A05EB39
:10EE7000840404F1040C84F810E08CE80E000121F5
:10EE800007E0251D84ED000A84F810E00EC50CF1A2
:10EE9000010180F8451C0120B0BD00BFBD3786359B
:10EEA0002DE9F04F81B02DED048B82B0824690F8B1
:10EEB0004E0C012859D19AF8460C002855D09AF8E2
:10EEC000460C9AF84B5C85424FD2B0EE408A41F234
:10EED000CC0B0AF62C3801279FED279AC2F2004B83
:10EEE0000120019007E00020019000BF9AF8460C35
:10EEF0000135854239D208EBC50494ED000A30EEA5
:10EF0000090AB4EE480AF1EE10FA2EDAA0880028B9
:10EF1000ECD0A08800B3002607FA06F919EA000F22
:10EF200014D05BF8260088B194ED000A90ED011A28
:10EF300030EE410AB4EE480AF1EE10FA06DA00F0BB
:10EF400023F9A08820EA0900A08000BFA08818B19A
:10EF50000F2E06F10106DFD30199C907C6D000289C
:10EF6000C1D1681C8AF84B0CC0E702B0BDEC048B21
:10EF700001B0BDE8F08F00BFCDCCCCBE00000000DA
:10EF8000B0B5B0F8502C41F2CC0E00234FF0010C7C
:10EF9000C2F2004E03E000BF0133102B0CD00CFA7C
:10EFA00003F40C42F8D05EF82350ED78012DF3D134
:10EFB0002243A0F8502CEFE7B0BD00000000000095
:10EFC000B0B504460025A0F8505C00F60C00A02166
:10EFD000F1F72EFB84F8525CC4F8445CC4F8485C3A
:10EFE000C4F84B5CB0BD000070B5044690F84D0C01
:10EFF0000E2821D82C2504F5AF6610FB056002F021
:10F000001BFAC8B194F84C1C94F84D0C0144CAB2D8
:10F0100004EB810310FB0561C3F80C1872B104EB1B
:10F02000820291ED011A02F6A43212ED010A30EECD
:10F03000010A82ED000A04E0002070BD4A68C4F8AD
:10F04000A42B013084F84D0C01204FF081420A615D
:10F0500070BD00000000000010B5044690F84C0C94
:10F06000182821D8C0EBC00004EBC00002F074FBEC
:10F07000D0B194F84C0C94F84D1C0144C0EBC00383
:10F08000C9B2002904EB810204EBC301C2F80C18D9
:10F090000CD002F6A43291ED011A12ED010A30EE05
:10F0A000010A82ED000A04E0002010BD4A68C4F89D
:10F0B000A42B013084F84C0C01204FF081420A61EE
:10F0C00010BD000000000000B0B50446002500BFE0
:10F0D000601902F0E1FB3835B5F5AF6FF8D10025C6
:10F0E000601900F5AF6002F023FB2C35B5F5257FE4
:10F0F000F6D104F6AC00F021F1F79AFA4FF6706001
:10F100000021CFF6FF7000BF2218143082F83C1B9C
:10F11000C2F82C1BC2F8301BC2F8341BC2F8381BD3
:10F12000F2D104F624307821002200BF40F8082FE5
:10F1300008398280FAD104F60C00A0210025A4F839
:10F14000505CF1F775FA204684F8525CC4F8445CD0
:10F15000C4F8485CC4F84B5CB0BD0000000000007F
:10F16000012181707047000001464078012818BFD6
:10F17000704700224A70704701468078012818BF06
:10F18000704700228A70704701214170704700006B
:10F1900080B510290BD841F2CC0CA1F1010EC2F2BE
:10F1A000004C5CF82E3013B94CF82E0001709FED26
:10F1B000071A002180FE010A9FED051AA0F8011030
:10F1C000C27080FE410A80ED010A80BD0AD7A33CCF
:10F1D000CDCCCC3E00000000B0B584B00446002584
:10F1E000E0E80455FFF7D0FB04F11800FFF7A8FD95
:10F1F0006846E581C4E90055A5602573FFF7C4FBA7
:10F20000DDE90001C4E904016846FFF799FD9DF8B6
:10F210000C0084F824000098A0610198E061029835
:10F220002062204604B0B0BD90F84010012918BFFC
:10F23000704710B5816B00F10C0290ED0D0A9FED47
:10F24000071AD1ED060A012104461046FEF714FD07
:10F25000E06BBDE8104006F0E7BA00BFDB0F4940A5
:10F2600081B000900099012081F8400001B0704702
:10F2700081B000900099002081F8400001B07047F3
:10F2800070B52DED028B82B0044615460E46012066
:10F29000009015A11E22802301902046B0EE408AE6
:10F2A00002F056F84BF2D050C0F601000830206052
:10F2B00004F10C00FEF7ECFDB1EE041AB0EE082AE2
:10F2C000F0EE482A9FED0C0ADFED0C0ADFED0C1A78
:10F2D000C4E90E65FEF76CFD002084F8400020466E
:10F2E00002B0BDEC028B70BD486561644374726C02
:10F2F0005461736B000000003333134000000000C2
:10F30000CDCCCC3D000000000238C0B2022805D8A8
:10F3100005A101EB800090ED000A70479FED010A06
:10F32000704700BF00000000DB0F4940DB0FC93F02
:10F33000DB0FC9BF00000000814202D1002250B2A1
:10F34000704700220E2898BF0E2901D950B270478D
:10F3500010B54BF256424FF0000EC0F601026FF0AE
:10F36000010302EBC00C00BF0CEB03020233062BBF
:10F370009278A2EB0102B2FA82F24FEA52124EEAFE
:10F38000020EF1D15FEACE7220D048B151B10D2802
:10F3900018BF0D2908D10222814288BF012216E040
:10F3A000012214E0022212E00C1AFFF72DFA007875
:10F3B000012804F10300C0B203D1072806D208A136
:10F3C00002E0072802D204A10A5C00E00022BDE8A6
:10F3D000104050B2704700BF02000400030001005B
:10F3E0000200030004000100A0F10D0212F10C0F55
:10F3F00038BF704740F2FF02C2F20042115470471A
:10F40000B0B52DED028B8CB004460D3810F10C0F09
:10F4100004D2DFED480AB0EE600A86E0FFF7F4F9A7
:10F420004AF6AB22611ECAF6AA22BEEE008AA1FBF2
:10F4300002230122007823F0010502EB5302012888
:10F44000D2B200EE102A05EB5302A1EB020141F209
:10F450004C12C2F2004201F10105B8EE400A02EB83
:10F46000401404F108000AA94FF0020230EE080A25
:10F4700018D109F0D5F9B5EE000A0A9804900B9856
:10F48000059004A80AA9022209F0CAF90A98069070
:10F490000B98079006A90AAA0223204609F038F81B
:10F4A000E8B219E009F0BCF9B5EE000A0A98049038
:10F4B0000B98059004A80AA9022209F0B1F90A984C
:10F4C00006900B98079006A90AAA0223204609F085
:10F4D0001FF8E8B2C0F1040000EE100A0A980B9978
:10F4E0000890099104F11000B8EE400A0AA902221E
:10F4F00030EE080A09F094F90A9800900B980190F0
:10F5000068469FED0D0A0AA9022209F089F90A98B6
:10F5100002900B98039008A802A90AAA022308F0F7
:10F52000F7FF9DED0A0ADDED0B0A0CB0BDEC028B76
:10F53000B0BD00BF00000000ABAAAA3E0000000062
:10F54000013803280BD8DFE800F0020B050830EE85
:10F55000010A704770EE810A704770EEC10A704769
:10F5600030EE410A704700002DE9F0412DED0C8B83
:10F5700086B08DEC020AFFF73FF90078012840F0D1
:10F580009E80FFF741F990F8008041F20C10C2F222
:10F59000004004AA022300EB48146846214609F003
:10F5A00097F902AD04ABDDE90401CDE9020104F1F4
:10F5B00008010222284609F017F904F1100104ABF2
:10F5C000022228469DED048A09F00EF9B5EE408A24
:10F5D000F1EE10FA7ADA41F28C1004AAC2F200407D
:10F5E000022300EB48146846214609F071F902AD88
:10F5F00004ABDDE90401CDE9020104F108010222B6
:10F60000284609F0F1F804F1100104AB0222284663
:10F610009DED048A09F0E8F8B5EE408AF1EE10FAA3
:10F620006EDA41F2CC1004AAC2F20040022300EBD1
:10F6300048146846214609F04BF902AD04ABDDE9F8
:10F640000401CDE9020104F108010222284609F073
:10F65000CBF804F1100104AB022228469DED048A88
:10F6600009F0C2F8B5EE408AF1EE10FA61DA41F223
:10F670004C1004AAC2F20040022300EB4816684670
:10F68000314609F025F906F1080402AFDDE904016D
:10F69000CDE9020104AB02223846214609F0A4F864
:10F6A00006F1100504AB0222384629469DED048A76
:10F6B00009F09AF8B5EE408AF1EE10FA50DA10200F
:10F6C000C0B206B0BDEC0C8BBDE8F08194ED060A2B
:10F6D000B4EE408AF1EE10FA3FF77DAF9DED040ADB
:10F6E000B5EE400AF1EE10FAFFF675AF94ED071A89
:10F6F000B4EE410AF1EE10FA3FF76DAF0020DFE7FC
:10F7000094ED060AB4EE408AF1EE10FA89DC9DED24
:10F71000040AB5EE400AF1EE10FAFFF682AF94ED5E
:10F72000071AB4EE410AF1EE10FA3FF77AAF0D2056
:10F73000C6E794ED060AB4EE408AF1EE10FA96DCC4
:10F740009DED040AB5EE400AF1EE10FA8FDB94ED60
:10F75000071AB4EE410AF1EE10FA88DC0E20AFE78A
:10F7600096ED060AB4EE408AF1EE10FAA7DC9DEDA4
:10F77000040AB5EE400AF1EE10FAA0DB96ED071A86
:10F78000B4EE410AF1EE10FA99DC96ED070AB1EEFB
:10F79000C08AB4EE488AF1EE10FA80F18B8096EDC3
:10F7A000060AB1EEC09AB4EE499AF1EE10FA80F171
:10F7B0008680684604AA0223314609F089F8049835
:10F7C00004900598059002AB02222846294609F0CC
:10F7D0000BF89DED02DA9FED3CAAB0EECD0AB0EE3B
:10F7E0004ABA9FED3ACAB4EE4C0AF1EE10FA13DBB6
:10F7F000B5EE40DAF1EE10FA02DA9FED33DA01E00D
:10F80000B1EECDDA04A802AB0222294608F0ECFFE3
:10F810009DED020A80EE0DBA02AB0222204621467F
:10F8200008F0E2FF9DED02DAB0EECD0AB4EE4C0A2C
:10F83000F1EE10FA13DBB5EE40DAF1EE10FA02DA6F
:10F840009FED21DA01E0B1EECDDA04A802AB02228D
:10F85000214608F0C9FF9DED020A80EE0DAAB0EE28
:10F86000080AB5EE001A012288EE000A29EE011AF4
:10F870008BEE000A8AEE011ABEFE400ABEFE411A55
:10F8800010EE100A11EE101A012898BF1046012937
:10F8900088BF0A46032828BF032002EB4201B8F1C3
:10F8A000000F00EB0102A1EB000000F1010018BF06
:10F8B000D01E05E70BF081FAB0EE408A6FE70BF03F
:10F8C0007CFAB0EE409A74E700000000BD37863540
:10F8D00084460E284FF00000187098BF0E2900D9FA
:10F8E00070472DE9F04F8EB040F2FF09C2F2004997
:10F8F00019F80C00012810D119F8010001280CD1C9
:10F900008C45179F0ED14FF0010082F800C018708F
:10F9100027B100203870012000E000200EB0BDE8C3
:10F92000F04F70470DF1280B0DF1080ACDE90023C7
:10F930000023CDF8133004934FF0FF30CDE90233AC
:10F94000CDE90A000C90CDF83300CDE9060008900F
:10F95000CDF823000BF80C3004E000BF0E2B03F1B0
:10F9600001035DD21027FF25002402E001340F2C93
:10F9700010D01AF804000028F8D119F80400012862
:10F98000F4D1EDB21BF80400A8423CBF274605465F
:10F99000ECE700BF5FFA87FCBCF1100F40D00120FC
:10F9A0000AF80C004BF256404FF0000EC0F6010072
:10F9B00000EBCC050DE000BF4FF00B08B8F10D0FC8
:10F9C00002D0B8F1000FC9D10EF1010EBEF1040F43
:10F9D000C4D015F81E001028EED019F80040012CF4
:10F9E00002D11AF800402CB14FF00D08B8F10D0FFC
:10F9F000E7D1E9E71BF80C40FF2C0BD005EB4E06D6
:10FA00001BF8002076783444944203D206AA0BF8FF
:10FA1000004017544FF00008B8F10D0FD1D1D3E7D3
:10FA20001BF80170B7F1FF0018BF0120FF2FDDE9BF
:10FA300000653FF473AF179A06AC002A18BF177021
:10FA4000FF2907D04BB22A78571C2F70B154E15CC4
:10FA5000FF29F7D12F78022FFFF460AF711E00222B
:10FA60000E4600BF16F8013FCF5D377001322F7888
:10FA7000CB550139D3B22F78B3EB570FF2D34DE703
:10FA800070B52DED048B82B00C460546B0EE618A50
:10FA9000B0EE419AFFF768FDB0EE490AF0EE480A71
:10FAA0000646FFF761FD002D18BF102E03D1002080
:10FAB0000021217009E001461028F8D000200090B4
:10FAC00030462A462346FFF703FF02B0BDEC048B05
:10FAD00070BD00000000000080B582B00190019868
:10FAE000009006F09DFB009802B080BD0000000071
:10FAF0002DE9F0472DED0A8B8AB0044608461D46D5
:10FB000016460F46FFF77CFC38463146B0EE408A79
:10FB1000B0EE609AFFF710FC80460DF127032046F7
:10FB200041462A4607F054FA216842F2582242F22E
:10FB30006023054688188A580692CA18B0EE480A0B
:10FB4000F0EE490A40680790D068059090680490EC
:10FB500050680390C85802909FED6E1A4046FFF718
:10FB6000EFFC9DF92790B0EE40AAB0EE60BA4FF0DE
:10FB7000000AA9F101000021C0B2032805D84BF604
:10FB80001401C0F6010131F8101041EA050642F2F5
:10FB900078259FED61CA02E000200127F8B12068B6
:10FBA000415D01290ED1B0EE4A0AF0EE4B0AB0EEEB
:10FBB0004C1A002100223346CDF800A000F098FC3A
:10FBC00018B9E9E702200028E6D0022804D1052070
:10FBD00008F046FF0120E1E700270020DEE7F807F4
:10FBE0004FF0000600F090804846FFF78DFB8DED4A
:10FBF000020AB0EE480AF0EE490A9FED481A404664
:10FC0000FFF79EFCB0EE40AAB0EE60BA42F2782751
:10FC10009FED43CA0DF118090DF1080A03E000BF7A
:10FC200000200125F8B12068C15D01290ED1B0EE98
:10FC30004A0AF0EE4B0AB0EE4C1A002349465246EF
:10FC4000009600F055FC20B9EAE700BF022000282A
:10FC5000E6D0022804D1052008F002FF0120E1E7E8
:10FC600000250020DEE7E8074FF000064CD0B0EE9C
:10FC7000480AF0EE490A49F69A109FED2A1AC3F68F
:10FC8000996006904FF07E50079040460396FFF72C
:10FC900057FCB0EE409AB0EE608A42F278259FEDB4
:10FCA00020AA0DF118080DF1080902E00020012733
:10FCB000F8B12068415D01290ED1B0EE490AF0EE9D
:10FCC000480AB0EE4A1A002341464A46009600F020
:10FCD0000FFC20B9EAE700BF02200028E6D0022886
:10FCE00004D1052008F0BCFE0120E1E70027002038
:10FCF000DEE7F80707D0012684ED059A84ED068A31
:10FD00000298E06100E0002630460AB0BDEC0A8BA4
:10FD1000BDE8F087C8CC4CBD9A99993EBA1E053E05
:10FD200000000000CDCC8C3F80B54BF2CE4CC0F62D
:10FD3000010C1CF802E01CF80130AEEB030C0CF1D6
:10FD400004035FFA83FEBEF1080F13D84BF20033B1
:10FD5000C0F6010313F80EE0BEF1030F0FD84FFAFF
:10FD60008CFCDFE80EF00E1302026146BDE8804015
:10FD700000F012B84FF0040EBEF1030FEFD90020CF
:10FD800080BD6346BDE8804000F0DAB96346BDE857
:10FD90008040FFF7ADBE00002DE9F04381B02DEDAE
:10FDA0000A8B88B088460446FEF72EFD057841F29E
:10FDB0008C10C2F2004041F2CC19012DC2F2004970
:10FDC00000EB451015D190EC020A9FED961A012028
:10FDD000FFF7B6FBB6EE081A04200426FFF7B0FBC7
:10FDE00009EB4510B0EE408AB0EE609A00F10801D0
:10FDF00028E000F1100702AA0223394608F088FB28
:10FE00009DED020ADDED030A9FED861A0120FFF742
:10FE100097FBB6EE081A03200326FFF791FB09EBC8
:10FE2000451502AA022328463946B0EE408AB0EEB4
:10FE3000609A08F06DFBDDE90201CDE9060105F1EC
:10FE4000080106A802AA022308F062FB9DED020A3F
:10FE5000DDED030A9FED741A0220FFF771FBB6EE89
:10FE6000081A3046FFF76CFBB0EE40AAB0EE60BA5D
:10FE7000B8F1010F42F278254FF000069FED6BCAF2
:10FE800028D103E000200127002842D02068415DEE
:10FE900001290DD1B0EE480AF0EE490AB0EE4C1A35
:10FEA000002100220023009600F022FB18B9E9E7A8
:10FEB00002200028E6D0022804D1052008F0D0FD59
:10FEC0000120E1E700270020DEE700BF0020012736
:10FED00000285CD02068415D01290DD1B0EE4A0AAE
:10FEE000F0EE4B0AB0EE4C1A0021002200230096DF
:10FEF00000F0FEFA18B9E9E702200028E6D002284F
:10FF000004D1052008F0ACFD0120E1E70027002026
:10FF1000DEE7F8074FF0000500F07C80206842F231
:10FF20006021084442F278279FED408A0DF10808CD
:10FF3000D0E90112C0680391CDE9042040F6DB70DE
:10FF4000CBF6C970029003E00020012600285CD0A7
:10FF50002068C15D01290DD1B0EE4A0AF0EE4B0ACE
:10FF6000B0EE481A002100234246009500F0C0FA86
:10FF700018B9E9E702200028E6D0022804D10520BC
:10FF800008F06EFD0120E1E700260020DEE7F8071B
:10FF90004FF000053ED0206842F26021084442F252
:10FFA00078279FED22AA0DF10808D0E90112C06858
:10FFB0000391CDE9042040F6DB70CBF6C9700290C6
:10FFC00003E000BF00200126F8B12068C15D0129CF
:10FFD0000ED1B0EE480AF0EE490AB0EE4A1A0021FE
:10FFE00000234246009500F083FA20B9EAE700BFFB
:10FFF00002200028E6D0022804D1052008F030FDB8
:020000040801F1
:100000000120E1E700260020DEE7F00701D001250E
:1000100000E00025284608B0BDEC0A8B01B0BDE821
:10002000F08300BF6666263F9A99193F9A99993ED8
:100030002DE9F04381B02DED068B8AB004460430E3
:100040000DF1090500270EC01898206104F1140075
:10005000D4ED021A02A98DF8087080EC030A94ED21
:10006000011A2846FFF70CFD00285DD09DF8080016
:100070000F2859D89DF80800022811D30135002611
:1000800015F8011C2A782046FFF74EFE00284AD0BA
:100090009DF808000136F1B2013501388842EFDCE5
:1000A000226842F26023D4E903101A4494ED018AD5
:1000B00094ED029A4FEA1049C5B242F278269FEDBC
:1000C0001EAA0DF118085368079393680893D26825
:1000D0000992069103E000BF0020012720B32068A9
:1000E000815D012912D12A46002D18BF0122B0EEF0
:1000F000480AF0EE490AB0EE4A1A00210092424640
:100100004B4600F0F5F920B9E6E700BF02200028D1
:10011000E2D0022804D1052008F0A2FC0120DDE78E
:1001200000270020DAE7002707F001000AB0BDEC45
:10013000068B01B0BDE8F083CDCCCC3E00000000C2
:100140002DE9F04F81B02DED0A8B8AB0044640F2C4
:10015000021810461D4616460F46C0F20438FFF737
:100160004FF938463146B0EE408AB0EE609AFFF75C
:10017000E3F806460DF12703204631462A4606F0ED
:1001800027FF2168054642F2602042F258220F18EC
:100190008B1804378A585B68B7EE041ACDE906233A
:1001A0008CCF0597771E5FFA87F904934FEAC9034E
:1001B000039228FA03F80022B9F1040F085838BF57
:1001C0004246B0EE480AF0EE490A02904FF0000BAA
:1001D000D0B2FFF7B5F99DF927A0B0EE40AAB0EE76
:1001E00060BAAAF10100C1B20020032905D84BF67C
:1001F0001400C0F6010030F81100054342F27826E1
:100200009FED66CA03E000BF00200127F8B1206817
:10021000815D01290ED1B0EE4A0AF0EE4B0AB0EE34
:100220004C1A002100222B46CDF800B000F060F9F6
:1002300018B9E9E702200028E6D0022804D10520F9
:1002400008F00EFC0120E1E700270020DEE7F807B8
:100250004FF0000500F09A805046FFF755F8002057
:10026000B9F1040F38BF40468DED020AB0EE480ADE
:1002700040B2F0EE490A9FED4A1AFFF761F9B0EE7D
:1002800040AAB0EE60BA42F278269FED46CA0DF160
:10029000180A0DF1080B02E000200127F8B12068D0
:1002A000815D01290ED1B0EE4A0AF0EE4B0AB0EEA4
:1002B0004C1A002351465A46009500F019F920B90E
:1002C000EAE700BF02200028E6D0022804D105207A
:1002D00008F0C6FB0120E1E700270020DEE7F80771
:1002E0004FF0000552D049F69A10B9F1040FC3F649
:1002F000996006904FF07E50079028BFA846B0EE58
:10030000480AF0EE490A4FFA88F09FED271A039544
:10031000FFF716F9B0EE409AB0EE608A42F2782606
:100320009FED20AA0DF118080DF1080903E000BFA8
:1003300000200127F8B12068815D01290ED1B0EEBF
:10034000490AF0EE480AB0EE4A1A002341464A46EE
:10035000009500F0CDF820B9EAE700BF02200028A0
:10036000E6D0022804D1052008F07AFB0120E1E75D
:1003700000270020DEE7F80707D0012584ED059A65
:1003800084ED068A0298E06100E0002528460AB064
:10039000BDEC0A8B01B0BDE8F08F00BF9A99993E81
:1003A000C3F5883F00000000CFCCCC3D000000002A
:1003B00001600021C0E90111C0E90511704700008A
:1003C0002DE9F04F89B042F270214EF6EF6300EB59
:1003D000010A48F68C02CEF6EE63C0F688029AF85F
:1003E000057008909AF80610C91B01FB032144F21E
:1003F0004542C0F2444242F214234FEAB10100EBFD
:10040000030B914249D341F6B401089800EB01096E
:1004100000F10C089AF8041040F6544011FB0081DA
:1004200091F84E1CC9BB07EB870009EBC00459F8D3
:10043000301004F1140ED4E90123D4E903079EE837
:100440006050646A0694CDE9000702A880E8605015
:10045000584600F061FA02281FD19AF8050040F2D0
:100460004541013041430A0C1201A2EB11419AF8B7
:100470000620A0EB81014EF6EF608FB2CEF6EE6063
:10048000D21B8AF80510424344F24440C0F2444073
:1004900004324FEAB2028242BCD8DAF8000090F887
:1004A000811009B9C16801BB9AF8041040F65442A2
:1004B000089B03F10C0511FB025191F84E2C012A07
:1004C00013D1FEF761FB80B19AF80400012121EA03
:1004D000000040F6544110FB01518AF804005846D0
:1004E00009B0BDE8F04F00F02BBE09B0BDE8F08FB9
:1004F0002DE9F04142F275244EF6EF6600EB040C54
:1005000048F68C08045DCEF6EE669CF801E0C0F675
:1005100088086FEA0E05671907FB06874FEAB705DB
:1005200044F24547C0F24447BD427CD3AEEB0404DD
:1005300004FB06844FEAB404BC4230D348F6890574
:10054000AEF10104C8F6880555FB04456E1106EBB3
:10055000D575C5EB0515A4EB850441F6B40504EB90
:10056000840400EBC4042C4494ED002A32EE402AAB
:10057000B0EEC23A9FED2D2AB4EE423AF1EE10FAF7
:100580000DDA94ED013A33EE603AB0EEC33AB4EED0
:10059000423AF1EE10FA02DA0120BDE8F08141F6AC
:1005A000B4040EEB8E07204400EBC70484EC030A6E
:1005B000E38139B1237B43F002032373D1E90013B4
:1005C000C4E90413069992B19CF8013003EB83034C
:1005D00000EBC3031F7B47F004071F73D2E90076CB
:1005E00095681D62C3E90676127B83F8242049B121
:1005F0009CF8011001EB810100EBC100017B41F08F
:10060000010101739CF8010040F245410130414372
:100610000A0C1201A2EB1141A0EB81008CF8010041
:100620000020BDE8F0810220BDE8F081BD378635AD
:1006300080B582B00190019842F277220121815465
:1006400042F270214058FEF77FFA02B080BD0000F0
:1006500080B582B00190019842F277220021815446
:1006600042F270214058FEF77FFA02B080BD0000D0
:100670002DE9F04F81B02DED048B82B0044642F29B
:100680007020984691468B4626180220002524A10A
:100690001A224FF40073B0EE608ACDE90050204674
:1006A000B0EE409A00F054FE4BF2DC5041F6A80A3E
:1006B000C0F601000830206060190C30FEF704FD20
:1006C00005F654455545F7D141F6B40000272518E5
:1006D000E819FEF781FD2837B7F5166FF8D1B0EEAF
:1006E000490AF0EE480A42F2142010992044009181
:1006F00059464A46434604F10C0500F071FD119934
:10070000316029460027B771B78000F019FDA6F8BF
:100710000770204602B0BDEC048B01B0BDE8F08F3D
:1007200050617468506C616E335461736B000000EB
:1007300070B52DED028B8CB0044602911798039290
:10074000256C16990493129A0592139A0692149A9C
:100750000792159A0A90CDE9082118980B9015B1C7
:1007600095F84E0C08B1002034E0B0EE408A9DF8B8
:10077000140002AE800712D506F1100004F1440106
:10078000FEF7E2F8B0EE401AB0EE602AB0EE480A8A
:100790002846F0EE410AB0EE421AFEF709FB9DF83A
:1007A000140040070DD506F1180004F14C01FEF7C6
:1007B00097FA08AEB0EE480A206C4ECE0096FEF7CF
:1007C0002BFBBDF8161021B1B0EE480A206CFEF7E5
:1007D000BFFA01200CB0BDEC028B70BD0000000020
:1007E000F0B581B02DED088B82B00446006C002876
:1007F00065D090F84E1C012961D190F84C1C90F8FE
:100800004D2C114400EB810000F53A6090ED009A08
:100810006846FEF7B9F8216C91F84C0C91F84D2C14
:100820001044C6B201EB8601D1F8081839B191ED38
:10083000040A9FED251A80FE410A81ED040A000694
:100840003DD0BEEE00AA6D469FED1F8A15E000BFA9
:10085000206CB0EE490A002200EB8601D1F808189E
:1008600091ED01BA29460BEE0A0A06F011F939EEAC
:100870004B9A013E701C012821DD216C01EB8600A2
:10088000D0F80878002FF4D091F84C2C91F84D1C3A
:100890001144C9B28E42DBD0B0EE480AD0F80C0841
:1008A000DDED010A9DED00BA06F04EFF8BFE400A19
:1008B00097ED041A80FE410A87ED040AC8E702B0EA
:1008C000BDEC088B01B0F0BD00000000000000008E
:1008D000016C11B191F84E2C0AB10020704710B58F
:1008E0002DED028B82B0D0ED110A90ED121A044664
:1008F0000846B0EE408AFEF75BFA206C4C34B0EE4E
:10090000480A1ECC0094FEF787FA012002B0BDEC25
:10091000028B10BD000000002DE9F04F81B02DEDDD
:10092000108B9CB004460D923A980C91369A0F9217
:10093000379A1092389A1192399A0E93CDE9122073
:10094000206C3B9914913C99159110B190F84E1C74
:1009500031B100201CB0BDEC108B01B0BDE8F08FB0
:10096000227890F84C1C90F84D0C022AC1F1190322
:1009700014D0012A08D0DAB9DDE90C01C4E9040178
:100980000020C4E901002AE3DAB2012A13D89DF855
:100990003C1041F001018DF83C1010E0DAB2022A5F
:1009A0005ED89DF83C1041F001018DF83C105BE0F1
:1009B00000202070CEE7172901D100210E910F28C9
:1009C00001D100200E9004F110010CA81AAA0223F4
:1009D00007F07EFF94ED010A9FED279AB0EEC02A42
:1009E0009DED1A1A8DED181AB4EE492A9DED1B2AB9
:1009F000F1EE10FA8DED192A09DA94ED023AB0EE13
:100A0000C33AB4EE493AF1EE10FAC0F2A48294ED82
:100A1000023A1AA821EE038A18A9B1EE431A16ABBE
:100A200002228DED1B1AA0EE428AB1EE400A8DED36
:100A30001A0A07F0D9FEDDED160AB0EEE00AB4EEB0
:100A4000490AF1EE10FA80F25F82B0EEC80AB4EE05
:100A5000490AF1EE10FA80F257829FED080A5AE235
:100A6000162901D100210E910F280BD00E280BD191
:100A700000200E9008E000BFBD3786350000000062
:100A8000CDCC4C3D0020206204F1100804F118097F
:100A90001AAA02234046494607F01AFF1A980A90FC
:100AA0001B980B900CA81AAA0223494607F010FFC6
:100AB0001A9808901B9809900AA81AAB02220146BE
:100AC00007F092FE5FED138A9DED1A0AB0EE68AA58
:100AD000B5EE400AF1EE10FA03DBB1EEC00AB0EE5B
:100AE00040AA08A81AAB0222014607F07DFE9DED40
:100AF0001A0AB0EE68EAB5EE400AF1EE10FA03DB2E
:100B0000B1EEC00AB0EE40EA9DED080A9DED0B1A69
:100B100020EE418A9DED090A9DED0A1A0AA808A94E
:100B20001AABA1EE008A94ED081A8EFE4A0A022240
:100B300081FE400A84ED030A07F056FEDDED1A0A35
:100B40001FED33DAB0EEE00AB4EE4D0AF1EE10FA22
:100B500006DAB0EEC80AB4EE4D0AF1EE10FA06DB82
:100B6000B0EE480A1AA807F0EBFCDDED1A8AB0EEE9
:100B7000E89AB6EE000A94ED03BA29EE000A0AF0EC
:100B800039F92BEE008AB3EE040AB4EE408AF1EE96
:100B900010FA00F318811FED460AB4EE408AF1EE18
:100BA00010FAC0F210818BEE0A0A1FED4CFAF7EE34
:100BB000009A1AAA0223404680FE0F0A494680FE88
:100BC000699A07F085FEB0EE490A1A9816901B98AC
:100BD000179016A81AA9022207F022FE1A98189058
:100BE0001B98199018A91AAA0223484607F090FCEE
:100BF00094ED030A9DED1ABA30EE4A0A9DED1BCA28
:100C0000B0EEC00AB4EE4D0AF1EE10FA0ADBB0EE17
:100C10004B1AF0EE4C1A206CD4ED050A94ED040A40
:100C2000FEF71AFA94ED030A0DF1300880EE0E0A71
:100C30001AAA02234046494680FE0F0A80FE699A9E
:100C400007F046FEB0EE490A1A9816901B981790C6
:100C500016A81AA9022207F0E3FD1A9818901B980B
:100C6000199018A91AAA0223484607F051FC9DEDD5
:100C70001AAA9DED1B9AB0EE4B0AF0EE4C0AB0EEAC
:100C80004A1AF0EE491AB0EE482A0021F5EE408AE1
:100C9000206CF1EE10FAB8BF0121FEF7A5F9206C27
:100CA00004F11803D4E909AE90F84C7CD4F82CC0B8
:100CB00090F84D6CD4F830B00ECB374400EB870081
:100CC00004F1340700F53A60E0CF90ED000A04A883
:100CD000CDE900AEE0C02046CDE902CBFFF728FD0C
:100CE0001AAA02234046494607F0F2FD9DF83C004F
:100CF000DDE91A12C007C4E9011214D19DED0E0AF4
:100D0000B0EEC01AB4EE4D1AF1EE10FA0BDB94ED12
:100D1000031A31EE4E1AB0EEC11AB4EE4D1AF1EECE
:100D200010FA80F2E38194ED030A30EE4E0AB0EE41
:100D3000C00AB4EE4D0AF1EE10FA0ADBB0EE4A0A30
:100D4000F0EE490A206C9DED0C1ADDED0D1AFEF750
:100D500083F9206C0E9BDDE90C12C4E9041290F8B3
:100D60004C7CDDF844C090F84D6CDDF84890DDE92E
:100D70000F8E374400EB870013AF00F53A60E0CFE9
:100D800090ED000A04A8CDE9008EE0C02046CDE930
:100D900002C9FFF7CDFC9DF83C00C00700F01F81A1
:100DA000206C90F84C1C90F84D2C1144CAB200EB0A
:100DB0008202D2F80828002A00F09C8092ED040AF2
:100DC00080FE4F0A94E004F11001206C91EC040ABB
:100DD000FEF742F9206C04F11803D4E909EA90F80F
:100DE0004C7CD4F82CC090F84D5CD4F830B00ECBCD
:100DF0002F4400EB870004F1340700F53A60E0CFA0
:100E000090ED000A04A8CDE900EAE0C02046CDE953
:100E100002CBFFF78DFC9DF83C00C00709D19DED8A
:100E20000E0AB0EEC00AB4EE4D0AF1EE10FA80F2EE
:100E30002F81206CD4ED070A94ED060A9DED0C1A63
:100E4000DDED0D1AFEF708F9206C90F84C1C90F8B7
:100E50004D2C5618F1B200EB8101D1F8081889B178
:100E60009FEDB50AB4EE490A94ED110AF1EE10FABD
:100E70009FEDB01A31FE000A91ED041A80FE410A7E
:100E800081ED040A00EB86000DF1300E00F53A60AA
:100E9000DDF844C09EE80E4190ED000A2046DDF8E2
:100EA0004890159EDDE91357CDE9008ECDE902C9C2
:100EB000CDE904570696FFF73BFC9DF83C00DDE9C1
:100EC0000C12C007C4E9041200F08980206C90F86D
:100ED0004C1C90F84D2C1144CAB200EB8202D2F89F
:100EE00008283AB192ED040A9FED921A80FE410A59
:100EF00082ED040A00EB810000F53A6090ED000AF3
:100F00002046FFF7E5FC9DE0B0EE480A16A807F082
:100F100017FB9DED160A206C90F84C1C90F84D2C98
:100F20001144C9B200EB8100D0F8080898B1B0EEC6
:100F3000C00A9FED811AB4EE401A94ED110AF1EE49
:100F400010FA9FED7C1A31FE000A90ED041A80FE23
:100F5000410A80ED040A9DF83C00DDE91812C00743
:100F6000C4E9011208D19DED0E0AB0EEC01AB4EE2C
:100F7000491AF1EE10FA73DA206CD4ED050A94EDFB
:100F8000040A9DED0C1ADDED0D1AFEF765F8206CD4
:100F90000CAB0DF13C0EDDF8489090F84C6C90F8DD
:100FA0004D5C0ECB2E449EE8005100EB8600159E52
:100FB00000F53A60DDE9137590ED000A20468DE8F2
:100FC0000051CDE90397CDE90556FFF7B1FB9DF838
:100FD0003C00C00707D1DDE90C01C4E90401012090
:100FE00020700220B6E4206C90F84C1C90F84D2C38
:100FF0001144CAB200EB8202D2F808283AB192ED4D
:10100000040A9FED4C1A80FE410A82ED040AC8B121
:1010100090F84E2CB2B900EB8101D4ED110A01F524
:101020003A6194ED121A91ED008AB0EE480AFDF78C
:10103000BFFE04F14C07B0EE480A206C8ECF00973B
:10104000FDF7EAFEBDF83E10206CFDF799FF206C1D
:10105000012180F84E1C2046FFF7C2FB012079E4F5
:1010600084ED030ADDE91410C4E90E100C98A061A8
:101070000D98E0610E9820620F9860621098A0624F
:101080001198E0621298206313986063022090E444
:101090001AAA02234846414607F01AFC02201A9970
:1010A00061601B99A160D4E90612C4E90412DDE96C
:1010B0001412C9E908120C99C9F800100D99C9F861
:1010C00004100E99C9F808100F99C9F80C1010995E
:1010D000C9F810101199C9F814101299C9F818100C
:1010E0001399C9F81C100E99E16062E484ED04AA1A
:1010F00084ED059ADDE91401C9E908010C98C9F8E5
:1011000000000D98C9F804000E98C9F808000F985F
:10111000C9F80C001098C9F810001198C9F814000B
:101120001298C9F818001398C9F81C0084ED030A36
:1011300002203EE400000000157A43400000000059
:10114000F0B58FB00C46002944D004640546204613
:10115000FDF736FF6F46002607F110002E70C5E937
:10116000046600960196FDF70FFC07F11800FDF7E5
:10117000E7FD0AA8ADF80E60CDE9006602968DF88D
:101180000C60FDF701FC0B9805900A9804900AA8E2
:10119000FDF7D6FD9DF83400EE608DF824000C9824
:1011A00008900B9807900A9806909DE80700A861A0
:1011B0000398E96104992A62059A68620698A9620F
:1011C0000799EA62089A286309986963C5E90E20BD
:1011D000C5E90166002C18BF012420460FB0F0BD00
:1011E0002DE9F0472DED048B8EB004460026C0E9B2
:1011F00001660661984646619146866128300F4631
:10120000B0EE608AB0EE409ADDF868A0E661FDF7C6
:10121000BBFB04F13000FDF793FD6846E684C4E9AA
:101220000666266284F82460FDF7AEFB6D46DDE9B4
:101230000001C4E90A012846FDF782FD9DF80C0073
:1012400084F83C00DDE9000120630298C4E90D1038
:1012500004F14400FDF798FB04F14C00FDF770FD2C
:1012600005F1100084ED119A84ED128AC4E9137916
:10127000C4F8548084F858A026642670C4E9046633
:10128000CDE90066FDF780FB05F11800FDF758FD7C
:101290000AA8ADF80E60CDE9006602968DF80C60E4
:1012A000FDF772FB0B9805900A9804900AA8FDF7C9
:1012B00047FD9DF83400E6608DF824000C980890F6
:1012C0000B9807900A9806909DE80700A061039884
:1012D000E16104992262059A60620698A162079909
:1012E000E262089A206309986163C4E90E20C4E9A8
:1012F000016620460EB0BDEC048BBDE8F08700000F
:1013000082B005781E2D01D3EFF7A2FF41F210261F
:10131000C2F2004656F8250008B9EFF799FF09F028
:101320006FFA01AC019002E0204608F091FA56F8FD
:10133000250001680968884756F82500427A017A35
:10134000002AF1D1084607F08BFBF0E7000000000F
:10135000F0B589B04BF2E857372AC0F601070446CA
:1013600007F10805056028BF372200910020CDE96C
:101370000100082A039098BF082204909900079062
:10138000089041F20130CDE9051204F10A01C0F6DE
:1013900001006A4607F0ACFB606008B9EFF758FF40
:1013A000DDE90E67256008F0FBF841F20C25C2F27A
:1013B0000045287801302870C1B21F2901D3EFF70A
:1013C00047FF28780138A072C1B241F21020C2F262
:1013D000004040F8214008F00BF9012F204698BF4B
:1013E00001276672277209B0F0BD000000000000FE
:1013F000B0B58AB0372A4FF0000428BF37220191D8
:101400009900CDE90244082A049498BF0822069165
:10141000054607920E980F9901AA0594089409941D
:1014200007F066FB286008B9EFF712FF28460AB0FC
:10143000B0BD000000000000F0B581B02DED048BC0
:101440008CB0B0EEC23A9FEDB49A04468DED080A16
:10145000CDED090AB4EE493A8DED061AF1EE10FA17
:10146000CDED071A0ADA00206060E0602072C4E95E
:101470000500C4E90700C4E9090040E10D4606A8DB
:1014800008A90AAA022384ED092A07F021FA0A987A
:101490000A900B980B900AA804AB0222014607F0B1
:1014A000A3F99DED048AB5EE408AF1EE10FA02DA56
:1014B0009FED9A8A01E0B1EEC88A94ED090A30EEF8
:1014C000000AB4EE408AF1EE10FA00F3EB80B0EEC1
:1014D000C80AB4EE490AF1EE10FAC0F2E38008AE91
:1014E00006AF0AAA02233046394607F011F8B6EED5
:1014F000000A0A9802900B98039002A80AA90222F7
:1015000007F08EF90A9804900B9805900AAA022316
:101510003846314607F0DCF99DED0B0A0A98039036
:1015200002A8B1EE400A0AAB022201468DED020A82
:1015300007F05AF99FED791A9DED0A2AB0EE410A9B
:10154000B5EE402AF1EE10FA03DBB1EEC22AB0EE9E
:10155000420AB0EEC02AB4EE492AB0EE412AF1EEBA
:1015600010FA0CDBB7EE001A02A80AA9022281EEDB
:10157000000A07F055F99DED0A2A9DED0B1A28EE99
:10158000080ABDEE003A8DED022A8DED031A20EE19
:10159000030A94ED093AA3EE030AB1EEC08AB4EE51
:1015A000488AF1EE10FA80F1AF8055B9BFEE000A1B
:1015B00002A80AA9022207F033F90A9802900B98B0
:1015C0000390B0EE480A02A80AA9022207F028F9FF
:1015D0000A9800900B98019004A869460AAA022371
:1015E00006F096FF25460A980AAA022345F81C0F22
:1015F0000B98686008A8294607F06AF90A980A90CB
:101600000B980B900AA86B460222014607F0ECF8F3
:101610009DED000A9FED418AB0EEC00AB4EE490A82
:10162000B0EE480AF1EE10FA08DBDDED0A0A9DED96
:101630000B0A684606F084FF9DED000A06A80AAA78
:101640000223294684ED050A07F042F90A980A9018
:101650000B980B900AA86B460222014607F0C4F8CB
:101660009DED000AB0EEC00AB4EE490AF1EE10FAA0
:1016700008DBDDED0A0A9DED0B0A684606F060FF07
:101680009DED008A94ED050A9FED262A38EE401A5A
:1016900084ED068AB4EE421AF1EE10FA04DA9FEDF8
:1016A000201A0AE0002029E09FED202AB4EE421A19
:1016B000F1EE10FA05DD9FED1C1A38EE011A84EDEB
:1016C000061A94ED061A94ED092A31EE400AB7EE97
:1016D000001A84ED0A0A012081EE021AB5EE400AD2
:1016E000B0EEC03AF1EE10FAB1EE410A22EE032A52
:1016F00084ED012A31FE000A84ED030A20720CB049
:10170000BDEC048B01B0F0BD09F057FBB0EE408A90
:10171000002D3FF44BAF54E7BD3786350000000085
:10172000DB0FC940DB0F49C0DB0FC9C0DB0F4940ED
:101730004BF2F4520021C0F6010201720832C0E9F6
:101740000021C0E90311C0E90511C0E90711C0E992
:10175000091170470000000070B52DED048B86B0B4
:1017600030EE412A9FED4A8A30EEE13A0021002214
:101770000446B0EEC22AB4EE482AB0EEC32AF1EE17
:1017800010FAA8BF0121B4EE482AF1EE10FAA8BF62
:1017900001228DED020A41EA02060021F007CDED9B
:1017A000030A8DED001ACDED011A62D0DDE90201C8
:1017B000C4E90501684602A904AA022307F088F8D3
:1017C0002546049804AB022245F81C0F0598686072
:1017D0002846294607F008F89FED2E9A9DED040A49
:1017E000B0EE491AB5EE400AF1EE10FA03DBB1EEA5
:1017F000C00AB0EE401A21EE010A04AB02222846CC
:10180000294684ED011A84ED0D0A06F0EDFF9DEDE9
:10181000041AB0EE490AB5EE401AF1EE10FA03DBF5
:10182000B1EEC11AB0EE410AB0EEC01AB4EE481AD9
:10183000B0EE491AF1EE10FA0CDBB7EE001A04A96B
:101840000222284681EE000A06F0EAFF9DED041A06
:101850009DED059AB1EE490A84ED091A84ED0A9AC4
:10186000002084ED0B0A84ED0C1AE0600120207248
:1018700007E0616004F11400E16021722421EEF7B9
:10188000D7FE06F0010006B0BDEC048B70BD00BFB2
:10189000BD3786350000000010B504464BF21061DC
:1018A000C0F60101002020720831E060C4E9001098
:1018B000206104F114002421EEF7BAFE204610BD89
:1018C000092A21D10A78592A1ED14A78592A1BD1CE
:1018D0004FF0000C4FF0FF33CA180133072B52783A
:1018E0009444F9D15FFA8CF20B7A934218BF704797
:1018F0008A888282652A01D34A884282C9886FF029
:10190000FF0202EBD101C18270470000000000001D
:10191000B0B582B04BF22C620446C0F6010232230D
:1019200002F10805056000F11A0201200090019003
:10193000204602F055FF04F112003A212560EEF72F
:1019400055FE0020A4F85400C4E91300204602B05C
:10195000B0BD000000000000B0EE412AB4EE410A24
:10196000F1EE10FA08DCB0EE402AB4EE600AF1EEB7
:1019700010FA01DAB0EE602A4FF0FF3132EE600A61
:1019800001FA00F031EE601AC04302EE100AB8EE20
:10199000422A20EE020A80EE010ABDEEC00A10EED5
:1019A000100A70470000000002EE100A30EEC01A64
:1019B0004FF0FF308840B8EEC22AC04321EE021A31
:1019C00002EE100AB8EE422A81EE021A30EE010A47
:1019D000704700000000000010B54A1E0446072AA8
:1019E00002D884F81D1101E0EFF732FC94F81D01D4
:1019F00040F2FF11052800F5007038BF4FF4007168
:101A0000A061216140F6FF71616110BD000000001E
:101A100070B52DED048B1D460E46089B11462A46D7
:101A2000044601F045F84BF23860721EC0F6010022
:101A3000072A00F10801216000F12400C4F8180110
:101A400002D884F81D6101E0EFF702FC94F81D0153
:101A500040F2FF1140F6FF72052800F5007038BF14
:101A60004FF40071A0612046C4E90412216889681E
:101A700088479FED2B8A04F11C05B0EE480A01212E
:101A8000002200232846FCF79FFC9FED279AB2EE28
:101A9000080A9FED284AB0EE481AF0EE481AB0EE58
:101AA000492AF0EE482AF0EE444AB0EE445AB0EE2D
:101AB000486ADFED1C0A28469FED1C3ADFED1C3A10
:101AC000DFED1D5AFCF798FCB0EE480A04F18405DE
:101AD0000021002201232846FCF776FCDFED183AAE
:101AE000B0EE081A9FED183AF0EE480AF0EE481AE8
:101AF000B0EE492AF0EE482AB0EE634AF0EE634AAF
:101B0000B0EE635AB0EE436A9FED0C0ADFED0D5A5A
:101B10002846FCF771FC2046BDEC048B70BD00BF6D
:101B2000000000006666263F6F12033B00008046FF
:101B300000401C4600409C450000484200004843CD
:101B40000000FA430000FA440000FA4500000000DB
:101B500010B54A1E0446072A02D884F81D1101E078
:101B6000EFF776FB94F81D0140F2FF11052800F510
:101B7000007038BF4FF40071A061216140F6FF7121
:101B8000616110BD0000000070B52DED068B1D4693
:101B90000E460A9B11462A46044600F089FF4BF286
:101BA0006060721EC0F60100072A00F10801216082
:101BB00000F12400C4F8180102D884F81D6101E086
:101BC000EFF746FB94F81D0140F2FF1140F6FF725B
:101BD000052800F5007038BF4FF40071A061204661
:101BE000C4E904122168896888479FED2C8A04F1B2
:101BF0001C05B0EE480A0121002200232846FCF70C
:101C0000E3FB9FED289AB2EE040A9FED294AB0EE5D
:101C1000492A9FED29AAF0EE444AB0EE4A1AF0EEA6
:101C20004A1AF0EE4A2AB0EE445AB0EE4A6ADFEDA4
:101C30001C0A9FED1D3A2846DFED1C3ADFED1D5AC8
:101C4000FCF7DAFBB0EE480A04F18405002100221B
:101C500001232846FCF7B8FB9FED1C4AF0EE4A0A28
:101C6000F0EE4A1AB0EE492AF0EE4A2AF0EE444A63
:101C7000B0EE445A9FED110A9FED111A28469FEDD0
:101C8000113ADFED113ADFED125A9FED126AFCF7BF
:101C9000B3FB2046BDEC068B70BD00BF0AD7233CCA
:101CA000713D0A3F6F12033B0000804600401C4616
:101CB00000409C4500004842000000000000C8426F
:101CC0000AD7A33B0000964300007A440000FA4381
:101CD000000016430000484390ED3D1A20EE010A33
:101CE00090ED3B1AB4EE410AF1EE10FA06DC90EDED
:101CF0003C1AB4EE410AF1EE10FA02DA80ED391A1C
:101D000001E080ED390A012180F8F81070470000E9
:101D100090ED3D1A002120EE010A80F8F81080EDC8
:101D2000380A704700000000F4EE400AF1EE10FAA5
:101D3000C8BF70479FED061A80FE410A9FED051A45
:101D400080FE811A80ED3B0A80ED3C1A704700BF8F
:101D50000080BB450080BBC590ED3B1AB4EE410A44
:101D6000F1EE10FA06DC90ED3C1AB4EE410AF1EE09
:101D700010FA02DA80ED391A01E080ED390A01210A
:101D800080F8F8107047000090ED351A30EE410AE7
:101D900080ED3A0A704700002DE9F0412DED028BED
:101DA00088462821B0EE408A0546EEF741FC41F214
:101DB0006F2705F130002121C3F68327AF624FF46E
:101DC0008074AC8505F15406EEF732FC304601F024
:101DD00073F805F168002821EEF72AFC05F1980058
:101DE0002121C5F8907005F1BC06A5F89440EEF7E6
:101DF0001FFC304601F060F848F200010020C4F2F8
:101E0000BB5185ED3D8AC5E93A0148F2000185F8EC
:101E1000F800C5E93400C5E93600C5E93800CCF260
:101E2000BB51C5F8F01085F8F9802846BDEC028B4F
:101E3000BDE8F081000000002DE9F04381B02DEDF8
:101E4000028B82B0044690F87D01012844D194F8B9
:101E50007C01002858D0B2EE098A04F1E800B0EE07
:101E6000480AFCF715FB04F1E4009FED600AFCF75B
:101E70000FFBFAEE090AB0EE481A94ED3A0A102068
:101E8000FFF76AFD94ED390A9FED591A80EE010AB9
:101E9000FBEE0E0AB3EE0E1A80460C20FFF75CFD37
:101EA0009FED548A0746F0EE480A94ED440A9FEDF0
:101EB000521A0C20FFF750FDB1EE041AF0EE480A5A
:101EC000064694ED430A0C20FFF746FDBDB24FEAEB
:101ED00018271FFA80F91EE094F82001D4F81C118D
:101EE00000EBC00001EB80004FF0FF31C0F817108D
:101EF000416194F82001D4F81C1100EBC00001EB03
:101F00008000FC21C1766BE0002500264FF000091F
:101F10004FF000080027B2EE048AD4F800010190C7
:101F200001A8B0EE480AFCF7B3FAFAEE040AB0EEE4
:101F3000481A9DED010A0C20FFF70EFD94F82011C0
:101F4000D4F81C2101EBC10102EB81010F7594F85B
:101F50002011D4F81C2101EBC10102EB810181F8B1
:101F6000158094F82011D4F81C2101EBC10102EB7B
:101F700081012A098A7594F82011D4F81C2101EBFB
:101F8000C10102EB81012A0142EA1622CA7594F8C6
:101F90002011D4F81C2101EBC10102EB81010E7666
:101FA00094F82011D4F81C2101EBC10102EB81014E
:101FB0004FEA19124A7694F82011D4F81C2101EB4B
:101FC000C10102EB8101020A42EA09128A7694F801
:101FD0002011D4F81C2101EBC10102EB8101C8766C
:101FE00002B0BDEC028B01B0BDE8F0834C3D8F43E5
:101FF000EBC91841000000000000FA430000000097
:10200000B0B52DED0A8B044690F87C01002848D12C
:1020100094F8FC00DFED2A0A062815D8DFE800F066
:102020000407141414411D00D4ED390A0CE004F126
:102030006C0094ED360AD4ED3A0A9FED221A002185
:10204000FCF75EF8F0EE400A201D94ED350A9FED96
:102050001D1A0021FCF754F821E094ED380A04F52C
:102060009E7004F16C0594ED398A94ED3A9A94EDE2
:1020700035AA94ED36BA94ED45CA00F085FD3CEEE4
:10208000002AB0EE4B0AF0EE4A0AB0EE491AF0EE22
:10209000481ADFED0C2A00212846FBF705FF84EDE6
:1020A000400A94F82001D4F81C1100EBC00001EBA9
:1020B0008000012180F82C10BDEC0A8BB0BD00BF60
:1020C00000000000DB0F4940B0B511780446BAEEBD
:1020D000090AF2EE090A080984F87401B2F801004D
:1020E0001021154640BAFFF75FFC94ED3B1AF3EE62
:1020F0000E0A30EE010A84ED360ABBEE0E0AE878CD
:102100002979000140EA11100C21FFF74DFC9FEDE9
:102110001D1AF2EE040A20EE010A84ED350ABAEE29
:10212000040A2879697900F00F0041EA00200C21A7
:10213000FFF73AFC84ED380A94F8FD1095F9060093
:10214000012900EE100AB8EEC00A84ED370A95F9AD
:10215000070000EE100AB8EEC00A84ED5E0A07D14F
:10216000201D9FED090AFFF70FFE002084F8FD00F7
:1021700094F874010138B0FA80F0400984F87D01C8
:10218000B0BD00BFEBC91841000000000000000016
:10219000D0F81C1191F82D2180F82021531C81F8D2
:1021A0002D3102EBC20CD0F82421082301EB8C0165
:1021B000D0F828C190F82101C1E903C38A62012245
:1021C0000A77C8837047000090F87C11012918BF76
:1021D0007047B5EE400AF1EE10FA03DA0021C0F8BC
:1021E000101170479FED071AB4EE410AF1EE10FA94
:1021F00005DD0021C4F2FA31C0F81011704780EDFE
:10220000440A70470000FA4390F87C11012918BF76
:102210007047B5EE400AF1EE10FA03DA0021C0F87B
:102220000C117047B1EE041AB4EE410AF1EE10FA47
:1022300005DD0021C4F2A001C0F80C11704780ED4B
:10224000430A7047000000002DE9F0412DED0A8B94
:10225000B0EE409AB7EE000A0D46B0EE608ADDE9B6
:1022600010811E461746044600F0D2F800F58C7027
:102270003946FBF755FA04F59A703146FCF764FAD3
:102280004BF28860B1EE040AC0F60100DFED490AA6
:1022900000F10801216000F128013C30C4F834014C
:1022A00004F59E709FED441AC4F8181100F094FCD8
:1022B00040F6FF7084F87C81C4E94A50206800260B
:1022C00084F87D61A4F83851C4F82461C4F8305111
:1022D000816820468847B8F1000F0CD02068B0EE26
:1022E000490A4168204688472068B0EE480A0168DC
:1022F0002046884701E0C4E941669FED308A251DEC
:10230000B0EE480A0121002200232846FCF75CF8C1
:10231000B2EE049AB1EE04AA9FED2BBA28469FEDC7
:102320002CCAB0EE4B2AB0EE4C1AF0EE4C1AF0EE7E
:102330004C2AB0EE493AF0EE4A3AB0EE4A4AF0EE94
:102340004A4AB0EE4A5AB0EE4C6A9FED1D0ADFEDE4
:102350001D0ADFED1E5AFCF74FF8B0EE480A04F1F3
:102360006C050021002201232846FCF72DF8B3EE6E
:10237000043AB2EE0E6AF0EE4C0AB0EE491AF0EEF4
:102380004C1AB0EE4B2AF0EE4C2AF0EE4A3AB0EE80
:102390004A4AF0EE4A4AB0EE4A5AF0EE495A9FEDE8
:1023A0000D0A2846FCF728F82046BDEC0A8BBDE84C
:1023B000F08100BF00007A449A99993F0AD7233CE4
:1023C000CDCCCC3C3480373A6F12033B00004842FE
:1023D000000000000000164390ED3E1A20EE010AB6
:1023E00090ED3C1AB4EE410AF1EE10FA06DC90EDE5
:1023F0003D1AB4EE410AF1EE10FA02DA80ED3A1A13
:1024000001E080ED3A0A062180F8FC1070470000D8
:102410002DE9F0412DED028B884604460430282139
:10242000B0EE408AEEF704F941F26F2704F1340070
:102430002121C3F68327E7624FF48075258604F1D6
:102440005806EEF7F5F8304600F036FD04F16C0062
:102450002821EEF7EDF804F19C002121C4F89470D6
:1024600004F1C006A4F89850EEF7E2F8304600F008
:1024700023FD48F200010020C4F2BB5184ED3E8AE6
:10248000C4E93B0148F2000184F8FC00CCF2BB51E6
:10249000C4F8F4104BF2C86184F8FD80C0F6010165
:1024A000C4E93500C4E93700C4E9390008312160C6
:1024B000C4E94000C4E94200C4E944002046BDEC40
:1024C000028BBDE8F081000010B5044690F81401BD
:1024D000DFED300A042839D8DFE800F003212B06AD
:1024E0004300D4ED3F0A31E094F8420101282DD198
:1024F00094ED4D0A9FED281AB8EEC00A9FED272AE9
:1025000004F18400D4ED400A20EE010A94ED441A4F
:1025100020EE020A9FED222A21EE021A11E004F1B8
:10252000840094ED3C0AD4ED400A9FED1D1A002171
:1025300008E004F18400D4ED480A94ED510A9FEDBF
:10254000181A0121FBF7DCFDF0EE400A04F11C0033
:1025500094ED3B0A9FED121A0021FBF7D1FD84EDAB
:102560004A0A94F9900294ED4A1A00EE100A04F512
:10257000A470B8EEC00A21EE000A00F0E5F8207A57
:10258000616800EBC00001EB8000012180F82C1095
:1025900010BD00BF0000000000000039DB0FC94083
:1025A000DB0F4940000000002DE9F04381B02DED24
:1025B000028B82B0B0EE408A0446DDE90C96DDE97C
:1025C0000E78109D0095FFF723FA4BF2D860B0EE1D
:1025D000480AC0F60100324600F1080121602430AB
:1025E000C4F8180104F5A47049463B460095FFF76E
:1025F0000FFA84F89082204602B0BDEC028B01B045
:10260000BDE8F0830000000010B5044690F8140106
:10261000DFED300A042839D8DFE800F003212B066B
:102620004300D4ED3F0A31E094F8420101282DD156
:1026300094ED4D0A9FED281AB8EEC00A9FED272AA7
:1026400004F18400D4ED400A20EE010A94ED441A0E
:1026500020EE020A9FED222A21EE021A11E004F177
:10266000840094ED3C0AD4ED400A9FED1D1A002130
:1026700008E004F18400D4ED480A94ED510A9FED7E
:10268000181A0121FBF73CFDF0EE400A04F11C0092
:1026900094ED3B0A9FED121A0021FBF731FD84ED0A
:1026A0004A0A94F9900294ED4A1A00EE100A04F5D1
:1026B000A470B8EEC00A21EE000A00F045F8207AB6
:1026C000616800EBC00001EB8000012180F82C1054
:1026D00010BD00BF0000000000000039DB0FC94042
:1026E000DB0F4940000000002DE9F04381B02DEDE3
:1026F000028B82B0B0EE408A0446DDE90C96DDE93B
:102700000E78109D0095FFF73FFA4BF20070B0EE87
:10271000480AC0F60100324600F108012160243069
:10272000C4F8180104F5A47049463B460095FFF72C
:102730002BFA84F89082204602B0BDEC028B01B0E7
:10274000BDE8F0830000000080ED4A0A042180F813
:10275000141170470000000010B590ED4A0A90F87F
:102760001D21BDEEC00A4CF20001CFF6FF71013A07
:1027700010EE103A02EB927C2CF0030CA2EB0C0250
:1027800013F5804F4FEA4202C8BF194690F808E09F
:10279000D0F804C00C0AB1F5804FA8BF4FF48041B7
:1027A0000EEBCE0EB3F5804FC8BF40240CEB8E036A
:1027B00013FA82F31C75037A406803EBC30300EB42
:1027C000830010FA82F0417510BD00000000000087
:1027D00010B5044690F81401DFED290A042839D811
:1027E000DFE800F003212B064300D4ED3F0A31E07F
:1027F00094F8420101282DD194ED4D0A9FED211A44
:10280000B8EEC00A9FED202A04F18400D4ED400AFE
:1028100020EE010A94ED441A20EE020A9FED1B2AD5
:1028200021EE021A11E004F1840094ED3C0AD4ED8B
:10283000400A9FED161A002108E004F18400D4ED4F
:10284000480A94ED510A9FED111A0121FBF758FC3B
:10285000F0EE400A04F11C0094ED3B0A9FED0B1AC8
:102860000021FBF74DFC84ED4A0A207A616800EBF9
:10287000C00001EB8000012180F82C1010BD00BFCA
:102880000000000000000039DB0FC940DB0F4940A9
:1028900013889FED5C1A19BA4FEA114CA0F840C199
:1028A000DBBA5188C9BA00EE101AB8EEC00A80ED42
:1028B0003B0A9188C9BA00EE101AB8EEC00A80ED42
:1028C000490A00EE103A92F90610B8EEC00A20EE5E
:1028D000010A01EE101A90F81C11B8EEC11A80ED31
:1028E0003D1A9FED491A20EE010A80ED510A19B1F7
:1028F000002180F81C111DE0B0F82E11ACEB010195
:102900000AB2B2F5805F08DDB0F82C11B0F83821BA
:102910000139A0F82C11511E0AE012F5805F09DA86
:10292000B0F82C11B0F838210131A0F82C11511C4D
:10293000A0F83811B0F92C21B2F5806F02DD4FF408
:10294000806204E012F5806F03DA4FF47C42A0F855
:102950002C21B0F92C11A0F82EC102EE101A90F81B
:1029600042110129B8EEC22AA2EE010A90ED411AE5
:1029700031EE000A80ED3C0A28D1B0F93811D0F8C8
:102980003C2102FA8CF2D0F8303102EB4132C0F82F
:10299000342189B29A420DDAB2F1FF3F16DC90ED94
:1029A000440A1A44BDEEC00AC0F8342110EE102AC1
:1029B000114409E090ED440AD21ABDEEC00AC0F8F5
:1029C000342110EE102A891AA0F8381190F8151148
:1029D000012918BF704710B500F11C019FED0B0ACB
:1029E00004460846FFF7D0F9B4F940010021A4F8E5
:1029F00038114042C4F83C0184F81511BDE810407C
:102A0000704700BF00000039DB0FC9400000000024
:102A1000B0B50546406890F82C01092801D3EEF7BF
:102A200017FC68680022EA6090F82D1199B32B69B1
:102A30001C3003E00132243091421BD0C468002CCA
:102A4000F8D150F8104C9C42F4D101782A7201312F
:102A50000170CBB2052B01D3EEF7FAFB287A696837
:102A600000EBC00001EB8000017F00EB4100697AC0
:102A70008183B0BD686890F82D1129724B1C80F8D5
:102A80002D3101EBC102E968082300EB82002A69BD
:102A90008162012106E02A72012180F82D110823AC
:102AA00082622A69C0E903230177697AC183B0BDD4
:102AB00070B52DED028B0E4604461C301946B0EE63
:102AC000408A1546FFF768F920463146FAF728FE96
:102AD00004F58C702946FBF737FEB8FE480A4BF226
:102AE0002870C0F601009FED191A00F1080121605D
:102AF00038EE400A00212430C4F81801012084F87F
:102B00001C01B0EEC00A0020A4F83801C4F83C0152
:102B1000B4EE410AA4F84001BDEEC80AC4F844016D
:102B2000F1EE10FAB8BF0121C4E9480084F842115F
:102B300010EE101AC4F82801C4F82C014903C4E9A6
:102B40004C102046BDEC028B70BD00BFBD378635F2
:102B500080B543F22440C2F20040F4F769FA80BD28
:102B600081B0009043F22440C2F200400068406A05
:102B70000099401A01B0704743F22440C2F200406D
:102B80000068406A7047000090ED061A90ED053A23
:102B900090ED0A2A90ED0B4A21EE021A90ED0D5AA3
:102BA00080ED0A0A80ED0B2AA3EE001A90ED073A99
:102BB000A3EE041A90ED083A90ED0C4A80ED0D4A10
:102BC000A3EE441A90ED093AA3EE451A80ED0C1AD3
:102BD000B0EE410A7047000010B52DED068BB7EE40
:102BE000002AB6EE003A80EC020A0446B0EE418AB2
:102BF00082EE209AB0EE002A80ED021A80ED039A50
:102C000082EE09AA9FED2B2A20EE022A22EE092A43
:102C100022EE030A08F0EEF8B1EE001A2AEE000ADE
:102C2000B0EE005B002084ED040A28EE012AB0EE2D
:102C3000413ABAEE006B29EE004A22EE002AC4E9BE
:102C40000A00B7EEC44AA2EE093AA2EE491A24EEEF
:102C5000044BC4E90C002046B7EEC33AB7EEC11AE4
:102C6000A4EE056B34EE033B34EE045BB7EEC33BDE
:102C700034EE010BB7EEC33A84EE032B85EE035B13
:102C800086EE031B80EE030BB7EEC22B84ED052A04
:102C9000B7EEC55B84ED065AB7EEC11B84ED072A7B
:102CA000B7EEC00B84ED081A84ED090ABDEC068B63
:102CB00010BD00BFDB0FC94070B52DED108BB0EE1D
:102CC00060AA30EEA09AB0EE401A0E4614460546B1
:102CD000C1B1B0EE410AF0EE490A08F016F8B0EEC4
:102CE000401AB4EE4A0AF1EE10FA02DD31EE491A4A
:102CF00008E0B1EE4A0AB4EE401AF1EE10FA01DA39
:102D000039EE011A95ED01CA95ED020A95ED03BA67
:102D100030EE418AACEE0B0A9EB3B0EE40DAB0EE74
:102D2000480AF0EE490A07F0F0FFB0EE408AB4EE30
:102D30004A0AF1EE10FA04DD38EE498AB0EE4D0A87
:102D40000AE0B1EE4A0AB4EE408AB0EE4D0AF1EE66
:102D500010FA01DA39EE088AF0EE490A07F0D5FFD9
:102D6000B4EE4A0AF1EE10FA02DD30EE490A08E04C
:102D7000B1EE4A1AB4EE410AF1EE10FA01DA39EE78
:102D8000000AACEE0B8AB2EE001A95ED00AA2CEE0A
:102D90000A9A2AEE011AB0EEC8DA2CEE09EA21EE00
:102DA0000D2AA9EE092AB1EEC21AB4EE411AF1EECB
:102DB00010FA6AD6B4EE4EDAF1EE10FA18DDBFEE74
:102DC000002AB5EE408AF1EE10FA9FED354A31EE59
:102DD000491A04FE022AB6EE003AB7EE004A21EE86
:102DE000033AB0EE4B1A34FE022AA3EE021A03E0B5
:102DF00088EE0C1A3BEE011AB0EEC13AB1EE4A2A47
:102E0000B4EE493AF1EE10FA10DDBFEE003AB5EE3D
:102E1000401AF1EE10FA9FED221A01FE031AB7EEE6
:102E2000003A33FE011A21EE021A03E021EE021AE3
:102E300081EE091AACEE01BA95ED041AB5EE401A0E
:102E4000F1EE10FA16D0B0EECB2AB4EE412AF1EE34
:102E500010FA0FDDBFEE002AB5EE40BAF1EE10FA1F
:102E60009FED0F3A03FE022AB7EE003A33FE022A24
:102E700021EE02BA85ED020A002C85ED03BA18BFD7
:102E800084ED00BABDEC108B70BDB0EE40FAB0EE30
:102E9000420A07F092FFB0EE401AB0EE4F0A89E7FF
:102EA000000000000000000080EC020A80ED041A1F
:102EB000704700000000000000210161C0E900111E
:102EC000C0E902117047000090F8221090F84420E9
:102ED000914203D090F8223080F84430881A18BF0D
:102EE000012070470000000090F8251090F8452060
:102EF000914203D090F8253080F84530881A18BFE9
:102F0000012070470000000090F83E10012935D1E3
:102F100043F22441026CC2F2004109684B6A9A1ADA
:102F200040F24A43A2F2B73C496A016441F61841B3
:102F30009C45C2F2004112D80B78072B11D8B2F58C
:102F4000FA6F00EB430C28BF4FF4FA62B2F57A7FB8
:102F500098BF4FF47A72ACF812205A1C00E000229D
:102F60000A700978082918BF70472C30082100BF63
:102F700030F81A2C013920F8022FF9D170470000DF
:102F800043F22441026CC2F200410968496A891A7D
:102F900043F67F02C0F2010291420DD880B5C38D85
:102FA000418EB0F834E0B0F830C0A1F2AB5292B22A
:102FB000622A0FD8002117E00021C18401854185D4
:102FC000818580F8221080F8231080F8241080F882
:102FD00025107047A1F2DC5212B2322A02DBA1F2B4
:102FE0000E6101E0A1F2AA510185A3F2AB5189B2B1
:102FF000622901D8002109E0A3F2DC5109B232298B
:1030000002DBA3F20E6101E0A3F2AA51C184AEF289
:10301000AB5189B2622901D8002109E0AEF2DC513E
:1030200009B2322902DBAEF20E6101E0AEF2AA5122
:103030004185ACF2AB5189B26229BDE8804001D82C
:10304000002109E0ACF2DC5109B2322902DBACF21A
:103050000E6101E0ACF2AA51818540F2DC52C18ED2
:1030600091424FF0000188BF012180F8221040F208
:10307000E341028F8A424FF0000206D3038F40F2F1
:10308000D76C0222634538BF012280F82320428F8B
:103090008A424FF000014FF0000206D3438F40F206
:1030A000D76C0222634538BF012280F8242040F209
:1030B000DC53828F9A4288BF012180F8251090F856
:1030C0004610002918BF704790F8221080F844106D
:1030D00090F8251080F84510012180F846107047BF
:1030E00070B582B004460D460126002012A12722A9
:1030F0008023CDE900062046FEF72AF904F10C00F2
:103100002946FBF709FC4BF2507084F83E60C0F68C
:10311000010000F1080121601830E06040F2DC504D
:10312000E08520866086A0866082A082E08220837F
:10313000204602B070BD00BF466C79736B79000009
:1031400010B52DED048B0446406A90ED350A90EDE4
:103150003D1A206B80EE010A9FED651A20EE018A70
:103160009FED640A90ED361AB4EE408A90ED3E0A67
:10317000F1EE10FA0FDB9FED602AB4EE428AF1EE19
:1031800010FA08DC9FED622A38EE022A9FED613AC0
:1031900022EE032A28E09FED582AB4EE428AF1EE8F
:1031A00010FA09DB9FED562AB4EE428AF1EE10FACE
:1031B00002DC9FED522A17E09FED512AB4EE428ABD
:1031C000F1EE10FA12DB9FED4F2AB4EE428AF1EED7
:1031D00010FA0BDC9FED4C2A38EE023A9FED4B4A79
:1031E0009FED462AA3EE042A84ED082AB1EE411A87
:1031F000B5EE408AF1EE10FA0DDB9FED422AB4EEF7
:10320000428AF1EE10FA06DC9FED473A9FED472A1D
:10321000A8EE032A17E09FED3B2AB4EE428AF1EEB6
:1032200010FA12DB9FED3C2AB4EE428AF1EE10FA5E
:103230000BDC9FED3A2A38EE023A9FED394A9FEDBA
:10324000392AA3EE042A84ED072A81EE009A94ED30
:10325000060A94ED071AB4EE410AF1EE10FA02DD07
:103260009FED330A08E094ED081AB4EE410AF1EE3E
:1032700010FA03DA9FED200A31EE000AB1EE400A9F
:10328000FFF7AAF894ED070A9FED2A1A30EE010A1B
:10329000B4EE409AF1EE10FA0CDC94ED080A9FEDC2
:1032A000261A30EE010AB4EE409AF1EE10FAA8BFE9
:1032B00094ED038A9FED210A606A28EE000AFEF76A
:1032C0000BFD94ED040A9FED1E1A20EE010AA06A80
:1032D000FEF702FD94ED050A9FED1A1A20EE010A91
:1032E000E06ABDEC048BBDE81040FEF7F5BC00BF02
:1032F0007364CB3C8FC2753DCDCCCC3DCDCC4C3E28
:103300003333B33ECDCCCC3E3333B3BEFCFF7FC0B2
:103310008FC275BDFFFF9F40CDCC0C3FCDCCCCBE46
:10332000358D2741DB0F4940D2537B40DB0FC93F2E
:10333000CDCCCCBDCDCC4C3DCDCC4CBD791B2142B0
:1033400055558542D253FB4180B584B00390039814
:1033500001909FED0B0A8DED020A00F0A1F8019893
:103360009DED020A00F0B8F801989DED020A00F008
:10337000D3F801989DED020A00F076F804B080BD04
:10338000000000000000000080B584B003900398A6
:1033900002909FED100A8DED010ADFED0F0ACDEDD1
:1033A000000A00F0E9F8DDED000A9DED010A02983F
:1033B00000F0F6F8DDED010A02989FED080A00F032
:1033C00003F90298B3EE040AF1EE0C0A00F0C0F81B
:1033D00004B080BD0000FA440000FA4500007A44C1
:1033E00080B582B001900198006B043004F0E8F9D8
:1033F000B1EE400A02B080BD80B582B00190019864
:10340000406A04F0DDF99FED031A20EE010A02B0D4
:1034100080BD00BF7364CB3C80B582B00190019841
:10342000806A04F0CDF9B0EE401A9FED042A9FEDBA
:10343000040AA1EE020A02B080BD00BF90C2753C32
:10344000CDCCCCBD0000000080B582B001900198C9
:10345000C06A04F0B5F99FED031A20EE010A02B02C
:1034600080BD00BF3661023D9FED0B1AB4EE410AEC
:10347000F1EE10FA05DD4CF6E431C4F296018161FB
:103480007047B5EE400AF1EE10FA02DA00218161D0
:10349000704780ED060A7047E4CB964000000000BC
:1034A0009FED0B1AB4EE410AF1EE10FA05DD4DF274
:1034B0000A71C3F62371C1607047B5EE400AF1EEA0
:1034C00010FA02DA0021C160704780ED030A7047EC
:1034D0000AD7233F000000009FED0D1A30EE010ACD
:1034E0009FED0C1AB4EE410AF1EE10FA05DD4CF630
:1034F000CD41C3F64C6101617047B5EE400AF1EE73
:1035000010FA02DA00210161704780ED040A704769
:10351000CDCCCC3DCDCC4C3E9FED0B1AB4EE410A48
:10352000F1EE10FA05DD42F6F601C3F65C71416179
:103530007047B5EE400AF1EE10FA02DA002141615F
:10354000704780ED050A7047F6285C3F00000000D8
:1035500080B584B003908DED020ACDED010A039889
:10356000006B6C309DED020ADDED010AFAF77CFF7D
:1035700004B080BD0000000080B584B003908DEDE4
:10358000020ACDED010A0398406A68309DED020AF7
:10359000DDED010AFAF768FF04B080BD000000000D
:1035A00080B584B003908DED020ACDED010A039839
:1035B000806A68309DED020ADDED010AFAF754FFDA
:1035C00004B080BD0000000080B584B003908DED94
:1035D000020ACDED010A0398C06A68309DED020A27
:1035E000DDED010AFAF740FF04B080BD00000000E5
:1035F0002DE9F04182B01E4614460D4611A11F224E
:103600008023DDF820804FF0010C0027CDE9007CFD
:10361000FDF79EFE4BF26C714761C0F601018462BA
:10362000083101604CF6E431C0E90B68C0E903776A
:10363000C4F29601C0E90671C0E9087502B0BDE8A0
:10364000F08100BF47616E7472795461736B000042
:1036500070B52DED088B044690F8410010B9204656
:1036600000F02AFAE06B002800F0E68094F84110A0
:10367000012940F0E180A16B9FED711A498A00EEAB
:10368000101AB8EE400A80EE010A9FED6E1AB4EEF1
:10369000410AF1EE10FA0BDD9FED6B1AB4EE410A10
:1036A000F1EE10FABEBF84ED220A012184F89010D9
:1036B00094ED149A94ED158A022894ED16AA94EDCF
:1036C00017BA19D194F89010012915D194ED220A56
:1036D00094ED231A31EE400A9FED5C1A20EE010AA8
:1036E0009FED5B1AA0EE018A9FED5A0A9FED5A1AD0
:1036F00088FE400A80FE018A03281DD194F8A41098
:10370000012919D1B6EE001A94ED250A94ED262A66
:1037100094ED273A94ED284A94ED1D9A94ED1E8A73
:1037200094ED1FAA94ED20BAA0EE019AA2EE018AB0
:10373000A3EE01AAA4EE01BA042804D1207A01283C
:1037400008BF94ED018AB0EE490AE06884ED149A4E
:1037500084ED158A84ED16AA84ED17BAFFF7A0FE52
:10376000B0EE480AE068FFF7B7FEB0EE4A0AE0683C
:10377000FFF7D2FEB0EE4B0AE068FFF775FEB0EE41
:10378000490AF0EE480AB0EE4A1AF0EE4B1A20460B
:1037900000F0C2F8002841D0E06B022805D1207A61
:1037A00018B984ED018A0120207294F84C00C8B346
:1037B00043F22440C2F20040D4E911120068406A8A
:1037C000801A884238D394F88550012D06D8666B4C
:1037D0002A46B1883068F0F777FCB57194F8860016
:1037E0000025A4F84250013084F88600204684F871
:1037F0004C5000F0B1F9F8B9206B84F84150E56302
:10380000A4F8425084F84C5084F88650A0B1FBF7DD
:10381000A7FC00202063BDEC088B70BD0020A4F83D
:10382000420007E043F22440C2F200400068406AD0
:10383000A064012084F84C00BDEC088B70BD00BF73
:1038400000007A440AD7A33C295C8F3D0AD7233D68
:103850000AD7233C9A99193E9A9919BE0000000094
:1038600010B52DED068BB6EE000AB7EE001A022950
:103870000446C06801FE000A00299FED221A416A31
:1038800001F1BC0001FE00AA9FED1F0AD1ED240A40
:103890002AEE008A9FED1D0A2AEE009AB0EE480A31
:1038A000B0EE491AFFF700FBE0689FED190A2AEE17
:1038B000000AB0EE481A816A01F1BC00D1ED240A79
:1038C000FFF7F2FAE068B0EE480AB0EE491AC16AB2
:1038D00001F1BC00D1ED240AFFF7E6FAE068B3EE8F
:1038E000040AB1EE0C1A016B2AEE000A01F1C000C5
:1038F0002AEE011AD1ED250ABDEC068BBDE8104079
:10390000FFF7D2BA9A99193E0000FA440000FA452E
:1039100000007A4400000000C1689FED5E5A9FEDF0
:10392000606AD1E9092392ED352A93ED3D4A92ED83
:103930003D3ACA6A82EE032A93ED353A83EE043AA1
:10394000096B22EE054A9FED545A9FED542A80EDF3
:10395000194AA3EE052A92ED353A92ED3D5A34EE1E
:10396000407A83EE053A91ED365AB1EE455A91ED23
:103970003E4A80ED1A2A23EE063A9FED4A6A85EE0A
:10398000044A80ED1B3AB0EEC75A80ED1C4AB4EEF3
:10399000460A9FED450AF1EE10FAB4EE405A0EDAEF
:1039A000F1EE10FA59DA32EE602AB0EEC22AB4EE25
:1039B000402AF1EE10FA50DA33EE410A16E0F1EE49
:1039C00010FA4ADA32EE602AB0EEC22AB4EE402A89
:1039D000F1EE10FA41DA33EE411AB0EEC11AB4EE4C
:1039E000401AF1EE10FA38DA34EE610AB0EEC00A8D
:1039F0009FED2D1AB4EE410AF1EE10FA2DDAC16BEB
:103A000002292CD0032942D190F8A410012924D1F5
:103A100090ED250AB0EEC01A9FED250AB4EE401ACB
:103A2000F1EE10FA19DA90ED261AB0EEC11AB4EEE2
:103A3000401AF1EE10FA10DA90ED271A0021B0EEDC
:103A4000C11AB4EE401AF1EE10FA1EDA90ED281AFF
:103A5000B0EEC11AB4EE401A13E00020704790F89F
:103A6000901001294FF000010FD190ED220A90ED46
:103A7000231A31EE400A9FED0D1AB0EEC00AB4EEE3
:103A8000410AF1EE10FAB8BF012108467047012043
:103A9000704700BF7364CB3C90C2753CCDCCCCBDAD
:103AA0003661023D9A99993E0AD7233CA69B443B36
:103AB0008FC2753D00000000B0B500F1100504464E
:103AC0002846FBF751FB20B12078256358B301202D
:103AD00016E004F11800FBF747FB002804F1200072
:103AE00005D02063022084F8400000251EE0FBF78B
:103AF0003BFB002808BFB0BD04F128002063032071
:103B000084F840002046002584F88650A4F84250EE
:103B1000257284F84C5000F01FF8002884F841000A
:103B200008BFE563B0BD002584F84050204684F806
:103B30008650A4F84250257284F84C5000F00CF8DE
:103B4000002884F8410008BFE56320780130207028
:103B5000B0BD000000000000B0B52DED048B90F862
:103B60004010044690F88600032900F2A080DFE8A8
:103B700001F002831D39082800F29A80DFE810F076
:103B8000090020046003A9034F0177049304F6039E
:103B9000A10402212046FFF763FE01209FEDC61A13
:103BA0009FEDC60A9FEDC62A00F015BC082800F25A
:103BB0007F80DFE810F009004A03B502FD02A6028B
:103BC000F70313043703210402212046FFF748FEC0
:103BD000002501209FEDB81A9FEDBA0A9FEDB82A83
:103BE00000F07BBC072863D8DFE810F008009201E2
:103BF000270111024D02A300D301E100E0689FED0F
:103C0000B28A9FEDB29AB0EE480A416AB0EE491A04
:103C100001F1BC00D1ED240AFFF746F9E068B0EEEF
:103C2000481A9FEDAB0A816A01F1BC00D1ED240A6C
:103C3000FFF73AF9E068B0EE480AB0EE491AC16AF7
:103C400001F1BC00D1ED240AFFF72EF9E068B3EED4
:103C5000040AB1EE0C1A016B01F1C000D1ED250A86
:103C6000FFF722F9002501209FED9A1A9FED9A0A8D
:103C70009FED9A2A00F031BC082819D8DFE810F02F
:103C80000900F40237035E02CF00050459008403E3
:103C9000970002212046FFF7E3FD002501209FED5C
:103CA000861A9FED860A9FED862A00F016BC18B191
:103CB0000020BDEC048BB0BDE0689FED858A9FEDD0
:103CC000889AB0EE480A416AB0EE491A01F1BC0088
:103CD000D1ED240AFFF7E8F8E068B0EE481A9FED4E
:103CE000810A816A01F1BC00D1ED240AFFF7DCF8FA
:103CF000E068B0EE480AB0EE491AC16A01F1BC00B2
:103D0000D1ED240AFFF7D0F8E068B2EE040AB0EE75
:103D10000C1A016B01F1C000D1ED250AFFF7C4F8C0
:103D20009FED650A0025B0EE401A01209FED642A40
:103D3000D3E3E0689FED6C8A9FED6C9AB0EE480A81
:103D4000416AB0EE491A01F1BC00D1ED240AFFF737
:103D5000ABF8E068B0EE481A9FED650A816A01F1A0
:103D6000BC00D1ED240AFFF79FF8E068B0EE480AE6
:103D7000B0EE491AC16A01F1BC00D1ED240AFFF787
:103D800093F8E068B0EE080A9FED5A1A016B01F152
:103D9000C000D1ED250AFFF787F80121B6EE000A31
:103DA00004209FED551A9FED552A002596E3E06803
:103DB0009FED4D8A9FED4D9AB0EE480A416AB0EEF4
:103DC000491A01F1BC00D1ED240AFFF76DF8E06853
:103DD000B0EE481A9FED460A816A01F1BC00D1EDB0
:103DE000240AFFF761F8E068B0EE480AB0EE491A1D
:103DF000C16A01F1BC00D1ED240AFFF755F8E06873
:103E0000B0EE080A9FED3B1A016B01F1C000D1ED45
:103E1000250AFFF749F8B6EE000A002558E300210D
:103E200020460025FFF71CFD9FED262A01209FED6F
:103E3000341AB0EE420A012150E3E0689FED2A8A6D
:103E40009FED2A9AB0EE480A416AB0EE491A01F194
:103E5000BC00D1ED240AFFF727F8E068B0EE481A5D
:103E60009FED230A816A01F1BC00D1ED240AFFF71E
:103E70001BF8E068B0EE480AB0EE491AC16A01F1D9
:103E8000BC00D1ED240AFFF70FF8E068B0EE080A95
:103E90009FED181A016B01F1C000D1ED250AFFF763
:103EA00003F80120B5EE000A9FED0A1A64259FED84
:103EB0000B2A012112E300BF00000000CDCC4C3ED4
:103EC0008FC2F53C9A99993E0000FA440000FA45E9
:103ED00000007A4452B896400AD7A33D0AD7233F40
:103EE00000007A450000FA43000096430000964423
:103EF000000016436766863F9A99993F0AD7233E8A
:103F0000C3F5C83FCDCCCC3D3333B33E85EB113F39
:103F1000E0681FED0B8A1FED0B9AB0EE480A416A6C
:103F2000B0EE491A01F1BC00D1ED240AFEF7BCFF46
:103F3000E068B0EE481A1FED120A816A01F1BC0078
:103F4000D1ED240AFEF7B0FFE068B0EE480AB0EE0B
:103F5000491AC16A01F1BC00D1ED240AFEF7A4FFA1
:103F6000E068B0EE080A1FED1D1A016B01F1C000F8
:103F7000D1ED250AFEF798FF44F2402501201FED00
:103F80002B1AC0F20F051FED320A01211FED2D2A59
:103F9000A4E2E0681FED2C8A1FED2C9AB0EE480ACF
:103FA000416AB0EE491A01F1BC00D1ED240AFEF7D6
:103FB0007BFFE068B0EE481A1FED330A816A01F119
:103FC000BC00D1ED240AFEF76FFFE068B0EE480AAE
:103FD000B0EE491AC16A01F1BC00D1ED240AFEF726
:103FE00063FFE068B0EE080A1FED3E1A016B01F1B5
:103FF000C000D1ED250AFEF757FFB7EE001AB6EE66
:10400000000A012104201FED412A002566E2E06834
:104010001FED4B8A1FED4B9AB0EE480A416AB0EE95
:10402000491A01F1BC00D1ED240AFEF73DFFE0681A
:10403000B0EE481A1FED520A816A01F1BC00D1EDC1
:10404000240AFEF731FFE068B0EE480AB0EE491AE4
:10405000C16A01F1BC00D1ED240AFEF725FFE0683A
:10406000B0EE080A1FED5D1A016B01F1C000D1ED41
:10407000250AFEF719FF01201FED5F1A1FED5E0AEA
:104080001FED702AA7E1E0681FED698A1FED699AAC
:10409000B0EE480A416AB0EE491A01F1BC00D1ED18
:1040A000240AFEF701FFE068B0EE481A1FED700A1F
:1040B000816A01F1BC00D1ED240AFEF7F5FEE0684B
:1040C000B0EE480AB0EE491AC16A01F1BC00D1ED68
:1040D000240AFEF7E9FEE068B0EE080A1FED7B1A3D
:1040E000016B01F1C000D1ED250AFEF7DDFE0121D3
:1040F000B6EE000A02201FED7E1A1FED8E2A002563
:10410000ECE100212046FFF7ABFB0121B6EE000AEF
:1041100002201FED851A1FED952A4FF47A75DDE117
:1041200000212046FFF79CFB48F2A06501201FED0F
:10413000971AC0F201051FED8B0AD4E0E0689FEDED
:10414000F38A9FEDF39AB0EE480A416AB0EE491A3D
:1041500001F1BC00D1ED240AFEF7A6FEE068B0EE46
:10416000481A9FEDEC0A816A01F1BC00D1ED240AE6
:10417000FEF79AFEE068B0EE480AB0EE491AC16A4E
:1041800001F1BC00D1ED240AFEF78EFEE068B0EE2E
:10419000080A9FEDE11A016B01F1C000D1ED250A7B
:1041A000FEF782FE01209FEDE31A9FEDE30A10E186
:1041B000E0689FEDD68A9FEDD69AB0EE480A416A34
:1041C000B0EE491A01F1BC00D1ED240AFEF76CFEF5
:1041D000E068B0EE481A9FEDCF0A816A01F1BC0099
:1041E000D1ED240AFEF760FEE068B0EE480AB0EEBA
:1041F000491AC16A01F1BC00D1ED240AFEF754FE50
:10420000E068B0EE080A9FEDC41A016B01F1C0002E
:10421000D1ED250AFEF748FE0120B6EE080A9FED13
:10422000C51A1BE0002120460025FFF719FB9FED72
:10423000BB2AB5EE000A01210420B0EE421A4DE17E
:1042400000212046FFF70CFB85E002212046FFF706
:1042500007FB01209FEDB71A9FEDC10A9FEDB72A1A
:104260004FF47A75012139E1E0689FEDB68A9FED40
:10427000B69AB0EE480A416AB0EE491A01F1BC00A4
:10428000D1ED240AFEF710FEE068B0EE481A9FED6B
:10429000AF0A816A01F1BC00D1ED240AFEF704FEE9
:1042A000E068B0EE480AB0EE491AC16A01F1BC00FC
:1042B000D1ED240AFEF7F8FDE068B3EE040AB1EE92
:1042C0000C1A016B01F1C000D1ED250AFEF7ECFDDF
:1042D0007AE0002120460025FFF7C2FA01209FED79
:1042E000951A9FED950A01219FED942AF6E0E0686A
:1042F0009FED868A9FED869AB0EE480A416AB0EE3D
:10430000491A01F1BC00D1ED240AFEF7CDFDE068A9
:10431000B0EE481A9FED7F0A816A01F1BC00D1ED31
:10432000240AFEF7C1FDE068B0EE480AB0EE491A73
:10433000C16A01F1BC00D1ED240AFEF7B5FDE068C9
:10434000B0EE080A9FED741A016B01F1C000D1EDC7
:10435000250AFEF7A9FD01209FED761A9FED780A48
:1043600042F210759FED752A0121B7E00021204629
:104370000025FFF775FA9FED692A012104209FEDC2
:104380006C0AB0EE421AA9E0002120460025FFF792
:1043900067FAB7EE001AB6EE000A012104209FED7D
:1043A000602A9BE0002120460025FFF759FA0121F1
:1043B00004209FED6A1A9FED620A9FED5B2A8DE053
:1043C00002212046FFF74CFA01209FED5A1A9FED7B
:1043D000600A9FED5A2A002501217FE00021204636
:1043E0000025FFF73DFAB7EE001A012104209FEDEA
:1043F000500A9FED4B2A71E0E0689FED448A9FEDE3
:10440000449AB0EE480A416AB0EE491A01F1BC0084
:10441000D1ED240AFEF748FDE068B0EE481A9FEDA2
:104420003D0A816A01F1BC00D1ED240AFEF73CFD92
:10443000E068B0EE480AB0EE491AC16A01F1BC006A
:10444000D1ED240AFEF730FDE068B0EE080A9FEDDA
:10445000321A016B01F1C000D1ED250AFEF724FDEF
:104460009FED2E2A002504209FED3A0A33E000211B
:1044700020460025FFF7F4F9012102209FED2B1AB9
:104480009FED350A9FED2A2A28E0002120460025CD
:10449000FFF7E6F9B6EE000A012102209FED231A8C
:1044A0009FED232A1AE0002120460025FFF7D8F9C6
:1044B000012104209FED1B1A9FED1D0A9FED1A2A72
:1044C0000CE0002120460025FFF7CAF9B5EE000AEE
:1044D0009FED122A0420B0EE421A002165640022EA
:1044E00084ED1D2AA26784ED1F0A84ED201A84ED55
:1044F000142A626584ED160A84ED171AE063012020
:1045000084F88510BDEC048BB0BD00BF000096435D
:1045100000009644000016436766863F00000000D6
:10452000CDCCCC3D9A99993F0AD7233EC3F5C83FDD
:104530009A99993E52B89640CDCC0C3FAE47213F58
:10454000CDCCCC3E0000FA440000FA4500007A448D
:10455000B81E053FCDCC4C3E3333B33E3333B33F6F
:104560003333333F0000000070B52DED028B9FED1B
:104570002E8A1646B0EE480A0446C16010300D215E
:1045800001221D46FAF704FEB0EE480A04F11800B5
:104590000E210122FAF7FCFDB0EE480A04F12000DA
:1045A0000F210122FAF7F4FDB0EE480A04F12800C9
:1045B00010210122FAF7ECFD042184F840104CF69A
:1045C000CD410020C3F6CC5184F88600C4E9141014
:1045D000C4E91610C4E91D10C4E91F1041F2876137
:1045E000C4F84100C4E90C06C4E90E50C4F8450003
:1045F000C3F65951C4F84900207060602072A4F8D5
:104600008400C4E91900C4E91B00C4E9220184F84C
:104610009000C4E92500C4E9270084F8A4002046DE
:10462000BDEC028B70BD00BF0AD7A33D00000000A7
:104630000023837101608280704700000000000049
:10464000017C012918BF7047C17B012907D18289EC
:104650000123D0E901C183736046F2F7E5BF817B96
:1046600082890129D0E9010101D1F3F741BDF3F7B6
:10467000BFBD00000000000010B541F28822C2F268
:1046800000421378002B08BF10BD41F28C248C46E9
:10469000C2F2004404E000BF013B04F1040434D042
:1046A00021680029F8D04A688242F5D18889BCF196
:1046B000000F1CBFCA7B5FEAC27227D1A0B1896814
:1046C00001F01F02BFF34F8F02444EF65C70CEF232
:1046D00000002032203A0160202A01F12001F9DC9B
:1046E000BFF34F8FBFF36F8F2068036882898168A3
:1046F0001B6898472068817B82890129D0E90101E4
:104700002AD1BDE81040F3F7F3BC10BDB0B1896801
:1047100001F01F02BFF34F8F02444EF65C70CEF2E1
:10472000000002F1200300BF203B0160202B01F1BB
:104730002001F9DCBFF34F8FBFF36F8F2068026851
:10474000816813686246984720688289D0E9010130
:10475000BDE81040F2F768BFBDE81040F3F748BD70
:1047600080B541F28821C2F200410A783AB341F2A1
:104770008C218446C2F2004104E000BF013A01F1FD
:1047800004011CD0D1F800E0BEF1000FF6D0DEF835
:1047900004006045F2D19EF81010012918BF80BDB9
:1047A0009EF80F1001290BD1BEF80C20DEF808107E
:1047B00001238EF80E30BDE88040F2F735BF80BD92
:1047C0009EF80E10BEF80C200129DEF8081003D167
:1047D000BDE88040F3F78CBCBDE88040F3F708BD2E
:1047E0004BF2787C8260C0F6010C83810CF1080CDE
:1047F000002AC0E900C1DDF804C0009981734FF0C0
:10480000000180F80FC0017418BF002B00D1704761
:1048100041F28821C2F200410A78132A88BF70470A
:1048200041F28C23C2F2004343F8220001320A70A5
:10483000012101747047000080B584B003908DF8A9
:104840000B10039800909DF80B000146019103287E
:1048500020D80199DFE801F0020910170098FF2124
:1048600000231A4600F01CF815E00098FF220023F0
:10487000194600F015F80EE000980022FF231146BB
:1048800000F00EF807E00098FF2319461A4600F0E2
:1048900007F800E0FFE704B080BD00000000000062
:1048A00083B002908DF807108DF806208DF8053042
:1048B0000298009000208DF80400FFE79DF80400A6
:1048C000132820DCFFE700999DF8070014319DF8BC
:1048D000042002EB420288549DF806009DF8042053
:1048E00002EB42020A4450709DF805009DF8042036
:1048F00002EB420211448870FFE79DF8040001308A
:104900008DF80400DAE703B07047000000000000F3
:1049100080B586B00590059802900069B8B9FFE7A8
:104920000A200121002205F0A7FA01460298016140
:10493000006918B9FFE7ECF78BFCFFE7029890F8E5
:104940005810FFF779FF029800F09EF89AE0FEF702
:1049500013F901460298039100690DF11301002239
:1049600005F04AFC012823D1FFE79DF81300042835
:1049700010D1FFE7029890F8500050B9FFE7029875
:10498000012180F85010FFF757FF029903984865FE
:10499000FFE70CE002989DF8131080F858100021F2
:1049A00080F850109DF81310FFF746FFFFE7FFE770
:1049B000029890F8500001380146019103285CD814
:1049C0000199DFE801F0021A314902990398496D13
:1049D000401A43F68101C0F2010188420CD3FFE77F
:1049E0000298022180F8501090F85810FFF724FF29
:1049F000029903984865FFE740E002990398496DE2
:104A0000401A43F68101C0F2010188420BD3FFE74F
:104A10000298032180F850100121FFF70DFF029941
:104A200003984865FFE729E002990398496D401A09
:104A300043F68101C0F2010188420CD3FFE70298DE
:104A4000042180F8501090F85810FFF7F5FE0299F5
:104A500003984865FFE711E002990398496D401AF1
:104A600043F68101C0F20101884205D3FFE70299B4
:104A7000002081F85000FFE700E0FFE7029800F017
:104A800003F8FFE706B080BD80B58AB005900598B1
:104A90000190C068F1F76CFE012801D0FFE774E0D7
:104AA00000208DF81300FFE79DF81300132819DC90
:104AB000FFE701989DF8131001EB410200EB020C97
:104AC0009CF814209CF815309CF816C0EE46CEF8E1
:104AD00000C000F05DF8FFE79DF8130001308DF88D
:104AE0001300E1E741F2E020C2F2004000F5F0706F
:104AF000039000208DF80B00FFE79DF80B00632862
:104B00000CDCFFE703999DF80B2000208854FFE799
:104B10009DF80B0001308DF80B00EEE741F2E0202C
:104B2000C2F2004009904FF41170089008980128D3
:104B300020DBFFE70898099901F01F01084407905E
:104B400009980690BFF34F8FFFE706984EF66871FD
:104B5000CEF20001086006982030069007982038B1
:104B6000079007980028F0DCFFE7BFF34F8FBFF3F3
:104B70006F8FFFE70198C06841F2E021C2F2004167
:104B80004FF41172F2F77CF8FFE70AB080BD000025
:104B900080B587B084460998CDF818C0ADF81610D6
:104BA0008DF815208DF814308DF81300BDF816001F
:104BB00000EB400141F2E020C2F2004000EBC101F5
:104BC00008310391BDF8161001EB410100EBC10162
:104BD0000291BDF8161001EB410100EBC10010304D
:104BE000019000208DF80300FFE79DF803000728DF
:104BF00049DCFFE79DF814000006002804D5FFE714
:104C00000299FC20087003E00299E0200870FFE799
:104C10009DF815000006002804D5FFE70399FC2045
:104C2000087003E00399E0200870FFE79DF8130087
:104C30000006002804D5FFE70199FC20087003E076
:104C40000199E0200870FFE79DF8150040008DF8FD
:104C500015009DF8140040008DF814009DF8130015
:104C600040008DF813000398013003900298013042
:104C70000290019801300190FFE79DF80300013098
:104C80008DF80300B1E707B080BD00000000000010
:104C900080B584B0039003980190006908B9FFE7DC
:104CA0000BE0019804218DF80B1000690DF10B0148
:104CB00000231A4605F094F9FFE704B080BD000018
:104CC00080B588B0069005910698039007906A46D3
:104CD000012151600021029111604CF25001C0F697
:104CE000010114228023FCF733FB029803994BF255
:104CF0008472C0F6010208320A60059ACA6008612F
:104D000081F85000486581F858008DF81300FFE7DE
:104D10009DF8130013281CDCFFE7039800F1140131
:104D20009DF8130000EB4002002088549DF81320EA
:104D300002EB42020A4450709DF8132002EB42023B
:104D400011448870FFE79DF8130001308DF81300BF
:104D5000DEE70020ADF81000FFE7BDF81000800886
:104D600090280FD8FFE7BDF8102041F2E021C2F2F1
:104D7000004100208854FFE7BDF810000130ADF875
:104D80001000EAE7039841F2DC21C2F2004108601A
:104D9000079808B080BD00002DE9F04F81B02DEDDF
:104DA000048B0446007B9A46914601288B4603D12A
:104DB000BBF1000F07D104E0BBF1000F03D10528C0
:104DC00001D100202073606A257B68B1CDB190EDE0
:104DD000078A9FEDB79A28EE090AE069FCF798FF69
:104DE00028EE490A206A16E0E0699FEDB20AFCF756
:104DF0008FFF002D206A0CBF9FEDAE0A9FEDAE0A1B
:104E000009E09FEDAC8AE069B0EE480AFCF780FF4C
:104E1000206AB0EE480AFCF77BFF0FF6B000DDF821
:104E20003880851E0FF6B000071F0C2635F8021FCC
:104E300057F8040FEFF740F9002804EB060106F1DC
:104E4000010618BF0120122E4870EFD1207B0928DF
:104E500000F22681DFE810F00A006C023C01B2018A
:104E60007600EC0245030F02BC03CD00606A002807
:104E70001CBF002180F85210A16A00291CBF00222B
:104E800081F8832018B10021C4F220010163207849
:104E90009FED8A8A9FED8A9AB0EE480A00284FF06B
:104EA000180008BF1420B0EE491A1825215801F146
:104EB000BC00D1ED240AFDF7F7FF2078B0EE480AD8
:104EC000B0EE491A142600284FF0140008BF18202D
:104ED000215801F1BC00D1ED240AFDF7E5FF20784F
:104EE0009FED788AB0EE480A002808BF1425605963
:104EF000FCF732FF2078B0EE480A002808BF1826D9
:104F0000A059FCF729FFBBF1000F18BFB8F1000F43
:104F100000F0C88084F800A0BBF1010F18BF4FF06B
:104F2000050BB9F1000F84F80CB000F0C28348F211
:104F3000000048F20001C4F21340CCF21341C4E96E
:104F40000101AFE0606A9FED5D8A00289FED5C9AE9
:104F50001CBF012180F85210A06AB0EE480A002858
:104F6000B0EE491A1CBF012180F883102078182662
:104F700000284FF0180008BF1420215801F1BC0090
:104F8000D1ED240AFDF790FF2078B0EE480AB0EE8C
:104F9000491A142500284FF0140008BF1820215882
:104FA00001F1BC00D1ED240AFDF77EFF20789FEDD2
:104FB000458AB0EE480A002808BF1426A059FCF71D
:104FC000CBFE2078B0EE480A00284FF0140008BF4E
:104FD00018202058FCF7C0FE2078002808BF1825AC
:104FE000605990ED350AB5EE400AF1EE10FA57DB44
:104FF00058E0606A00281CBF002180F85210A16AA6
:1050000000291CBF002281F8832018B10021C4F2BE
:105010002001016320789FED298A9FED299AB0EE47
:10502000480A00284FF0180008BF1420B0EE491AB3
:105030001825215801F1BC00D1ED240AFDF734FFF9
:105040002078B0EE480AB0EE491A142600284FF036
:10505000140008BF1820215801F1BC00D1ED240A2A
:10506000FDF722FF20789FED170A002808BF1425BE
:105070006059FCF771FE2078002808BF182694EDCF
:10508000010AB1EE400AA059FCF766FE207804F14F
:105090000D01002808BF04F112010878C00701D1F2
:1050A00000202073BDEC048B01B0BDE8F08F00BF81
:1050B0007FBBEE43000000000000008000007A4546
:1050C00000D004460000C8C20000FA440000FA45BF
:1050D000606A1FED038A00281FED049A1CBF01219E
:1050E00080F85210A06AB0EE480A0028B0EE491AC3
:1050F0001CBF012180F883102078182500284FF06C
:10510000180008BF1420215801F1BC00D1ED240A79
:10511000FDF7CAFE2078B0EE480AB0EE491A142610
:1051200000284FF0140008BF1820215801F1BC00DE
:10513000D1ED240AFDF7B8FE2078B2EE048A0028EB
:105140004FF0180008BF1420B0EE480A2058FCF7B2
:1051500003FE207894ED020A00284FF0140008BFE7
:10516000182038EE400A2058FCF7F6FD2078002879
:1051700008BF1425615991ED350A38EE400AB0EEAA
:10518000C01AB1EE040AB4EE401AF1EE10FA89DA50
:10519000002808BF182694ED022AA05990ED351A70
:1051A00031EE021A38EE411AB0EEC11AB4EE401ACE
:1051B000F1EE10FABFF676AF032072E7606A0028BE
:1051C0001CBF002180F85210A16A00291CBF0022D8
:1051D00081F8832020B149F69A11C3F699610163E1
:1051E00020781FED478A1FED479AB0EE480A002845
:1051F0004FF0180008BF1420B0EE491A18252158A6
:1052000001F1BC00D1ED240AFDF74EFE2078B0EE8E
:10521000480AB0EE491A142600284FF0140008BFBF
:105220001820215801F1BC00D1ED240AFDF73CFE05
:10523000B2EE048A2078002808BF1425B0EE480A90
:105240006059FCF789FD2078002808BF182694EDE6
:10525000020A38EE400AA059FCF77EFD207804F1DE
:105260000F01002808BF04F110010878C0073FF4BF
:1052700019AF042015E7606A00281CBF002180F8E0
:105280005210A16A00291CBF002281F8832020B19E
:1052900049F69A11C3F69961016320781FED798A66
:1052A0001FED799AB0EE480A00284FF0180008BFA9
:1052B0001420B0EE491A1825215801F1BC00D1ED97
:1052C000240AFDF7F1FD2078B0EE480AB0EE491A45
:1052D000142600284FF0140008BF1820215801F1AF
:1052E000BC00D1ED240AFDF7DFFD2078B2EE048A80
:1052F000002808BF142594ED020A38EE400A6059D0
:10530000FCF72AFD2078B0EE480A002808BF1826CE
:10531000A059FCF721FD207804F10E01002808BFF8
:1053200004F111010878C0077FF4BCAE0820B8E68C
:10533000606A00281CBF002180F85210A16A002971
:105340001CBF002281F8832020B149F69A11C3F6D0
:105350009961016320789FEDE68A9FEDE69AB0EEB1
:10536000480A00284FF0180008BF1420B0EE491A70
:105370001825215801F1BC00D1ED240AFDF794FD58
:105380002078B0EE480AB0EE491A142600284FF0F3
:10539000140008BF1820215801F1BC00D1ED240AE7
:1053A000FDF782FD207894ED010AB1EE400A002855
:1053B0004FF0180008BF14202058FCF7CDFC2078CF
:1053C0009FEDC10A002808BF1826A059FCF7C4FCAD
:1053D000207804F11201002808BF04F10D010978BA
:1053E000C9073FF45FAE002808BF142594ED011AE9
:1053F000615991ED350A30EE010AB0EEC01AB1EEF6
:10540000040AB4EE401AF1EE10FABFF64BAE1421C6
:10541000002808BF1821605890ED351AB0EEC11A67
:10542000B4EE401AF1EE10FABFF63CAE022038E6B8
:10543000606A00281CBF002180F85210A16A002970
:105440001CBF002281F8832020B149F69A11C3F6CF
:105450009961016320789FEDA68A9FEDA69AB0EE30
:10546000480A00284FF0180008BF1420B0EE491A6F
:105470001825215801F1BC00D1ED240AFDF714FDD7
:105480002078B0EE480AB0EE491A142600284FF0F2
:10549000140008BF1820215801F1BC00D1ED240AE6
:1054A000FDF702FD20789FED880A002808BF14252B
:1054B0006059FCF751FC20789FED8F0A002808BF47
:1054C0001826A059FCF748FC207804F110010028A8
:1054D00008BF04F10F010878C0077FF4E3AD062090
:1054E000DFE5606A9FED828A00289FED829A1CBFEB
:1054F000012180F85210A06AB0EE480A0028B0EEF0
:10550000491A1CBF012180F8831020781825002833
:105510004FF0180008BF1420215801F1BC00D1ED54
:10552000240AFDF7C1FC2078B0EE480AB0EE491A13
:10553000142600284FF0140008BF1820215801F14C
:10554000BC00D1ED240AFDF7AFFC2078B2EE048A4E
:1055500094ED020A00284FF0180008BF142038EE1E
:10556000400A2058FCF7F8FB2078B0EE480A0028E3
:105570004FF0140008BF18202058FCF7EDFB2078EE
:10558000002808BF142594ED021A615991ED350ADF
:1055900030EE010A38EE400AB0EEC01AB1EE040A4D
:1055A000B4EE401AF1EE10FABFF67CAD002808BF49
:1055B0001826A05990ED351A38EE411AB0EEC11AEE
:1055C000B4EE401AF1EE10FABFF66CAD072068E5B4
:1055D000606A9FED4A8A00289FED499A1CBF01210D
:1055E00080F85210A06AB0EE480A0028B0EE491ABE
:1055F0001CBF012180F883102078182500284FF067
:10560000180008BF1420215801F1BC00D1ED240A74
:10561000FDF74AFC2078B0EE480AB0EE491A14268D
:1056200000284FF0140008BF1820215801F1BC00D9
:10563000D1ED240AFDF738FC20789FED230A0028DD
:105640004FF0180008BF14202058FCF785FB207885
:1056500094ED010AB1EE400A00284FF0140008BF93
:1056600018202058FCF778FB2078002808BF142564
:10567000615991ED350AB0EEC01AB1EE040AB4EEEC
:10568000401AF1EE10FABFF60DAD002808BF18263B
:1056900094ED012AA05990ED351A31EE021AB0EEC0
:1056A000C11AB4EE401AF1EE10FABFF6FBAC0920B5
:1056B000F7E448F2000048F20001C4F29330CCF263
:1056C0009331C4E90101EDE40000008008000020EE
:1056D000020001000010040000100258000C0258E3
:1056E0000018025800180258000C02580010025806
:1056F00000007A4500D004460000C8C20000FA4409
:105700000000FA450000000000F1140C8CE80E00C7
:10571000009901620199416202998162002101733D
:10572000704700000000000020EE811AB4EE410A2C
:10573000F1EE10FA07DCB1EE411AB4EE410AF1EED7
:1057400010FAA8BF7047B0EE410A70470000000091
:10575000012180F850107047012180F850107047E7
:10576000F0B585B09FED1D2A04469FED1D4A20EE41
:10577000823A20EE845A00F15805002601AFB0EEBF
:10578000436AA0EE023AB0EE457AA0EE025AA0EECD
:10579000046AA0EE047A9FED134AA1EE045AA1EE2A
:1057A000046AA1EE047AA1EE043A8DED035A8DED60
:1057B000016A8DED027A8DED043A00BFB81994EDBF
:1057C0001A1A90ED000AA85920EE410AFCF7A0FA37
:1057D0000436102EF2D105B0F0BD00BFF304353F02
:1057E000F30435BF3A23BA3EF0B581B00E461C46ED
:1057F000DDE90671154600F067FB4BF29071046617
:10580000C0F601010831016040F61651C0E9166585
:10581000C4F21431C0E91971012180F8501001B0AF
:10582000F0BD00000000000090F851109FED091A33
:1058300090F85020090643F2244101FE000A002A94
:10584000C2F2004101FE000A096880ED050A496ABA
:10585000C16470470000000070B52DED0C8B8CB05A
:10586000044690F8500010B194F8510018B9002087
:105870006061C4E9030043F22446E16CC2F20046D1
:105880003068406A401A40F64151C0F20301884234
:1058900003D300206061C4E9030094F8520001289A
:1058A00002D10020C4E9030004F10C050AAB022276
:1058B0002846294602F098FF9DED0A0AB5EE400AF7
:1058C000F1EE10FA02DA9FEDDD0A01E0B1EEC00A56
:1058D00094ED0C1AB4EE410AF1EE10FA29DDB0EEA7
:1058E000C01A9FEDD72AB4EE421AF1EE10FA04DA8C
:1058F0009FEDD20AB0EE401A0CE0B7EE001A0AA9EA
:105900000222284681EE000A02F08AFF9DED0A1A63
:105910009DED0B0A8DED090A94ED0C0A08A80AA961
:1059200002228DED081A02F07BFFDDE90A01C4E9CD
:10593000030194ED051A94ED0F0AB4EE401AF1EE4E
:1059400010FA02DD84ED050A08E0B1EE400AB4EE7B
:10595000401AF1EE10FAB8BF84ED050A3068A16C68
:105960009FEDB81A426A9FEDB82A511A00EE101A3C
:105970000021B8EE400A80EE011A9FEDB40AB4EEA1
:10598000401AF1EE10FAC8BF0121406A94ED053AC1
:1059900094ED0B0AC90723EE004AB5EE401A01FE4A
:1059A00002BA33EE401AF1EE10FAB5EE404AD8BF13
:1059B000B0EE42BAF1EE10FAA06402DA94ED112AC8
:1059C00001E094ED102A2BEE022AB4EE421AF1EE19
:1059D00010FA06DCB1EE422AB4EE421AF1EE10FAE9
:1059E00001DAB0EE421A30EE010A04F1240684ED29
:1059F000080A20EE4B8AB0EE480A02F025FFB0EE0E
:105A0000409AB0EE480A02F0A7FE94ED0A1A94ED0F
:105A1000093A29EE412AE06820EE011A0990002097
:105A20000AABA3EE002A94ED040AA3EE091A02229F
:105A3000B1EE400A2946CDE90600CDE9040028462A
:105A400084ED092A84ED0A1A8DED080A02F0CCFED5
:105A50009DED0A0A9FEDDDAAB0EEC00A0AAB022254
:105A6000B4EE4A0AF1EE10FA16DA3046314602F088
:105A7000BBFE9DED0A0AB0EEC00AB4EE4A0AF1EE92
:105A800010FA6ADA4FF07E500690002107910491D7
:105A90009FEDCD8A0590A4E02846294602F0A4FE99
:105AA0009FEDC98A9DED0A0AB0EE489AB5EE400A0C
:105AB000F1EE10FA03DBB1EEC00AB0EE409A0AAB89
:105AC00002222846294602F08FFE9DED0A1AB0EE0A
:105AD000480AB5EE401AF1EE10FA03DBB1EEC11A36
:105AE000B0EE410AB0EEC01AB0EE482AB4EE4A1A3F
:105AF000B0EE481AF1EE10FA0CDBB7EE001A0AA964
:105B00000222284681EE000A02F08AFE9DED0A1A62
:105B10009DED0B2AB1EE420A0AAB02222846294625
:105B20008DED061A8DED072A8DED040A8DED051A0F
:105B300002F05AFE9DED0ADAB0EE48CAB0EECD0A88
:105B4000B4EE4A0AF1EE10FA5CDBB5EE40DAF1EEA3
:105B500010FA4BDA9FED9CDA4AE00AAB022230469B
:105B6000314602F041FE9FED988A9DED0A1AB0EE93
:105B7000480AB5EE401AF1EE10FA03DBB1EEC11A95
:105B8000B0EE410AB0EEC01AB0EE482AB4EE4A1A9E
:105B9000B0EE481AF1EE10FA0CDBB7EE001A0AA9C3
:105BA0000222304681EE000A02F03AFE9DED0A1A0A
:105BB0009DED0B2AB1EE420A0AAB02223046314675
:105BC0008DED061A8DED072A8DED040A8DED051A6F
:105BD00002F00AFE9DED0ACAB5EE40CAF1EE10FAD7
:105BE00027DAB0EE48CAB0EE489A3DE0B1EECDDA21
:105BF0000AAB02223046294602F0F6FD9DED0A0A64
:105C000080EE0DCA08A80AAB0222014602F0ECFDA4
:105C10009DED0ADAB0EECD0AB4EE4A0AF1EE10FAC2
:105C200022DBB5EE40DAF1EE10FA11DA9FED66DA1A
:105C300010E0B1EECCCAB0EE489A15E000000000CA
:105C4000BD378635002474496F12833ACDCCCC3DE4
:105C5000B1EECDDA08A90AAB0222304602F0C4FD4B
:105C60009DED0A0A80EE0D8A94ED0E1AB1EE480AF7
:105C70002BEE011AB0EE412AB4EE401AF1EE10FA02
:105C800008DBB0EE402AB4EE418AF1EE10FA01DDF5
:105C9000B1EE412A38EE028AB5EE40CA39EE4C0A1E
:105CA000F1EE10FA03DB94ED0D1A2BEE011AB4EEAF
:105CB000410AF1EE10FA06DCB1EE411AB4EE410AE7
:105CC000F1EE10FA01DAB0EE410A3CEE000A06A845
:105CD0000AA9022202F0A4FDB0EE480A0A98029036
:105CE0000B98039004A80AA9022202F099FD0A98D1
:105CF00000900B98019002A869460AAA022302F0BC
:105D000007FC25460A989FED321A45F8180F0B98A4
:105D100095ED020A85ED050A20EE018A6860D5E955
:105D20000001B0EE480AC5E9030102F08DFDB0EEB6
:105D3000409AB0EE480A02F00FFD95ED011A95ED7C
:105D4000003A29EE412A95F8380020EE011AA3EE18
:105D5000002AA3EE091A85ED002A85ED011A00BB81
:105D60000AAB02222846294602F03EFD9DED0A0AB2
:105D7000B0EEC00AB4EE4A0AF1EE10FA11DA94ED70
:105D8000080AB0EEC00A9FED0E1BB7EEC00AB4EED3
:105D9000410BF1EE10FA04DA20688168204688474A
:105DA00007E0206804F1180191EC030AC16820465D
:105DB00088470CB0BDEC0C8B70BD00BF00BF00BFAE
:105DC0008DEDB5A0F7C6B03E00000000BD378635AA
:105DD000AE47E1BD0000000010B52DED0A8B044672
:105DE000406DB0EE409AB0EE418A90ED062AB0EEDA
:105DF00060AAB1EE42CAB0EE4C0A02F025FDB0EE48
:105E000040BAB0EE4C0A02F0A7FC94F8500078B10A
:105E100094F8510060B12BEE4A1A2AEE002AA9EE3E
:105E2000001AA9EE0B2A84ED031A84ED042A04E07B
:105E300000209FED088AC4E9030043F2244084ED6A
:105E4000058AC2F200400068406AE064BDEC0A8B3B
:105E500010BD00BF0000000010B52DED088B0446FA
:105E6000406DB0EE408AB0EE609A90ED061AB1EE49
:105E700041BAB0EE4B0A02F0E7FCB0EE40AAB0EE39
:105E80004B0A02F069FC94F8500078B194F8510084
:105E900060B12AEE491A29EE002AA8EE001AA8EEEF
:105EA0000A2A84ED031A84ED042A02E00020C4E9E2
:105EB000030043F22440C2F200400068406AE064FC
:105EC000BDEC088B10BD000070B52DED0C8B82B0C1
:105ED00004460D460120009022A121224FF4807338
:105EE00001902046B0EE628AB0EE429AB0EE61AA0E
:105EF000B0EE41BAB0EE60CAB0EE40DA4FF4807650
:105F0000FBF726FA4BF2A8704521C0F601000830D5
:105F1000206004F10C00EAF78BFBB0EECD0A002004
:105F2000B0EECC1A84ED0C0AB0EECB0A84ED0D1A5B
:105F3000B0EECA1A84ED0E0AB0EEC90A84ED0F1A4B
:105F4000B0EEC81A84F85200656584ED100A84ED3D
:105F5000111AA4F85060A064204602B0BDEC0C8B6E
:105F600070BD00BF436861737369735461736B00E4
:105F700070B582B0044690F8740090B904F14C05F5
:105F8000002600BF2846F9F7EFF820B90436083597
:105F9000102EF7D105E03AA0012184F87410805941
:105FA000A06794F87400012833D1206F94ED1E1A75
:105FB00090ED060A30EE410A9FED351AB4EE410A23
:105FC000F1EE10FA02DA9FED351A08E09FED311A72
:105FD000B4EE410AF1EE10FA03DD9FED2F1A30EE18
:105FE000010AB0EEC00A9FED2E1AB4EE410AF1EE9E
:105FF00010FA01DD012009E094F8750004EBC000FF
:106000004C30F9F7ADF8002084F87400E16E81F8A7
:106010008300E06F007BE8B904F10C05002600BFA7
:106020002846F9F7A1F820B901360835082EF7D12E
:1060300010E00220042E38BF012084F8810006F011
:10604000010084F88200C6F3400084F88300012038
:1060500084F8800094F88110E06F94F8822094F81E
:10606000833094F880600096FEF796FE94F88000E6
:10607000012802D1002084F8800002B070BD00BF6A
:1060800000000000DB0F4940DB0FC93FDB0FC9BF39
:10609000DB0F49C0DB0F4940DB0FC9C0DB0FC94034
:1060A000C3B8B23D000000002DE9F0412DED048B96
:1060B00082B004461E46174688460120002541A1AD
:1060C00015228023CDE900502046FBF741F99FEDD2
:1060D000418A4BF2C070B0EE480AC0F601000830A9
:1060E000206004F10C0005210022F9F751F89FED22
:1060F0003A9A04F11400B0EE490A06210022F9F799
:1061000047F8B0EE480A04F11C0007210022F9F715
:106110003FF8B0EE490A04F1240008210022F9F703
:1061200037F8B0EE480A04F12C0009210022F9F7F3
:106130002FF8B0EE480A04F134000A210022F9F7E2
:1061400027F8B0EE480A04F13C000B210022F9F7D1
:106150001FF8B0EE480A04F144000C210022F9F7C0
:1061600017F89FED1E8A04F14C00B0EE480A012199
:106170000022F9F70DF8B0EE480A04F154000221AC
:106180000022F9F705F8B0EE480A04F15C0003219B
:106190000022F8F7FDFFB0EE480A04F16400042184
:1061A0000022F8F7F5FFC4E91B76A4F874502046E6
:1061B00084F88050C4E91E5802B0BDEC048BBDE8E1
:1061C000F08100BF4175746F4C6966745461736BE4
:1061D00000000000CDCCCC3D9A99993E295C8F3DC2
:1061E00041F600000821C5F602000022EDF76CBF61
:1061F00041F600000821C5F602000122EDF764BF58
:1062000083B002908DED010ACDED000A029801994C
:1062100001600099416003B0704700000000000079
:1062200081B00090009800210160416001B070478A
:106230002DE9F0472DED0A8BA2B08246C0680028F8
:1062400000F0A28090F84E0C012840F09D809AF852
:10625000820043F22449C2F20049012840F09680AE
:1062600016AE884630460027CDE91B77CDE9197771
:10627000F8F78AFB12A8F8F763FDDAF884101FAA72
:10628000DAF80C501EAB91ED030AD1ED040A1DA9FA
:1062900000911BA9019119A9029118A90690CDE9B5
:1062A000031710A92846109711978DED0E0ACDED12
:1062B0000F0A059600F0F8FCD9F80000DAF874101F
:1062C0009FEDAF1A426A9FEDAF8A511A406A00EE05
:1062D000101ACAF87400B8EE400A80EE010AB4EE53
:1062E000480AF1EE10FA0ADBB0EE408A9FEDA61ADA
:1062F000B4EE410AF1EE10FA01DDB0EE418A9AEDFA
:10630000180A9DED141AB4EE410AF1EE10FA12D0FB
:10631000DAF88C1001F10C00D1ED032A91ED040A9A
:10632000D1ED050A91ED082AD1ED071AF7F740FDE6
:106330001498CAF860009AED1B1A9DED130AB4EE8A
:10634000401AF1EE10FA1EBFDAF88C0080ED080A50
:106350008AED1B0A9DF85400DAF88C50012820D1F0
:106360001BA820AB0222014602F03EFA9DED200A56
:106370009FED861AB0EEC00AB4EE410AF1EE10FAB3
:1063800012DA9FED830A18E0002092E20020C1E9B2
:106390000000D9F80010CAF87000486ACAF8740002
:1063A00086E29DED120A08E0DDED1B0A9DED1C0A58
:1063B00020A802F0C5F89DED200A9FED769A0020F6
:1063C000B4EE490A9FED74AAF1EE10FAC8BF01209D
:1063D000B4EE40AAC00700FE091AF1EE10FA29FE39
:1063E000010A9DED171A85ED0D0A0AF110059AEDC7
:1063F000190AB4EE410AF1EE10FA0FD0DAED042AD0
:106400009AED050ADAED060A9AED092ADAED081A7C
:106410002846F7F7CDFC1798CAF864009AED1A1AC7
:106420009DED160AB4EE401AF1EE10FA1CBF8AED8B
:10643000090A8AED1A0A9AF8800068BBDAF80C009B
:1064400090F8520C01280FD1DAF884009DED121A51
:1064500090ED060A30EE410AB4EE4A0AF1EE10FA67
:1064600004DA9FEDE91A08E0012013E0B4EE490ACE
:10647000F1EE10FA03DD9FEDE51A30EE010AB0EE01
:10648000C00A9FEDE31A0020B4EE410AF1EE10FAC3
:10649000D8BF01208AF880009AF88000012805D131
:1064A000DAF80C009DED1E0AF8F7FAFC9AF8800065
:1064B000002873D0B7EE000A9DED1F1AB4EE401A03
:1064C000F1EE10FA40F0FA81B7EE009A0CAE00201F
:1064D0003146CDE90C00B0EE490ADAF80C0000F0C4
:1064E0000BFA0EA920AA0223304602F0F1F92098F7
:1064F0000A9021980B900AA820AB0222014602F0D4
:1065000073F99FED23AA9DED200AB0EE4A1AB5EE6D
:10651000400AF1EE10FA03DBB1EEC00AB0EE401A09
:106520000AA820AB022201468DED1E1A02F05CF98A
:106530009DED201AB0EE4A0AB5EE401AF1EE10FABF
:1065400003DBB1EEC11AB0EE410AB0EEC01A9FED06
:10655000E62AB4EE421AB0EE4A1AF1EE10FA0ADB5D
:1065600089EE000A0AA820A9022202F059F99DED3D
:10657000201A9DED21AA8DED1B1A8DED1CAA68E055
:106580000024744917B7D138CDCCCC3DBD37863502
:1065900000000000DB0F4940DB0F49C09FEDD19A9E
:1065A0000CAEB0EE490A0020CDE90C00DAF80C0080
:1065B000314600F0A1F90EA920AA0223304602F0CC
:1065C00087F920980A9021980B900AA820AB022204
:1065D000014602F009F99DED200AB0EE491AB5EE28
:1065E000400AF1EE10FA03DBB1EEC00AB0EE401A39
:1065F0000AA820AB022201468DED1E1A02F0F4F823
:106600009DED201AB0EE490AB5EE401AF1EE10FAEF
:1066100003DBB1EEC11AB0EE410AB0EEC01A9FED35
:10662000B22AB4EE421AB0EE491AF1EE10FA0CDBBF
:10663000B7EE001A0AA820A9022281EE000A02F091
:10664000EFF89DED201A9DED219A8DED1B1A8DED31
:106650001C9A00201D909DED1E0A9FEDA29A9FEDB1
:10666000A3AAF1EE400AB0EE490AB0EE4A1A0021A0
:1066700028460026F7F700FB9DED161AB7EE00BA84
:1066800080FE410A9DED181A9DED1F2ADDED170AC7
:10669000B4EE4B2A80FE411AF1EE10FA00FE01CA58
:1066A0009AED1C0AB0EE481A3CEE400AFFF73CF89F
:1066B0009AED1C1AB5EE400A30EE011A9AF88300E2
:1066C000F1EE10FA4FF0000131FE0C0A00289DEDAA
:1066D0001D1A0AF13800F1EE410AB0EE4A1A00FE26
:1066E000098AB0EE490A8AED1C8AF7F7C5FA9DEDD2
:1066F000171A28EE082A31EE011AB0EE40AADAF88D
:106700000C000CA99DED16CA82EE011A9AED1F2A03
:10671000CDE90C6682FE011A9DED1E2A31EE020AB9
:1067200000F02AF9DAF80C009DED1E1A90F84C1CC6
:1067300090F84D2C114400EB810000F53A6090ED8B
:10674000000A30EE410A9AED1F1AB0EEC00AB4EE0C
:10675000410AF1EE10FA4BDB9AF88000012847D18C
:106760009DED1F0AB4EE4B0AF1EE10FA40D00CA8D2
:1067700010A920AA022302F0ABF89DED200A9DED9E
:106780001C1A20EE41BA9DED211A9DED1B2A1BA873
:1067900020A90AAB0222A2EE01BA8DED200A8DEDEE
:1067A000211A02F021F8DDED0A0A9FED4F0AB0EE42
:1067B000E01AB4EE401AF1EE10FA06DAB0EECB1A97
:1067C000B4EE401AF1EE10FA06DBB0EE4B0A0AA85E
:1067D00001F0B6FE9DED0A9A9AED1E0A29EE009A86
:1067E000B0EE490A02F030F8B0EE490A01F0B4FF09
:1067F000DAF80C00B0F8500C38B341F2CC070025A1
:106800000126C2F2004708E0DB0FC940DB0FC9C018
:106810005077563D0135102D17D0DAF80C0006FAE6
:1068200005F4B0F8500C0442F4D057F825000028C5
:10683000F0D0F8F7A1FC0028ECD0DAF80C00B0F8A2
:10684000501CA143A0F8501CE4E78AFE4C9A9DED31
:106850001E0A9FED271AB4EE410AF1EE10FA07DC8A
:10686000DAF80C00B0F8500C10B901208AF8810059
:10687000B0EE480A1BA820A9022201F0D1FFB0EE19
:10688000490A20980A9021980B9019A820A9022261
:1068900001F0C6FF20980890219809900AA808A93D
:1068A00020AA022301F034FEDDE92001C8E900013D
:1068B000012022B0BDEC0A8BBDE8F087DAF80C00AD
:1068C0009DED1E1A90F84C1C90F84D2C114400EBD5
:1068D000810000F53A6090ED000A30EE410A8DED3E
:1068E0001E0AB8E600000000BD378635DB0F4940C0
:1068F0000AD7233D0000000000291CBF90F84E2C51
:106900005FEAC27200D17047B5EE400AF1EE10FAAC
:1069100019DD90F84C2CB7EE001A90F84D3C1A4453
:106920004FF0FF33B4EE410AF1EE10FA53FA82F25F
:1069300012DA00EB820202F6A43292ED001A20EE87
:10694000010A00F019B8D0F80C080028DBD0026862
:106950009FED070A1268104700EB8200D0F80C0880
:10696000002808BF70470268B7EE000A1268104797
:106970000000000000000000B0B500294FF0000446
:1069800000F0828090F84C2C90F84D3C1A4413068D
:106990007AD090F84E3C012B76D1B5EE400AF1EE5C
:1069A00010FA29DDD2B200F6A43C541E0CEB84028E
:1069B00092ED001AB4EE410AF1EE10FA24DA90F8E2
:1069C0004A3C9C422FD00CEB830292ED001AB4EEAD
:1069D000410AF1EE10FA26DD90F84A3C0133DAB2B2
:1069E00094423EDD0CEB820292ED001AB4EE410AB5
:1069F000F1EE10FAF2DC34E0D0F80C28002A43D093
:106A000013689FED220A07E000EB8402D2F80C28FD
:106A100022B31368B7EE000A1B6805461046984774
:106A200085F84A4C2FE0F3B10CEB830212ED011A0A
:106A3000B4EE410AF1EE10FA15DA90F84A3C00BFC4
:106A4000013B1A060CD0DAB20CEB820212ED011AED
:106A5000B4EE410AF1EE10FAF2DB02E00020B0BD24
:106A6000002380F84A3C90F84A3C2BB10CEB83029F
:106A700012ED011A30EE410A00EB8300D0F80C0849
:106A800002685268904701242046B0BD0000000013
:106A900010B590F84E3C012B40F0018100297CD0CC
:106AA00090F8443CA3F1010EBEF1130F75D890F895
:106AB000474C44B104EB440300EB830303F50A6342
:106AC00093ED001A01E09FED761AB4EE410A00F64C
:106AD000AC0CF1EE10FA29DA90F8473C002B52D0BA
:106AE00003EB4304C3F101039FED6D1A00EB840433
:106AF00004F50A6E05E000BF0133AEF10C0E012B68
:106B00003ED0B0EE412A002B18BF1EED032AB4EE92
:106B1000420AF1EE10FAEFDD9EED002AB4EE420AD1
:106B2000F1EE10FAE8DC5B42DBB22AE004EB44034E
:106B30000CEB830393ED001AB4EE410AF1EE10FA68
:106B400021DD90F8473C9E4502DC1CE09E4518DDA7
:106B500003EB430401330CEB840494ED001AB4EE10
:106B6000410AF1EE10FAF1DD03EB43040CEB84046F
:106B700094ED001AB4EE410AF1EE10FAE6DC00E002
:106B8000002380F8473C90F8473C03EB43030CEBB1
:106B90008303D3E90134C1E90034002A00F07F8087
:106BA00090F8451C4B1E132B88BF10BD90F8481C55
:106BB00041B101EB810400EB840404F6881494EDE8
:106BC000001A01E09FED361AB4EE410A00F69C1C53
:106BD000F1EE10FA27DA90F8483C002B51D003EB85
:106BE0008301C3F101039FED2E1A00EB810101F631
:106BF000881103E001331439012B3FD0B0EE412A54
:106C0000002B18BF11ED052AB4EE420AF1EE10FA7E
:106C1000F0DD91ED002AB4EE420AF1EE10FAE9DC63
:106C20005942C9B22BE001EB81010CEB810191EDDE
:106C3000001AB4EE410AF1EE10FA22DD90F8481C79
:106C40008B4203DC1DE000BF8B4218DD01EB8104A9
:106C500001310CEB840494ED001AB4EE410AF1EE1C
:106C600010FAF1DD01EB81040CEB840494ED001AC1
:106C7000B4EE410AF1EE10FAE6DC00E0002180F803
:106C8000481C90F8480C00EB80000CEB8000017C65
:106C90001173D0E90113C0689060C2E9001310BD00
:106CA00000000000000000002DE9F04F81B02DED44
:106CB000068B8EB0064690F84E0C012840F07B8182
:106CC00096F84C0CB0EE608A96F84D5CB0EE409AA7
:106CD00096F8497C2844C5B2AF424FF00007CDE991
:106CE000047702D3013886F8490C96F8490C06F669
:106CF0000C0454F82000002800F05D810391016825
:106D0000B0EE490AF0EE480ACDE90132CF6804A995
:106D100007AA08ABB84796F8499C9DED070A00956D
:106D2000B9F1000F41D0B5EE400AF1EE10FA3CDCAB
:106D300000250DF1280B0DF1240A0DF1340800BFD8
:106D4000A9F101095FFA89F054F8200010B3CDE9E8
:106D50000A550168B0EE490AF0EE480A5246CF687B
:106D600059464346B8479DED0D0A9DED082AB0EE01
:106D7000C01AB0EEC22AB4EE421AF1EE10FA09DAE5
:106D800086F8499C0B988DED080A05900A980490A6
:106D9000099807905FEA096049D09DED070AB5EEB2
:106DA000400AF1EE10FACBDD41E0A5F1010ACA4537
:106DB0003DDDB7EE00AAB4EE4A0AF1EE10FA36DB7A
:106DC0004FF000080DF1240B0DAF00BF09F10109D0
:106DD00054F8290010B3CDE90A880168B0EE490AD9
:106DE000F0EE480A5A46CD680AA93B46A8479DEDF1
:106DF0000D0A9DED082AB0EEC01AB0EEC22AB4EE1C
:106E0000421AF1EE10FA09DA86F8499C0B988DEDDA
:106E1000080A05900A98049009980790CA4506DD6B
:106E20009DED070AB4EE4A0AF1EE10FACEDA96F8B2
:106E3000490C9DED070A54F820000168096988474C
:106E400096F8490C0099A1F10108804525DD54F818
:106E500020109FED5C2A91ED011A31EE401AB4EE3C
:106E6000421AF1EE10FA18DA411C86F8491CC8B231
:106E7000B0EE490AF0EE480A07AA54F8200008AB21
:106E80000168CF6804A9B84796F8490C9DED070A38
:106E900054F8200001680969884796F8490C22993E
:106EA00030B106EB800202F53A6292ED001A01E081
:106EB0009FED451A239F219D19B154F82000C06809
:106EC000086030EE018A55EA0700DDF890B022D064
:106ED000B0EE409AB0EE480A00200AA9CDE90A00B7
:106EE00000223046FFF7D4FD002F1CBFDDE90A0168
:106EF000C7E900017DB196F8490CB0EE490ADDED15
:106F00000B0A54F8200000F01FFC9DED0A1A80FEC9
:106F1000410A85ED000ABBF1000FDDE91F7506D0BF
:106F2000B0EE480A002130465A46FFF7B1FD57EA55
:106F300005000AD096F8490C9DED070A2A4654F838
:106F4000200001688B68394698470198002818BFCF
:106F500080ED008A029B039A1E9813B396F8491C91
:106F60009DED070A39B9B5EE400AF1EE10FA02D1EB
:106F70009FED150A13E0884509D1B7EE001AB4EE6B
:106F8000410AF1EE10FA02D1B7EE000A07E006EB73
:106F9000880101F6A43191ED000A88EE000A83ED24
:106FA000000A00281CBF08990160002A1CBFDDE907
:106FB0000401C2E900010EB0BDEC068B01B0BDE8D2
:106FC000F08F00BF8FC2F53C000000000000000001
:106FD0002DE9F0472DED028B0E4640F20344984612
:106FE000914682460321C0F2021430460138C0B2F5
:106FF000C20004284FF0000038BF24FA02F0013923
:1070000040B2F3D1F8F780F9701EB0EE408AC7B2F3
:10701000F800042F24FA00F5284628BF002040B2CB
:10702000F8F772F99AED072A9FED333A38EE421AD3
:10703000B4EE431AF1EE10FA02DA9FED324A08E09C
:107040009FED2E4AB4EE441AF1EE10FA03DD9FEDE7
:107050002C4A31EE041A30EE420AB4EE430AF1EE45
:1070600010FA02DA9FED272A08E09FED242AB4EEF9
:10707000420AF1EE10FA03DD9FED212A30EE020AFA
:10708000B0EEC11AB0EEC00AB4EE401AF1EE10FA3A
:1070900016DA0320711E0026C9B2CA00042938BFBF
:1070A00024FA02F60138F5D109F1040188F80060EC
:1070B000C8B209281AD24BF20A30C0F601000EE01D
:1070C000002009F10401CAB2042F28BF0546082A8E
:1070D00088F8005006D84BF21C30C0F60100C9B247
:1070E00030F81100BDEC028BBDE8F0870020BDEC4C
:1070F000028BBDE8F08700BFDB0F49C0DB0F4940C2
:10710000DB0FC9C0DB0FC940017A012907D1B5EEF9
:10711000400AF1EE10FA05DA9FED090A0BE09FED47
:10712000080A7047B7EE001AB4EE410AF1EE10FA01
:1071300001DDB0EE410A90ED011A20EE010A704720
:107140000000000000000000002948D070B52DEDBF
:10715000028B86B00C46017AC9073BD0B5EE400AD7
:10716000F1EE10FA0DDDB7EE001AB4EE410AF1EEC1
:1071700010FA09DA90ED058A90ED0A1AA1EE008A5C
:1071800004E090ED058A01E090ED068AB0EE480A31
:1071900000F11C05064601F0DFFA8DED000AB0EEA5
:1071A000480A01F051FB8DED010A96ED090A684687
:1071B00004A9022201F034FB049802900598039080
:1071C00002A904AA0223284601F0A2F9DDE904017C
:1071D000C4E9000106B0BDEC028BBDE87040704709
:1071E00010B500294FF000041CBF027A5FEAC2729A
:1071F00001D1204610BDB5EE400AF1EE10FA02DAD8
:107200009FED0A0A0CE090ED011AB4EE410AF1EE8E
:1072100010FA02DDB7EE000A02E080EE010A012456
:10722000026812689047204610BD00BF00000000B1
:107230002DE9F04188B00646007A01286FD1374623
:1072400088460020049057F81C1B059004AC154696
:107250000A6830462146904706AA0223204639464E
:1072600001F036FB0698009007980190684606AB3F
:107270000222014601F0B8FA9FED2A1A9DED062A76
:10728000B0EE410AB5EE402AF1EE10FA03DBB1EEA2
:10729000C22AB0EE420AB0EEC02A9FED233AB4EE05
:1072A000432AB0EE412AF1EE10FA0CDBB7EE001AD9
:1072B000684606A9022281EE000A01F0B1FA9DEDAE
:1072C000062A9DED071A96ED0A0ABFEE003AB5EEC2
:1072D000400AB7EE000AF1EE10FAB1EE422A02A817
:1072E00030FE030A06A9B1EE411A02228DED022AF0
:1072F0008DED031A01F094FA9DED060A9DED071A33
:10730000002D1CBF85ED000A85ED011AB8F1000FB4
:1073100005D0B1EE400A88ED001A88ED010A08B0E8
:10732000BDE8F08100000000BD3786350000000098
:10733000F0B581B02DED028B8CB00546007A8DED55
:10734000070A0128CDED080A40F0D78095ED071A0D
:107350009FED6C8A30EE410A1C46B0EEC00AB4EED6
:10736000480AF1EE10FA1EDA95ED080A30EEC00A6E
:10737000B0EEC00AB4EE480AF1EE10FA13DA002AB1
:107380001CBF4FF07C50106029B12868B6EE000A8F
:10739000026828469047002C00F0AF8095ED090A5E
:1073A00095ED0A1A9FE017460E4605F11C0107A845
:1073B00009AA022301F08CFA099805900A98069010
:1073C00005A809AB0222014601F00EFA9DED090A5B
:1073D000B0EEC00AB4EE480AF1EE10FA02DA9FED00
:1073E0004A0A08E0DDED050A9DED060A09A801F04C
:1073F000A7F89DED090A95ED051A9FED443A30EE88
:10740000412AB4EE432AF1EE10FA02DA9FED422A45
:1074100008E09FED3F3AB4EE432AF1EE10FA03DDA7
:107420009FED3C2A30EE020A30EE410A95ED0A1A31
:1074300080EE018AB5EE408AF1EE10FA02DA9FED95
:10744000328A08E0B7EE000AB4EE408AF1EE10FA94
:1074500001DDB0EE408A002FB0EE480A18BF87ED7C
:10746000008A296800200290039028460A6802A931
:107470009047002E1CBFDDE90201C6E90001E4B31C
:1074800007A802A909AA022301F022FADDE90901ED
:10749000CDE909012868B0EE480A00210022CDE9B3
:1074A0000011836869462846984709A80BAB022259
:1074B000014601F099F99DED0B0AB5EE400AF1EE97
:1074C00010FA02DA9FED100A01E0B1EEC00A9DED5C
:1074D000001A9DED0A2A21EE421A9DED012A9DED2A
:1074E000093AA3EE021AB1EE402AB5EE401AF1EEC7
:1074F00010FA30FE020A84ED000A0CB0BDEC028BDB
:1075000001B0F0BDBD37863500000000DB0F49C07B
:10751000DB0F4940DB0FC9C0DB0FC9400000000092
:10752000017A012907D1B5EE400AF1EE10FA05DA29
:107530009FED090A0BE09FED080A7047B7EE001AAD
:10754000B4EE410AF1EE10FA01DDB0EE410A90ED21
:10755000011A20EE010A7047000000000000000040
:1075600000291CBF027A5FEAC27200D17047B5EEF3
:10757000400AF1EE10FA16DDB0B584B0B7EE001A8D
:107580000D4600F11404B4EE410AF1EE10FA0FDAE0
:107590001C3002A9022201F043F9029800900398DE
:1075A0000190694606E0D0E90502C1E90002704792
:1075B00000F11C0102AA0223204600F0A9FF029854
:1075C0000399C5E9000104B0B0BD0000000000004F
:1075D00010B500294FF000041CBF027A5FEAC272A6
:1075E00001D1204610BDB5EE400AF1EE10FA02DAE4
:1075F0009FED0A0A0CE090ED011AB4EE410AF1EE9B
:1076000010FA02DDB7EE000A02E080EE010A012462
:10761000026812689047204610BD00BF00000000BD
:10762000037A012B18BF704700291CBFD0E9093C21
:10763000C1E9003C002A1CBFD0E90B01C2E90001EE
:107640007047000000000000F0B589B00546007AE0
:107650008DED040A0128CDED050A71D11C461746AF
:107660000E4605F1140104A806AA022301F030F920
:10767000DDE90601CDE9020105F11C0102A806AB16
:10768000022201F0B1F89DED060A95ED0D1A80EE8B
:10769000010AB5EE400AF1EE10FA02DA9FED290A6E
:1076A00008E0B7EE001AB4EE410AF1EE10FA01DD7F
:1076B000B0EE410A002F4FF0000018BF87ED000A1E
:1076C00029680090019028460A6869469047002E74
:1076D0001CBFDDE90001C6E900018CB304A86946BE
:1076E00006AA022301F0F4F806980690079807907E
:1076F00006A808AB0222014601F076F89DED080AC3
:10770000B5EE400AF1EE10FA02DA9FED0E0A01E042
:10771000B1EEC00A95ED071A9DED032A21EE421A3B
:1077200095ED082A9DED023AA3EE021AB1EE402A29
:10773000B5EE401AF1EE10FA30FE020A84ED000AAE
:1077400009B0F0BD0000000010B52DED028B90EDEA
:10775000011AB0EE608A31EE400A9FED171AD0EDA3
:10776000040A044680FE010AB0EE481AF5F728FA2A
:1077700094ED031A9FED112AB0EEC11AB4EE421A2D
:10778000F1EE10FA0ADD88EE012AB1EEC21AB4EE6B
:10779000411AF1EE10FA04D681FE400ABDEC028BCC
:1077A00010BDB0EE408AB0EE420A03F006FBB0EE28
:1077B000401AB0EE480AEFE700000000BD378635FA
:1077C00081B00090009890ED350A90ED3D1A80EE62
:1077D000010A01B0704700007438F5F7C9BD000018
:1077E000A0F18002C1681046F5F786BC00000000D9
:1077F00090F83210012935D143F22441426BC2F294
:10780000004109684B6A9A1A40F24A43A2F2B73C17
:10781000496A416341F618419C45C2F2004112D8C1
:107820000B78072B11D8B2F5FA6F00EB430C28BF89
:107830004FF4FA62B2F57A7F98BF4FF47A72ACF8DF
:1078400006205A1C00E000220A700978082918BF97
:1078500070472030082100BF30F81A2C013920F879
:10786000022FF9D1704700004169013141610229BD
:1078700038BF70472DE9F04F8BB00021416110F8FF
:107880003ACC10F8381C10F839EC90F8A85290F85F
:10789000A74280F8A2C280F8A412B0F89812B0F8FB
:1078A0009A22B0F89C3290F89EA290F8A06290F8CC
:1078B0009FB290F8A17290F8A58280F8A3E290F8A8
:1078C000A6928838CDE9084502ACCDE900AB84E842
:1078D000C050CDE90689F5F777FC0BB0BDE8F08F15
:1078E000A0F58C70FAF7A8BAA0F58C70FAF7ECBB8B
:1078F000416891F82D210272531C81F82D3102EB61
:10790000C20CC268082301EB8C01D0F810C0407A89
:10791000C1E903C38A6201220A77C8837047000065
:10792000A0F58C70FAF7D0BDA0F58C70FAF76CBE9C
:10793000A0F58C70FAF74CBFA0F59A70FAF760BB0F
:1079400081B001210091A0F16003016B184601B0E4
:10795000F5F7AEBB01A001F09BFD00BF507572654D
:10796000207669727475616C2066756E6374696FD8
:107970006E2063616C6C65642100000000000000F3
:10798000F0B589B040F67860C2F200400078BFF3ED
:107990005F8FC0077AD140F67860C2F2004001F0F4
:1079A0005DFD002872D041F20C1404ADC2F2004417
:1079B00002A807AA022329460027CDE90477CDE9CA
:1079C0000277CDE90077C4E9007700F081FF264611
:1079D000079807AA022346F8080F0898E06068464F
:1079E000294600F075FF2546079807AB022245F8A7
:1079F000100F089860613046314600F0F5FE079898
:107A0000A06107AB02222846294600F0EDFE4CF6A5
:107A1000CD4004ADC4F24C0007AACDE90207002016
:107A20000223CCF2C000019007982946C4E9070759
:107A300002A80097CDE90477676200F049FF264667
:107A4000079807AA022346F8280F0898E0626846BC
:107A5000294600F03DFF079844F8300F0898606011
:107A600007AB02223046314600F0BEFE0798A06008
:107A700007AB02222046214600F0B6FE0798E060E0
:107A800040F67860C2F2004001F0FEFC09B0F0BDA3
:107A900070B588B040F67C60C2F200400078BFF359
:107AA0005F8FC00740F0828040F67C60C2F20040E9
:107AB00001F0D4FC002879D041F24C1404ADC2F29C
:107AC00000440020CDE90400CDE90200CDE900002A
:107AD000C4E9000002A806AA0223294600F0F8FE25
:107AE0002646069806AA022346F8080F0798E06083
:107AF0006846294600F0ECFE2546069806AB0222B1
:107B000045F8100F079860613046314600F06CFE72
:107B10000698A06106AB02222846294600F064FEC2
:107B200049F69A114CF6CD40CBF699714FF082424E
:107B3000CDE9022149F69A1204ADC4F24C0004903A
:107B40000591CCF29902009002230192069AC4E9B1
:107B50000720616202A806AA294600F0B9FE26465F
:107B6000069806AA022346F8280F0798E06268469E
:107B7000294600F0ADFE069844F8300F0798606083
:107B800006AB02223046314600F02EFE0698A06079
:107B900006AB02222046214600F026FE0698E06051
:107BA00040F67C60C2F2004001F06EFC08B070BD8F
:107BB00080B540F28810C2F200400021F6F708F8C4
:107BC00080BD00000000000080B582B06846012141
:107BD000016044F28C20C2F2004041F6F852C2F239
:107BE000004247F2A063C2F200439FED030AF9F797
:107BF000CBFF02B080BD00BF2CA099410000000067
:107C000080B582B069460120086044F2D430C2F2E7
:107C1000004041F6F852C2F2004247F2A063C2F2BD
:107C2000004302219FED020AF9F7AEFF02B080BDCA
:107C30002CA099410000000080B582B06946012067
:107C4000086044F21C50C2F2004041F6F852C2F201
:107C5000004247F2A063C2F2004303219FED020AF3
:107C6000F9F792FF02B080BD2CA0994100000000FE
:107C700080B582B069460120086044F26460C2F2B7
:107C8000004041F6F852C2F2004247F2A063C2F24D
:107C9000004304219FED020AF9F776FF02B080BD90
:107CA0002CA099410000000080B586B069460120F3
:107CB00008614FF0FF30C86047F2A063C2F2004392
:107CC0008B6041F6A042C2F200424A600420086084
:107CD00043F6F870C2F2004003219FED030AFAF761
:107CE00063FC06B080BD00BF000010420000000031
:107CF00080B586B0EC460121CCF810104FF0FF3073
:107D0000CCF80C0047F2A063C2F20043CCF8083074
:107D100041F6A042C2F20042CCF804200220CCF886
:107D2000000044F63C20C2F200409FED030AFAF73F
:107D3000DBFC06B080BD00BF2CA099410000000014
:107D400080B582B069460120086043F62040C2F247
:107D5000004041F6A042C2F2004247F2A063C2F2E4
:107D6000004305219FED020AF9F752FE02B080BDE3
:107D7000000010420000000080B582B0694601207A
:107D800048600020086042F2B000C2F2004041F6B4
:107D9000A042C2F2004247F26873C2F200431221CD
:107DA000DFED030AB0EE600AFAF74EFA02B080BDCA
:107DB000000000000000000080B582B0694601208C
:107DC000086044F2AC70C2F2004041F65072C2F258
:107DD000004247F2A063C2F2004305219FED020A70
:107DE000F9F7D2FE02B080BD00004C420000000056
:107DF000F0B589B040F68060C2F200400078BFF371
:107E00005F8FC0077CD140F68060C2F2004001F075
:107E100025FB002874D041F28C1404ADC2F200445A
:107E200002A807AA022329460027CDE90477CDE955
:107E30000277CDE90077C4E9007700F049FD2646D6
:107E4000079807AA022346F8080F0898E0606846DA
:107E5000294600F03DFD2546079807AB022245F86C
:107E6000100F089860613046314600F0BDFC07985D
:107E7000A06107AB02222846294600F0B5FC43F278
:107E8000333104ADC4F217114FF08240CDE902172F
:107E900000210090CDE90407CCF2C00101910799BF
:107EA00007AAC4E9071002A802232946676200F066
:107EB0000FFD2646079807AA022346F8280F0898C0
:107EC000E0626846294600F003FD079844F8300F49
:107ED0000898606007AB02223046314600F084FC0F
:107EE0000798A06007AB02222046214600F07CFCE8
:107EF0000798E06040F68060C2F2004001F0C4FAEA
:107F000009B0F0BD0000000080B582B069460120D4
:107F1000086044F6F400C2F2004041F65072C2F22A
:107F2000004247F2A063C2F2004306219FED020A1D
:107F3000F9F72AFE02B080BD00004C4200000000AC
:107F400080B582B069460120086043F66850C2F2ED
:107F5000004041F65072C2F2004247F2A063C2F202
:107F6000004307219FED020AF9F752FD02B080BDE0
:107F7000000010420000000080B582B06946012078
:107F8000086043F6B060C2F2004041F65072C2F29F
:107F9000004247F2A063C2F2004308219FED020AAB
:107FA000F9F736FD02B080BD00001042000000006D
:107FB00080B547F25C60C2F20040F6F785FC80BDF8
:107FC00080B547F2F050C2F2004040F28811C2F290
:107FD000004147F25C63C2F200430122F6F7E0FA87
:107FE00080BD00000000000080B544F6D440C2F21D
:107FF000004040F28811C2F200410222F6F77CFAFA
:1080000080BD00000000000080B540F2C850C2F200
:10801000004040F28811C2F200410322F6F7F8FA5C
:1080200080BD00000000000080B543F65000C2F2A1
:10803000004043F2A471C2F20041F9F769FC80BD2F
:1080400080B586B047F26870C2F200406946C860E9
:108050004020886041F60003C5F602034B602020F3
:10806000086043F6E000C2F20040059043F2E85198
:10807000C2F2004143F27C62C2F20042F5F7B8FA64
:1080800005994DF21970C0F6000040F20002C0F6EA
:108090000002E8F727FA06B080BD000000000000EB
:1080A00080B540F26C50C2F2004043F25031C2F24F
:1080B0000041FCF705FE80BDF0B589B040F6846054
:1080C000C2F200400078BFF35F8FC0077DD140F659
:1080D0008460C2F2004001F0C1F9002875D041F27D
:1080E000CC1404ADC2F2004402A807AA0223294618
:1080F0000027CDE90477CDE90277CDE90077C4E91F
:10810000007700F0E5FB2646079807AA022346F809
:10811000080F0898E0606846294600F0D9FB25461C
:10812000079807AB022245F8100F089860613046A7
:10813000314600F059FB0798A06107AB02222846A0
:10814000294600F051FB002143F23330C4F24011C4
:1081500004ADCDE902170021C4F21710CDE90407E0
:108160000090CCF2C00101910799C4E9071002A860
:1081700007AA02232946676200F0AAFB2646079851
:1081800007AA022346F8280F0898E06268462946A5
:1081900000F09EFB079844F8300F0898606007AB2A
:1081A00002223046314600F01FFB0798A06007AB63
:1081B00002222046214600F017FB0798E06040F6B7
:1081C0008460C2F2004001F05FF909B0F0BD000028
:1081D00080B547F21460C2F200404FF48071FAF7A4
:1081E0007FFF80BD0000000080B582B047F25C6078
:1081F000C2F200406946486044F26460C2F2004046
:108200001C30086044F28C20C2F2004000F11C01D6
:1082100044F2D430C2F2004000F11C0244F21C507F
:10822000C2F2004000F11C0344F69450C2F2004038
:10823000B0EE040AF1EE000AB1EE021AB1EE042A21
:10824000F1EE082AF0EE421AFDF7CEFA02B080BD38
:1082500080B584B069460020886044F69450C2F22C
:108260000040486043F6B060C2F200401C30086035
:1082700044F2AC70C2F2004000F11C0144F6F4007C
:10828000C2F2004000F11C0243F66850C2F2004006
:1082900000F11C0343F6A800C2F20040FDF734FAD7
:1082A00004B080BD0000000080B542F64840C2F234
:1082B000004047F25C61C2F2004144F69452C2F2BF
:1082C00000429FED020AF6F7DBFF80BD00000000D0
:1082D00080B547F2CC70C2F2004047F25C61C2F256
:1082E000004144F69452C2F2004242F64843C2F2C0
:1082F00000439FED020AF6F767FC80BD0AD7233CD6
:1083000080B588B006A8B7EE080ADFED130AF6F7C5
:108310002BFB02A89FED110AF0EE080AB1EE001A3D
:108320000021F6F7F1FC9DED060ADDED070A029942
:10833000039A049B059847F2CC7EC2F2004EEC46AD
:10834000CCF804E0CCF8000044F60860C2F200402B
:10835000F8F78EF908B080BD3333134000000000F9
:1083600080B542F20C30C2F2004044F60861C2F21D
:108370000041F8F71DF880BD80B544F6F040C2F228
:10838000004042F20C31C2F20041F6F791FB80BD91
:1083900080B541F61C40C2F2004043F6A801C2F28B
:1083A000004147F2CC72C2F2004247F25C63C2F273
:1083B0000043FDF779FE80BD80B582B042F2B00087
:1083C000C2F200406946086043F6F870C2F200400D
:1083D00000F11C0143F62040C2F2004000F11C02F3
:1083E00044F63C20C2F2004000F11C0342F230206F
:1083F000C2F20040FBF7FCF802B080BD00000000B4
:1084000080B547F26870C2F2004043F20851C2F2F0
:108410000041F6F7C9F980BD80B547F29860C2F215
:10842000004041F60001C5F602018022FCF700F988
:1084300080BD00000000000080B542F26420C2F25E
:10844000004042F23021C2F2004147F29862C2F28B
:10845000004243F65003C2F20043FCF785F880BDAA
:1084600080B582B06946002048604CF62940C0F6CD
:108470000000086044F6D040C2F200404CF25801BF
:10848000C0F6010114224FF40073F8F7B1FF02B0F7
:1084900080BD00000000000080B547F2A060C2F27D
:1084A000004043F2D831C2F20041F6F77DF980BDB9
:1084B00080B547F20470C2F2004043F27041C2F24C
:1084C0000041F6F771F980BD80B541F6A040C2F2D7
:1084D000004042F68C41C2F20041F5F7F1F980BD4F
:1084E00080B541F6F850C2F2004042F62C51C2F27B
:1084F0000041F5F7E5F980BD80B541F65070C2F254
:10850000004042F6CC51C2F20041F5F7D9F980BDE6
:10851000002B08BF70470438043A043990ED010A73
:1085200091ED011A02F1040C30EE010A043004311D
:10853000013B82ED010A6246F0D170470000000065
:10854000F5EE400AF1EE10FA23DD80EE200AB7EED8
:10855000002AB0EEC01AB4EE421AF1EE10FA46DD6F
:1085600082EE012A4BF2CC729FED771A2021C0F6E1
:10857000010200BF5318B0EE413A043993ED001ADE
:108580000B1DA2EE031AF5D19FED6D2A32EE412AA2
:108590003EE0F5EE400AF1EE10FA46DAB5EE400A9A
:1085A000F1EE10FA4EDD80EE200AB7EE002AB0EEB2
:1085B000C01AB4EE421AF1EE10FA77DD82EE012A0B
:1085C0004BF2CC729FED601A2021C0F6010200BF71
:1085D0005318B0EE413A043993ED001A0B1DA2EE88
:1085E000031AF5D19FED562A32EE412A70E04BF284
:1085F000CC729FED553A2021C0F601025318043980
:1086000093ED002A0B1DA1EE032AB0EE423AF5D1FC
:10861000B1EE421AB5EE400AF1EE10FA22FE010A5E
:1086200080ED000A002040B27047F5EE400AF1EEFE
:1086300010FA38D1B5EE400AF1EE10FA2BDD9FEDBD
:10864000400AEDE7B5EE400AF1EE10FA4DDA80EEA1
:10865000200AB7EE002AB0EEC01AB4EE421AF1EECC
:1086600010FA4DDD82EE012A4BF2CC729FED361AE4
:108670002021C0F6010200BF5318B0EE413A043980
:1086800093ED001A0B1DA2EE031AF5D19FED2C2AD3
:1086900032EE412A46E0B5EE400AF1EE10FA02DA77
:1086A0009FED280ABCE7FC2040B270474BF2CC7229
:1086B0009FED253A2021C0F6010200BF531804396E
:1086C00093ED002A0B1DA1EE032AB0EE423AF5D13C
:1086D000B1EE421AB5EE400AF1EE10FA22FE010A9E
:1086E0009FED1B1A30EE010A9AE710EE101A40F6C1
:1086F000DB72C4F2490262F31E0100EE101A8FE72A
:108700004BF2CC729FED103A2021C0F6010200BF5F
:108710005318043993ED002A0B1DA1EE032AB0EE85
:10872000423AF5D1B1EE421AB5EE400AF1EE10FA36
:1087300022FE010A9FED051A30EE010A70E700BF24
:10874000DB0FC93FDB0FC9BFA59204BDDB0F49C0DA
:10875000DB0F494000000000B5EE001A9FED1E2A15
:10876000A0EE021A9FED1E2ABDEEC10AB5EE401A18
:10877000F1EE10FA10EE100AB8BF013800EE100A40
:10878000B8EEC00A31EE400A9FED141A20EE010A3D
:10879000BCEEC01A30EE022A11EE100A410A4BF666
:1087A000400118BF002000FE020AC0F6010101EEE0
:1087B000100A01EB800090ED012AB8EE411A30EE6C
:1087C000410AB7EE001A31EE401A20EE020A90ED8F
:1087D000002AA1EE020A704783F9223E00000044FD
:1087E000000000C40000000092B1A0F1040C081FBA
:1087F0009FED0A0A9CED011A90ED012AA1EE020AF2
:108800000CF1040C0430013AF4D183ED000A7047F6
:108810009FED020A83ED000A704700BF00000000D0
:10882000002A08BF7047031F081F00BF93ED011AFD
:10883000011D20EE011A0433013A80ED011A0846A9
:10884000F4D17047000000009FED1E1A20EE010ACF
:108850009FED1E2ABDEEC01AB5EE400AF1EE10FAE9
:1088600011EE100AB8BF013801EE100AB8EEC11AB5
:1088700030EE410A9FED141A20EE010ABCEEC01A38
:1088800030EE022A11EE100A410A4BF6400118BFE1
:10889000002000FE020AC0F6010101EE100A01EB01
:1088A000800090ED012AB8EE411A30EE410AB7EE91
:1088B000001A31EE401A20EE020A90ED002AA1EED5
:1088C000020A704783F9223E00000044000000C401
:1088D000002B08BF70470438043A043990ED010AB0
:1088E00091ED011A02F1040C30EE410A043004311A
:1088F000013B82ED010A6246F0D1704700000000A2
:1089000084B04EF6145500260396CEF20005CDE94C
:1089100001660096EBF7B0FC6C4648F21F700290BF
:1089200020460127ADF80070019640F20118CDF8FD
:108930000C80EBF771FC4FF00060019013208DF874
:108940000170C0F2015002902046ADF80C608DF825
:108950000E70EBF761FC02208DF801004FF0005023
:10896000019012208DF808002046ADF80B808DF89C
:108970000F70EBF751FC0420EBF78EFC28688003A6
:1089800011D4BFF34F8FBFF36F8FC5F83C62BFF3B5
:108990004F8FBFF36F8F286840F400302860BFF31B
:1089A0004F8FBFF36F8F2868C00329D4002028673A
:1089B000BFF34F8FE96E43F6E076CA08C1F34E303D
:1089C000C1F3C9014C1C9207430100BF03EA060131
:1089D000571821460139C5F84C7207F14047F9D1C3
:1089E0000028A0F10100A3F12003EFD1BFF34F8FC6
:1089F000286840F480302860BFF34F8FBFF36F8F3B
:108A0000EBF782FBF0F7B8FBEFF72EFEEFF7E0FC99
:108A1000EFF762FDEFF79CFDEFF7D6FDEFF784FF70
:108A2000EFF7C2FFF0F76CF8EFF722FFEFF7BCFCAF
:108A3000EFF73EFFF0F724F8F0F7A6F8F0F7E4F8C8
:108A4000EFF7DEFFEFF7E4FEE8F71EF800F018F8A6
:108A5000EFF7F6FD00F02CF8FEE700000000000044
:108A6000EFF3058100291CBF6FF00500704720B1AE
:108A700080B500F095FE002080BD0020704700000A
:108A8000EFF3058000281CBF6FF00500704740F22F
:108A90006850C2F20040016800291CBF4FF0FF304F
:108AA00070470121016000207047000000000000B5
:108AB000EFF3058000281CBF6FF00500704740F2FF
:108AC0006850C2F20040016801290CD180B54EF611
:108AD0001F510022CEF200010A700221016001F054
:108AE0003BF8002080BD4FF0FF30704700000000D1
:108AF00070B584B08E4600284FF000010391EFF36B
:108B000005814DD000294BD122B39369002B08BFBA
:108B10001823382B1BD81179C90718D155699468C7
:108B20004FEA950C002D08BF4FF0800C116844B13E
:108B3000D6685C2E04D31669002E18BF002D20D1F4
:108B40000CB9D468C4B10025002455B91DE000203B
:108B500004B070BD0124002118234FF0800C0025C3
:108B60009DB1946812690294CDE900326246734661
:108B700001F0BAFD039013E01469B4FA84F46409B7
:108B8000EDE700240125002DEBD14CB11FFA8CF24A
:108B900003ACCDE90034734601F036FD012802D163
:108BA000039804B070BD0020E4E70000000000005E
:108BB0002DE9F047044600F0F3FC41F66C0047F263
:108BC0007817C2F20140C2F2004742F2000A47F2AF
:108BD00090160168C2F2014A013101603968C2F29F
:108BE000004651B1DAF8000000283ED13868E16A49
:108BF000C06A884298BF3C6037E03C60006801284A
:108C000033D10025701900F07FFC1435B5F58C6F59
:108C1000F8D141F66478C2F20148404600F074FC95
:108C200041F67879C2F20149484600F06DFC41F600
:108C3000AC70C2F2014000F067FC42F22000C2F2C8
:108C4000014000F061FC42F20C00C2F2014000F071
:108C50005BFC47F28010C2F20040C0F8008047F28F
:108C60008810C2F20040C0F8009041F67800C2F2CD
:108C70000140016801310160616441F67C01C2F28A
:108C80000141E06A0A68904288BF086000EB8000FA
:108C9000211D06EB800000F067FC00F0A9FCDAF86B
:108CA000000088B13868E16AC06A884228BFBDE820
:108CB000F0874EF604504FF08051CEF20000016074
:108CC000BFF34F8FBFF36F8FBDE8F0870000000048
:108CD00070B582B000F064FC42F23806C2F2014680
:108CE000306850BB41F63874C2F20144204600F0AF
:108CF0000BFC41F64C75C2F20145284600F004FC1D
:108D000047F27C1047F28402C2F2004047F224137B
:108D1000C2F20042C2F20043046047F28C10C2F279
:108D20000040102105600A200025009501F0E8F8B8
:108D3000306010B103A100F0FBFC02B0BDE8704050
:108D400000F056BC546D725100000000000000009D
:108D500041F6700547F2901A4EF6045842F2200789
:108D600041F66C06C2F20145C2F2004ACEF200089A
:108D70004FF08059C2F20147C2F2014603E000BF42
:108D8000204600F04DFC2868C8B100F009FCF868E6
:108D9000C468201D00F080FB30680138306028680E
:108DA0000138286000F024FC94F859000228EAD029
:108DB0000128E5D070B9206B00F032FCE0E7DAF86A
:108DC00000000228DFD3C8F80090BFF34F8FBFF335
:108DD0006F8FD8E74FF0500080F31188BFF36F8F8B
:108DE000BFF34F8FFEE7000008480068006880F37B
:108DF00008884FF0000080F3148862B661B6BFF3B4
:108E00004F8FBFF36F8F00DF00BF000008ED00E061
:108E10002DE9F04F85B0834601F0F2FC47F2741A59
:108E2000C2F2004ADAF80010884248D247F27C15B4
:108E30008146C2F2004528680168002941D042F20B
:108E40003804C2F2014408E070602868394636618F
:108E500000F06AFB2868016899B3C068C668D0F85A
:108E60000080371D384600F017FB316A30468847CE
:108E700096F828004007EDD5B06940444045E3D856
:108E80007EB3206870B100200396CDE9010801F09F
:108E9000A3FC20680022002301A901F0A1F800280A
:108EA000D8D102E000200028D4D14FF0500080F348
:108EB0001188BFF36F8FBFF34F8F00BFFEE7002114
:108EC00008E047F28C11C2F200410A6808600121F3
:108ED00048462A60CBF80010CAF8000005B0BDE88B
:108EE000F08F4FF0500080F31188BFF36F8FBFF306
:108EF0004F8F00BFFEE7000081B00020009040F2DD
:108F00001410C2F2004000684FF0500181F3118844
:108F1000BFF36F8FBFF34F8F013001D0FEE700BF6B
:108F200000980028FCD001B070470000000000004D
:108F30008AB047F27C1B47F28C1A42F23805C2F223
:108F4000004B02ACC2F2004AC2F201450DF1040925
:108F5000DBF8000007681FB1C068D0F8008001E0AE
:108F60004FF0000800F04CFE2046FFF751FF029939
:108F700011B101F0E1FD83E0E7B180451AD8564612
:108F8000824601F0D9FDDBF80000C068C76807F130
:108F9000040B584600F080FA97F8280041070CD4DB
:108FA00047F27C1B00F0FA00C2F2004B87F8280061
:108FB000B2465CE0B7B100221AE0B9693F6101EB4B
:108FC00008007860504529D9C24501D2404533D2C6
:108FD00047F27C125946C2F200429346106800F0F4
:108FE000A3FAE5E7DAF800100968B1FA81F14A0955
:108FF0002B68A8EB0001184600F0AEFB01F09CFDC9
:1090000000283DD14EF604504FF08051CEF20000C2
:109010000160BFF34F8FBFF36F8F31E0AAEB080001
:10902000884209D230685946B24600F07DFA47F2CC
:109030007C1BC2F2004B1AE0002F00F0C2802868AF
:10904000B24660B100200897CDE9060801F0C4FBE4
:1090500028680022002306A900F0C2FF00E00020DB
:1090600047F27C1B0028C2F2004B00F0B480396A42
:109070003846884704E0DBF8000000F055FA00BFEE
:1090800028680022214601F0B7F800283FF460AFBD
:109090000298B0F1FF3F03DCDDE90320059990471A
:1090A00002980028ECD4049F786910B1381D00F0B4
:1090B000F3F94846FFF7ACFE02990929E0D8DFE84A
:1090C00001F00505054F395605054F3997F8281069
:1090D000039ABE693F6141F0010187F82810B31877
:1090E0003946834241F8043F04D99042C3D29342A7
:1090F00003D2C0E7801AB0422DD3396A3846884778
:1091000097F828004007BBD5002F50D02868B0B38F
:109110000398B969002206920844CDE9070701F0D7
:109120005BFB28680022002306A900F059FF0028F5
:10913000A6D128E097F8281041F00102039987F89A
:109140002820B96149B30A18394682423F6141F883
:10915000042F3FF690AFDAF8000000F0E5F98FE752
:1091600097F8280000F0FE0087F8280088E797F8B5
:1091700028008107F6D4384600F052FA80E7002034
:1091800000287FF47DAF4FF0500080F31188BFF3CB
:109190006F8FBFF34F8F00BFFEE74FF0500080F39B
:1091A0001188BFF36F8FBFF34F8F00BFFEE74FF003
:1091B000500080F31188BFF36F8FBFF34F8F00BF54
:1091C000FEE74FF0500080F31188BFF36F8FBFF3BD
:1091D0004F8F00BFFEE74FF0500080F31188BFF3C0
:1091E0006F8FBFF34F8F00BFFEE70000000000004D
:1091F000F0B581B0044600F0D3F994F94560012E32
:1092000010DB04F1240503E070B2013E012809DD02
:10921000286838B1284601F047FC0028F4D000F057
:109220009FFBF1E7FF2684F8456000F0E1F900F0CC
:10923000B7F994F94470012F10DB04F1100503E035
:1092400078B2013F012809DD286838B1284601F0CD
:109250002BFC0028F4D000F083FBF1E784F8446095
:1092600001B0BDE8F04000F0C3B90000000000000C
:10927000F0B581B0044600F0C3FC47F2841141F61A
:109280006077C2F20041C2F20147086818B1B4F138
:10929000FF3F2DDD2FE047F660000026C2F20040C0
:1092A000430700F5204300F1070223F0070318BF2E
:1092B00022F0070042F20402A3F108050D60C2F299
:1092C0000142C2E9000643E902662A1A42600B68BD
:1092D000036041F69470C2F20140026041F68C7066
:1092E000C2F20140026001203870B4F1FF3F02DC9D
:1092F0003878002839D134B1600706D024F007004F
:1093000000F1100402E0002400E0083441F68C7EF5
:10931000621EC2F2014EDEF80000824225D242F205
:109320000403C2F201431E687068A04207D200BF66
:10933000326822B1334616465068A042F8D30A6814
:10934000964212D0001BD3F800C0112832681A6070
:109350003FD333195A0719D04FF0500080F31188CA
:10936000BFF36F8FBFF34F8FFEE7002401F0E4FBE4
:10937000600708D04FF0500080F31188BFF36F8F63
:10938000BFF34F8FFEE7204601B0F0BD5860746018
:1093900042F20404C2F20144204624689C42FBD3FA
:1093A000426885189D4203D15B681A4403464260B7
:1093B0005A689D18A54201D0214606E009688C42F2
:1093C00003D0D4E9001422445A609842196018BFAF
:1093D000036041F694707168C2F20140DEF800202B
:1093E000511ACEF8001002680CF10804914238BFFF
:1093F00001603878716800284FF0000018BF41F014
:109400000041C6E9000141F6A070C2F201400168C6
:1094100001310160AAE7000047F27810C2F2004073
:10942000016819B101680A6D01320A650068704768
:1094300048F6F96321F0010140F8081C4FF08071F3
:1094400040F8041CA0F14401C0F6010340F80C3CB4
:109450006FF0020340E9093208467047017809B10C
:10946000002070474178012903D08A0705D40222E1
:109470004270481E18BF0120704780B54CF2620050
:10948000C0F6010000F004F801210170417070473E
:10949000E7F775F900000000D0E9013201699A6030
:1094A000D0F808C04A6882424FF00002CCF804307D
:1094B00008BFC1F804C00261086801380860086884
:1094C000704700000000000041F68023C2F2014313
:1094D000036041F68000C2F2014008608020106005
:1094E000704700000000000041F6DC63C2F2014357
:1094F000036041F6DC20C2F2014008604FF4807046
:10950000106070470000000002464FF0FF3142F843
:10951000081F00214260C0E903220160704700007B
:10952000002101617047000080B5D1F800C01CF136
:10953000010207D000F108039E465B681A68624585
:10954000FAD901E0D0F810E0DEF804204A60CEF845
:1095500004109160C1F808E0086101680131016000
:1095600080BD000000000000D0F800C043684B60E0
:109570009A688A609A689960086151600CF10101EB
:109580000160704700000000DFF80C00016841F442
:10959000700101607047000088ED00E000000000ED
:1095A0004FF0500080F31188BFF36F8FBFF34F8FE0
:1095B00040F21410C2F200400168002901F10101DB
:1095C000016000D070474EF60450CEF200000068F3
:1095D000000608BF70474FF0500080F31188BFF3BA
:1095E0006F8FBFF34F8F00BFFEE700000000000049
:1095F00040F21410C2F20040016839B10139016033
:1096000018BF7047002080F3118870474FF050005A
:1096100080F31188BFF36F8FBFF34F8FFEE7000019
:10962000B0B5002808BFB0BD41F66071C2F201417B
:109630000978002918BF4FF0004150F8042C11425E
:109640000DD0A0F1080423689BB14FF0500080F3C7
:109650001188BFF36F8FBFF34F8F00BFFEE74FF04E
:10966000500080F31188BFF36F8FBFF34F8F00BF9F
:10967000FEE722EA010140F8041C054600F0C0FAAA
:1096800041F68C7055F8041CC2F201402A4603686A
:109690001944016042F20401C2F20141084609681E
:1096A000A142FBD34368C518A54204D152F8042C4B
:1096B00004461A4442606368E2188A4201D00A46AE
:1096C0000AE047F28412C2F200421268914203D0CB
:1096D000D1E9002119446160A042226018BF0460F2
:1096E00041F6A470C2F20140016801310160BDE899
:1096F000B04001F021BA00004EF210000021CEF27D
:10970000000044F6D352C1F262020160816040F26F
:109710002801C2F200410968A1FB02124FF0FF319B
:1097200001EB9211416007210160704700000000C9
:1097300041F6C07C0022C2F2014C00BF5CF832301E
:109740001BB10132082AF9D170470CEBC2034CF867
:10975000321058607047000070B515460E4604463A
:10976000FFF71EFF94F84400FF2802D1002084F880
:10977000440094F84500FF2802D1002084F84500F9
:10978000FFF736FFA06B28B904F1240031462A46C2
:1097900000F03AF92046BDE87040FFF729BD00000F
:1097A00070B5002845D041F67401C2F201410A6843
:1097B0004AB14FF0500080F31188BFF36F8FBFF3B1
:1097C0004F8F00BFFEE70A6847F2781501320A6042
:1097D00042F23401C2F20045C2F2014106460C6871
:1097E000296804310846FFF757FE2868A419446029
:1097F00009D347F28810C2F200400068296804319A
:10980000FFF792FE10E047F28010C2F200400068BD
:1098100029680431FFF788FE41F69870C2F20140D2
:1098200001688C4238BF046001F086F9002818BF37
:1098300070BD4EF604504FF08051CEF20000016032
:10984000BFF34F8FBFF36F8F70BD000000000000AB
:1098500070B580B1C9B141F67402C2F20142136819
:10986000EBB14FF0500080F31188BFF36F8FBFF35F
:109870004F8F00BFFEE74FF0500080F31188BFF319
:109880006F8FBFF34F8F00BFFEE74FF0500080F3A4
:109890001188BFF36F8FBFF34F8F00BFFEE71368D0
:1098A0000133136042F23403C2F201431A680568BF
:1098B000AA42294402D2A94202D31CE0A94201D300
:1098C000914218D947F278140160C2F200441D6831
:1098D0008E1A20680430FFF7DFFD2068AD1945605F
:1098E0000BD347F28810C2F20040006821680431AF
:1098F000FFF71AFE12E0016010E047F28010C2F29A
:109900000040006821680431FFF70EFE41F69870B0
:10991000C2F2014001688D4238BF056001F00CF9C8
:10992000002818BF70BD4EF604504FF08051CEF2A3
:1099300000000160BFF34F8FBFF36F8F70BD000059
:1099400041F69C71C2F201410968016042F23401A2
:10995000C2F2014109684160704700000000000048
:1099600042F240000121C2F2014001607047000054
:1099700070B510B347F278150C46C2F2004529685D
:109980001831FFF7D1FD42F23400C2F201400668FF
:1099900028680430FFF780FD601C18D02868A419DF
:1099A00044601ED347F28810C2F200400068296864
:1099B0000431BDE87040FFF7B7BD4FF0500080F3B1
:1099C0001188BFF36F8FBFF34F8F00BFFEE728688A
:1099D000011D42F20C00C2F20140BDE87040FFF7E9
:1099E000C3BD47F28010C2F200400068296804310C
:1099F000FFF79AFD41F69870C2F2014001688C426F
:109A000038BF046070BD0000F0B581B020B347F2EC
:109A100078160C46C2F20046154631681831FFF739
:109A2000A3FD42F23400002DC2F2014018BF4FF0F6
:109A3000FF34076830680430FFF72EFDADB1601CBD
:109A400013D13068011D42F20C00C2F2014001B096
:109A5000BDE8F040FFF788BD4FF0500080F311885B
:109A6000BFF36F8FBFF34F8FFEE73068E419446098
:109A70000BD347F28810C2F200400068316804310D
:109A800001B0BDE8F040FFF74FBD47F28010C2F2D1
:109A90000040006831680431FFF746FD41F69870D8
:109AA000C2F2014001688C4238BF046001B0F0BDD1
:109AB00070B520B3026D1AB3C36C8B4288BF1946D0
:109AC000012A1CD1C26A8A4208BF70BD47F27813CE
:109AD000C2F200431B6898421BD08369C162002B0D
:109AE00047F290155CBFC1F13801816102EB820140
:109AF000C2F20045426905EB81018A4213D070BD74
:109B00004FF0500080F31188BFF36F8FBFF34F8F7A
:109B1000FEE74FF0500080F31188BFF36F8FBFF363
:109B20004F8F00BFFEE7041D06462046FFF7B4FC3A
:109B300041F67C01F06AC2F201410A68904288BF96
:109B4000086000EB8000214605EB8000BDE8704016
:109B5000FFF70ABD00000000B0B586B005A804A953
:109B600003AA0024CDE90444FFF7AEFCDDE903209D
:109B7000CDE9004048F651501EA1C0F60100002377
:109B8000059D029500F0B0FD41F69070C2F20140D3
:109B9000056015B101F06CF80446601C20D0012C62
:109BA0001CD14FF0500080F31188BFF36F8FBFF3CB
:109BB0004F8F41F69870C2F201404FF0FF310160C3
:109BC00042F20000C2F201400121016042F2340081
:109BD000C2F201400021016000F066F806B0B0BD9D
:109BE0004FF0500080F31188BFF36F8FBFF34F8F9A
:109BF000FEE700BF49444C450000000000000000A3
:109C000041F67400C2F20140016801310160704701
:109C100041F67400C2F20140006830B142F24000E7
:109C20000121C2F201400160704742F2400041F65A
:109C30007C0CC2F20140C2F2014C002147F29013A9
:109C40000160C2F20043DCF8001001EB810253F81E
:109C5000220003EB8202C0B15068436802F10800A1
:109C60008342536001D158685060506847F27812BF
:109C7000C2F20042C0681060CCF80010704700BF0C
:109C800052F8140D01390028E6D10029F8D14FF01F
:109C9000500080F31188BFF36F8FBFF34F8F00BF69
:109CA000FEE7000000000000B0B584B04EF20040B6
:109CB0004CF27021CEF20000C4F20F114B1CD0F810
:109CC00000299A4209D14FF0500080F31188BFF368
:109CD0006F8FBFF34F8F00BFFEE7D0F800298A4295
:109CE00009D14FF0500080F31188BFF36F8FBFF39D
:109CF0004F8F00BFFEE7017841F660020291FF211D
:109D00000170C2F2014201788DF807109DF807102A
:109D100001F05001117041F664010722C2F20141C5
:109D20000A609DF90720B2F1FF3F0CDC062200BF5C
:109D30000A60013A9DF807305B008DF807309DF905
:109D40000730002BF4D40A68032A3BD14FF4407249
:109D50000A6002990170D0F8201941F47001C0F82E
:109D60002019D0F8201941F07041C0F82019FFF7F0
:109D7000C3FC40F214140025C2F200442560FFF732
:109D800003FC4EF63470CEF20000016841F0404111
:109D90000160FFF729F8FFF73BFF039520684FF0BC
:109DA000500181F31188BFF36F8FBFF34F8F0130E4
:109DB00002D000BFFEE700BF03980028FCD00020BF
:109DC00004B0B0BD4FF0500080F31188BFF36F8F27
:109DD000BFF34F8FFEE7000080B54FF0500080F3D7
:109DE0001188BFF36F8FBFF34F8F00F011FD30B1BB
:109DF0004EF604504FF08051CEF20000016000207A
:109E000080F3118880BD000070B505465020FFF733
:109E10002FFA044670B3002684F8466024600120BF
:109E2000C4E90F06FFF7BCFBD4E90F012268A66363
:109E300001FB0023013800FB01206260C4E902300D
:109E4000FF2084F8440084F8450004F11000FFF777
:109E50005BFB04F12400FFF757FBFFF7C9FB002170
:109E600000220023204684F84C502660C4E9026694
:109E700000F0B6F8204670BDB0B3F0B581B005462D
:109E8000484314460E465030FFF7F2F950B30146EE
:109E90000027002E80F8467018BF5031C0E90F56D9
:109EA00001600546FFF77CFBD5E90F012A68AF6327
:109EB00001FB0023013800FB01206A60C5E9023084
:109EC000FF2085F8440085F8450005F11000FFF7F4
:109ED0001BFB05F12400FFF717FBFFF789FB284662
:109EE00085F84C4001B0F0BD4FF0500080F3118870
:109EF000BFF36F8FBFF34F8FFEE70000000000003D
:109F000070B582B058B1A3B1E9B9E2B14FF05000D9
:109F100080F31188BFF36F8FBFF34F8FFEE74FF0D1
:109F2000500080F31188BFF36F8FBFF34F8F00BFD6
:109F3000FEE74FF0500080F31188BFF36F8FBFF33F
:109F40004F8F00BFFEE751B14AB94FF0500080F388
:109F50001188BFF36F8FBFF34F8F00BFFEE750250F
:109F60000195019D502D2ED1019D0125002983F8D9
:109F7000465008BF1A46069E1C461A60C3E90F01E8
:109F8000FFF70EFBD4E90F012268002501FB002337
:109F9000013800FB0120A5636260C4E90230FF20A4
:109FA00084F8440084F8450004F11000FFF7ACFA8F
:109FB00004F12400FFF7A8FAFFF71AFB84F84C60BD
:109FC000204602B070BD4FF0500080F31188BFF3FF
:109FD0006F8FBFF34F8F00BFFEE70000000000004F
:109FE0002DE9F04F85B00492B8B104461D46F1B199
:109FF000022D03D1E06B012840F0A780019100F011
:10A00000EBFB00BB0498F0B14FF0500080F31188D7
:10A01000BFF36F8FBFF34F8FFEE74FF0500080F319
:10A020001188BFF36F8FBFF34F8F00BFFEE7206C27
:10A030000028DDD04FF0500080F31188BFF36F8F00
:10A04000BFF34F8FFEE7FFF7ABFA022DA06B5ED098
:10A05000E16B88425BD304F11006012002AF4FF0A0
:10A06000000B0DF1100800BF0499002900F0828058
:10A07000C00702D03846FFF763FCFFF7B9FAFFF7D5
:10A08000BFFDFFF78DFA94F84400FF2808BF84F85D
:10A0900044B094F84500FF2808BF84F845B0FFF7A6
:10A0A000A7FA3846414600F067FA002865D1FFF765
:10A0B00077FAD4F838A0D4F83C90FFF799FACA455B
:10A0C00016D104993046FFF753FC2046FFF790F86D
:10A0D00000F032FD88B94EF604504FF08051CEF2B8
:10A0E00000000160BFF34F8FBFF36F8F05E000BF2B
:10A0F0002046FFF77DF800F01FFDFFF751FA022D13
:10A10000A06B04D0E16B88424FF00000ACD2A66B8C
:10A110000199226C1AB3CDB3E068E6F7E8F9E1687B
:10A12000206C2268091A9142E16003D24042A16882
:10A130000844E060A81E3146B0FA80F0002E18BF37
:10A14000012140090840361A2CE04FF0500080F3FE
:10A150001188BFF36F8FBFF34F8F00BFFEE72068FA
:10A1600000BBA06800F00CFCB0FA80F00021A160F8
:10A17000400918E0FFF73CFA04E02046FFF738F802
:10A1800000F0DAFC002005B0BDE8F08F6068E6F76B
:10A19000AEF9D4E90101226C10446060884201D319
:10A1A000206860600120711CA16354F8241F79B1FC
:10A1B000204600F079FCB8B14EF604504FF08051C3
:10A1C000CEF200000160BFF34F8FBFF36F8F0BE043
:10A1D00050B94EF604504FF08051CEF200000160AD
:10A1E000BFF34F8FBFF36F8FFFF702FA012005B067
:10A1F000BDE8F08F000000002DE9F04F85B004921B
:10A2000098B104460D46002900F0B78000F0E4FA4A
:10A21000A8B9049898B14FF0500080F31188BFF3AB
:10A220006F8FBFF34F8F00BFFEE74FF0500080F3FA
:10A230001188BFF36F8FBFF34F8F00BFFEE704F1AC
:10A240001000019004F1240000900DF108090DF1B7
:10A25000100A4FF000080CE02046FEF7C9FF00F09E
:10A260006BFCFFF79DF9A76BFFF7C2F9002F00F019
:10A270009280FFF795F9D4F838B0BBF1000F27D0E2
:10A28000226C5AB1D4E902011144E160814201D348
:10A290002068E060E1682846E6F729F9ABF10100A3
:10A2A000A063206970B1019800F0FEFB50B14EF63A
:10A2B00004504FF08051CEF200000160BFF34F8F89
:10A2C000BFF36F8FFFF794F900200126A0B963E078
:10A2D000049850B1B8F1000F02D14846FFF730FBA7
:10A2E0004FF00108012038B956E0FFF781F9002648
:10A2F0000020002850D000BFFFF77AF9FFF780FC5C
:10A30000FFF74EF994F84400FF2802D1002084F8AA
:10A31000440094F84500FF2802D1002084F845004D
:10A32000FFF766F94846514600F026F900287FF409
:10A3300093AFFFF735F9A76BFFF75AF92FB1204616
:10A34000FEF756FF00F0F8FB93E704990098FFF73B
:10A350000FFB2046FEF74CFF00F0EEFB00287FF4D9
:10A3600088AF4EF604504FF08051CEF200000160ED
:10A37000BFF34F8FBFF36F8F7BE7206C00283FF454
:10A3800045AF4FF0500080F31188BFF36F8FBFF3DC
:10A390004F8F00BFFEE70026304605B0BDE8F08FC6
:10A3A0002DE9F04F87B0069158B10446006C90B18A
:10A3B0004FF0500080F31188BFF36F8FBFF34F8FC2
:10A3C000FEE74FF0500080F31188BFF36F8FBFF3AB
:10A3D0004F8F00BFFEE700F0FFF950B9069840B17B
:10A3E0004FF0500080F31188BFF36F8FBFF34F8F92
:10A3F000FEE704F1100B04F12400019000260DF19A
:10A40000100806AD0020CDE902000CE02046FEF762
:10A41000EFFE00F091FBFFF7C3F8A76BFFF7E8F83A
:10A42000002F00F08880FFF7BBF8A06B00B3013865
:10A43000A063206810B9FEF7EFFFA060DBF8000012
:10A4400070B1584600F030FB50B14EF604504FF05A
:10A450008051CEF200000160BFF34F8FBFF36F8FCA
:10A46000FFF7C6F84FF0010A0020B8B976E000BF48
:10A47000069840B1039810B94046FFF761FA0120F1
:10A48000039058B96AE0029800286BD1FFF7B0F842
:10A4900000204FF0000A002860D000BFFFF7A8F8A6
:10A4A000FFF7AEFBFFF77CF894F84400FF2808BFE5
:10A4B00084F8446094F84500FF2808BF84F845609C
:10A4C000FFF796F84046294600F056F800289DD13F
:10A4D000FFF766F8D4F83890FFF78AF8B9F1000F63
:10A4E00006D02046FEF784FE00F026FB00269AE701
:10A4F0002068002638B9FFF753F8A06800F08CFAFE
:10A500000290FFF775F806990198FFF731FA204697
:10A51000FEF76EFE00F010FB00287FF484AF4EF6CD
:10A5200004504FF08051CEF200000160BFF34F8F16
:10A53000BFF36F8F77E7029870B1FFF731F8606A69
:10A5400020B1206B0068C0F1380100E00021A06854
:10A55000FFF7AEFAFFF74CF84FF0000A504607B08D
:10A56000BDE8F08F4FF0500080F31188BFF36F8F7C
:10A57000BFF34F8FFEE7000070B538B30C4671B3E0
:10A580000546FFF70DF842F2340EC2F2014EDEF836
:10A5900000302268501C2CD041F69C7C2946C2F227
:10A5A000014CD5E90050DCF80060AE4201D0834296
:10A5B00023D2181A82421ED9101A2060DCF800003B
:10A5C0000860DEF800004860002417E04FF05000FB
:10A5D00080F31188BFF36F8FBFF34F8FFEE74FF00B
:10A5E000500080F31188BFF36F8FBFF34F8F00BF10
:10A5F000FEE7002402E0002020600124FEF7F8FFBF
:10A60000204670BD000000002DE9F04F81B095009C
:10A6100081462846984692460F46FEF729FE78B1B5
:10A6200004465C20FEF724FE38B10646046356B9A2
:10A630004FF0FF3001B0BDE8F08F2046FEF7F0FF8D
:10A640000026002EF4D0306BA52229464C46DDF8BA
:10A6500028B04FF0000986F85990E5F7BFFF306B3E
:10A6600000EB8A00A0F1040020F0070A06F1340094
:10A6700067B100217A5C42547A5C1AB10F2901F16A
:10A680000101F7D1002086F8430001E080F8009036
:10A69000BBF1370F06F1040028BF4FF0370B002540
:10A6A000C6E913B5C6F82CB0FEF73AFF06F118005C
:10A6B000FEF736FFCBF13800B061504621464246E6
:10A6C00036617662756586F85850FEF7B1FE0B99D3
:10A6D00030603046002918BF0E60FEF769FA01208D
:10A6E00001B0BDE8F08F00002DE9F04381B0099D75
:10A6F00045B30A9C7CB35C270097009F5C2F34D144
:10A7000098469300814600982563022084F85900FA
:10A710001646A52228460D461946089FE5F75EFF16
:10A72000206B04F1340255B329460023CD5CD55487
:10A73000CD5C1DB10F2B03F10103F7D1002184F88B
:10A7400043101EE04FF0500080F31188BFF36F8F6D
:10A75000BFF34F8FFEE74FF0500080F31188BFF337
:10A760006F8FBFF34F8F00BFFEE74FF0500080F3B5
:10A770001188BFF36F8FBFF34F8F00BFFEE700213B
:10A78000117000EB8600372FA0F104004FF0000697
:10A7900028BF372720F00705201DC4E91376E7629C
:10A7A000FEF7BEFE04F11800FEF7BAFEC7F138004E
:10A7B000A06128464946424624616462666584F881
:10A7C0005860FEF735FE20602046FEF7F1F920467E
:10A7D00001B0BDE8F083000042F20000C2F2014087
:10A7E000006848B141F67400C2F201400068B0FA56
:10A7F00080F04009400070470120704700000000D1
:10A8000042F23400C2F201400068704700000000CC
:10A810002DE9F04F81B041F67400C2F201400068AA
:10A8200040B141F6A8700024C2F201400168013134
:10A830000160A0E042F23400C2F2014001684E1C07
:10A8400006602ED347F28010C2F20040016809680A
:10A8500049B14FF0500080F31188BFF36F8FBFF301
:10A860004F8F00BFFEE747F288120168C2F2004234
:10A8700013680360116041F69C71C2F201410A68DD
:10A8800001320A600168096821B10068C068C068C7
:10A89000406801E04FF0FF3041F69871C2F201418B
:10A8A000086041F6987147F2781AC2F2014147F206
:10A8B0009018C2F2004AC2F200480868864201D2EB
:10A8C000002446E047F280170024C2F200473868AF
:10A8D0000068A0B341F67C0BC2F2014B1AE000BF46
:10A8E000D9F82C00DBF800108842294688BFCBF845
:10A8F000000000EB800008EB8000FEF735FED9F881
:10A900002C00DAF80010C96A3A68884228BF01248E
:10A910001068B8B13868C068D0F80C904D4655F84A
:10A92000040F864210D32846FEF7B6FDD9F828005A
:10A930000028D5D009F11800FEF7AEFDD0E74FF0A2
:10A94000FF3005E04FF0FF3041F69871C2F201414F
:10A950000860DAF80000C06A00EB800058F82000B8
:10A96000012842F24000C2F2014088BF0124006881
:10A97000002818BF0124204601B0BDE8F08F000078
:10A9800078B147F27811C2F20041096888420AD0D2
:10A990004FF0500080F31188BFF36F8FBFF34F8FDC
:10A9A000FEE700207047016D59B3013901654FF092
:10A9B000000124D1C26AC36C9A4220D0B0B5041DF4
:10A9C00005462046FEF768FDE86CE862C0F13801F4
:10A9D000A96141F67C01C2F201410A68904288BF38
:10A9E000086000EB800047F29011C2F2004101EBD9
:10A9F00080002146FEF7B8FD0121BDE8B0400846C1
:10AA000070474FF0500080F31188BFF36F8FBFF392
:10AA10004F8F00BFFEE7000008B3F0B581B047F2EA
:10AA20007815C16AC2F200452A68D26A914218D2EA
:10AA30008269002A04D42A68D26AC2F1380282618B
:10AA400001EB810147F29016C2F20046426906EB23
:10AA500081018A420ED02968C96AC16221E00020C2
:10AA60007047C16C2868C26A0020914238BF01203B
:10AA700001B0F0BD041D07462046FEF70DFD286815
:10AA800041F67C01C2F20141C06AF8620A68904254
:10AA900088BF086000EB8000214606EB8000FEF7CF
:10AAA00063FD012001B0F0BDB0B5C068C5687DB1DF
:10AAB00005F118042046FEF7EFFC41F67400C2F2DF
:10AAC0000140006868B141F6AC70C2F201401DE07F
:10AAD0004FF0500080F31188BFF36F8FBFF34F8F9B
:10AAE000FEE72C1D2046FEF7D7FC41F67C01E86A04
:10AAF000C2F201410A68904288BF086000EB800002
:10AB000047F29011C2F2004101EB80002146FEF7AE
:10AB10002BFD47F27810E96AC2F200400068C06A73
:10AB2000814206D942F240010120C2F2014108608F
:10AB3000B0BD0020B0BD00002DE9F04F81B041F65E
:10AB40007404C2F20144206868B1FEF729FD206850
:10AB500001382060206880B10024FEF749FD2046BE
:10AB600001B0BDE8F08F4FF0500080F31188BFF3C3
:10AB70006F8FBFF34F8F00BFFEE741F66C00C2F24C
:10AB8000014000680028E7D041F6AC7642F2400868
:10AB9000C2F20146C2F201483068002843D041F6B3
:10ABA0007C0747F2901947F2781BC2F20147C2F2C4
:10ABB0000049C2F2004B4FF0010A00BFF068C568BF
:10ABC00005F11800FEF768FC2C1D2046FEF764FC1A
:10ABD000E86A39688842214688BF386000EB800007
:10ABE00009EB8000FEF7C0FCE86ADBF80010C96AD8
:10ABF000884228BFC8F800A030680028DED195B18F
:10AC000047F28010C2F200400168096821B1006873
:10AC1000C068C068406801E04FF0FF3041F69871AD
:10AC2000C2F20141086041F6A874C2F201442568ED
:10AC300055B10126FFF7ECFD002818BFC8F80060E9
:10AC4000013DF7D100202060D8F8000000283FF433
:10AC500083AF4EF604504FF08051CEF20000012435
:10AC60000160BFF34F8FBFF36F8F76E700000000E6
:10AC700080B586B0FEF72CF842F23800C2F20140EF
:10AC8000006808B3002004A9CDE9040005A803AAC0
:10AC9000FEF72AFCDDE9032002210023CDE90010A4
:10ACA00048F631700DA1C0F60100DDF814C0CDF8F2
:10ACB00008C0FFF719FD42F23C01C2F201410860F1
:10ACC00010B1012006B080BD4FF0500080F3118814
:10ACD000BFF36F8FBFF34F8FFEE700BF546D72203D
:10ACE000537663004100080218BF04200A0E18BF03
:10ACF00040F001004FF07F4232EA010108BF40F00E
:10AD00000200012808BF0520704710B52DED028B09
:10AD1000F0EE408A18EE900AB0EE608A20F0004013
:10AD2000C0F1FF40C00F07D118EE100A20F000401C
:10AD3000C0F1FF40C00F2BD018EE101A18EE900A89
:10AD400000F028FA00EE100A10EE100A6FEAD05058
:10AD500010F0FF0F04BFBDEC028B10BD18EE900A7F
:10AD600000F0004110EE100A00F00040814204BFE4
:10AD7000BDEC028B10BD18EE101A10EE100ABDECDF
:10AD8000028B61F31E0000EE900A30EE600A10BDE7
:10AD900018EE900A4FF07F41B1EB400F1CBF18EE48
:10ADA000100A5FEA4000C7D10120E5F786FCBDEC40
:10ADB000028BBDE8104000F0DFB810B52DED028B1E
:10ADC000B1EEC08A18EE100A20F00040C0F1FF403A
:10ADD000C00F0AD010EE100A20F00040C0F1FF4072
:10ADE000C00F04BF0120E5F768FCB0EE480ABDECD7
:10ADF000028B10BD00B510EE101A2DED028B81B044
:10AE00004D4A6846B2EB410F3CD94FF0E640B0EBFB
:10AE1000410F94BF00204FF0FF3000900098B0EE3B
:10AE2000408A00285FDB28EE080ADFED440A9FED28
:10AE3000441A00EE201ADFED430A40EE010A9FEDAE
:10AE4000421A00EE201ADFED410A10F0010F40EE29
:10AE5000010A9FED3F1A00EE201A61EE000AB0EEE3
:10AE6000480A08EE200A02BF01B0BDEC028B00BD0B
:10AE7000BFEE001A01B0C1EE000ABDEC028BB0EECD
:10AE8000600A00BD334B21F00042934228D911F0F3
:10AE9000004FDFED310A20EE201ADFED300A19BF36
:10AEA00031EE601A71EE200A31EE201A71EE600A5E
:10AEB000BDEEE01A11EE100A9FED291A00F0030012
:10AEC00000EEC10A9FED271A009000EEC10A9FED27
:10AED000261A00EEC10A9FED251A00EEC10A9DE771
:10AEE00000F05AF89AE718EE100A4000B0F17F4FD0
:10AEF0000DD218EE100AFFF7F5FE042808BF00F087
:10AF000043F8B0EE480A01B0BDEC028B00BD09D198
:10AF10000120E5F7D2FB01B0BDEC028B5DF804EB3C
:10AF200000F02AB801B0B0EE480ABDEC028B5DF823
:10AF300004EB00F01DB80000B61F927EBCE9223C75
:10AF40000B6D063B8A76CE3CACB5593D35A1083E2B
:10AF500029AAAA3E490E494683F9223F0000004B28
:10AF60000000C93F00A0FD390020A2331A61342C33
:10AF700030EE000A70470000DFED020A80EEA00A02
:10AF800070470000000000009FED020A20EE000A5A
:10AF900070470000000000102DE9F0014FF07F42E3
:10AFA000B2EB410F9FBF4FF0FF310160BDE8F001F0
:10AFB00070474FF0004242EA0123C1F3C752783A8A
:10AFC000551112F01F0C434CCCF120067C44C1F308
:10AFD000C752A2F178024FEA621204EB820254F8DF
:10AFE000254008BFD2E9015612D0556804FA0CF486
:10AFF00025FA06F73C43976805FA0CF527FA06F898
:10B00000D26807FA0CFCF24045EA08054CEA020651
:10B01000A4FB034CA5FB0352A6FB03631D449D4206
:10B0200034BF012600261319334416B1934202D9C6
:10B0300003E0934201D2012200E00022624402F1C7
:10B04000200C9206DC0C42EA443200EE102A5B032C
:10B05000DFED210AF8EEC01A00EE103A4FEA9C1C10
:10B0600011F0004FB8EE400AC0F800C020EE201AE0
:10B0700000EE105ADFED190AB8EE400A20EE200A61
:10B0800071EE810A70EE800A10EE902A02F50062DD
:10B090006FF30B0200EE902A70EEE11A31EEC11A46
:10B0A000DFED101A30EE411A9FED0D0A20EE800AF6
:10B0B00001EE210A9FED0C1A00EE810A04BFBDE8E3
:10B0C000F0017047CCF180510160BDE8F001B1EEB4
:10B0D000400A7047B8020000000000360000802CD3
:10B0E00022AAFD29DB0FC92F0000C92F0EF1020E85
:10B0F0002EF0030E5EF8044B244204D44FEA4102C2
:10B10000B2F17F4F11D84FEA4003B3F17F4F0CD813
:10B110000ED14FEAD07C0CEB4C0C0CF1020CB2F1CE
:10B120007F4F08BF4CEBD17C04E04FF0080C01E0EE
:10B130004FEAD17C0CEB4C0324FA03F404F007042F
:10B14000B4F1040C06D20EEB840CBDE810404CF0B8
:10B15000010C6047DFE80CF0070802024FF00040E6
:10B16000A0F5800010BD0846420018BFD2F18072E1
:10B1700088BF00F0004010BDF1EE100A4FF6FF71DD
:10B18000C0F2C03120EA010040F04070E1EE100A48
:10B19000704700004FF07F4C3CEA410318BF3CEA87
:10B1A000400200F062804FF47F0C0CEAD11310F0E3
:10B1B000004F18BF43F005031CEAD01218BF13EA72
:10B1C0000C0F00F057804FF0004C4CEA00204CEA86
:10B1D0000121A3F580339A4210DD23F00203B0F180
:10B1E000004F06D343F00203401ABCBF404283F035
:10B1F00001034FEA4000A2F58032ECE74FEA224C0F
:10B20000BCEB234F08DB884206D31CD0A0EB4100E7
:10B21000C0F1000083F0010340001DD217D40DD00F
:10B22000B0FA80FC0CF1010C00FA0CF0A2EB0C421D
:10B23000D2F1000C12DB4FEAC37070474FEA437043
:10B2400000F00040704713F0020FE5D0DEE74FEA50
:10B250004000B2F58032EBDD002AE9DD4FEAC21290
:10B2600042EA502040EAC370704710B5FFF73EFF36
:10B27000EDFFFF3E1CEAD11F02D000F000407047F6
:10B28000004870470000C07F000000006E83F9A2F4
:10B290002915444ED15727FCC0DD34F5999562DB62
:10B2A0004190433CAB6351FE0000000000000000F1
:10B2B000000000000000000000000000010000008D
:10B2C0000200000003000000040000000000000075
:10B2D0000500000000000000000000000000000069
:10B2E0000600000000000000000000000000000058
:10B2F000070000000004081020400104081020404E
:10B300000104010304020004000000020000000127
:10B3100000000000000010000000200000080000F5
:10B320000004000000000000400000008000000059
:10B3300000000102030401020304060708090100DA
:10B3400002000400060008000A000C0010002000A3
:10B3500040008000000100D57FAAFE2B815429FC0B
:10B360005683D702A87D52872DF8AC79D3067BAEE1
:10B3700004D18550FA2FA471DB0E5A8F25F08D5819
:10B38000F22773A60CD9F623895C08DD77A2DF0AC1
:10B39000A07521F45E8B9D48E23763B61CC9B46189
:10B3A000CB1E4A9F35E0CF1AB06531E44E9BE633A1
:10B3B000994C18CD67B239EC4693C712B86D10C5D9
:10B3C0006FBAEE3B91446BBE14C19540EA3F429781
:10B3D0003DE8BC69C316EF3A904511C46EBBC61375
:10B3E000B96C38ED4792BD68C21743963CE9944169
:10B3F000EB3E6ABF15C04B9E34E1B560CA1F62B711
:10B400001DC89C49E33619CC66B3E732984D30E548
:10B410004F9ACE1BB16472A70DD88C59F3265B8E60
:10B4200024F1A570DA0F20F55F8ADE0BA17409DC28
:10B4300076A3F722885DD603A97C28FD5782FF2AD0
:10B44000805501D47EAB8451FB2E7AAF05D0AD7808
:10B45000D20753862CF901040202030410000004F1
:10B4600002020402100000020102030205020004AD
:10B470000202060210000102050207021000020289
:10B480000402060208020302050209021000040277
:10B4900008020A0210000502070209020B02060256
:10B4A00008020C02100007020B020D021000080235
:10B4B0000A020C020D0409020B020D0210000A021E
:10B4C0000B040C020E010D0110001000100000040E
:10B4D0000204020406040604020402000100000043
:10B4E0000000000000000000557901080000000085
:10B4F00000000000C1D50008D9D5000871D30008AC
:10B5000069D3000841D50008A0FFFFFF000000003C
:10B51000417901088CFFFFFF00000000D977010886
:10B5200080FFFFFF00000000E177010878FFFFFFC8
:10B530000000000069780108000000000000000021
:10B540005579010855790108557901080000000076
:10B550000000000069D700080000000000000000A3
:10B5600055790108000000000000000039DA0008E9
:10B570000000000000000000B9E400080000000026
:10B580000000000059E50008000000000000000075
:10B59000C9E500080000000000000000557901081E
:10B5A000000000000000000031E80008000000007A
:10B5B00000000000557901080000000000000000B4
:10B5C00091E90008000000000000000011EB0008F5
:10B5D000000000000000000029F200080000000048
:10B5E00000000000C103010800000000000000008E
:10B5F00055790108000000000000000049710108B1
:10B60000E171010831720108317301080971010803
:10B61000000000000000000061750108D1750108FC
:10B620002176010849760108217501080000000013
:10B6300000000000C1180108000000000000000028
:10B640005927010891280108112A0108D919010870
:10B65000D1270108E8FEFFFF000000003179010852
:10B66000000000000000000059270108912801088F
:10B67000112A0108511B0108D1270108E8FEFFFF2C
:10B680000000000031790108000000000000000007
:10B69000C92101080922010891210108391E010868
:10B6A000C920010801200108E8FEFFFF000000009A
:10B6B000E1780108E9780108F1780108CCFEFFFF84
:10B6C00000000000397901080000000000000000BF
:10B6D00055790108557901080000000000000000BC
:10B6E0005927010891280108112A0108D9190108D0
:10B6F000C9240108E8FEFFFF0000000021790108CD
:10B7000000000000000000005927010891280108EE
:10B71000112A0108511B010809260108E8FEFFFF54
:10B72000000000002979010800000000000000006E
:10B730005927010891280108112A010855790108A3
:10B74000D1270108E8FEFFFF000000003179010861
:10B750000000000000000000812F0108092F0108EF
:10B76000F4FFFFFF00000000F17701080000000077
:10B77000000000004131010800000000000000004E
:10B78000557901080000000000000000114901087F
:10B790000000000000000000595801085957010836
:10B7A0005157010861570108000000000000000027
:10B7B000595801085579010855790108557901084A
:10B7C0000000000000000000715F010800000000A0
:10B7D0000100803FC90CC0B7E565AABE435690BBC7
:10B7E0003C695D3EEBFCA9BC08B732BEE745093EAB
:10B7F000A59204BD0001020304050607080C1014FD
:10B800001820304001010103070100000804020470
:10B8100008010101010002000400080044C0010801
:10B820000000000000000000000000000000000018
:10B8300000020000180000000000000000000000EE
:10B8400000000000920E493CB10AC93C2BC3163DD2
:10B850002EFB483D752B7B3D04A9963D80B6AF3D40
:10B8600036BDC83D2FBCE13D73B2FA3D87CF093EDE
:10B870008340163EB5AB223EA2102F3ECF6E3B3E1C
:10B88000C2C5473E0115543E135C603E7F9A6C3E34
:10B89000CCCF783EC07D823E938E883E229A8E3EEB
:10B8A00032A0943E86A09A3EE59AA03E128FA63E14
:10B8B000D47CAC3EEF63B23E2A44B83E491DBE3E46
:10B8C00015EFC33E53B9C93ECA7BCF3E4136D53E84
:10B8D00080E8DA3E4F92E03E7533E63EBBCBEB3E6E
:10B8E000EA5AF13ECBE0F63E275DFC3EE4E7003F3E
:10B8F0003D9C033F824B063F9BF5083F6B9A0B3FF5
:10B90000DA390E3FCDD3103F2A68133FD9F6153FE1
:10B91000C07F183FC6021B3FD17F1D3FCBF61F3FA4
:10B920009967223F25D2243F5636273F1594293F59
:10B930004AEB2B3FDE3B2E3FBB85303FC9C8323F31
:10B94000F304353F233A373F4268393F3B8F3B3F53
:10B95000F9AE3D3F67C73F3F70D8413F01E2433FEB
:10B9600003E4453F65DE473F12D1493FF8BB4B3FFB
:10B97000029F4D3F207A4F3F3D4D513F4918533F65
:10B9800031DB543FE595563F5348583F6AF2593FE3
:10B990001A945B3F532D5D3F05BE5E3F2146603FDD
:10B9A00097C5613F5A3C633F59AA643F880F663F81
:10B9B000D86B673F3CBF683FA7096A3F0C4B6B3FA2
:10B9C0005E836C3F93B26D3F9ED86E3F73F56F3FC1
:10B9D0000809713F5213723F4714733FDD0B743FE8
:10B9E0000BFA743FC6DE753F07BA763FC58B773FCB
:10B9F000F853783F9812793F9DC7793F02737A3F99
:10BA0000BE147B3FCDAC7B3F283B7C3FC9BF7C3F16
:10BA1000AC3A7D3FCCAB7D3F23137E3FB0707E3F81
:10BA20006DC47E3F580E7F3F6D4E7F3FAB847F3F9E
:10BA30000FB17F3F97D37F3F43EC7F3F11FB7F3FA9
:10BA40000000803F11FB7F3F43EC7F3F97D37F3F58
:10BA50000FB17F3FAB847F3F6D4E7F3F580E7F3FDE
:10BA60006DC47E3FB0707E3F23137E3FCCAB7D3FE5
:10BA7000AC3A7D3FC9BF7C3F283B7C3FCDAC7B3F90
:10BA8000BE147B3F02737A3F9DC7793F9812793F7E
:10BA9000F853783FC58B773F07BA763FC6DE753FD0
:10BAA0000BFA743FDD0B743F4714733F5213723F20
:10BAB0000809713F73F56F3F9ED86E3F93B26D3F9B
:10BAC0005E836C3F0C4B6B3FA7096A3F3CBF683FEE
:10BAD000D86B673F880F663F59AA643F5A3C633F63
:10BAE00097C5613F2146603F05BE5E3F532D5D3FD8
:10BAF0001A945B3F6AF2593F5348583FE595563FC9
:10BB000031DB543F4918533F3D4D513F207A4F3F61
:10BB1000029F4D3FF8BB4B3F12D1493F65DE473F87
:10BB200003E4453F01E2433F70D8413F67C73F3FD1
:10BB3000F9AE3D3F3B8F3B3F4268393F233A373FA9
:10BB4000F304353FC9C8323FBB85303FDE3B2E3F53
:10BB50004AEB2B3F1594293F5636273F25D2243FE9
:10BB60009967223FCBF61F3FD17F1D3FC6021B3F87
:10BB7000C07F183FD9F6153F2A68133FCDD3103F39
:10BB8000DA390E3F6B9A0B3F9BF5083F824B063F1D
:10BB90003D9C033FE4E7003F275DFC3ECBE0F63EE3
:10BBA000EA5AF13EBBCBEB3E7533E63E4F92E03EA8
:10BBB00080E8DA3E4136D53ECA7BCF3E53B9C93E16
:10BBC00015EFC33E491DBE3E2A44B83EEF63B23E68
:10BBD000D47CAC3E128FA63EE59AA03E86A09A3E4B
:10BBE00032A0943E229A8E3E938E883EC07D823E45
:10BBF000CCCF783E7F9A6C3E135C603E0115543E7C
:10BC0000C2C5473ECF6E3B3EA2102F3EB5AB223E93
:10BC10008340163E87CF093E73B2FA3D2FBCE13D0B
:10BC200036BDC83D80B6AF3D04A9963D752B7B3D22
:10BC30002EFB483D2BC3163DB10AC93C920E493C30
:10BC400000000000920E49BCB10AC9BC2BC316BD4E
:10BC50002EFB48BD752B7BBD04A996BD80B6AFBD3C
:10BC600036BDC8BD2FBCE1BD73B2FABD87CF09BEDA
:10BC7000834016BEB5AB22BEA2102FBECF6E3BBE18
:10BC8000C2C547BE011554BE135C60BE7F9A6CBE30
:10BC9000CCCF78BEC07D82BE938E88BE229A8EBEE7
:10BCA00032A094BE86A09ABEE59AA0BE128FA6BE10
:10BCB000D47CACBEEF63B2BE2A44B8BE491DBEBE42
:10BCC00015EFC3BE53B9C9BECA7BCFBE4136D5BE80
:10BCD00080E8DABE4F92E0BE7533E6BEBBCBEBBE6A
:10BCE000EA5AF1BECBE0F6BE275DFCBEE4E700BF3A
:10BCF0003D9C03BF824B06BF9BF508BF6B9A0BBFF1
:10BD0000DA390EBFCDD310BF2A6813BFD9F615BFDD
:10BD1000C07F18BFC6021BBFD17F1DBFCBF61FBFA0
:10BD2000996722BF25D224BF563627BF159429BF55
:10BD30004AEB2BBFDE3B2EBFBB8530BFC9C832BF2D
:10BD4000F30435BF233A37BF426839BF3B8F3BBF4F
:10BD5000F9AE3DBF67C73FBF70D841BF01E243BFE7
:10BD600003E445BF65DE47BF12D149BFF8BB4BBFF7
:10BD7000029F4DBF207A4FBF3D4D51BF491853BF61
:10BD800031DB54BFE59556BF534858BF6AF259BFDF
:10BD90001A945BBF532D5DBF05BE5EBF214660BFD9
:10BDA00097C561BF5A3C63BF59AA64BF880F66BF7D
:10BDB000D86B67BF3CBF68BFA7096ABF0C4B6BBF9E
:10BDC0005E836CBF93B26DBF9ED86EBF73F56FBFBD
:10BDD000080971BF521372BF471473BFDD0B74BFE4
:10BDE0000BFA74BFC6DE75BF07BA76BFC58B77BFC7
:10BDF000F85378BF981279BF9DC779BF02737ABF95
:10BE0000BE147BBFCDAC7BBF283B7CBFC9BF7CBF12
:10BE1000AC3A7DBFCCAB7DBF23137EBFB0707EBF7D
:10BE20006DC47EBF580E7FBF6D4E7FBFAB847FBF9A
:10BE30000FB17FBF97D37FBF43EC7FBF11FB7FBFA5
:10BE4000000080BF11FB7FBF43EC7FBF97D37FBF54
:10BE50000FB17FBFAB847FBF6D4E7FBF580E7FBFDA
:10BE60006DC47EBFB0707EBF23137EBFCCAB7DBFE1
:10BE7000AC3A7DBFC9BF7CBF283B7CBFCDAC7BBF8C
:10BE8000BE147BBF02737ABF9DC779BF981279BF7A
:10BE9000F85378BFC58B77BF07BA76BFC6DE75BFCC
:10BEA0000BFA74BFDD0B74BF471473BF521372BF1C
:10BEB000080971BF73F56FBF9ED86EBF93B26DBF97
:10BEC0005E836CBF0C4B6BBFA7096ABF3CBF68BFEA
:10BED000D86B67BF880F66BF59AA64BF5A3C63BF5F
:10BEE00097C561BF214660BF05BE5EBF532D5DBFD4
:10BEF0001A945BBF6AF259BF534858BFE59556BFC5
:10BF000031DB54BF491853BF3D4D51BF207A4FBF5D
:10BF1000029F4DBFF8BB4BBF12D149BF65DE47BF83
:10BF200003E445BF01E243BF70D841BF67C73FBFCD
:10BF3000F9AE3DBF3B8F3BBF426839BF233A37BFA5
:10BF4000F30435BFC9C832BFBB8530BFDE3B2EBF4F
:10BF50004AEB2BBF159429BF563627BF25D224BFE5
:10BF6000996722BFCBF61FBFD17F1DBFC6021BBF83
:10BF7000C07F18BFD9F615BF2A6813BFCDD310BF35
:10BF8000DA390EBF6B9A0BBF9BF508BF824B06BF19
:10BF90003D9C03BFE4E700BF275DFCBECBE0F6BEDF
:10BFA000EA5AF1BEBBCBEBBE7533E6BE4F92E0BEA4
:10BFB00080E8DABE4136D5BECA7BCFBE53B9C9BE12
:10BFC00015EFC3BE491DBEBE2A44B8BEEF63B2BE64
:10BFD000D47CACBE128FA6BEE59AA0BE86A09ABE47
:10BFE00032A094BE229A8EBE938E88BEC07D82BE41
:10BFF000CCCF78BE7F9A6CBE135C60BE011554BE78
:10C00000C2C547BECF6E3BBEA2102FBEB5AB22BE8F
:10C01000834016BE87CF09BE73B2FABD2FBCE1BD07
:10C0200036BDC8BD80B6AFBD04A996BD752B7BBD1E
:10C030002EFB48BD2BC316BDB10AC9BC920E49BC2C
:10C040000000008064656661756C745461736B00F8
:10C0500057733238313262004D61696E5F546173DB
:10C060006B005F5F6378615F67756172645F6163D6
:10C0700071756972652064657465637465642072A6
:10C08000656375727369766520696E697469616C40
:10C09000697A6174696F6E3A20646F20796F7520D8
:10C0A0006861766520612066756E6374696F6E2DB8
:10C0B0006C6F63616C207374617469632076617264
:10C0C0006961626C652077686F736520696E697459
:10C0D00069616C697A6174696F6E20646570656E00
:10C0E0006473206F6E20746861742066756E63746B
:10C0F000696F6E3F0000000040C10108000000248D
:10C10000200100003003000860C201082001002463
:10C1100030250100500300081901FFFF65B8FFFF3B
:10C1200071B9FFFFCDBCFFFF91BFFFFF5507FFFFB8
:10C1300000000000000000000000000000000000FF
:10C14000000000000000000081AB0008B9AB00084F
:10C15000C9AB0008F9AB000829AC000859AB0008CE
:10C1600091AB0008000000000090D0030090D003C5
:10C1700079A70008C9A50008D1A8000800000000A0
:10C1800029A6000811A5000889A5000800000000E4
:10C190000000000000000000C9A6000871A6000809
:10C1A00021A7000861A6000809024300020100C09F
:10C1B00032090400000102020100052400100105FB
:10C1C000240100010424020205240600010705825F
:10C1D0000308001009040100020A0000000705011D
:10C1E0000240000007058102400000000A0600022C
:10C1F00000000040010000001201000202020040A5
:10C20000830440570002010203010000F10B000803
:10C21000E90B0008E10B0008A90C0008D10C00088C
:10C22000040309041A0300000000000000000000DD
:10C2300000000000000000000000000000000101FC
:10C2400001010101010101010101010101010101DE
:10C2500010000000AAAAAAAA000000000000000026
:04000005080002CD20
:00000001FF
