:020000040800F2
:1000000058610020550200080D610008955B00084A
:1000100009610008D9050008816C00080000000093
:10002000000000000000000000000000A1610008C6
:10003000151B00080000000011610008CD610008D8
:100040006F0200086F0200086F0200086F020008CC
:100050006F0200086F0200086F0200086F020008BC
:100060006F0200086F0200086F0200086F020008AC
:10007000C11A00086F020008CD1A00086F020008BC
:10008000D91A0008E51A00086F0200086F0200087C
:100090006F0200086F0200086F0200086F0200087C
:1000A0006F020008A96200086F0200086F020008D2
:1000B000B56200086F0200086F0200086F020008B6
:1000C0006F0200086F0200086F0200086F0200084C
:1000D0006F0200086F0200085D6C0008696C000880
:1000E000311B00086F0200086F0200086F02000851
:1000F0006F0200086F0200086F0200086F0200081C
:100100006F0200086F0200086F0200086F0200080B
:100110006F0200086F0200086F0200086F020008FB
:100120006F020008F11A0008FD1A00086F020008AB
:100130006F0200086F0200086F0200086F020008DB
:100140006F0200086F0200086F0200086F020008CB
:100150006F020008091B00086F020008756C000898
:100160006F0200086F0200086F0200086F020008AB
:100170006F0200086F0200086F0200080000000014
:100180006F0200086F02000800F002F800F052F859
:1001900014A696E8000CB244B344DA4501D100F04D
:1001A00049F8BAE80F000FA696E83000A5EB040561
:1001B00004EB0607AAEB0704A7F101074FEA1515A0
:1001C0004FEA3414A4F10104AC4201D300F032F838
:1001D00013F0010F18BFFB1A43F0010300F001F800
:1001E000DBE71847008F0000208F0000103A24BF83
:1001F00078C878C1FAD8520724BF30C830C144BF8C
:1002000004680C6070470000704700000023002461
:1002100000250026103A28BF78C1FBD8520728BF16
:1002200030C148BF0B6070471FB508F043FE1FBDCB
:1002300010B510BD00F04FF91146FFF7F5FF06F0BD
:1002400021FD00F06DF903B4FFF7F2FF03BC00F0ED
:1002500075F900000948804709480047FEE7FEE7B6
:10026000FEE7FEE7FEE7FEE7FEE7FEE7FEE7FEE766
:1002700004480549054A064B70470000956200088E
:1002800089010008585B002058610020585D00205B
:10029000585D002053EA020C00F069802DE9F04B14
:1002A0004FF00006002B1FBFB3FA83F503FA05F4E5
:1002B00024FA05F65E4012BF1643B2FA82F502FA3E
:1002C00005F4C5F120051EBF22FA05FC44EA0C0422
:1002D000203556EA044C4FEA144418BF641C4FF012
:1002E00000084FF00009904271EB030C39D300294C
:1002F00019BFB1FA81F701FA07F6B0FA80F700FAF0
:1003000007F6C7F120071EBF20FA07FC46EA0C06D5
:100310002037B6FBF4FCA7EB0507103F07F01F0BD7
:10032000CBF120062CFA06F60CFA0BFB44BFB346C1
:100330000026202FA4BF5E464FF0000B5BEA060CA0
:1003400008BF4FF0010B19EB0B0948EB0608ABFB9C
:10035000027C06FB02CC0BFB03CCC01B71EB0C0137
:10036000C1E70B46024641464846BDE8F08B13B54F
:10037000084318BF4FF0FF300146AFF30080BDE8DF
:100380001C407047032A40F2308010F0030C00F04C
:10039000158011F8013BBCF1020F624498BF11F8BF
:1003A00001CB00F8013B38BF11F8013BA2F1040278
:1003B00098BF00F801CB38BF00F8013B11F00303F0
:1003C00000F05780083AC0F0088051F8043B083A22
:1003D00051F804CBA0E80810F5E7121D5CBF51F8F6
:1003E000043B40F8043BAFF30080D20724BF11F870
:1003F000013B11F801CB48BF11F8012B24BF00F8D5
:10040000013B00F801CB48BF00F8012B704702F018
:10041000FF0343EA032242EA024200F002B84FF02F
:10042000000200B5134694469646203922BFA0E844
:100430000C50A0E80C50B1F12001BFF4F7AF090750
:1004400028BFA0E80C5048BF0CC05DF804EB890041
:1004500028BF40F8042B08BF704748BF20F8022B84
:1004600011F0804F18BF00F8012B7047704770479C
:10047000704710B5203AC0F00B80B1E81850A0E8E2
:100480001850B1E81850A0E81850203ABFF4F5AF62
:100490005FEA027C24BFB1E81850A0E8185044BFBE
:1004A00018C918C0BDE810405FEA827C24BF51F82B
:1004B000043B40F8043B08BF7047D20728BF31F81F
:1004C000023B48BF11F8012B28BF20F8023B48BF70
:1004D00000F8012B7047754600F02CF8AE46050079
:1004E0006946534620F00700854618B020B5FFF74F
:1004F000BFFEBDE820404FF000064FF000074FF070
:1005000000084FF0000BAC46ACE8C009ACE8C009ED
:10051000ACE8C009ACE8C00921F007018D4670477E
:1005200010B50446AFF300802046BDE81040FFF749
:100530008ABE0000004870471801002001491820B9
:10054000ABBEFEE726000200704700000146806B4C
:10055000036C026C13F0500F08D0D20648BF01F0B4
:1005600099BB806BC26C0846104700BF42F4007113
:10057000016401688A6812F0405F01D001F086BB17
:10058000027E002AFAD1CA6A12F4700F02D08A6879
:100590005205F3D44A6822F020024A60016C21F42B
:1005A00080710164016CC90448BF01F06FBB016C2C
:1005B00041F00101016401F069BB0000806B402142
:1005C0000164416C41F00401416401F063BB00002F
:1005D000806B01F05DBB0000FEE7000040F2080008
:1005E000C2F2000000210122C17181600273C17555
:1005F0008161027780F82710816280F82C2080F8D2
:100600003710816380F83C2080F84710816480F8BF
:100610004C2080F85710816580F85C2080F86710C6
:10062000816680F86C2080F87710816780F87C20E4
:1006300080F88710C0F8881080F88C2080F8971018
:10064000C0F8981080F89C2080F8A710C0F8A81077
:1006500080F8AC2080F8B710C0F8B81080F8BC2043
:1006600080F8C710C0F8C81080F8CC2080F8D710E8
:10067000C0F8D81080F8DC2080F8E710C0F8E81047
:1006800080F8EC2080F8F710C0F8F81080F8FC2013
:10069000704700002DE9F04F81B00F2602F03AF8C4
:1006A00040F208078346C2F2000701254FF0000A16
:1006B00000244FF0000913E0002088F8070098F8A4
:1006C0000C000AF1100A002805FA06F108BF0C43D5
:1006D00009F10109BAF5807FA6F1010600F06C80EE
:1006E00007EB0A0857F80A00B8F8041002F006F8F9
:1006F00098F80720032ADFD898F80610DFE802F000
:1007000002140A10884204BFC8F808B088F80750DD
:10071000D5E700BF8842D2D0C8F808B00320CCE7A4
:10072000884225D10220C8E78842C5D1D8F8080000
:10073000ABEB00000A28C2D3002088F80C00B9F106
:10074000070F4FF0020088F80700B8D8DFE809F07B
:1007500004261E201A2A2E2202200421002204F040
:1007600059FB01200021002203F09AFEA7E700BFF9
:10077000D8F80800ABEB00000A28FFF4A0AF88F817
:100780000C5099E70120012112E000BF062006E08D
:10079000032004E0012002210AE000BF052000211F
:1007A00006E000BF0120032102E000BF0120042178
:1007B000002204F02FFB82E741F65200C2F2000053
:1007C000048001B0BDE8F08F40F65860C2F200002E
:1007D00005F0F4F9FFF702FF05F006FAFFF75AFFFC
:1007E000012006F071FAF7E72DE9F04F85B040F2ED
:1007F0007429C2F2000999F8000030B140F2C42413
:10080000C2F2000494F8140510B105B0BDE8F08FF1
:1008100040F60000C4F202004FF4805101F06EFF78
:10082000012840F01381EFF3108872B699F8031095
:10083000002900F0078199F8011040F6385C01EBBF
:10084000C101C2F2000C0CEB010253685CF801100C
:10085000127A039302918DF8102099F8011001315A
:1008600001F01F0189F8011099F80310013989F886
:1008700003109DF80F100A0600F0C380CAB2042AC4
:1008800001F0030E02D2002769E000BF02F0FC0A6B
:10089000002702AA08E000BFB4F812150131A4F83D
:1008A00012150437BA455AD0D35DB4F81015B4F810
:1008B0000E5501316FF35F21A94205D1B4F812152D
:1008C0000131A4F8121506E0B4F81055254485F856
:1008D0000E33A4F81015D3195978B4F81055B4F89C
:1008E0000E6501356FF35F25B54205D1B4F81215D9
:1008F0000131A4F8121506E0B4F81065264486F814
:100900000E13A4F810559978B4F81055B4F80E6584
:1009100001356FF35F25B54206D1B4F812150131E8
:10092000A4F8121507E000BFB4F81065264486F855
:100930000E13A4F81055D978B4F81035B4F80E5544
:1009400001336FF35F23AB42A6D0B4F810552544B2
:1009500085F80E13A4F810350437BA45A4D1BEF1BA
:10096000000F4ED002AAD35DB4F81015B4F80E559E
:1009700001316FF35F21A94206D1B4F8121501319C
:10098000A4F8121507E000BFB4F81055254485F807
:100990000E33A4F81015BEF1010F32D03A4453784B
:1009A000B4F81015B4F80E5501316FF35F21A94268
:1009B00006D1B4F812150131A4F8121507E000BFF2
:1009C000B4F81055254485F80E33A4F81015BEF17F
:1009D000020F16D09278B4F81015B4F80E35013124
:1009E0006FF35F21994205D1B4F812150131A4F8D3
:1009F000121506E0B4F81035234483F80E23A4F84A
:100A000010159DF8101001390A068DF8101019D034
:100A100099F80210DDE9023701EBC1010CEB01028C
:100A20004CF801309DF810105760117299F80210BF
:100A3000013101F01F0189F8021099F8031001310A
:100A400089F80310B8F1000F00D162B641F65202E6
:100A5000C2F2000241F2F021138840F20D12C2F2FC
:100A60000001C2F200020D884F88B1F804B0B1F85D
:100A700006A092F8009040F20C12C2F2000292F826
:100A800000E003F00102C3F340011144C3F380020C
:100A90001144C3F3C0021144C3F300121144C3F361
:100AA00040121144C3F380121144C3F3C012114425
:100AB000C3F300221144C3F340221144C3F3802244
:100AC0001144C3F3C0221144C3F300321144C3F3F1
:100AD00040321144C3F380321144B4F8422501EB93
:100AE000D33133EA0202A4F82455A4F82675A4F8F9
:100AF00028B5A4F82AA5A4F82C3584F82E9584F8F6
:100B00002FE5A4F83E1532D0B4F8401502F00106E6
:100B10003144C2F340063144C2F380063144C2F38B
:100B2000C0063144C2F300163144C2F340163144CA
:100B3000C2F380163144C2F3C0163144C2F300261A
:100B40003144C2F340263144C2F380263144C2F31B
:100B5000C0263144C2F300363144C2F3403631443A
:100B6000C2F38036314401EBD231A4F8401548F687
:100B70007872E9B2C0F60002515CA4F8423581EA0D
:100B80001521C9B2515C7940C9B2515C81EA172183
:100B9000C9B2515C81EA0B01C9B2515C81EA1B21E7
:100BA000C9B2515C81EA0A01C9B2515C81EA1A21D9
:100BB000C9B2515C5940C9B2515C81EA1321C9B232
:100BC000515C81EA0901515C81EA0E0112F8018051
:100BD000EFF3108C72B6B4F810154A1CB4F80E1569
:100BE0006FF35F228A4205D1B4F812150131A4F8DF
:100BF000121507E0B4F81015AA26214481F80E63F7
:100C0000A4F81025B4F810154A1CB4F80E156FF3AB
:100C10005F228A4206D1B4F812150131A4F81215E8
:100C200008E000BFB4F810155526214481F80E6382
:100C3000A4F81025B4F810154A1CB4F80E156FF37B
:100C40005F228A4206D1B4F812150131A4F81215B8
:100C500007E000BFB4F81015214481F80E53A4F842
:100C60001025B4F810154A1CB4F80E156FF35F2266
:100C70008A4205D1B4F812150131A4F8121507E023
:100C8000B4F810152D0A214481F80E53A4F810254C
:100C9000B4F810154A1CB4F80E156FF35F228A429F
:100CA00006D1B4F812150131A4F8121507E000BFFF
:100CB000B4F81015214481F80E73A4F81025B4F887
:100CC00010154A1CB4F80E156FF35F228A4205D145
:100CD000B4F812150131A4F8121507E0B4F8101594
:100CE0003D0A214481F80E53A4F81025B4F81015DC
:100CF0004A1CB4F80E156FF35F228A4206D1B4F88D
:100D000012150131A4F8121507E000BFB4F8101550
:100D1000214481F80EB3A4F81025B4F810154A1C2C
:100D2000B4F80E156FF35F228A4205D1B4F812159C
:100D30000131A4F8121508E0B4F810154FEA1B258C
:100D4000214481F80E53A4F81025B4F810154A1C5C
:100D5000B4F80E156FF35F228A4205D1B4F812156C
:100D60000131A4F8121506E0B4F81015214481F8F9
:100D70000EA3A4F81025B4F810154A1CB4F80E15EB
:100D80006FF35F228A4205D1B4F812150131A4F83D
:100D9000121508E0B4F810154FEA1A25214481F81D
:100DA0000E53A4F81025B4F81015B4F80E2501312F
:100DB0006FF35F21914205D1B4F812150131A4F807
:100DC000121506E0B4F81025224482F80E33A4F878
:100DD0001015B4F81015B4F80E2501316FF35F212A
:100DE000914205D1B4F812150131A4F8121507E0AB
:100DF000B4F810251B0A224482F80E33A4F810150B
:100E0000B4F81015B4F80E2501316FF35F2191424B
:100E100006D1B4F812150131A4F8121507E000BF8D
:100E2000B4F81025224482F80E93A4F81015B4F8F3
:100E30001015B4F80E2501316FF35F21914205D1F1
:100E4000B4F812150131A4F8121506E0B4F8102513
:100E5000224482F80EE3A4F81015B4F81015B4F883
:100E60000E2501316FF35F21914205D1B4F81215BF
:100E70000131A4F8121506E0B4F81025224482F8D6
:100E80000E83A4F81015B4F81015B4F80E2501312E
:100E90006FF35F21914209D1B4F812150131A4F822
:100EA0001215BCF1000F0DD10BE000BFB4F81025F6
:100EB000DE23224482F80E33A4F81015BCF1000F93
:100EC00000D162B694F8141500297FF49EACB4F8F2
:100ED0001015B4F80E2501287FF497AC881A6FF32B
:100EE0005F2000283FF491ACEFF30580E0B140F2C1
:100EF0009410C2F2000000210068019101A906F0DF
:100F000029FF019800283FF480AC4EF60450CEF241
:100F100000004FF080510160BFF34F8FBFF36F8F20
:100F200005B0BDE8F08F00BF40F29410C2F200009F
:100F3000006800210222002305B0BDE8F04F07F051
:100F40004DBD000010B540F2C424C2F20004626836
:100F5000824209D02168814218BF10BD002084F868
:100F60001405C4F8180510BD04F1080110468022CC
:100F700002F056FCE0B1B4F8200540F274210130D3
:100F8000A4F82005B4F80C03C2F200018880B4F87C
:100F90001205C880B4F81E050881B4F81C05488104
:100FA000B4F820058881B4F82205C88110BD00BFBF
:100FB0006068C06B0028D6D00068016821F0080185
:100FC000016010BD70B540F2C424C2F20004D4F830
:100FD00004E0864500D070BD002900F0C2800429DD
:100FE00001F0030C02D2002169E000BF21F00303ED
:100FF000002107E0B4F80C030130A4F80C0304311D
:101000008B425CD06018027AB4F80A53B4F80863D3
:1010100001356FF35F25B54206D1B4F80C230132D8
:10102000A4F80C2307E000BFB4F80A63264486F84E
:101030000821A4F80A53427AB4F80A53B4F80863B2
:1010400001356FF35F25B54206D1B4F80C230132A8
:10105000A4F80C2307E000BFB4F80A63264486F81E
:101060000821A4F80A53827AB4F80A53B4F8086342
:1010700001356FF35F25B54206D1B4F80C23013278
:10108000A4F80C2307E000BFB4F80A63264486F8EE
:101090000821A4F80A53C07AB4F80A23B4F8085314
:1010A00001326FF35F22AA42A4D0B4F80A53254458
:1010B00085F80801A4F80A2304318B42A2D1BCF1BF
:1010C000000F4ED06018017AB4F80A23B4F8083340
:1010D00001326FF35F229A4208D1B4F80C13013148
:1010E000A4F80C13BCF1010F0AD13AE0B4F80A33AA
:1010F000234483F80811A4F80A23BCF1010F30D06F
:10110000417AB4F80A23B4F8083301326FF35F224E
:101110009A4205D1B4F80C130131A4F80C1306E07F
:10112000B4F80A33234483F80811A4F80A23BCF165
:10113000020F16D0807AB4F80A13B4F808230131EC
:101140006FF35F21914205D1B4F80C030130A4F88C
:101150000C0306E0B4F80A23224482F80801A4F83C
:101160000A1304F108017046802202F059FBD8B13D
:10117000B4F8200540F274210130A4F82005B4F839
:101180000C03C2F200018880B4F81205C880B4F8DC
:101190001E050881B4F81C054881B4F82005888133
:1011A000B4F82205C88170BD6068C06B002808BF14
:1011B00070BD0068016821F00801016070BD000089
:1011C0002DE9F04F87B0002800F0978040F274249A
:1011D000EFF3108572B6C2F20004E27894F801E0F1
:1011E00094F801B0002A049000F08A8040F638514B
:1011F000012AC2F200010195009240F09780002080
:10120000029006900098C0074CD00EEBCE000D184F
:10121000EC79085C6978AA78EB7895F8049095F8F1
:10122000058095F806E095F808C0032C1CD3049EB1
:101230007578A94218D1B578AA4215D1072C31D1B9
:10124000049E3578A8422DD1F578AB422AD1357964
:10125000A94527D17579A84524D1B579AE4521D1C5
:10126000029DFDB9012502955FFA8BF5ED0040F670
:10127000385755FA8BF5C2F2000778550BF101008B
:1012800000F01F0B06987E1901307170B270F37078
:1012900086F8049086F8058086F806E0F47186F8F2
:1012A00008C0069040F27424C2F2000484F802B030
:1012B000029800280698E070019D1DD1E0781F2853
:1012C00025D8A078049F40F638513B6800EBC00059
:1012D000C2F20001D7F803700A180B5040F2073031
:1012E000C2F80370A2F80700A078013000F01F00D8
:1012F000A070E0780130E070A5B107B0BDE8F08FD4
:10130000002084F802B0E070E0781F28D9D940F2BC
:10131000C420C2F20000B0F812150731A0F812156F
:10132000002DEAD162B607B0BDE8F08F02F0FE00F2
:10133000039000200022029006902FE0F146C6465E
:101340005FFA8BF4E40040F6385854FA8BF4C2F29A
:10135000000808EB040080F801A08370C7700271D8
:101360004571867180F807C001720BF1010000F031
:101370001F0B069808F804E00130CE460690059A47
:10138000039B0232D1B20EF10200994240F638516D
:1013900000F01F0EC2F200013FF434AF5FFA8EF08E
:1013A000C00050FA8EF00B1893F807A005925C4627
:1013B00011F800B05F789978DA781E7993F8058093
:1013C00093F8069093F808C0BAF1030F1ED3049B5C
:1013D000587887421AD19878814217D1BAF1070F0D
:1013E00072D1049B187883456ED1D87882426BD134
:1013F0001879864268D15879804565D198798145B8
:1014000062D1029800285FD101200290E0B2C000B2
:1014100040F6385550FA84F0C2F200052B1805F852
:1014200000B0601C00F01F0B06985F7001309970CF
:10143000DA701E7183F8058083F8069083F807A0A0
:1014400083F808C006900EF1010000F01F0000EBC9
:10145000C0002C1894F807C015F8008094F801A07B
:10146000A378E77822796579A679217ABCF1030F10
:10147000FFF464AF04984478A2457FF45FAF8478AA
:10148000A3427FF45BAFBCF1070F7FF478AF047821
:10149000A0457FF474AFC478A7427FF470AF04799D
:1014A000A2427FF46CAF4479A5427FF468AF84799F
:1014B000A6427FF464AF029800287FF460AFF14643
:1014C000C646012002903BE740F63855A346C2F2DB
:1014D0000005B8E740F27423C2F200031B78002B2A
:1014E00008BF704780B582B048F6787C47F2AA738F
:1014F000C0F6000CADF801301CF800308DF8030088
:1015000081EA0300C0B21CF800008DF804105040BE
:10151000C0B21CF800008DF805208DF80600DE2012
:101520008DF807000DF10100FFF74AFE02B0BDE89B
:101530008040704740F27423C2F200031B78002BF6
:1015400008BF704780B582B048F6787C46F2AA633F
:10155000C0F6000CADF801301CF800308DF8030027
:1015600081EA0300C0B21CF800008DF8041050405E
:10157000C0B21CF800008DF805208DF80600DE20B2
:101580008DF807000DF10100FFF71AFE02B0BDE86B
:101590008040704770B540F2742540F2C426C2F214
:1015A00000050022C2F200062A70C6E9000186F892
:1015B0001425C6F81825A6F81C25A6F80823A6F8B1
:1015C0000A23A6F80E25A6F81025A6F80C23A6F8DF
:1015D0001225A6F81E25A6F82025A6F822256A7051
:1015E000AA70EA70B6F80C034BF69A41A880B6F8D8
:1015F000120540F20044E880B6F81E05CFF2DE0185
:101600002881B6F81C05C4F202046881B6F82005EA
:10161000A881B6F82205E88143F21240C7F65600C9
:10162000C6F8240543F21240C6F82815A6F82C0582
:1016300020464FF48051C6F83E25A6F8422501F019
:1016400063F820464FF40051002201F05DF8706805
:1016500006F10801802202F0E3F8C8B1B6F82005CF
:101660000130A6F82005B6F80C03A880B6F81205DC
:10167000E880B6F81E052881B6F81C056881B6F822
:101680002005A881B6F82205E8810120287070BDE8
:101690007068C06B0028F8D00068016821F008016C
:1016A00001600120287070BD2DE9F04F91B040F22B
:1016B000C426C2F2000696F8140540F274240028ED
:1016C000C2F2000441D001F025F8D6F81815401AEE
:1016D00032283AD3306802F0A7F90020EFF31081E6
:1016E00072B686F81405C6F81805B6F81C0500F1A0
:1016F0000100A6F81C05B6F81005B6F80E25A0EBFB
:1017000002006FF35F2001B962B6B6F80C13A18036
:10171000B6F81215E180B6F81E152181B6F81C1531
:101720006181B6F82015A181B6F82215E18160B17A
:1017300040F60000C4F202004FF4805100F0DEFFDA
:10174000012802D1306804F059FEB6F80A03B6F851
:10175000081340F2FF12401A00F5007000EBD05160
:101760009143401A0728C0F0958106F584741BE068
:10177000B6F822050130A6F82205B6F808030130B4
:101780006FF35F20A6F80803B6F80A03B6F808134B
:1017900040F2FF12401A00F5007000EBD051914367
:1017A000401A062840F27681B6F80803421C215CF4
:1017B0006FF35F22A25C552908BFAA2A44D055299D
:1017C00008BFEE2AD9D1811D6FF35F21615CED293D
:1017D000CED1811C6FF35F2114F801A0C11C48F623
:1017E00078736FF35F21C0F6000314F801B013F8AB
:1017F0000A20011D82EA0B026FF35F21D2B2655C01
:101800009A5C411D6A406FF35F21D2B2615C9A5CC1
:101810009142ADD107306FF35F20A6F8080300F0C6
:1018200079FF41F64803C2F20003198841F64C02E1
:10183000C2F200021060481C1880504659462A46E1
:1018400002F0DCFFA0E700BFB6F80A13B6F80823E1
:1018500040F2FF13891A01F5007101EBD1529A434E
:10186000891A1229C0F01681811C6FF35F21625C16
:10187000C11C6FF35F21635C011D6FF35F21655C29
:10188000411D6FF35F21665C811D6FF35F2114F8CA
:1018900001E0C11D6FF35F2114F801A000F1080100
:1018A0006FF35F21675C00F109016FF35F2114F8AA
:1018B00001B000F10A016FF35F2114F801C000F1DB
:1018C0000B016FF35F21615C48F67878109100F1AD
:1018D0000C016FF35F21615CC0F600080F9118F8EE
:1018E00002100B955940C9B218F80110CDF824C068
:1018F0006940C9B218F801100E927140C9B218F8C7
:10190000011000F10D0281EA0E01C9B218F80110B0
:101910006FF35F2281EA0A01C9B218F8011014F8C6
:1019200002907940C9B218F8011000F10E0281EA64
:101930000B01C9B218F801106FF35F2281EA0C01A4
:10194000C9B2DDE90FC518F801100C966940C9B29B
:1019500018F80110564614F802A000F10F0281EAAF
:101960000C016FF35F22C9B20D93CDF828B014F8C3
:1019700002B000F1100218F801306FF35F22A15C91
:1019800089EA0302D2B218F8022000F1110382EAB8
:101990000A02D2B218F802206FF35F2382EA0B0228
:1019A000E35CD2B218F80220ED2BCDF8209008BFEE
:1019B00091420BD040F2C426ED2BC2F200067FF418
:1019C000DCAE91427FF4D4AED7E600BFDDE90B3246
:1019D0004EEA062143EA0222DDE90D63123043EAB2
:1019E000062340F2C426C2F20006A6F834150A996E
:1019F0006FF35F2086F837150999A6F8303586F819
:101A000038150899A6F8322586F8367586F83955BE
:101A100086F83AC586F83B1586F83CA586F83DB5AC
:101A2000A6F8080300F076FE41F64C02C2F200026E
:101A300041F648011060B6F93005C2F2000196F88F
:101A40003D5509880F9096F8370596F8389596F821
:101A5000397596F83AE5109501F1010CB6F9321591
:101A6000B6F9342596F8363596F83BA596F83CB588
:101A700041F64808CDE90009CDE9027EDDE90F070E
:101A8000C2F20008A8F800C0CDE904AB069702F046
:101A9000FBFE79E6B6F80C0340F27421C2F20001B5
:101AA0008880B6F81205C880B6F81E050881B6F819
:101AB00020058881B6F82205C88111B0BDE8F08FF5
:101AC00040F6C070C2F2000000F01CBB41F22000E2
:101AD000C2F2000000F016BB40F60070C2F2000037
:101AE00000F010BB40F66070C2F2000000F00ABBCC
:101AF00041F28000C2F2000000F004BB40F6A0609A
:101B0000C2F2000000F0FEBA41F2E000C2F20000B2
:101B100000F0F8BA7047000041F21820C2F200004D
:101B200003F00AFB03F05CFB012005F0CDF8F9E7B8
:101B300080B54FF4805000F005FD4FF48040BDE8C3
:101B4000804000F0FFBC000072B600BFFEE700005E
:101B500070B581B00022009290F83C20012A03D198
:101B6000022001B070BD00BFD1F800E001221FFAD1
:101B70008EFC4FEA4C0380F83C200EEB4E0213FA29
:101B80008EF31024BEF1090F88BFA3F11E0288BF97
:101B90000C24036807251E59954026EA05051D51AA
:101BA0008D681E5905FA02F232431A514968062916
:101BB00006D801EB81014A1F194651F8345F0EE047
:101BC0000C2901EB810105D8A1F12302194651F836
:101BD000305F04E0A1F14102194651F82C5F1F2447
:101BE000944025EA04040C600CFA02F20C6842F2FC
:101BF000043CC4F2010C2243ACF54174A3420A60D8
:101C00003ED1BEF1120F07D1DCF8001041F4800183
:101C1000CCF8001034E000BF2EF0010110292FD1C4
:101C2000DCF80010BEF1100F41F40001CCF80010F8
:101C300026D140F20811C2F2000109684DF6836214
:101C4000C4F21B32A1FB0212910C01EB810149008D
:101C500000910099A1B1009901390091009979B1E1
:101C6000009901390091009951B100990139009111
:101C7000009929B100990139009100990029EAD110
:101C8000002180F83C10002001B070BD03F084BF3B
:101C90007047000070470000002804BF0120704713
:101CA00010B5016C00293DD0016CC90645D4016C0A
:101CB00041F202129143023142F204320164C4F251
:101CC0000102116821F440311160136890E812108C
:101CD0002343D0F810E013604A68012422F4807294
:101CE0004A604A68C0F6007442EA0E224A604A68B6
:101CF00022F040724A604A6842EA0C024A608A68EE
:101D000022F400628A60C2688B681A438A60826A21
:101D10008B68A24223F070638B608B6810D123F034
:101D2000405216E0044600F065F820460021616448
:101D300084F83C10016CC906B9D5012153E000BFFD
:101D40001A438A608A6822F040528A60C26A8B68AD
:101D50001A438A608A6822F002028A608A68037ED7
:101D600090F8204042EA43028A604A6884B142F413
:101D700000624A604A684EF2000322F460424A6000
:101D8000426ACFF6FF734C6803EB4232224301E014
:101D900022F400624A60CA6A40F2000C22F4700227
:101DA000CA62C3694269CFF6F07CCC6A0CEB03537C
:101DB0002343CB628B6823F400738B6090F8303040
:101DC0008C6844EA43238B608B6823F480638B60C8
:101DD0008B6843EA82228A6000214164026C0123FD
:101DE00063F301020264002280F83C20BDE8104049
:101DF0000846704770B586B0044642F2001021686C
:101E0000C4F20100002681420596CDE903660296E0
:101E1000019601D006B070BD43F630010096C4F2C1
:101E200002014A6900F55F4042F400724A614A6962
:101E300002F400720092009A00960A6842F00102D1
:101E40000A60096801F0010100910099782101916F
:101E50000321CDE9021601A900F080FB40F6A06540
:101E600046F24040C2F20005C4F202004FF0007199
:101E70004FF4006385E8430005F114004FF48062DD
:101E80004FF4005C4FF4807E80E808502846C5E996
:101E90000362C5E9086600F017FA002818BFFFF7CB
:101EA00053FEA563AC6306B070BD0000B0B582B050
:101EB0000023019390F83C30012B03D1022002B0A3
:101EC000B0BD00BF8E460123016880F83C308B68AE
:101ED0009446DB0729D18B684DF6836443F00103F8
:101EE0008B6040F20813C2F200031B68C4F21B347B
:101EF000A3FB0434A30C03EB43030193019BA3B1A5
:101F0000019B013B0193019B7BB1019B013B019331
:101F1000019B53B1019B013B0193019B2BB1019BA1
:101F2000013B0193019B002BEAD18B68DB0503D5B4
:101F30008B6823F480738B608C68036CE4070BD18F
:101F400043F01001016400F14401002001220B68FC
:101F50001A430A6002B0B0BD40F20174A34303F516
:101F6000807303644B685B0504D5036C012464F340
:101F70000D330364046C0023E4044FF0000444BFF9
:101F8000446C24F00604446480F83C30836B40F2D7
:101F90004D5440F2D152C0F60004C0F60002C3E92D
:101FA0000F4240F2BD52C0F60002DA646FF0220226
:101FB0000A604A6842F2043442F080624A608A68E9
:101FC000054642F480728A604C3118467246634678
:101FD000C4F2010400F02AFA22682968D20605D06A
:101FE000A4F54172914225D002B0B0BD42F2000288
:101FF000C4F20102914215D042F20022C4F2010261
:1020000091420CD042F20012C4F201029142EBD193
:102010002268D20606D0A4F582729142E4D12268E9
:10202000D206E1D451F8082F12F0405FDCD14FF016
:1020300080428CE74FF60452CFF6FF72A25812F09E
:10204000405FD1D108314FF0804280E770B5866D96
:10205000044600F05FFB94F83510022928D10546AC
:102060002068216C026822F016020260426922F0A8
:102070008002426109B9A16C19B1016821F008011F
:102080000160016821F00101016000BF2068006863
:10209000C00715D000F03EFB401B0628F6D32020D9
:1020A0006065032084F83500002184F8341070BD89
:1020B000802060650120002184F8341070BD00BFCD
:1020C000E06D3F2101FA00F0B060012084F8350096
:1020D0000020002184F8341070BD000090F8351005
:1020E000022909D1052180F835100068016821F026
:1020F0000101016000207047802141650120704787
:10210000406D7047F0B581B00021009140F2081198
:10211000C2F200010B68D0E9166148F2B5153768C4
:102120000822C1F64E358A403A42A3FB05350CD051
:1021300003681C68640708D51C6824F004041C604C
:10214000B260426D42F00102426501228A403A4289
:1021500008D003685B691B0604D5B260426D42F08B
:102160000202426504228A403A4208D003681B6892
:102170009B0704D5B260426D42F004024265102212
:102180008A403A4219D001680B681B0715D5B26026
:102190000B680A685B0309D4D20509D40A6822F0E7
:1021A00008020A60016C29B907E000BF110341D49D
:1021B000016C11B1044688472046C26D202101FA06
:1021C00002F33B4243D001680F68FF063FD5B3607E
:1021D00090F835700B68052F1CD123F016030B60A7
:1021E0004B6923F080034B61036C0BB9836C1BB10B
:1021F0000B6823F008030B603F219140B16001217F
:1022000080F83510016D0022002980F8342054D167
:1022100058E000BF0A685B0310D4D20512D40A68E4
:1022200022F010020A60012180F83510002180F8A8
:10223000341007E0816C0029BCD1BEE7110301D442
:10224000416C00E0C16B11B1044688472046416DE6
:10225000C1B3416DC9072ED0052180F83510016842
:10226000AA0A0B6823F001030B60009B0133934221
:1022700000931AD80B68DB0717D0009B01339342F9
:10228000009312D80B68DB070FD0009B01339342F9
:1022900000930AD80B68DB0707D0009B01339342F9
:1022A000009302D80B68DB07DFD1012180F83510DD
:1022B000002180F83410C16C21B101B0BDE8F040BC
:1022C000084700BF01B0F0BD2DE9F041044600F021
:1022D00021FAECB10546022084F83500002021687F
:1022E00084F83400086820F001000860216808685C
:1022F000C00711D000F00EFA401B0528F6D90325BF
:1023000020230320636584F83550BDE8F08100BFC9
:102310000120BDE8F08100BF086848F23F02CFF21B
:102320001002D4E9013500EA020C04F10C0898E827
:10233000C10143EA0C032B431843D4E9072E304371
:1023400038431043626A40EA0E00042A40EA080358
:102350001CD1206BD4E90A2E40EA0E001843086015
:102360004869BEF1000F20F0030040EA020040F08F
:10237000040C11D0B8F5005F36D0B8F1000F45D18C
:10238000022A46D0012A3BD032B942E00B604869AC
:1023900020F0070040EA020C01F0F8004AF6AB22F8
:1023A0001038CAF6AA22A0FB02231A0949F27803C0
:1023B000C1F814C0C0F600039A5C40F2FF335F28F6
:1023C0004FF03F0021EA030100FA02F088BF043118
:1023D000C4E916128860002301250020636584F893
:1023E0003550BDE8F08100BF032AD5D80125402330
:1023F0000120DFE802F0030E030500BF82E700BF03
:10240000AEF1C070B0FA80F0400904E0032A04D3B2
:10241000C2D1CEF300600028BED0012540230120A8
:10242000636584F83550BDE8F081000090F834C051
:10243000BCF1010F04BF0220704770B54FF0010CD2
:1024400080F834C0D0F858E090F835C0BCF1010FE6
:1024500038D14FF0020C80F835C04FF0000CC0F8B6
:1024600054C0D0F800C08468056CC06DDCF8006012
:10247000402C26F48026CCF80060CCF804300B46C3
:1024800004BF13460A463F2101FA00F0CCF8083099
:10249000CCF80C20CEF80800DCF8000040F0160064
:1024A000CCF800002DB1DCF8000040F00800CCF8BA
:1024B0000000DCF8000040F00100CCF80000002033
:1024C00070BD00BF002180F83410022070BD0000F4
:1024D000B0F5805F18BF704780B582B040F27810C9
:1024E000C2F20000016848F219630131016041F253
:1024F0000401CEF2000109684268C1F661038A1A3C
:10250000D208A2FB03235A088260416040F2941073
:10251000C2F2000000210068019101A905F01AFC37
:10252000019850B14EF60450CEF200004FF08051A9
:102530000160BFF34F8FBFF36F8F02B0BDE88040E3
:102540007047000043F61441C4F201010A680242D8
:1025500014BF08607047FFF7BBBF00002DE9F04FC4
:1025600083B000F1200200F13E4741F600450092A1
:1025700007F1FF77C4F2020508224FEAB726A84206
:1025800008BF072200254FF000084FF00009072E72
:1025900038BF4FEAB72201920AE000BF09F10109F2
:1025A00008F10208B9F1100F05F1040500F0A2804E
:1025B0000F68012202FA09FE17EA0E0AEED0D1F8DE
:1025C00004C003220CF003077E1E02FA08F4012E59
:1025D0006FEA040B12D88468CE6804EA0B0406FA8A
:1025E00008F634438460446824EA0E06CCF30014F1
:1025F00004FA09F42643466004E000BF032F01D12A
:1026000003271EE0C6688C6806EA0B0604FA08F485
:102610002643022FC66014D16FF00302009E02EA27
:10262000590756F807C005F01C040F220B69A24099
:102630002CEA0202A3401A43F251D1F804C00CF074
:102640000307026807FA08F302EA0B021A431CF4B4
:10265000403F0260A2D0002243F644030292C4F23B
:1026600002031A6843F6004442F480421A601A6872
:10267000C4F2010402F480420292029A29F0030299
:102680004FF6084C2244CFF6FF7C52F80C3005F090
:102690000C070F26BE40B343019E06FA07F73B43E3
:1026A00042F80C30A2684B6842EA0A0743F60C4C29
:1026B000DE0258BF22EA0A07A760C4F2010CDCF868
:1026C00000209E0242EA0A0758BF22EA0A07CCF815
:1026D000007062689E0342EA0A0758BF22EA0A07AE
:1026E00067602268DB0342EA0A0758BF22EA0A074A
:1026F000276053E703B0BDE8F08F00000069084091
:1027000018BF012070470000002A08BF090481613A
:102710007047000045F25840C2F200000068704760
:1027200040F2000045F25841C2F20000C2F200013E
:1027300000780A68104408607047000080B543F6CE
:102740000040C4F20200016841F4007101600168B8
:1027500041F480610160016841F4807101600320EF
:1027600000F0C0F80F2000F005F800F05BF8002042
:1027700080BD000070B586B0002543F6400101958C
:10278000C4F202010A68044642F001020A600968C4
:1027900001A801F0010101910199694600F064F975
:1027A000049E002E18BF012600F07EF94DF68361CD
:1027B000B040C4F21B31A0FB01014FF0FF3000EB31
:1027C000914141F28810C2F200004FF0804240F285
:1027D000E733C0E90021C0E902530561856100F0DB
:1027E000FBFB08B106B070BD41F28810C2F20000D8
:1027F00000F044FC0028F5D11C2000F035F80F2C27
:102800000CD81C202146002200F040F840F20401C0
:102810000020C2F200010C6006B070BD012006B0BD
:1028200070BD000082B0002043F640010190C4F268
:1028300002014A6842F480424A604A6802F48042D7
:102840000192019A00900868002240F080500860D0
:1028500008680F2100F08050009000986FF0010090
:1028600002B000F013B80000002848BF704700F025
:102870001F01012202FA01F11C2202EAD0004EF2ED
:102880000012CEF2000281507047000010B54EF6E3
:102890000C5CCEF2000CDCF80030C3F3022E8EF09C
:1028A0000704042C28BF0424BEF103034FF0FF3EAD
:1028B0000EFA04F438BF0023A14399400EFA03F343
:1028C0009A43114300F00F0200F160430901043AFA
:1028D00003F564436244002848BF02F10C031970F9
:1028E00010BD00004EF60C51CEF200010A684FF602
:1028F000FF031A4060F30A2242F0806040F0FD704E
:1029000008607047002804BF012070472DE9F0419E
:1029100043F60808C4F202080446D8F8F8030D4646
:1029200000F00700814207D988F8F853D8F8F80377
:1029300000F00700A84277D12068810717D541072A
:1029400005D5D8F8001041F4E051C8F8001001078F
:1029500005D5D8F8001041F46041C8F80010D8F847
:102960000010A26821F0F0011143C8F80010C00760
:1029700040D1D8F8F80300F00700854207D288F864
:10298000F853D8F8F80300F00700A8424CD12068AB
:10299000410707D5D8F80010E26821F4E05111434F
:1029A000C8F80010000708D5D8F80000216920F405
:1029B000604040EAC100C8F8000000F09DF8D8F877
:1029C000001048F6CE62C1F30311C0F60002515C5C
:1029D00040F2081220FA01F140F20400C2F20000B5
:1029E0000068C2F200021160FFF7C4FE0020BDE8DB
:1029F000F08100BF6068811E022907D258F8081CC8
:102A000089015CBF0120BDE8F08111E0012807D1F8
:102A100058F8081C89035CBF0120BDE8F08107E07D
:102A200058F8081C890703D40120BDE8F08100BFD5
:102A3000D8F8001021F003010843C8F80000FFF7A0
:102A400069FE064641F28837D8F80000616800F058
:102A50000C00B0EB810F8CD0FFF75CFE801BB842FE
:102A6000F2D90320BDE8F0810F22026043F608028C
:102A7000C4F20202136803F003034360136803F017
:102A8000F0038360136803F4E053C360D2F800C01E
:102A90004FF4E05303EADC030361D2F8F80300F0DB
:102AA000070008607047000040F2081043F6080174
:102AB000C2F20000C4F202010068096848F6DE6252
:102AC000C1F38221C0F60002515CC840704700008B
:102AD00040F2081043F60801C2F20000C4F20201FD
:102AE0000068096848F6DE62C1F34231C0F60002B0
:102AF000515CC8407047000010B543F60404C4F2AE
:102B000002046168C1F3810142F20040C0F2F400A6
:102B1000DFE801F002040A0210BD00BF41F200200C
:102B2000C0F27A0010BD00BF216801F03F022168A9
:102B300023684902C3F3881106D4A1FB00010023D6
:102B4000FDF7A8FB07E000BF41F20020C0F27A00C9
:102B50004843B0FBF2F021680222C1F3014102EBCD
:102B60004101B0FBF1F010BD002804BF0120704707
:102B70002DE9F04182B00446007843F60006C00714
:102B8000C4F202060CD0B06800F00C00042840F03B
:102B900081803068800303D56068002800F0688178
:102BA000207880071BD5B06810F00C0F09D0B068F2
:102BB00000F00C00082840F087807068400200F1A7
:102BC00083803068800703D5E068012840F0508199
:102BD0003068216920F0F80040EAC10030602078B8
:102BE000000713D4207840072AD4A569002D00F0EF
:102BF0003A81B06800F00C00082840F0A580012D53
:102C000040F00E81012002B0BDE8F081606900282B
:102C100000F082800020C4F247200121C0F8801E0D
:102C2000FFF778FD054600BF706F8007DAD4FFF725
:102C300071FD401B0228F7D9032002B0BDE8F081E6
:102C4000306C5FEAC0080AD400200190306C40F07C
:102C500080503064306C00F080500190019847F251
:102C60000007C4F200073868C00547D4386840F44C
:102C700080703860FFF74EFD054600BF3868C0051C
:102C80003CD4FFF747FD401B0228F7D9032002B0D0
:102C9000BDE8F081B06800F00C00082803D170682E
:102CA00040023FF576AF61683068B1F5803F07D0EC
:102CB000B1F5A02F40F09A8040F480203060306859
:102CC00040F4803030609AE0E068002840F2000074
:102CD000C4F247205CD001210160FFF71BFD0546CF
:102CE000306880073FF574AFFFF714FD401B0228E2
:102CF000F6D9032002B0BDE8F08100BFA168306FB3
:102D0000012905D0052955D140F004003067306F06
:102D100040F00100306756E00020C4F24720002157
:102D2000C0F8801EFFF7F6FC054600BF706F8007F5
:102D30007FF558AFFFF7EEFC401B0228F6D90320C1
:102D400002B0BDE8F08100BF0027C4F24727002091
:102D50003866FFF7DFFC022D05460DD13068800193
:102D600040F18A80FFF7D6FC401B02284FF0030099
:102D7000F4D902B0BDE8F0813068800173D5FFF767
:102D8000C9FC401B02284FF00300F5D9F1E700BF52
:102D900000210160FFF7BEFC054600BF30688007D8
:102DA0007FF51DAFFFF7B6FC401B02284FF0030074
:102DB000F4D9DEE720F001003067306F002920F001
:102DC000040030677AD0FFF7A5FC054641F288374A
:102DD000306F800700F18480FFF79CFC401BB842F5
:102DE000F6D9032002B0BDE8F08100BF20F48030A6
:102DF00030603068002920F4802030607AD0FFF7FE
:102E000089FC0546306880033FF5CAAEFFF782FCB7
:102E1000401B6428F6D9032002B0BDE8F08100BF52
:102E20007068E16900F480028A4221D1216A00F0D1
:102E30003F028A421CD147F6C071626A0140B1EB81
:102E4000821F15D1A16A4FF6FF73C903994300F49D
:102E50004032A1F580318A420AD1E16A00F0706007
:102E6000B0EB016F04D1002002B0BDE8F08100BFDB
:102E7000012002B0BDE8F08104F11C052FCD08430C
:102E800040EA8210D9034FF6FF729143A1F58031D9
:102E900040EA05600843706001203866FFF73AFC9D
:102EA000044600BF30688001DDD4FFF733FC001B0F
:102EB00002284FF00300F5D95BE700BFFFF72AFCBB
:102EC000054641F2883700BF306F800708D5FFF70D
:102ED00021FC401BB8424FF00300F5D949E700BF81
:102EE000B8F1000F3FF581AE306C20F080503064B7
:102EF0007BE600BFFFF70EFC054600BF306880038D
:102F00007FF54EAEFFF706FC401B64284FF0030030
:102F1000F4D92EE7704700007047000090F83C207D
:102F2000012A4FF0020254D010B580F83D2002680B
:102F3000D2F804E0D2F808C00C682EF070032343E6
:102F400041F2FF74C4F20004A24253600EDC40F26E
:102F5000FF73C4F200039A4216DCB2F1804F2BD00B
:102F600040F20043C4F2000324E000BF40F2FF330C
:102F7000C4F201039A4213DC41F60003C4F20003D9
:102F80009A4219D0002313E040F60003C4F2000374
:102F90009A4211D040F60043C4F200030AE000BF99
:102FA00044F20003C4F201039A4205D040F2004308
:102FB000C4F201039A4204D149682CF080031943FA
:102FC00091600121002280F83D1080F83C20BDE88E
:102FD0001040104670470000002804BF01207047D1
:102FE00010B5044690F83D0028B9002084F83C0054
:102FF000204600F01FF8022084F83D002068211DC3
:1030000003F05EF9012084F8460084F83E0084F85D
:103010003F0084F8400084F8410084F8420084F8BE
:10302000430084F8440084F8450084F83D00002003
:1030300010BD000000680021C4F20101884218BFE1
:10304000704780B582B00020019043F64400C4F27E
:1030500002000168002241F00101016000680521C1
:1030600000F00100019001981920FFF70FFC1920D2
:1030700002B0BDE88040FFF7F7BB000090F83D10BC
:1030800001291CBF01207047022180F83D10006813
:1030900041F2FF72C168C4F20002904241F00101A6
:1030A000C1600DDC40F2FF71C4F20001884215DC02
:1030B000B0F1804F2AD040F20041C4F2000123E079
:1030C00040F2FF31C4F20101884213DC41F60001F5
:1030D000C4F20001884219D0002113E040F600013B
:1030E000C4F20001884211D040F60041C4F2000150
:1030F0000AE000BF44F20001C4F20101884205D099
:1031000040F20041C4F20101884206D1816801F019
:103110000701062904BF00207047016841F0010142
:10312000016000207047000090F83C20012A4FF019
:1031300002026CD080B580F83D20D0F800C04FF678
:103140007772DCF8083023EA0202CCF808200B681A
:103150004F2B29DC1F2B45DD202B46D0302B44D0B4
:10316000402B40F0AF80D1F804E0C968DCF8203093
:10317000DCF8202022F00102CCF82020DCF8182016
:1031800022F0F00242EA011123F00A0242EA0E02A2
:10319000CCF81810CCF82020DCF8081041F04701DA
:1031A00021F0300128E000BF6F2B33DDB3F5005F65
:1031B00074D0B3F5805F21D0702B40F08380D1E9CB
:1031C00001E3C968DCF8082043EA0E0322F47F42D9
:1031D00043EA01211143CCF80810DCF8081041F053
:1031E000770109E00BB1102B6CD1DCF8081021F04D
:1031F0007001194341F00701CCF8081000220121A9
:1032000080F83D10002180F83C10BDE88040104659
:10321000704700BF502B21D0602B53D1D1F804E070
:10322000C968DCF82030DCF8202022F01002CCF84D
:103230002020DCF8182022F4704242EA013123F009
:10324000A00242EA0E12CCF81810CCF82020DCF8CC
:10325000081041F0670121F01001CDE7D1F804E03A
:10326000C968DCF82030DCF8202022F00102CCF81C
:103270002020DCF8182022F0F00242EA011123F0AD
:103280000A0242EA0E02CCF81810CCF82020DCF832
:10329000081041F0570121F02001ADE7D1E901E329
:1032A000C968DCF8082043EA0E0322F47F4243EAAF
:1032B00001211143CCF80810DCF8081041F48041DA
:1032C0009AE700BF01229AE77047000070B50446F4
:1032D0000068C5680669B10716D515F0020113D05C
:1032E0006FF002010161012121778069800703D01D
:1032F0002046FFF7E9FF05E0204600F08FF8204662
:1033000000F0E6F900202077700719D515F00400C9
:1033100016D020686FF004010161022121778069D5
:1033200010F4407F04D02046FFF7CEFF06E000BF38
:10333000204600F073F8204600F0CAF900202077FC
:10334000300717D515F0080014D020686FF0080179
:10335000016104212177C069800703D02046FFF76F
:10336000B3FF05E0204600F059F8204600F0B0F920
:1033700000202077F00619D515F0100016D020682F
:103380006FF01001016108212177C06910F4407FBE
:1033900004D02046FFF798FF06E000BF204600F06B
:1033A0003DF8204600F094F900202077F00718BF80
:1033B00015F0010002D1300609D412E020686FF048
:1033C00001010161204600F00DFA300609D515F023
:1033D000800006D020686FF0800101612046FFF771
:1033E00099FD700609D515F0400006D020686FF0F1
:1033F00040010161204600F011FAB00658BF70BDCF
:1034000015F0200008D021686FF0200220460A61E4
:10341000BDE87040FFF780BD70BD00007047000040
:1034200090F83C30012B04BF022070474FEAB202F3
:10343000032A00F2FF802DE9F043DFE802F003B138
:103440003F7F00BF036840F200461C6A1A6A24F0FE
:10345000020422F001021A621A46D3F804C052F89C
:1034600018EF8F6843F48065C4F20106B54244EA60
:10347000070405D1CF6824F00C0427F004073C436F
:103480000F68B54206D1D1E905582CF440762E4399
:1034900046EA080C2EF073063743C3F804C09F6158
:1034A0004F6809695F631C629F6947F008079F6165
:1034B0009F6927F004079F61B1E000BF036840F2F5
:1034C00000481C6A1A6A24F4007422F480721A629A
:1034D0001A46D3F804C052F81CEF8F6843F4806595
:1034E000C4F20108454544EA072408D1CF6840F2F8
:1034F000FF463F0224F4406427EA06063443D1F82D
:103500000090454506D1D1E905562CF440572E438D
:1035100047EA061C2EF0730747EA0907C3F804C000
:10352000DF614F680969DF631C62DF6947F00807E4
:10353000DF61DF6927F00407DF6170E0036840F2B4
:103540000045D3F820C01A6A43F4806722F4805201
:103550001A621A465C6852F81C8FD1F800E08E6837
:10356000C4F20105AF4204D14D6924F4804444EA19
:1035700085142CF4005747EA063728F4E64646EA55
:103580000E265C60DE614E6809691E641F62DF6999
:1035900047F40067DF61DF6927F48067DF613DE0A2
:1035A000036840F200481C6A1A6A24F0200422F0E2
:1035B00010021A621A46D3F804C052F818EF8F6846
:1035C00043F48065C4F20108454544EA071407D175
:1035D000CF686FF0400624F0C00406EA07163443B3
:1035E000D1F80090454506D1D1E905562CF4406745
:1035F0002E4347EA860C2EF4E64747EA0927C3F82C
:1036000004C09F614F6809699F631C629F6947F40A
:1036100000679F619F6927F480679F6109021368B3
:10362000194311600021BDE8F043002280F83C20DE
:10363000084670470121002280F83C200846704768
:10364000002804BF0120704710B5044690F83D00E3
:1036500028B9002084F83C00204600F01FF8022022
:1036600084F83D002068211D02F02AFE012084F824
:10367000460084F83E0084F83F0084F8400084F857
:10368000410084F8420084F8430084F8440084F840
:10369000450084F83D00002010BD0000006840F2A5
:1036A0000041C4F20001884218BF704781B0002079
:1036B000009043F64000C4F20200016841F00201AC
:1036C0000160006800F002000090009801B07047AF
:1036D00070470000C1B1042908D0082914BF412255
:1036E0004022825C012A05D016E000BF3F22825CA6
:1036F000012A11D10222082910D0042914BF80F810
:10370000412080F83F200BE090F83E20012A03D1B1
:10371000022280F83E2003E00120704780F840201C
:10372000006801F01F010122036A02FA01F123EA95
:1037300001020262026A114341F2FF72C4F2000206
:10374000904201620CDC40F2FF71C4F20001884239
:1037500014DCB0F1804F37D040F2004116E000BFDA
:1037600040F2FF31C4F20101884215DC41F600014C
:10377000C4F20001884227D0002115E040F6000184
:10378000C4F2000188421FD040F60041C4F200019B
:10379000884219D01FE000BF44F20001C4F20101C9
:1037A000884211D040F20041C4F20101884212D196
:1037B000416C40F2004340F48062C4F2010341F4E2
:1037C00000419A42416406D1816801F0070106294F
:1037D00004BF00207047016841F001010160002032
:1037E0007047000000680021C4F20101884205D042
:1037F000B0F1804F18BF7047FEF792BF41F65000FE
:10380000C2F200000178013101700178642903D30C
:1038100000210170FCF7E8BF70470000704700000E
:1038200070B582B090F84250202D0BD113460A4655
:103830000146002A4FF0010018BF002B06D102B04C
:1038400070BD00BF022002B070BD00BF086300263B
:1038500022204E638A628B854E6481F842000C6898
:103860000D46C86B46F6450C46F6A511C0F6000C91
:10387000C0F60001C0E90FC146F2C961C0F60001FF
:10388000C0E91316211DFEF7D1FDE8B310206864CE
:103890002020294685F8420001200A6B012A40F0C9
:1038A000B380002200920A68136800935268009265
:1038B000009A00BF0A6852E8032F0B6842F010021A
:1038C00043E80326002EBAD00A6852E8032F0B689B
:1038D00042F0100243E80326002EB0D00A6852E8F6
:1038E000032F0B6842F0100243E80326002EA6D0F7
:1038F0000A6852E8032F0B6842F0100243E80326DF
:10390000002ED7D19BE700BF0196286829460268A0
:103910000192406801900198286928B3086850E82E
:10392000030F0A6840F4807042E80303E3B10868BB
:1039300050E8030F0A6840F4807042E803039BB12B
:10394000086850E8030F0A6840F4807042E80303F7
:1039500053B1086850E8030F0A6840F4807042E8E9
:103960000303002BDAD100BF086850E8050F0A688E
:1039700040F0010042E80503BBB3086850E8050FBA
:103980000A6840F0010042E8050373B3086850E894
:10399000050F0A6840F0010042E805032BB30868F0
:1039A00050E8050F0A6840F0010042E80503002BCB
:1039B000DAD11AE0086850E8050F0A6840F04000C4
:1039C00042E80503DBB1086850E8050F0A6840F0DB
:1039D000400042E8050393B1086850E8050F0A6803
:1039E00040F0400042E805034BB1086850E8050F7D
:1039F0000A6840F0400042E80503002BDAD10020BD
:103A00000A6B012A3FF44DAF012002B070BD0000E7
:103A1000B0B50C460546FDF7D5FA28462146BDE867
:103A2000B04001F0EDBE000010B50446206850E83B
:103A3000030F216820F0C00041E80302DAB12068DA
:103A400050E8030F216820F0C00041E8030292B162
:103A5000206850E8030F216820F0C00041E803020D
:103A60004AB1206850E8030F216820F0C00041E807
:103A70000302002ADAD120684069000636D500BF6B
:103A8000206850E8050F216820F0800041E8050219
:103A9000DAB1206850E8050F216820F0800041E885
:103AA000050292B1206850E8050F216820F08000DF
:103AB00041E805024AB1206850E8050F216820F06E
:103AC000800041E80502002ADAD1A06B70B1002124
:103AD0000165FEF7BBFA48B1A06BFEF711FB202889
:103AE00004D110206064032010BD00BF00202021FD
:103AF000E08484F8411010BD10B50446FDF722FAA9
:103B00002046BDE8104001F065BE0000B0B582B0AF
:103B100001680A68CC684B6902F02F05202D04F07B
:103B2000200505D125B102B0BDE8B04002F0A2BF2A
:103B30005FEA027C1EBF03F0010E04F4907313EBE6
:103B40000E0341D1036BD50618D5012B16D114F005
:103B5000100313D0002201920A6801924A68019270
:103B6000019A496949064BD4818DC28DC38D002BC2
:103B700018BF914240F0068202B0B0BD13062DD5A9
:103B800014F080032AD090F84120212AF4D18268D1
:103B9000B2F5805F03D10269002A00F07982026ADF
:103BA000531C036212784A60C28C013A1304C28427
:103BB000E2D1C86820F08000C860C86840F04000CA
:103BC000C86002B0B0BD00BFD30718BF14F4807343
:103BD00040F0E280530700F1E580EAE05206CBD5E1
:103BE00014F04002C8D0CA6822F04002CA60202106
:103BF00080F8411002B0BDE8B04000F04DBC00BFFD
:103C0000C26B11684B68858D99B2002900F0B480B1
:103C1000A94280F0B180C385D169B1F5807F00F001
:103C2000A080016851E8031F026821F4807142E816
:103C30000313DBB1016851E8031F026821F48071AE
:103C400042E8031393B1016851E8031F026821F4AD
:103C5000807142E803134BB1016851E8031F026809
:103C600021F4807142E80313002BDAD1016851E896
:103C7000051F026821F0010142E80513BBB301688A
:103C800051E8051F026821F0010142E8051373B3F2
:103C9000016851E8051F026821F0010142E805139F
:103CA0002BB3016851E8051F026821F0010142E8C9
:103CB0000513002BDAD11AE0016851E8051F0268EC
:103CC00021F0400142E80513DBB1016851E8051F0E
:103CD000026821F0400142E8051393B1016851E800
:103CE000051F026821F0400142E805134BB101684D
:103CF00051E8051F026821F0400142E80513002B3E
:103D0000DAD1202180F8421000210163016851E8D6
:103D1000031F026821F0100142E80313DBB10168C0
:103D200051E8031F026821F0100142E8031393B128
:103D3000016851E8031F026821F0100142E80313F3
:103D40004BB1016851E8031F026821F0100142E8FD
:103D50000313002BDAD1C16B04460846FEF776F94F
:103D6000204602214163818DC28D891A89B202B039
:103D7000BDE8B040FFF74CBE8D427FF4FDAED26986
:103D8000B2F5807F7FF4F8AE0222426302B0BDE854
:103D9000B040FFF73DBE00BF436C43F001034364F6
:103DA000530706D5BEF1000F03D0436C43F0020366
:103DB0004364930706D5BEF1000F03D0436C43F074
:103DC00004034364BCF1000F06D55EEA050303D08B
:103DD000436C43F008034364436C002B3FF4CCAEC8
:103DE000920605D525B1044602F044FE216820461E
:103DF0004969426C01F0400102F00802891800F0A4
:103E0000B98000BF016851E8031F026821F4907176
:103E100042E80313BBB3016851E8031F026821F4B1
:103E2000907142E8031373B3016851E8031F0268FD
:103E300021F4907142E803132BB3016851E8031F8A
:103E4000026821F4907142E80313002BDAD11AE0E2
:103E5000016851E8051F026821F0010142E80513DD
:103E6000DBB1016851E8051F026821F0010142E859
:103E7000051393B1016851E8051F026821F00101A3
:103E800042E805134BB1016851E8051F026821F0B3
:103E9000010142E80513002BDAD1016B012924D17D
:103EA000016851E8031F026821F0100142E8031382
:103EB000DBB1016851E8031F026821F0100142E8FC
:103EC000031393B1016851E8031F026821F0100148
:103ED00042E803134BB1016851E8031F026821F067
:103EE000100142E80313002BDAD1202180F84210A0
:103EF0000021016301684969490640F1C3800168F6
:103F000051E8051F026821F0400142E80513DBB1CA
:103F1000016851E8051F026821F0400142E80513DD
:103F200093B1016851E8051F026821F0400142E8A1
:103F300005134BB1016851E8051F026821F04001EB
:103F400042E80513002BDAD1C16B002900F09A80FA
:103F500046F2BD62C0F60002044608460A65FEF756
:103F6000BDF800283FF408AEE06B016D02B0BDE87B
:103F7000B04008470446FFF7BFFD0020606402B070
:103F8000B0BD00BF891A00BF026852E8032F036862
:103F900022F4907243E80325BDB3026852E8032F70
:103FA000036822F4907243E8032575B3026852E86F
:103FB000032F036822F4907243E803252DB30268AF
:103FC00052E8032F036822F4907243E80325002D82
:103FD000DAD11AE0026852E8052F036822F00102E4
:103FE00043E80525DDB1026852E8052F036822F099
:103FF000010243E8052595B1026852E8052F0368E0
:1040000022F0010243E805254DB1026852E8052F70
:10401000036822F0010243E80525002DDAD12022B1
:1040200080F8422000220263026852E8032F0368EE
:1040300022F0100243E80325DDB1026852E8032FA5
:10404000036822F0100243E8032595B1026852E8A4
:10405000032F036822F0100243E803254DB10268E4
:1040600052E8032F036822F0100243E80325002DD5
:10407000DAD1022289B2426302B0BDE8B040FFF754
:10408000C7BC00BF02B0BDE8B040FFF735BD00BF00
:10409000026A32F8023B6FF35F234B60026283E5F2
:1040A000002804BF0120704710B5044690F8410075
:1040B00028B9002084F84000204600F021F8242090
:1040C00084F841002068C16821F40051C160204695
:1040D00002F050FD2068016921F4904101614169BD
:1040E00021F02A014161C16841F40051C160002002
:1040F0002021606484F8411084F84210606310BD90
:104100002DE9F04387B00446006841F20041C4F253
:10411000010100268842CDE90566CDE903660296D5
:1041200000F0D88044F60001C4F2000188426DD04E
:1041300044F20041C4F20001884240F03B8143F662
:1041400030000196C4F20200016946F2280841F4E9
:10415000003101610169C4F2020801F400310191EA
:1041600001990196016841F008010160006802A907
:1041700000F0080001900198602002900220CDE933
:104180000306032005900720069040F20040C4F289
:10419000020000F50060FEF7E1F940F6007508F155
:1041A0006000C2F200054FF000674FF48069C5E976
:1041B00000072846C5E90266C5E90496C5E9066612
:1041C000C5E90866FEF780F8002818BFFDF7BCFCBB
:1041D000E563AC6340F6607508F17800C2F2000553
:1041E0004021C5E9000705F1080080E842022846A1
:1041F000C5E90566C5E907666E62FEF765F8002841
:104200004FF0260640F0CA80CAE000BF43F63000F7
:104210000196C4F20200016946F2280841F48021A7
:1042200001610169C4F2020801F480210191019940
:104230000196016841F002010160006802A900F0E6
:104240000200019001984FF4406002900220CDE9F5
:104250000306032005900720069040F20040C4F2B8
:104260000200FEF77BF940F6C075C2F200054FF080
:1042700000674FF480692846C5E90087C5E90266F2
:10428000C5E90496C5E90666C5E90866FEF71CF8A7
:10429000002818BFFDF758FCE563AC6341F2200528
:1042A00008F13000C2F200054021C5E9000705F120
:1042B000080080E842022846C5E90566C5E90766A8
:1042C0006E62FEF701F800284FF0270618BFFDF7D1
:1042D0003BFC65E043F630000196C4F20200416900
:1042E00046F2280841F0200141614169C4F2020808
:1042F00001F02001019101990196016841F004014A
:104300000160006802A900F0040001900198C0203B
:1043100002900220CDE903060320059008200690B4
:1043200040F20040C4F2020000F58060FEF716F98A
:1043300041F2800508F58060C2F200054FF0206769
:104340004FF48069C5E900072846C5E90266C5E95A
:104350000496C5E90666C5E90866FDF7B5FF0028BD
:1043600018BFFDF7F1FBE563AC6341F2E00508F52A
:104370008F60C2F200054021C5E9000705F1080081
:10438000002280E806022846C5E90522C5E9072281
:104390006A62FDF799FF4FF0470608B1FDF7D4FBBD
:1043A000304605210022A563AC63FEF76FFA304664
:1043B000FEF75AFA07B0BDE8F0830000704700002E
:1043C00070470000B0B590F84140202C1CBF02207F
:1043D000B0BD1346024600294FF0010018BF002B64
:1043E00000D1B0BD4FF0000C212011629384D38422
:1043F000C2F844C082F8410014681546906B46F636
:10440000BD1E46F66D22C0F6000EC0F60002C0E9E1
:104410000FE246F2C962C0F60002C0E9132C221D69
:10442000FEF704F830B110206864202085F84100C0
:104430000120B0BD286829466FF04002026000BF2D
:10444000086850E8050F0A6840F0800042E805035C
:1044500003B3086850E8050F0A6840F0800042E89E
:104460000503BBB1086850E8050F0A6840F08000FA
:1044700042E8050373B1086850E8050F0A6840F088
:10448000800042E80503002B4FF0000008BFB0BDDC
:10449000D6E700BF0020B0BD01F08CBA7047000025
:1044A00040F20D1CC2F2000C9CF80030022B08BF39
:1044B00000F008B89CF80030032B18BF704700F0DC
:1044C00001B80000B0B540F60805C2F20005B5F825
:1044D0000CC5B5F80AE5ACEB0E0303F5007303EB6E
:1044E000D35404F47E441B1B4FF6FE742340A3F503
:1044F000FD73062B3CBF0020B0BDB5F80C3503F1B1
:10450000010CB5F80A356FF35F2C9C4506D1B5F860
:104510000E350133A5F80E3508E000BFB5F80C35AF
:1045200055242B4483F80A43A5F80CC5B5F80C357F
:1045300003F1010CB5F80A356FF35F2C9C4505D1EA
:10454000B5F80E350133A5F80E3507E0B5F80C3592
:10455000EE242B4483F80A43A5F80CC5B5F80C35B6
:1045600003F1010CB5F80A356FF35F2C9C4505D1BA
:10457000B5F80E050130A5F80E0506E0B5F80C35C6
:104580002B4483F80A03A5F80CC5B5F80C05B5F85B
:104590000A3501306FF35F20984205D1B5F80E055A
:1045A0000130A5F80E0506E0B5F80C352B4483F86C
:1045B0000A13A5F80C05B5F80C05B5F80A15013075
:1045C0006FF35F20884205D1B5F80E050130A5F8DC
:1045D0000E0506E0B5F80C15294481F80A23A5F864
:1045E0000C05B5F80C05B5F80A1501306FF35F201E
:1045F000884209D1B5F80E050130A5F80E0595F8E9
:10460000100568B10120B0BDB5F80C150E22294483
:1046100081F80A23A5F80C0595F810050028F1D1BA
:1046200072B695F8100518B162B60120B0BD00BF92
:10463000012085F81005B5F80C15B5F80A2540F2EB
:10464000FF13891A01F50071CA1701EBD2529A4380
:10465000891A5DD08AB2802A28BF8022012A88BFA9
:104660001046042900F0030C58D20020BCF1000FC2
:1046700046D0B5F80A15B5F80C3599420ED0B5F804
:104680000A152B18294491F80A1383F88410B5F8F9
:104690000A1501316FF35F21A5F80A15BCF1010F6E
:1046A0002ED0B5F80A15B5F80C3599420FD0B5F8EB
:1046B0000A15431C294491F80A132B4483F88410EB
:1046C000B5F80A1501316FF35F21A5F80A15BCF1A1
:1046D000020F15D0B5F80A15B5F80C3599420FD070
:1046E000B5F80A150230294491F80A13284480F8D5
:1046F0008410B5F80A0501306FF35F20A5F80A05AC
:1047000055F8840B2946FFF75DFE62B60120B0BD67
:10471000002085F8100562B60120B0BD00F0FC0154
:10472000002002E004308142A0D0B5F80A35B5F887
:104730000C45A34212D1B5F80A35B5F80C45A34291
:1047400021D1B5F80A35B5F80C45A34230D1B5F8FA
:104750000A35B5F80C45A342E4D03EE0B5F80A3579
:104760002C182B4493F80A3384F88430B5F80A35B2
:1047700001336FF35F23A5F80A35B5F80A35B5F8AC
:104780000C45A342DDD0B5F80A352C182B4493F81C
:104790000A3384F88530B5F80A3501336FF35F23A7
:1047A000A5F80A35B5F80A35B5F80C45A342CED0C0
:1047B000B5F80A352C182B4493F80A3384F8863060
:1047C000B5F80A3501336FF35F23A5F80A35B5F85C
:1047D0000A35B5F80C45A342A4D0B5F80A352C1813
:1047E0002B4493F80A3384F88730B5F80A3501333F
:1047F0006FF35F23A5F80A3594E70000F0B581B0A8
:1048000040F60807C2F2000772B687F82B050120B0
:1048100087F82C1587F82D2587F82A0540F20D100A
:1048200062B6C2F200000178022902D000780328A3
:1048300024D172B697F82A0510B397F82B6597F82C
:104840002C5597F82D4562B6304629462246FFF78B
:1048500039FE98B172B697F82A0570B197F82B0512
:10486000B0420AD197F82C05A84206D197F82D0539
:10487000A04204BF002087F82A0562B601B0F0BD4F
:1048800062B601B0F0BD00002DE9F04F81B040F6F6
:104890000804DDF840A0DDE90ECBDDE90CE6DDE93A
:1048A0000A75C2F2000472B60090A4F8180501203F
:1048B000A4F81A15A4F81C2584F81E3584F81F7571
:1048C00084F8205584F821E584F8226584F823C50E
:1048D00084F824B584F825A584F8290540F20D1044
:1048E00062B6C2F200000078022840F09581984636
:1048F00091460F46FDF70EFF40F2B821C2F20001CB
:104900000A683B46CE46C446DDF828800C9FDDF899
:104910003890821A322AC0F07F810860B4F80C0502
:10492000B4F80A1501306FF35F20884206D1B4F85D
:104930000E050130A4F80E0508E000BFB4F80C1510
:104940005522214481F80A23A4F80C05B4F80C057B
:10495000B4F80A1501306FF35F20884206D1B4F82D
:104960000E050130A4F80E0508E000BFB4F80C15E0
:10497000CC22214481F80A23A4F80C05B4F80C05D4
:10498000B4F80A1501306FF35F20884206D1B4F8FD
:104990000E050130A4F80E0508E000BFB4F80C15B0
:1049A000009A214481F80A23A4F80C05B4F80C05F8
:1049B000B4F80A1501306FF35F20884206D1B4F8CD
:1049C0000E050130A4F80E0509E000BFB4F80C157F
:1049D000009A2144120A81F80A23A4F80C05B4F8BD
:1049E0000C05B4F80A1501306FF35F20884205D139
:1049F000B4F80E050130A4F80E0506E0B4F80C1565
:104A0000214481F80A33A4F80C05B4F80C05B4F875
:104A10000A1501306FF35F20884205D1B4F80E0506
:104A20000130A4F80E0507E0B4F80C151A0A214469
:104A300081F80A23A4F80C05B4F80C05B4F80A159B
:104A400001306FF35F20884206D1B4F80E050130C3
:104A5000A4F80E0507E000BFB4F80C15214481F856
:104A60000AE3A4F80C05B4F80C05B4F80A150130F3
:104A70006FF35F20884205D1B4F80E050130A4F829
:104A80000E0508E0B4F80C154FEA1E22214481F807
:104A90000A23A4F80C05B4F80C05B4F80A15013083
:104AA0006FF35F20884205D1B4F80E050130A4F8F9
:104AB0000E0506E0B4F80C15214481F80AC3A4F8E9
:104AC0000C05B4F80C05B4F80A1501306FF35F203B
:104AD000884205D1B4F80E050130A4F80E0506E0B1
:104AE000B4F80C15214481F80A83A4F80C05B4F835
:104AF0000C05B4F80A1501306FF35F20884205D128
:104B0000B4F80E050130A4F80E0506E0B4F80C1553
:104B1000214481F80A53A4F80C05B4F80C05B4F844
:104B20000A1501306FF35F20884205D1B4F80E05F5
:104B30000130A4F80E0506E0B4F80C15214481F804
:104B40000A73A4F80C05B4F80C05B4F80A15013082
:104B50006FF35F20884205D1B4F80E050130A4F848
:104B60000E0506E0B4F80C15214481F80A63A4F898
:104B70000C05B4F80C05B4F80A1501306FF35F208A
:104B8000884205D1B4F80E050130A4F80E0506E000
:104B9000B4F80C15214481F80A93A4F80C05B4F874
:104BA0000C05B4F80A1501306FF35F20884205D177
:104BB000B4F80E050130A4F80E0506E0B4F80C15A3
:104BC000214481F80AB3A4F80C05B4F80C05B4F834
:104BD0000A1501306FF35F20884205D1B4F80E0545
:104BE0000130A4F80E0506E0B4F80C15214481F854
:104BF0000AA3A4F80C05B4F80C05B4F80A150130A2
:104C00006FF35F2088420BD1B4F80E050130A4F891
:104C10000E0594F8100578B101B0BDE8F08F00BF23
:104C2000B4F80C150C22214481F80A23A4F80C05D1
:104C300094F810050028EFD172B694F8100518B159
:104C400062B601B0BDE8F08F012084F81005B4F819
:104C50000C15B4F80A2540F2FF13891A01F500710A
:104C6000CA1701EBD2529A43891A5BD08AB2802AC2
:104C700028BF8022012A88BF1046042900F00301C2
:104C800058D20020002944D0B4F80A35B4F80C7585
:104C9000BB420ED0B4F80A352718234493F80A33E0
:104CA00087F88430B4F80A3501336FF35F23A4F832
:104CB0000A3501292DD0B4F80A35B4F80C75BB4279
:104CC0000FD0B4F80A35471C234493F80A3327441D
:104CD00087F88430B4F80A3501336FF35F23A4F802
:104CE0000A35022915D0B4F80A15B4F80C359942E2
:104CF0000FD0B4F80A150230214491F80A13204469
:104D000080F88410B4F80A0501306FF35F20A4F82E
:104D10000A0554F8840B2146FFF754FB62B601B034
:104D2000BDE8F08F002084F8100562B601B0BDE840
:104D3000F08F00BF00F0FC03002002E0043083424B
:104D4000A0D0B4F80A75B4F80C65B74212D1B4F823
:104D50000A75B4F80C65B74221D1B4F80A75B4F8F5
:104D60000C65B74230D1B4F80A75B4F80C65B74297
:104D7000E4D03EE0B4F80A752618274497F80A7381
:104D800086F88470B4F80A7501376FF35F27A4F8CA
:104D90000A75B4F80A75B4F80C65B742DDD0B4F8FA
:104DA0000A752618274497F80A7386F88570B4F8B0
:104DB0000A7501376FF35F27A4F80A75B4F80A750E
:104DC000B4F80C65B742CED0B4F80A75261827445B
:104DD00097F80A7386F88670B4F80A7501376FF38E
:104DE0005F27A4F80A75B4F80A75B4F80C65B742E1
:104DF000A4D0B4F80A752618274497F80A7386F8E1
:104E00008770B4F80A7501376FF35F27A4F80A7545
:104E100094E7000010B540F20D13C2F200031B78B6
:104E20008C4603F00F01012940F0148140F608017F
:104E3000C2F2000172B681F8120581F813C581F83B
:104E4000142562B6B1F80C35B1F80AE55C1C6FF3B5
:104E50005F24744506D1B1F80E350133A1F80E3543
:104E600009E000BFB1F80C3501EB030E55238EF8B5
:104E70000A33A1F80C45B1F80C35B1F80A450133F5
:104E80006FF35F23A34205D1B1F80E350133A1F8CA
:104E90000E3508E0B1F80C4501EB040EBB248EF88A
:104EA0000A43A1F80C35B1F80C35B1F80A450133C5
:104EB0006FF35F23A34205D1B1F80E050130A1F8CD
:104EC0000E0506E0B1F80C450C4484F80A03A1F87D
:104ED0000C35B1F80C05B1F80A3501306FF35F20DD
:104EE000984205D1B1F80E050130A1F80E0506E093
:104EF000B1F80C350B4483F80AC3A1F80C05B1F8DE
:104F00000C05B1F80A3501306FF35F20984205D1E6
:104F1000B1F80E050130A1F80E0506E0B1F80C3528
:104F20000B4483F80A23A1F80C05B1F80C05B1F87D
:104F30000A2501306FF35F20904205D1B1F80E05CC
:104F40000130A1F80E0507E0B1F80C250B230A4447
:104F500082F80A33A1F80C0591F81005002818BF53
:104F600010BD72B691F8100510B162B610BD00BF49
:104F7000012081F81005B1F80C25B1F80A3540F28E
:104F8000FF14D21A02F50072D31702EBD353A343D6
:104F9000D31A5BD09AB2802A28BF8022012A88BF08
:104FA0001046042B00F0030C56D20020BCF1000F79
:104FB00046D0B1F80A35B1F80C45A3420ED0B1F88D
:104FC0000A350C180B4493F80A3384F88430B1F88E
:104FD0000A3501336FF35F23A1F80A35BCF1010FE5
:104FE0002ED0B1F80A35B1F80C45A3420FD0B1F874
:104FF0000A35441C0B4493F80A330C4484F884307B
:10500000B1F80A3501336FF35F23A1F80A35BCF11B
:10501000020F15D0B1F80A35B1F80C45A3420FD0F4
:10502000B1F80A3502300B4493F80A33084480F88B
:105030008430B1F80A0501306FF35F20A1F80A054A
:1050400051F8840BFFF7BEF903E000BF002081F8A0
:10505000100562B610BD00BF00F0FC0E002002E09B
:1050600004308645A2D0B1F80A45B1F80C359C420F
:1050700012D1B1F80A35B1F80C45A34221D1B1F8EB
:105080000A35B1F80C45A34230D1B1F80A35B1F870
:105090000C45A342E4D03EE0B1F80A350C180B44AD
:1050A00093F80A3384F88430B1F80A3501336FF38A
:1050B0005F23A1F80A35B1F80A35B1F80C45A342CF
:1050C000DDD0B1F80A350C180B4493F80A3384F894
:1050D0008530B1F80A3501336FF35F23A1F80A3543
:1050E000B1F80A35B1F80C45A342CED0B1F80A3573
:1050F0000C180B4493F80A3384F88630B1F80A355B
:1051000001336FF35F23A1F80A35B1F80A35B1F81E
:105110000C45A342A4D0B1F80A350C180B4493F8FF
:105120000A3384F88730B1F80A3501336FF35F230F
:10513000A1F80A3594E7000080B540F60801C2F2F4
:105140000001022281F811250022086081F8102553
:10515000A1F82925A1F80823A1F80E250431802201
:10516000FEF75EFB002000210022FCF7B3F90120CE
:1051700000210022FCF7AEF9022000210022FCF7FA
:10518000A9F9032000210022FCF7A4F90420002142
:105190000022FCF79FF9052000210022FCF79AF974
:1051A000062000210022FCF795F9072000210022AB
:1051B000FCF790F9082000210022FCF78BF9092068
:1051C00000210022FCF786F90A2000210022FCF7CA
:1051D00081F90B2000210022BDE88040FCF77AB95C
:1051E0002DE9F04F8DB040F20D1AC2F2000A9AF884
:1051F000000040F608070228C2F2000703D09AF820
:105200000000032824D172B697F82A0530B397F826
:105210002B6597F82C5597F82D4562B630462946F0
:105220002246FFF74FF998B172B697F82A0570B188
:1052300097F82B05B0420AD197F82C05A84206D161
:1052400097F82D05A04204BF002087F82A0562B612
:1052500097F81005002840F0858005E062B697F8C1
:105260001005002840F07E80B7F80C05B7F80A1545
:10527000401AC00576D072B697F8100510B162B624
:1052800070E000BF012087F81005B7F80C15B7F8DB
:105290000A2540F2FF13891A01F50071CA1701EBC4
:1052A000D2529A43891A59D08AB2802A28BF8022C2
:1052B000012A88BF1046042900F0030180F01882FB
:1052C0000020002944D0B7F80A35B7F80C65B3427E
:1052D0000ED0B7F80A353E183B4493F80A3386F8E7
:1052E0008430B7F80A3501336FF35F23A7F80A3526
:1052F00001292DD0B7F80A35B7F80C65B3420FD0A5
:10530000B7F80A35461C3B4493F80A333E4486F806
:105310008430B7F80A3501336FF35F23A7F80A35F5
:10532000022915D0B7F80A15B7F80C3599420FD0F5
:10533000B7F80A150230394491F80A13384480F856
:105340008410B7F80A0501306FF35F20A7F80A054B
:10535000394651F8840BFFF735F802E0002087F852
:10536000100562B6B7F80603B7F8041340F2FF1849
:10537000401A00F5007000EBD05121EA0801401AF4
:105380000228C0F0B1810DF1240915E0B7F804033B
:1053900001306FF35F20A7F80403B7F80603B7F8EE
:1053A0000413401A00F5007000EBD05121EA080107
:1053B000401A012840F29881B7F80403391891F88F
:1053C00004115529E2D1461C6FF35F26B91991F8F3
:1053D0000411CB290CDCAA2916D0BB29D6D14FF059
:1053E000020C0622012400214FF00B0E1BE000BF2F
:1053F000CC2911D0DD29C9D14FF0040C062201249B
:1054000000214FF00D0E0EE00121042200244FF088
:105410000A0E4FF0010C06E04FF0030C11220021A0
:105420004FF00C0E0024B7F80653B7F80433EB1A0C
:1054300003F5007303EBD35505F47E455B1B9BB26C
:105440009A4200F2518107F582752B5CAE5D8DF8B2
:1054500024308DF82560831CC61C6FF35F236FF327
:105460005F26EB5CAE5D00F1040B00296FF35F2B50
:105470008DF826308DF827605CD1431D6FF35F23D4
:1054800015F80B10EB5C00F1060B002C6FF35F2B93
:105490008DF828108DF829304CD115F80B1000F13B
:1054A00008038DF82A10C11D6FF35F216FF35F238E
:1054B000695CEB5C8DF82B108DF82C3000F1090144
:1054C00000F10A036FF35F216FF35F23695CEB5C0C
:1054D0008DF82D108DF82E3000F10B0100F10C032A
:1054E0006FF35F216FF35F23695CEB5C8DF82F1026
:1054F0008DF8303000F10D0100F10E036FF35F21E4
:105500006FF35F23695CEB5C8DF831108DF83230FE
:1055100000F10F0100F110036FF35F216FF35F23C0
:10552000695CEB5C00F1110B8DF833108DF83430B1
:105530006FF35F2B02EB090010F8010C86452FD1A9
:10554000BCF1040F56D0BCF1020F33D0BCF1010FF7
:105550002CD19AF800009DF8261001F00F02012AC4
:1055600087F811158AF8001005D140F20C120909CC
:10557000C2F2000211709AF80010022852D10229DA
:1055800000F07E8072B6B7F80C05A7F80A0562B67F
:105590003868FEF749FA002087F8100570E000BF70
:1055A000B7F8040300F1010B6FF35F2BA7F804B306
:1055B000F3E600BF9AF8000000F00F000128F5D1D3
:1055C0009DF8271040F2BC23C2F200039DF826008C
:1055D0009DF82820197040F2BD23C2F2000387F81D
:1055E000150587F8161587F817251A70FBF7A2FF1F
:1055F000DCE700BF9AF80000032803D09AF8000007
:105600000228D3D19DF826009DF827109DF8282068
:1056100087F8260587F8271587F82825FBF75AFF0E
:10562000C4E700BF02292BD197F8290540B3B7F989
:10563000180597F81F650890484697F8249597F83D
:10564000205597F825A5B7F91A15B7F91C2597F82D
:105650001E3597F82145CDF8149081460898CDE97C
:10566000006502ADCDF818A040F20D1A97F822C5DA
:1056700097F823E585E81050C2F2000AFFF704F915
:105680009AF80000022803D09AF8000003288DD170
:1056900072B697F82A0518B34C4697F82B6597F819
:1056A0002C5597F82D9562B6304629464A46FEF7A6
:1056B00009FFB8B172B697F82A0570B197F82B05B3
:1056C000B0420AD197F82C05A84206D197F82D05CB
:1056D000484504BF002087F82A0562B6A14665E761
:1056E00062B663E7A14661E70DB0BDE8F08F00BF89
:1056F00000F0FC03002003E0043083423FF4E1ADFE
:10570000B7F80A65B7F80C55AE4213D1B7F80A6579
:10571000B7F80C55AE4222D1B7F80A65B7F80C5568
:10572000AE4231D1B7F80A65B7F80C55AE42E3D0B6
:105730003FE000BFB7F80A653D183E4496F80A639B
:1057400085F88460B7F80A6501366FF35F26A7F81D
:105750000A65B7F80A65B7F80C55AE42DCD0B7F861
:105760000A653D183E4496F80A6385F88560B7F8E7
:105770000A6501366FF35F26A7F80A65B7F80A6570
:10578000B7F80C55AE42CDD0B7F80A653D183E4487
:1057900096F80A6385F88660B7F80A6501366FF3F4
:1057A0005F26A7F80A65B7F80A65B7F80C55AE4248
:1057B000A2D0B7F80A653D183E4496F80A6385F80A
:1057C0008760B7F80A6501366FF35F26A7F80A65A8
:1057D00092E7000010B540F60804C2F20004216808
:1057E000814218BF10BD002084F810050846FEF75E
:1057F0001BF92068211D8022BDE81040FEF710B87B
:1058000070B540F60803C2F20003D3F800E0864505
:1058100018BF70BD002900F0C680042901F0030CF8
:1058200002D2002169E000BF21F00300002107E05F
:10583000B3F808230132A3F80823043188425CD06E
:105840005A181479B3F80653B3F8046301356FF3AB
:105850005F25B54206D1B3F808430134A3F80843E5
:1058600007E000BFB3F806631E4486F80441A3F8BE
:1058700006535479B3F80653B3F8046301356FF354
:105880005F25B54206D1B3F808430134A3F80843B5
:1058900007E000BFB3F806631E4486F80441A3F88E
:1058A00006539479B3F80653B3F8046301356FF3E4
:1058B0005F25B54206D1B3F808430134A3F8084385
:1058C00007E000BFB3F806631E4486F80441A3F85E
:1058D0000653D279B3F80643B3F8045301346FF397
:1058E0005F24AC42A4D0B3F806531D4485F80421CC
:1058F000A3F8064304318842A2D1BCF1000F52D074
:1059000058180179B3F80623B3F8044301326FF352
:105910005F22A24208D1B3F808130131A3F808139B
:10592000BCF1010F0AD13EE0B3F806431C4484F8F1
:105930000411A3F80623BCF1010F34D04179B3F868
:105940000623B3F8044301326FF35F22A24209D168
:10595000B3F808130131A3F80813BCF1020F0BD1FF
:1059600021E000BFB3F806431C4484F80411A3F8F7
:105970000623BCF1020F16D08079B3F80613B3F8F2
:10598000042301316FF35F21914205D1B3F808037D
:105990000130A3F8080306E0B3F806231A4482F89E
:1059A0000401A3F80613191D70468022BDE870405B
:1059B000FDF736BF40F60803C2F20003D3F800C07B
:1059C000604501D0704700BF002083F81005B3F890
:1059D0000C05B3F80A1540F2FF12401A00F50070EA
:1059E000C11700EBD1519143401A08BF7047B0B5C1
:1059F00082B2802A28BF8022012A114698BF012145
:105A0000042801F0030E55D20020BEF1000F46D04D
:105A1000B3F80A15B3F80C45A1420ED0B3F80A1535
:105A20001C18194491F80A1384F88410B3F80A1565
:105A300001316FF35F21A3F80A15BEF1010F2ED0DB
:105A4000B3F80A15B3F80C45A1420FD0B3F80A1504
:105A5000441C194491F80A131C4484F88410B3F8C8
:105A60000A1501316FF35F21A3F80A15BEF1020F89
:105A700015D0B3F80A15B3F80C45A1420FD0B3F80E
:105A80000A150230194491F80A13184480F884105A
:105A9000B3F80A0501306FF35F20A3F80A0501246B
:105AA00003F18401604683F81045BDE8B040FEF77D
:105AB00089BC00BF01F0FC01002002E004308142FB
:105AC000A3D0B3F80A45B3F80C55AC4212D1B3F8E1
:105AD0000A45B3F80C55AC4221D1B3F80A45B3F8E6
:105AE0000C55AC4230D1B3F80A45B3F80C55AC4272
:105AF000E4D03EE0B3F80A451D181C4494F80A436C
:105B000085F88440B3F80A4501346FF35F24A3F8A5
:105B10000A45B3F80A45B3F80C55AC42DDD0B3F8EA
:105B20000A451D181C4494F80A4385F88540B3F8CB
:105B30000A4501346FF35F24A3F80A45B3F80A4518
:105B4000B3F80C55AC42CED0B3F80A451D181C442E
:105B500094F80A4385F88640B3F80A4501346FF398
:105B60005F24A3F80A45B3F80A45B3F80C55AC42D4
:105B7000A4D0B3F80A451D181C4494F80A4385F8CC
:105B80008740B3F80A4501346FF35F24A3F80A4550
:105B900094E70000FEE7000040F28421C2F2000119
:105BA0000A68904218BF7047D1E9010141F2F02222
:105BB000C2F20002106051607047000010B540F260
:105BC0008421C2F2000141F8040B0422FCF76EF9B3
:105BD00041F2D014C2F2000420460C21FDF77AFDF8
:105BE00020685A21016410BD7047000010B584B0D0
:105BF00040F65860C2F2000042F2001C4FF08052A2
:105C00004FF000630021C4F2010C4FF4803E0124E8
:105C1000C0E90A3204220391017680F82010C261A3
:105C200080F83040C0E900CEC0E90211C0E9044468
:105C3000FCF732F8002818BFFBF786FF0320CDE9F8
:105C40000004029040F65860C2F200006946FBF77B
:105C50007FFF002818BFFBF777FF04200090022089
:105C6000019040F65860C2F200006946FBF770FFF1
:105C7000002818BFFBF768FF052000900320019063
:105C800040F65860C2F200006946FBF761FF002849
:105C900018BFFBF759FF062000900420019040F642
:105CA0005860C2F200006946FBF752FF002818BF97
:105CB000FBF74AFF04B010BD80B582B0002043F668
:105CC00030010190C4F202010A6842F400120A6035
:105CD0000A6802F400120192019A009008680022FA
:105CE00040F4800008600868052100F480000090FE
:105CF00000980C20FCF7CAFD0C20FCF7B5FD0E2027
:105D000005210022FCF7C2FD0E20FCF7ADFD10209E
:105D100005210022FCF7BAFD1020FCF7A5FD11209B
:105D200005210022FCF7B2FD1120FCF79DFD392072
:105D300005210022FCF7AAFD3920FCF795FD3A2049
:105D400005210022FCF7A2FD3A20FCF78DFD45203D
:105D500005210022FCF79AFD452002B0BDE88040F5
:105D6000FCF782BD10B546F2C51049F28002C0F6BC
:105D70000000C0F60002002100F0E8FF40F28414A9
:105D8000C2F20004206041F6193048F60C72C0F6E9
:105D90000000C0F60002002100F0D8FF606040F271
:105DA000C97048F6E862C0F60000C0F600020021A3
:105DB00000F0CCFFA06046F2751048F63072C0F6D5
:105DC0000000C0F60002002100F0C0FFE06046F2D3
:105DD000716048F65472C0F60000C0F6000200215F
:105DE00000F0B4FF206110BD2DE9F04F87B000270F
:105DF00043F630000697CDE90477CDE902770197A5
:105E0000C4F20200016840F2004441F01001016058
:105E10000168C4F2020401F0100101910199019797
:105E20000168002241F08001016001684FF4405B8D
:105E300001F08001019101990197016841F004018D
:105E40000160016801F00401019101990197016865
:105E500041F001010160016801F001010191019926
:105E60000197016841F002010160016801F002013F
:105E7000019101990197016841F0080101600068F2
:105E80004FF4405100F00800019001982046FCF7C3
:105E90003BFC04F5806528464FF4406100224FF436
:105EA0004069FCF731FC47F6BF7002AECDE902074E
:105EB0004FF0020804F540603146CDF81080FCF741
:105EC0004DFB0F20CDE902074FF0010A284631466D
:105ED000CDF810A0FCF742FB20463146CDE902BACE
:105EE000CDE90477FCF73AFB4FF4804002904FF481
:105EF000881B20463146CDE903B8FCF72FFB4FF451
:105F0000706002A981E88101A4F580603146FCF748
:105F100025FB28463146CDE9029ACDE90477FCF706
:105F20001DFB4FF48050CDE9020B28463146CDF8D9
:105F30001080FCF713FBF02002A981E881012046C4
:105F40003146FCF70BFB282005210022FCF79EFCC4
:105F50002820FCF789FC07B0BDE8F08F80B586B03B
:105F600041F2401000220021C2F20000C4F20102FE
:105F700044F29F134FF0090C0591CDE90311CDE9CF
:105F80000011C0E90023C0E9021CC0E904118161CD
:105F9000FDF722F8002818BFFBF7D6FD4FF480501C
:105FA000029041F24010C2F2000002A9FDF7BCF8D5
:105FB000002818BFFBF7C8FD41F24010C2F20000F4
:105FC0006946FCF7ABFF002818BFFBF7BDFD06B024
:105FD00080BD000080B58AB02020089041F2D0102A
:105FE00040F200420021C2F20000C4F200024FF66B
:105FF000FF730991CDE90611CDE90411C0E9002133
:10600000C0E9021301618161FDF71AFB002818BF86
:10601000FBF79AFD41F2D010C2F2000008A9FCF78C
:106020007DFF002818BFFBF78FFD60200190002046
:10603000CDE90200059041F2D010C2F2000001A9A2
:106040000C22FDF7EDF9002818BFFBF77DFD0AB023
:1060500080BD000080B541F2182044F20041C2F238
:106060000000C4F2000100234FF00C0C4FF4E132A9
:1060700080E80E00C0E90333C0E905C3C361FEF741
:106080000FF8002808BF80BDBDE88040FBF75CBD6D
:1060900080B541F2602044F60001C2F20000C4F273
:1060A000000100234FF00C0C4FF4E13280E80E00A9
:1060B000C0E90333C0E905C3C361FDF7F1FF002860
:1060C00008BF80BDBDE88040FBF73EBD80B541F212
:1060D000A82041F20041C2F20000C4F201010023F5
:1060E0004FF00C0C4FF4E13280E80E00C0E90333AE
:1060F000C0E905C3C361FDF7D3FF002808BF80BD19
:10610000BDE88040FBF720BDFEE70000FEE7000091
:10611000EFF30980BFF36F8F154B1A681EF0100F55
:1061200008BF20ED108A20E9F04F10602DE909002A
:106130004FF0500080F31188BFF34F8FBFF36F8F84
:1061400001F062FF4FF0000080F31188BDE8090004
:1061500019680868B0E8F04F1EF0100F08BFB0ECE7
:10616000108A80F30988BFF36F8F704700BF00BFAC
:106170009801002041F2602041F2A821C2F2000003
:10618000C2F20001FBF706FAFBF78EFA012000F0DD
:106190009BFDF9E700000000000000000000000087
:1061A000074B19680868B0E8F04F80F30988BFF31F
:1061B0006F8F4FF0000080F31188704700BF00BF61
:1061C00098010020012000F07FFDFBE780B54EF232
:1061D0001000CEF20000006802F080FC012808BF29
:1061E00080BDBDE8804002F039B8000070B592B0C3
:1061F00006AC20463021FAF712F9002543F640009C
:106200000595CDE90355CDE901550095C4F202008D
:106210000168022641F080510160006800F0805062
:106220000090009847F200000095C4F20000016859
:1062300041F4804101600068A82100F48040009092
:106240000098012006904FF4803007904FF48000B2
:106250000D9004200E90119020460C96CDE90F165B
:10626000FCF782FC10B172B6FEE700BF0F20CDE94B
:1062700001064FF4A05004904FF48050059001A8FF
:1062800005210395FCF73EFB10B172B6FEE700BF97
:1062900012B070BD4EF68850CEF20000016841F495
:1062A000700101607047000041F24010C2F200002E
:1062B000FDF70CB841F28810C2F20000FDF706B8F5
:1062C000B0B540F6FF3E0568C4F2000E40F2004C47
:1062D0007045C4F2010C25DCB0F1804F2FD040F2A4
:1062E0000043C4F20003984229D040F60003C4F2F0
:1062F0000003984223D041F6FF73C4F20003984292
:1063000028DC70453ADCB0F1804F5BD040F20043AE
:10631000C4F20003984255D040F60003C4F20003D3
:106320004EE000BF40F60043C4F20003984206D09E
:10633000604504D00023C4F201039842DBD14B68CE
:1063400025F0700243EA020541F6FF73C4F2000330
:106350009842D6DD43F6FF73C4F2010398421FDC76
:1063600042F20003C4F2000398422BD00023C4F28F
:106370000103984226D0604524D028E040F600432F
:10638000C4F2000398421DD041F60003C4F200039A
:10639000984217D041F60043C4F2000310E000BF5A
:1063A00044F20003C4F2010398420BD044F6000308
:1063B000C4F20103984205D044F20043C4F2010341
:1063C000984204D1CB6825F4407243EA02050A687A
:1063D0008C684B69C46240F480648262644504BF87
:1063E00009690163026825F0800142F00402194343
:1063F0000260012242610160B0BD00002DE9F04160
:1064000040F27425C2F200052978002900F0A88026
:1064100040F2C426C2F200063168884240F0A080F3
:10642000EFF3108872B6B6F81005B6F80E1540F204
:10643000FF12401A00F50070C11700EBD1519143D3
:10644000401A00F08F8084B2802C28BF8024012C59
:10645000224698BF0122042802F0030180F09680B2
:106460000020002944D0B6F80E25B6F810359A421F
:106470000ED0B6F80E253318324492F80E2383F866
:106480008820B6F80E2501326FF35F22A6F80E259C
:1064900001292DD0B6F80E25B6F810359A420FD046
:1064A000B6F80E25431C324492F80E23334483F889
:1064B0008820B6F80E2501326FF35F22A6F80E256C
:1064C000022915D0B6F80E15B6F8102591420FD056
:1064D000B6F80E150230314491F80E13304480F8AE
:1064E0008810B6F80E0501306FF35F20A6F80E0590
:1064F000012086F81405FCF70DF9B8F1000FC6F875
:10650000180500D162B6002C08BFBDE8F081314605
:1065100051F8880B2246FDF755FF68B30021EFF3D1
:10652000108072B686F81415C6F81815B6F81E1540
:1065300001F10101A6F81E1500B962B6B6F80C0308
:10654000A880B6F81205E880B6F81E052881B6F8CE
:106550001C056881B6F82005A881B6F82205E881F7
:10656000BDE8F0810020002486F81405B8F1000F82
:10657000C6F81805C7D1C5E741F65400C2F20000BD
:10658000018801310180BDE8F08100BF02F0FC020A
:10659000002003E0043082423FF463AFB6F80E35CA
:1065A000B6F81075BB4213D1B6F80E35B6F81075B3
:1065B000BB4222D1B6F80E35B6F81075BB4231D1C8
:1065C000B6F80E35B6F81075BB42E3D03FE000BF19
:1065D000B6F80E353718334493F80E3387F8883001
:1065E000B6F80E3501336FF35F23A6F80E35B6F813
:1065F0000E35B6F81075BB42DCD0B6F80E3537183C
:10660000334493F80E3387F88930B6F80E350133EA
:106610006FF35F23A6F80E35B6F80E35B6F8107591
:10662000BB42CDD0B6F80E353718334493F80E334D
:1066300087F88A30B6F80E3501336FF35F23A6F87A
:106640000E35B6F80E35B6F81075BB42A2D0B6F8C6
:106650000E353718334493F80E3387F88B30B6F87D
:106660000E3501336FF35F23A6F80E3592E7000075
:106670004EF6FC50CEF20000016841F080710160DE
:1066800041F20000CEF2000000214160016841F0BB
:1066900001010160FAF7A8F841F26024C2F2000497
:1066A0002046FFF7ABFE00BF01204FF0FF3101F0A5
:1066B000D5F82046FFF7A2FEF6E70000806B002128
:1066C000C185FDF719BA0000806B01684A6990F82E
:1066D0004130212B2DD112F080022AD00021C1841B
:1066E000016851E8031F026821F0C00142E803136A
:1066F000DBB1016851E8031F026821F0C00142E8E4
:10670000031393B1016851E8031F026821F0C0012F
:1067100042E803134BB1016851E8031F026821F0FE
:10672000C00142E80313002BDAD1202180F8411088
:106730000168496990F84220222A40F07D8011F0DA
:10674000400179D00021C185016851E8031F02682A
:1067500021F4907142E80313BBB3016851E8031FB1
:10676000026821F4907142E8031373B3016851E8A1
:10677000031F026821F4907142E803132BB30168F0
:1067800051E8031F026821F4907142E80313002BC3
:10679000DAD11AE0016851E8051F026821F0010111
:1067A00042E80513DBB1016851E8051F026821F0DA
:1067B000010142E8051393B1016851E8051F026821
:1067C00021F0010142E805134BB1016851E8051FB2
:1067D000026821F0010142E80513002BDAD1016BB8
:1067E000012924D1016851E8031F026821F010013A
:1067F00042E80313DBB1016851E8031F026821F08E
:10680000100142E8031393B1016851E8031F0268C5
:1068100021F0100142E803134BB1016851E8031F56
:10682000026821F0100142E80313002BDAD1202185
:1068300080F8421000210163416C41F01001416475
:10684000FDF75AB90168806B0968C90500F19F809E
:106850000021C185016851E8031F026821F480719D
:1068600042E80313E3B1016851E8031F026821F411
:10687000807142E803139BB1016851E8031F02686D
:1068800021F4807142E8031353B1016851E8031FFA
:10689000026821F4807142E80313002BDAD100BFB3
:1068A000016851E8051F026821F0010142E8051363
:1068B000BBB3016851E8051F026821F0010142E8FD
:1068C000051373B3016851E8051F026821F0010147
:1068D00042E805132BB3016851E8051F026821F057
:1068E000010142E80513002BDAD11AE0016851E8F2
:1068F000051F026821F0400142E80513DBB1016881
:1069000051E8051F026821F0400142E8051393B1E8
:10691000016851E8051F026821F0400142E80513B3
:106920004BB1016851E8051F026821F0400142E8BF
:106930000513002BDAD1202180F84210016B0129C8
:1069400025D100BF016851E8031F026821F0100142
:1069500042E80313DBB1016851E8031F026821F02C
:10696000100142E8031393B1016851E8031F026864
:1069700021F0100142E803134BB1016851E8031FF5
:10698000026821F0100142E80313002BDAD1002144
:106990004163016B012918BFFDF710BD818DFDF723
:1069A00037B80000806B01214163016B012918BFDA
:1069B000FDF706BD818D4908FDF72AB80168806B97
:1069C0000968C90548BFFDF767BD0021C18400BF44
:1069D000016851E8051F026821F0800142E80513B3
:1069E00083B3016851E8051F026821F0800142E885
:1069F00005133BB3016851E8051F026821F08001CF
:106A000042E80513F3B1016851E8051F026821F05F
:106A1000800142E80513002BDAD113E0016851E848
:106A2000031F026841F0400142E80313002B08BF36
:106A30007047016851E8031F026841F0400142E8D5
:106A4000031393B1016851E8031F026841F040014C
:106A500042E803134BB1016851E8031F026841F09B
:106A6000400142E80313002BD8D17047806BFDF73B
:106A700015BD000081B090F84210222921D1836811
:106A80000246B3F5805F09D152F8281F52F8183C2E
:106A9000002B63D003685B680AE000BF52F8281F30
:106AA00013B90369002BF5D003685B6803F07F031B
:106AB0000B70116801311160C18D01390A04C18563
:106AC00002D001B0704700BF0168CA6822F02002FE
:106AD000CA60CA6822F48072CA604A6922F0010260
:106AE0004A61202180F8421000214163026B012A93
:106AF0003CD10163016851E8031F026821F01001D5
:106B000042E80313DBB1016851E8031F026821F07A
:106B1000100142E8031393B1016851E8031F0268B2
:106B200021F0100142E803134BB1016851E8031F43
:106B3000026821F0100142E80313002BDAD101684A
:106B40000A68D20606D5002200920A6800924968B7
:106B500000910099818D01B0FCF75ABF026852681C
:106B60006FF35F2221F8022B8162A5E701B0FDF7E8
:106B700025BC0000B0B50446006804F108030ECB44
:106B80000569194325F440552A4302616269E369A6
:106B90001143C268194349F20C639A431143C1601F
:106BA0004169A26921F4407141F20043114340F46C
:106BB0008062C4F201039A42416103D1FBF788FF6E
:106BC00002E000BFFBF770FFE1694FF69C75636858
:106BD0001922C0F6FF75B1F5004FA0FB02011FD1CD
:106BE0005A00DB0FF9F756FB48F21F51C5F2EB11C3
:106BF000A0FB01235A0905F1805302FB0300322355
:106C000003EBC000A0FB01014FF4F87000EA111083
:106C100000EB0210C1F34211084421688860B0BD46
:106C20009A009B0FF9F736FB48F21F51C5F2EB11A2
:106C3000A0FB01235A0902FB0500322303EB0010DD
:106C4000A0FB0101F02000EA511000EB0210C1F39B
:106C50004311084421688860B0BD000041F218204B
:106C6000C2F20000FCF752BF41F26020C2F2000005
:106C7000FCF74CBF41F2A820C2F20000FCF746BF6F
:106C8000FEE70000FBF75AFDFFF7B0FAFFF7ACF89C
:106C9000FFF712F8FFF762F9FFF7DCF9FFF7F8F9F1
:106CA000FEF7A4FFFFF796F9FFF710FA41F2401044
:106CB000C2F20000FCF7E2F900F016F8FFF752F814
:106CC00000F026F8FEE70000EFF3058100291CBF65
:106CD0006FF005007047002804BF0020704780B5A2
:106CE00000F0E6FF002080BDEFF3058000281CBF08
:106CF0006FF00500704740F2C020C2F2000001684A
:106D0000002911BF4FF0FF300121016000207047C2
:106D1000EFF3058000281CBF6FF00500704740F2BC
:106D2000C020C2F20000016801291CBF4FF0FF30F3
:106D3000704780B54EF61F51CEF2000100220A7056
:106D40000221016001F0E0F8002080BDF0B585B0BF
:106D50008C4600230493EFF30581B0B3A9BB2AB39B
:106D60009469002C08BF1824382C2ED81179C90733
:106D70002BD15669D2E902574FEA960E1168002EC0
:106D8000734608BF80231DB35C2F25D312690023EF
:106D9000002A18BF002E18D0CDE900427246634683
:106DA000029501F0DFFD05B0F0BD00BF802318247F
:106DB000002104AF9AB26346CDE9004701F0A2FD7D
:106DC00000230499012808BF0B46184605B0F0BD02
:106DD00017B91269002AECD00023184605B0F0BD9F
:106DE0002DE9F041044600F017FE40F29816C2F279
:106DF0000006F06841F2E8350130F0603068C2F218
:106E0000000558B13069002840F007813068E16A18
:106E1000C06A884298BF3460FFE000BF3460F06809
:106E2000012840F0FA80284600F09CFD05F114008E
:106E300000F098FD05F1280000F094FD05F13C00FC
:106E400000F090FD05F1500000F08CFD05F16400AC
:106E500000F088FD05F1780000F084FD05F18C005C
:106E600000F080FD05F1A00000F07CFD05F1B4000C
:106E700000F078FD05F1C80000F074FD05F1DC00BC
:106E800000F070FD05F1F00000F06CFD05F582707A
:106E900000F068FD05F58C7000F064FD05F5967056
:106EA00000F060FD05F5A07000F05CFD05F5AA702E
:106EB00000F058FD05F5B47000F054FD05F5BE7006
:106EC00000F050FD05F5C87000F04CFD05F5D270DE
:106ED00000F048FD05F5DC7000F044FD05F5E670B6
:106EE00000F040FD05F5F07000F03CFD05F5FA708E
:106EF00000F038FD05F5027000F034FD05F507706F
:106F000000F030FD05F50C7000F02CFD05F511705A
:106F100000F028FD05F5167000F024FD05F51B7046
:106F200000F020FD05F5207000F01CFD05F5257032
:106F300000F018FD05F52A7000F014FD05F52F701E
:106F400000F010FD05F5347000F00CFD05F539700A
:106F500000F008FD05F53E7000F004FD05F54370F6
:106F600000F000FD05F5487000F0FCFC05F54D70E3
:106F700000F0F8FC05F5527000F0F4FC05F55770D0
:106F800000F0F0FC05F55C7000F0ECFC05F56170BC
:106F900000F0E8FC05F5667000F0E4FC05F56B70A8
:106FA00000F0E0FC05F5707000F0DCFC05F5757094
:106FB00000F0D8FC05F57A7000F0D4FC05F57F7080
:106FC00000F0D0FC05F5826000F0CCFC05F2244016
:106FD00000F0C8FC05F5876000F0C4FC05F24C40E9
:106FE00000F0C0FC40F29028C2F20008404600F0D9
:106FF000B9FC08F11407384600F0B4FC06F164004F
:1070000000F0B0FC06F13C0000F0ACFC06F15000D2
:1070100000F0A8FCC6F81C8037627068716A421CD8
:10702000E06A72608842626488BF706200EB800030
:1070300005EB8000211D00F0D7FC00F011FD306948
:1070400088B13068E16AC06A884228BFBDE8F08133
:107050004EF60450CEF200004FF080510160BFF3B5
:107060004F8FBFF36F8FBDE8F081000040F298159D
:1070700041F2E8364EF60458C2F20005C2F20006AC
:10708000CEF200084FF0805703E000BF204600F02A
:10709000FFFCA868D0B100F0BFFCA86CC468201D3C
:1070A00000F032FCE8680138E860A8680138A860A0
:1070B00000F0D6FC94F859000228EAD00128E5D067
:1070C00070B9206B00F0E4FCE0E700BF30680228F4
:1070D000DFD3C8F80070BFF34F8FBFF36F8FD8E7CF
:1070E0004FF0500080F31188BFF36F8FBFF34F8FC5
:1070F000FEE700002DE9F0470A9C8246206B164609
:107100000F46DDE908599100A5229846F9F77FF965
:10711000206B002F00EB8600A0F1040020F0070692
:1071200044D0387884F83400D8B3787884F83500BF
:10713000B8B3B87884F8360098B3F87884F8370094
:1071400078B3387984F8380058B3787984F83900FE
:1071500038B3B87984F83A0018B3F87984F83B006A
:10716000F8B1387A84F83C00D8B1787A84F83D00D8
:10717000B8B1B87A84F83E0098B1F87A84F83F0044
:1071800078B1387B84F8400058B1787B84F84100AE
:1071900038B1B87B84F8420000281CBFF87B84F823
:1071A0004300002084F8430003E000BF002084F87F
:1071B00034000027201D372D28BF3725E562C4E99C
:1071C000135700F0DBFB04F1180000F0D7FBC5F10A
:1071D0003800A061304651464246246164626765CA
:1071E00084F8587000F028FBB9F1000F206018BF38
:1071F000C9F80040BDE8F08708480068006880F3DF
:1072000008884FF0000080F3148862B661B6BFF3BF
:107210004F8FBFF36F8F00DF00BF000008ED00E06D
:1072200081B00020009040F21010C2F2000000680F
:107230004FF0500181F31188BFF36F8FBFF34F8F71
:10724000013007D0FEE700BF009830B9009820B9A0
:10725000009810B900980028F6D001B070470000DF
:1072600088B040F2102AC2F2000A0DF11009EB4674
:10727000DAF8080005681DB1C068046801E000BFC5
:10728000002400F0B9FE01F039FCDAF810100646CF
:10729000884220D3002DCAF8106051D0B4424FD894
:1072A00001F036FDDAF80800C068C7683D1D2846C1
:1072B00000F02AFB97F82800410745D400F0FA00B7
:1072C00087F8280082E000BF7860DAF808002946D5
:1072D0003F6100F057FBDAF80800016831B3C0687D
:1072E000C76804683D1D284600F00EFB396A384621
:1072F000884797F828004007EDD5B8692044A04298
:10730000E2D8DAF80000002800F04081002004A94B
:1073100091C101F0E3FBDAF80000494600220023A6
:1073200001F022F80028D6D130E100BFDAF80C10C5
:10733000CAF81060CAE9021001F0EAFC4FE000BF91
:1073400065B1002210E000BFB8693F610119B14288
:1073500079601DD90AF108001FE000BFDAF80C00BF
:107360000068B0FA80F04209DAF80000A11B00F0D2
:1073700075FC01F0CDFC90BB4EF60450CEF200003F
:107380004FF080510160BFF34F8FBFF36F8F26E046
:10739000311B814206D20AF10C000068294600F038
:1073A000F1FA13E0DAF80000002800F00D81002067
:1073B00004A991C101F092FBDAF8000049460022CD
:1073C000002300F0D1FF002800F0FE80396A384623
:1073D000884704E00AF10C02106800F0D3FADAF8EA
:1073E00000005946002201F01FF900283FF440AF89
:1073F0000098B0F1FF3F06DCDDE9012003999047DA
:1074000000980028EBD4029E706910B1301D00F086
:107410007BFA01F073FBDAF81010074688420CD3B0
:107420000098CAF8107009283DD9D8E76860DAF8E2
:10743000080021462D6100F0A5FADAF8080001687D
:1074400041B3C068C568D0F800802C1D204600F00C
:107450005BFA296A2846884795F828004007ECD54A
:10746000A86940444045E1D8DAF80000002800F05F
:1074700083800020CDE90408069501F02FFBDAF89F
:10748000000049460022002300F06EFF0028D4D1FE
:1074900072E000BFDAF80C10CAE902100098CAF8CE
:1074A000107009289BD8DFE800F005050557415FFB
:1074B0000505574196F82800B26940F0010101988E
:1074C00086F828101318314641F8043FBB42366154
:1074D00008D987420AF10802BFF47EAF834205D281
:1074E0007AE700BF381A9042FFF474AF316A304631
:1074F000884796F8280040077FF571AFDAF800005A
:1075000000284DD00198B169069608440021CDE9C4
:10751000041001F0E3FADAF80000494600220023E3
:1075200000F022FF00287FF45AAF39E096F82800D7
:1075300040F00101019886F828100028B06139D088
:10754000384431460AF10C0241F8040F3661B84262
:1075500088BF0AF108023FE796F8280000F0FE0015
:1075600086F828003BE700BF96F828008107F5D48D
:10757000304600F08DFA32E74FF0500080F311886A
:10758000BFF36F8FBFF34F8FFEE700BF4FF0500088
:1075900080F31188BFF36F8FBFF34F8FFEE700BFFB
:1075A0004FF0500080F31188BFF36F8FBFF34F8F00
:1075B000FEE700BF4FF0500080F31188BFF36F8FDC
:1075C000BFF34F8FFEE700BF4FF0500080F31188EC
:1075D000BFF36F8FBFF34F8FFEE70000F0B581B0B0
:1075E000044600F019FA94F94560012E0FDB04F10E
:1075F000240500BF286850B1284601F04FFB002841
:1076000018BF00F09FFBF0B2013E0128F2D8FF2620
:1076100084F8456000F024FA00F0FEF994F9447013
:10762000012F0EDB04F11005286850B1284601F047
:1076300035FB002818BF00F085FBF8B2013F012898
:10764000F2D884F8446001B0BDE8F04000F008BA18
:1076500070B5044600F0D0FC40F24C2CC2F2000C95
:10766000DCF8042012B19CF8000020E041F656003E
:10767000C2F20000420700F5705200F1070122F04B
:10768000070218BF21F007000021A2F10803CCE98E
:107690000601CCF8043042E90211DCF80420191A82
:1076A000C0E900210120CCE902118CF8000000257E
:1076B000002C4FF0000148BF01215AD0084058D19A
:1076C00024F0070000F11003600708BF04F108036D
:1076D000DCF80800591E81424BD2604650F818EF82
:1076E000DEF804509D422CD2DEF80010C1B1744681
:1076F0004D689D4218D20E68B6B175689D4217D28A
:107700003068A8B145689D4216D20468A4B1656886
:107710009D4215D22168A6460029E9D111E000BF9B
:107720000CF118000DE000BF8E46204609E000BFB6
:10773000B646084605E000BF8646304601E000BF79
:10774000A646964514D00268DEF80040E91A1129D1
:1077500004604FD30EEB0305680719D04FF05000BB
:1077600080F31188BFF36F8FBFF34F8FFEE700BF29
:10777000002501F0CDFA68075CD04FF0500080F38F
:107780001188BFF36F8FBFF34F8F00BFFEE700BFBD
:107790000CF118006960CEF8043000BF0168A942FE
:1077A0000AD20868A8420BD20168A94204D208682C
:1077B0000B46A842F2D304E00346084601E000BFAE
:1077C0000B465C6869681E19AE4202D121441D4611
:1077D00059606C18844201D0044607E0DCF804408C
:1077E000A04203D0D0E9004008446860AB422C605E
:1077F00018BF1D60DEF80400DCE9021302F1080581
:10780000091A9942CCF8081038BFCCF80C109CF833
:10781000001000294FF0000118BF40F00040CEE9F1
:107820000010DCF810000130CCF8100001F070FA04
:107830006807A2D1284670BD034647F2212021F0F7
:107840000101C0F600004FF0807C03E903106FF0E7
:107850000201A3F1440043E909127047F0B581B079
:107860000D46044600F0D8F840F29816C2F2000621
:107870003068406D90BB3068012180F858106DB3BE
:10788000B7693068043000F03FF8681C0AD03068EF
:10789000ED1945600ED3306A3168043100F072F89A
:1078A00011E000BF304650F8501B043100F09CF846
:1078B00009E000BFF0693168043100F063F8F06A54
:1078C000854238BFF5624EF60450CEF200004FF00C
:1078D00080510160BFF34F8FBFF36F8F00F0C0F88E
:1078E00000F09AF83068456D2DB131680020002C09
:1078F00008BF681E48653068002180F8581000F005
:10790000AFF8284601B0F0BD0169D0E90132D1F8E5
:1079100004C09A608445536008BF4A600022026137
:1079200008680138086008687047000045F25C6329
:10793000C2F20003036045F25C40C2F2000008603E
:10794000802010607047000045F6B823C2F20003A3
:10795000036045F2B860C2F2000008604FF4807026
:10796000106070474FF0FF31024642F8081F0021B7
:107970004260C0E9032201607047000000210161FC
:107980007047000010B5D1F800C01CF1010213D0FF
:1079900000F1080462681368634511D853681C68D5
:1079A000644511D85A68146864450FD85468236830
:1079B000A6466345EED90BE00269D2F804E007E081
:1079C0009646224604E000BF9E4601E096461A46CF
:1079D000C1F804E0CEF808108A60516008610168BF
:1079E0000131016010BD0000D0F800C0436808619B
:1079F0009A68C1E90132516099600CF1010101609E
:107A000070470000DFF80C00016841F4700101606C
:107A10007047000088ED00E04FF0500080F31188BF
:107A2000BFF36F8FBFF34F8F40F21010C2F2000010
:107A300001684A1C026009B1704700BF4EF604504D
:107A4000CEF200000068000608BF70474FF05000FB
:107A500080F31188BFF36F8FBFF34F8FFEE70000F5
:107A600040F21010C2F20000016839B10139016022
:107A700018BF7047002080F3118870474FF0500006
:107A800080F31188BFF36F8FBFF34F8FFEE70000C5
:107A900070B5002808BF70BD40F24C24C2F200044B
:107AA000217850F8042C002918BF4FF000411142F2
:107AB0000ED0A0F108052B68A3B14FF0500080F361
:107AC0001188BFF36F8FBFF34F8F00BFFEE700BF7A
:107AD0004FF0500080F31188BFF36F8FBFF34F8FCB
:107AE000FEE700BF22EA010140F8041C064600F050
:107AF00083FA56F8040CA1680144A16004F118014E
:107B00000B68AB420AD21968A94213D20B68AB4288
:107B100004D219681A46A942F2D301E00A4619466E
:107B20005368D618AE420AD02B188B420DD00B46A4
:107B300012E000BF1A465368D618AE42F4D118447A
:107B4000154650602B188B42F1D16368994203D0DF
:107B5000D1E9003108446860AA422B6018BF156063
:107B6000606901306061BDE8704001F0D1B800008B
:107B70004EF21000CEF2000000210160816040F260
:107B80000811C2F20001096844F6D352C1F2620240
:107B9000A1FB02124FF0FF3101EB9211416007216E
:107BA0000160704740F26C20EFF305811029C2F2AA
:107BB000000011D34EF2F032CEF20002895C02785E
:107BC000914209D24FF0500080F31188BFF36F8FBC
:107BD000BFF34F8FFEE700BF4EF60C51CEF200010F
:107BE0000968406801F4E061814298BF70474FF036
:107BF000500080F31188BFF36F8FBFF34F8F00BF2A
:107C0000FEE7000045F6143CC2F2000CDCF8003040
:107C100003B3634653F8082FEAB1634653F8102FB5
:107C2000CAB1634653F8182FAAB1634653F8202F00
:107C30008AB1634653F8282F6AB1634653F8302F50
:107C40004AB15CF8382F002A634608BFC3E9001028
:107C5000704700BF6346C3E90010704770B5154612
:107C60000E460446FFF7D8FE94F84400FF2804BFF0
:107C7000002084F8440094F84500FF2804BF002049
:107C800084F84500FFF7ECFEA06B28B12046BDE864
:107C90007040FFF7A3BC00BF04F1240031462A4620
:107CA00000F0F4F82046BDE87040FFF797BC0000F4
:107CB00070B588B340F29814C2F20004616949B10A
:107CC0004FF0500080F31188BFF36F8FBFF34F8FD9
:107CD000FEE700BF6169064601316161A56921685F
:107CE00004310846FFF710FE2068AD19456005D342
:107CF000206A21680431FFF745FE08E0E069216849
:107D00000431FFF73FFEE06A854238BFE56200F0CC
:107D1000FFFF002818BF70BD4EF60450CEF20000E1
:107D20004FF080510160BFF34F8FBFF36F8F70BD75
:107D300040F29811C2F200018A6B026089694160C9
:107D40007047000040F29810C2F200000121016368
:107D5000704700002DE9F04120B304460F46FFF7BD
:107D600021FFEFF311864FF0500080F31188BFF32D
:107D70006F8FBFF34F8F022194F8580084F858108A
:107D8000616D012801F10101616541D1A06A98B1DD
:107D90004FF0500080F31188BFF36F8FBFF34F8F08
:107DA000FEE700BF4FF0500080F31188BFF36F8FE4
:107DB000BFF34F8FFEE700BF40F29815C2F20005F7
:107DC000686928B104F1180105F1640013E000BFEF
:107DD00004F104084046FFF797FDE06A696A8842AB
:107DE00041F2E83188BF686200EB8000C2F2000116
:107DF00001EB80004146FFF7F7FDE06A2968C96A98
:107E0000884205D9002F1CBF01203860012028635B
:107E100086F31188BDE8F08170B5D8B140F29814AE
:107E2000C2F200040D4621681831FFF7ABFDA669C8
:107E300020680430FFF768FD681C15D02068AD1974
:107E4000456019D3206A21680431BDE87040FFF70E
:107E500099BD00BF4FF0500080F31188BFF36F8FC2
:107E6000BFF34F8FFEE700BF54F8500B011D2046B3
:107E7000BDE87040FFF7B8BDE06921680431FFF745
:107E800081FDE06A854238BFE56270BDF0B581B022
:107E9000C0B140F29814C2F200040D4621681646A3
:107EA0001831FFF7A1FDA76920680430FFF72CFD0A
:107EB00096B154F8500B011D204601B0BDE8F040CA
:107EC000FFF792BD4FF0500080F31188BFF36F8F22
:107ED000BFF34F8FFEE700BF2068ED19456007D361
:107EE000206A2168043101B0BDE8F040FFF74ABDC7
:107EF000E06921680431FFF745FDE06A854238BF3B
:107F0000E56201B0F0BD000010B588B00020CDE9F9
:107F1000050006A805A904AAFFF708FD0598002892
:107F20003ED0069C002C45D05C21049A079107990D
:107F30005C2949D107992063022084F8590007A8D9
:107F40000021CDE9001047F26D00C0F6000028A125
:107F500000230294FFF7CEF82046FEF741FF079872
:107F600040F29814C2F20004A062B0B100F048FFE1
:107F7000411C33D0012810D14FF0500080F31188FC
:107F8000BFF36F8FBFF34F8F4FF0FF30E0620120E0
:107F900020610020A06100F09DF808B010BD00BF76
:107FA0004FF0500080F31188BFF36F8FBFF34F8FF6
:107FB000FEE700BF4FF0500080F31188BFF36F8FD2
:107FC000BFF34F8FFEE700BF4FF0500080F31188E2
:107FD000BFF36F8FBFF34F8FFEE700BF4FF050002E
:107FE00080F31188BFF36F8FBFF34F8FFEE700BFA1
:107FF00049444C450000000040F29810C2F20000D5
:10800000416901314161704780B540F2981EC2F26A
:10801000000EDEF8141019B10121CEF8301080BD29
:108020000021CEF83010DEF8241041F2E83C01EBDC
:108030008102C2F2000C5CF82230002B0CEB8203B0
:108040000CD05868426803F1080082425A6023D07D
:10805000D068CEF80000CEF8241080BD283B19B3BC
:108060005A6901EB8100002A0CEB800226D101291C
:108070001AD0186830BB022916D053F8140C28BB4C
:10808000032911D053F8280C04390028A3F1500318
:10809000E5D02833D5E700BF52685A60D068CEF8E3
:1080A0000000CEF8241080BD4FF0500080F31188FE
:1080B000BFF36F8FBFF34F8FFEE700BFA2F1140332
:1080C0000139BEE7A2F128030239BAE7A2F13C0365
:1080D0000339B6E7B0B584B04EF2004CCEF2000CD6
:1080E0004CF27021C4F20F11DCF800294B1C9A42AB
:1080F0000AD14FF0500080F31188BFF36F8FBFF3A8
:108100004F8F00BFFEE700BFDCF800298A4209D18B
:108110004FF0500080F31188BFF36F8FBFF34F8F84
:10812000FEE700BF9CF800100291FF218CF80010C0
:108130009CF800108DF807109DF8071001F0500210
:1081400040F26C21C2F200010A7007224A609DF9D8
:108150000720B2F1FF3F6BDC032200BFD31C4B6052
:108160009DF8070040008DF807009DF90700B0F169
:10817000FF3F24DC931C4B609DF8070040008DF806
:1081800007009DF90700B0F1FF3F18DC531C4B605E
:108190009DF8070040008DF807009DF90700B0F139
:1081A000FF3F0CDC4A609DF80700043A40008DF860
:1081B00007009DF90700B0F1FF3FCFDD131D032B32
:1081C00036D14FF44070486002988CF80000DCF81B
:1081D000200940F47000CCF82009DCF8200940F0B8
:1081E0007040CCF82009FFF7C3FC40F21014C2F233
:1081F000000400252560FFF705FC4EF63470CEF232
:108200000000016841F040410160FEF7F5FFFFF713
:10821000FBFE039520684FF0500181F31188BFF3F6
:108220006F8FBFF34F8F013012D000BFFEE700BF4A
:108230004FF0500080F31188BFF36F8FBFF34F8F63
:10824000FEE700BF039830B9039820B9039810B92E
:1082500003980028F6D0002004B0B0BD80B54FF0E0
:10826000500080F31188BFF36F8FBFF34F8F00F082
:108270004BFC30B14EF60450CEF200004FF080516E
:108280000160002080F3118880BD000070B582B0CD
:1082900060B1ABB1F1B9EAB14FF0500080F3118891
:1082A000BFF36F8FBFF34F8FFEE700BF4FF050005B
:1082B00080F31188BFF36F8FBFF34F8FFEE700BFCE
:1082C0004FF0500080F31188BFF36F8FBFF34F8FD3
:1082D000FEE700BF51B14AB94FF0500080F311885A
:1082E000BFF36F8FBFF34F8FFEE700BF502501959F
:1082F000019D502D2ED1019C069E012483F84640FD
:10830000002908BF1A461A60C3E90F011C46FFF78F
:1083100083FB2068D4E90F12002502FB0103013919
:1083200001FB0201A563C4E90103FF20E16084F8B9
:10833000440084F8450004F11000FFF713FB04F13A
:108340002400FFF70FFBFFF78BFB204684F84C60FF
:1083500002B070BD4FF0500080F31188BFF36F8FF3
:10836000BFF34F8FFEE700002DE9F04F83B002927C
:10837000C0B11D460446F9B1022D02D1E06B0128BF
:108380005CD116460F4600F0A9FB18BB16B34FF0A0
:10839000500080F31188BFF36F8FBFF34F8F00BF82
:1083A000FEE700BF4FF0500080F31188BFF36F8FDE
:1083B000BFF34F8FFEE700BF206C0028DCD04FF0EA
:1083C000500080F31188BFF36F8FBFF34F8F00BF52
:1083D000FEE700BFFFF720FBA06B022D65D0E16B2D
:1083E000884262D30298002800F018816846FFF79F
:1083F0009FFCFFF735FBFFF7FFFDFFF70DFB94F840
:108400004400FF2804BF002084F8440094F845008D
:10841000FF2804BF002084F84500FFF721FB6846D1
:1084200002A900F021FA98B12046FFF7D7F800F032
:108430006FFC002003B0BDE8F08F00BF4FF050008C
:1084400080F31188BFF36F8FBFF34F8FFEE700BF3C
:1084500004F11008FFF7E0FAD4F83890E66BFFF764
:10846000FFFAB14516D102994046FFF7D5FC2046E8
:10847000FFF7B4F800F04CFC88B94EF60450CEF289
:1084800000004FF080510160BFF34F8FBFF36F8F3B
:1084900005E000BF2046FFF7A1F800F039FCFFF728
:1084A000BBFAA06BE16B884266D2A66B226CDAB194
:1084B00039462DB3E068F7F765FFE168206C226864
:1084C000091A9142E16003D2A16840420844E06089
:1084D000A81EB0FA80F040093146002E18BF0121D5
:1084E0000840361A18E000BF2068A8B9A06800F05C
:1084F0008DFB0021B0FA80F0A16040090DE000BFC3
:108500006068F7F73FFFD4E90101226C104488420C
:10851000606001D3206860600120711CA16354F881
:10852000241FA9B1204600F0B9FB50B14EF604500B
:10853000CEF200004FF080510160BFF34F8FBFF3C8
:108540006F8FFFF78DFA012003B0BDE8F08F00BFF9
:108550000028F6D14EF60450CEF200004FF08051C4
:108560000160BFF34F8FBFF36F8FFFF779FA0120E0
:1085700003B0BDE8F08F00BFE94602AE0CE000BFDB
:108580002046FFF72BF800F0C3FBFFF745FAA06B7E
:10859000E16B8842FFF489AF029800283ED0FFF7D4
:1085A0005FFAFFF729FDFFF737FA94F84400FF2838
:1085B00004BF002084F8440094F84500FF2804BF5D
:1085C000002084F84500FFF74BFA4846314600F09A
:1085D0004BF900287FF428AFFFF71EFAD4F838A033
:1085E000D4F83CB0FFF73CFADA45C9D102994046CD
:1085F000FFF712FC2046FEF7F1FF00F089FB002890
:10860000C3D14EF60450CEF200004FF0805101600D
:10861000BFF34F8FBFF36F8FB7E700BFFFF720FAAD
:10862000002003B0BDE8F08F2DE9F04F83B0029237
:1086300090B115460446002948D00E4600F04EFA87
:10864000A0B99DB14FF0500080F31188BFF36F8F38
:10865000BFF34F8FFEE700BF4FF0500080F311884B
:10866000BFF36F8FBFF34F8FFEE700BFFFF7D4F963
:10867000D4F838A0BAF1000F36D0226C52B1D4E948
:10868000023130461144E160994224BF2168E16023
:10869000F7F778FEAAF10100A06354F8100F70B14B
:1086A000204600F0FBFA50B14EF60450CEF2000026
:1086B0004FF080510160BFF34F8FBFF36F8F0124E4
:1086C000FFF7CEF9204603B0BDE8F08F206C0028FC
:1086D000B3D04FF0500080F31188BFF36F8FBFF31A
:1086E0004F8F00BFFEE700BF0298002800F0B48063
:1086F0006846FFF71DFBFFF7B3F9FFF77DFCFFF7B7
:108700008BF994F8440004F12408FF2804BF0020EA
:1087100084F8440094F84500FF2804BF002084F842
:108720004500FFF79DF9684602A900F09DF878B171
:108730002046FEF753FF00F0EBFAFFF76DF9A56B4B
:10874000FFF78EF92DBB0024204603B0BDE8F08F63
:10875000FFF762F9A56BFFF783F92DB12046FEF70D
:108760003DFF00F0D5FA14E002994046FFF754FBB4
:108770002046FEF733FF00F0CBFA50B94EF6045016
:10878000CEF200004FF080510160BFF34F8FBFF376
:108790006F8FFFF741F9D4F838A0BAF1000F7FF4DA
:1087A0006CAF4FF00009EB4602AF13E02046FEF736
:1087B00015FF00F0ADFAFFF72FF9A56BFFF750F9A1
:1087C000002DC0D0FFF728F9D4F838A0BAF1000F77
:1087D0007FF453AF029800283ED0FFF741F9FFF72E
:1087E0000BFCFFF719F994F84400FF2808BF84F840
:1087F000449094F84500FF2808BF84F84590FFF79F
:108800002FF95846394600F02FF80028CED1FFF74F
:1088100003F9A56BFFF724F935B12046FEF7DEFE1C
:1088200000F076FACEE700BF02994046FFF7F4FA6F
:108830002046FEF7D3FE00F06BFA0028C2D14EF6B8
:108840000450CEF200004FF080510160BFF34F8F13
:10885000BFF36F8FB6E700BF0024FFF701F9204692
:1088600003B0BDE8F08F0000B0B548B30C4689B343
:108870000546FFF7D1F840F2981CC2F2000CDCF874
:1088800018302268501C2FD0AE46D5E90050DCF8D5
:108890003810A94201D083422ED2181A824229D917
:1088A000101A2060DCF838000024CEF80000DCF854
:1088B0001800CEF80400FFF7D3F82046B0BD00BF83
:1088C0004FF0500080F31188BFF36F8FBFF34F8FCD
:1088D000FEE700BF4FF0500080F31188BFF36F8FA9
:1088E000BFF34F8FFEE700BF0024FFF7B9F8204623
:1088F000B0BD00BF002020600124FFF7B1F8204682
:10890000B0BD00002DE9F04184B0074690009846C4
:1089100015460E46FEF79CFEF8B104465C20FEF7B5
:1089200097FEB8B1DDE90A210023046380F85930CD
:10893000CDE900210446384631462A464346029492
:10894000FEF7D8FB2046FEF74BFA012004B0BDE845
:10895000F08100BF2046FFF79BF84FF0FF3004B0D6
:10896000BDE8F08170B586B00B9CCCB10C9E0EB307
:108970005C250495049D5C2D26D1049DDDF828C05E
:10898000022586F8595005AD3463CDE900C502963D
:10899000FEF7B0FB3046FEF723FA059806B070BD2F
:1089A0004FF0500080F31188BFF36F8FBFF34F8FEC
:1089B000FEE700BF4FF0500080F31188BFF36F8FC8
:1089C000BFF34F8FFEE700BF4FF0500080F31188D8
:1089D000BFF36F8FBFF34F8FFEE70000F0B581B09C
:1089E000D0B11F46164604460D46FFF715F8002F76
:1089F0001CBF606D386094F858000221042E84F882
:108A0000581047D8DFE806F01F041C1A120000BFF8
:108A1000616D294316E000BF4FF0500080F31188CC
:108A2000BFF36F8FBFF34F8FFEE700BF022805D162
:108A30000024FFF715F8204601B0F0BD656502E09F
:108A4000616D01316165012842D1251D2846FEF77F
:108A50005BFF40F29816C2F20006E06A716A884233
:108A600041F2E83188BF706200EB8000C2F2000181
:108A700001EB80002946FEF7B7FFA06AC0B14FF0B6
:108A8000500080F31188BFF36F8FBFF34F8F00BF8B
:108A9000FEE700BF616D0131D5D04FF0500080F38B
:108AA0001188BFF36F8FBFF34F8F00BFFEE700BF8A
:108AB000E06A3168C96A88420AD94EF60450CEF29B
:108AC00000004FF080510160BFF34F8FBFF36F8FF5
:108AD0000124FEF7C5FF204601B0F0BD40F298101A
:108AE000C2F20000016900290FBF01204069B0FAFD
:108AF00080F0400918BF40007047000040F2981015
:108B0000C2F20000806970472DE9F04381B040F265
:108B10009816C2F20006706940B1706B00240130F3
:108B20007063204601B0BDE8F08300BFB06910F16A
:108B30000109C6F8189020D3F069006850B14FF0D1
:108B4000500080F31188BFF36F8FBFF34F8F00BFCA
:108B5000FEE700BFF069316AF1613062B06B01304D
:108B6000B063F069006828B1F069C068C068406807
:108B700002E000BF4FF0FF30F062F06A41F2E838E7
:108B80008145C2F2000801D200242EE0F0690024E1
:108B9000006813E0F86A716A884288BF706200EB6F
:108BA000800008EB80002946FEF71EFFF86A316856
:108BB000C96AF269884228BF0124106890B1F0693F
:108BC000C068C7683D4655F8040F81450CD3284658
:108BD000FEF79AFEB86A0028DCD007F11800FEF70D
:108BE00093FED7E74FF0FF30F0623068C06A00EBC9
:108BF000800058F82000012888BF0124306B00282D
:108C000018BF0124204601B0BDE8F08370B588B1DB
:108C100040F29815C2F20005296888420CD04FF046
:108C2000500080F31188BFF36F8FBFF34F8F00BFE9
:108C3000FEE700BF002070BD016D29B30139016559
:108C40004FF000011DD1C26AC36C9A4219D0041DB5
:108C500006462046FEF758FEF06CC0F13801F0627F
:108C6000B161696A884241F2E83188BF686200EB0D
:108C70008000C2F2000101EB80002146FEF7B4FE45
:108C80000121084670BD00BF4FF0500080F31188ED
:108C9000BFF36F8FBFF34F8FFEE7000070B5C06862
:108CA000C5686DB105F118042046FEF72DFE40F2AF
:108CB0009816C2F20006706960B106F164001AE00D
:108CC0004FF0500080F31188BFF36F8FBFF34F8FC9
:108CD000FEE700BF2C1D2046FEF716FEE86A716A0B
:108CE000884241F2E83188BF706200EB8000C2F236
:108CF000000101EB80002146FEF776FEE86A31684C
:108D0000C96A884292BF00200120306370BD000014
:108D10002DE9F04140F29815C2F20005686968B18A
:108D2000FEF77AFE686901386861686980B10024DD
:108D3000FEF796FE2046BDE8F08100BF4FF05000E0
:108D400080F31188BFF36F8FBFF34F8FFEE700BF33
:108D5000E8680028EBD0686E88B341F2E836C2F2CA
:108D600000064FF0010800BF286FC76807F1180020
:108D7000FEF7CAFD3C1D2046FEF7C6FDF86A696A8B
:108D8000884288BF686200EB800006EB80002146C5
:108D9000FEF72AFEF86A2968C96A884228BFC5F822
:108DA0003080686E0028DFD1E869006820B1E8698A
:108DB000C068C068406801E04FF0FF30E8626C6B4B
:108DC0004CB10126FFF7A0FE002818BF2E63013C1E
:108DD000F8D100206863286B0028A8D04EF6045014
:108DE000CEF200004FF080510160BFF34F8F01249D
:108DF000BFF36F8FFEF734FE2046BDE8F081000020
:108E000070B586B0FEF708FE40F21026C2F20006EA
:108E1000306808BB06F114042046FEF7A3FD06F1F6
:108E200028052846FEF79EFD41F2F82241F29833CC
:108E3000C6E902450025C2F20002C2F200030A2080
:108E400010210095FFF722FA306028B149F2DC01C9
:108E5000C0F60001FEF7D6FEFEF702FE3068D8B17C
:108E60000020CDE9040005A804A903AAFEF76CFDC3
:108E7000DDE903200221059DCDE9001047F26120C4
:108E8000C0F6000009A100230295FFF76BFD70609A
:108E900010B1012006B070BD4FF0500080F3118872
:108EA000BFF36F8FBFF34F8FFEE700BF546D72208B
:108EB00053766300F1EE100A4FF6FF71C0F2C03135
:108EC00020EA010040F04070E1EE100A7047000017
:108ED000000000000000010203040607080900006A
:108EE0000000010203040000CD9000080000000013
:108EF0000000000000000000000000000002000070
:108F0000080000000000000000000000D4900008ED
:108F10000000000000000000000000000000000051
:108F20000002000008000000000000000000000037
:108F3000BE900008000000000000000000000000DB
:108F40000000000000020000080000000000000017
:108F500000000000A49000080000000000000000D5
:108F600000000000000000000002000008000000F7
:108F7000000000000000000000D57FAAFE2B8154F5
:108F800029FC5683D702A87D52872DF8AC79D306E9
:108F90007BAE04D18550FA2FA471DB0E5A8F25F0D9
:108FA0008D58F22773A60CD9F623895C08DD77A2C9
:108FB000DF0AA07521F45E8B9D48E23763B61CC9B9
:108FC000B461CB1E4A9F35E0CF1AB06531E44E9BA9
:108FD000E633994C18CD67B239EC4693C712B86D99
:108FE00010C56FBAEE3B91446BBE14C19540EA3F89
:108FF00042973DE8BC69C316EF3A904511C46EBB79
:10900000C613B96C38ED4792BD68C21743963CE968
:109010009441EB3E6ABF15C04B9E34E1B560CA1F58
:1090200062B71DC89C49E33619CC66B3E732984D48
:1090300030E54F9ACE1BB16472A70DD88C59F32638
:109040005B8E24F1A570DA0F20F55F8ADE0BA17428
:1090500009DC76A3F722885DD603A97C28FD578218
:10906000FF2A805501D47EAB8451FB2E7AAF05D008
:10907000AD78D20753862CF900061016000610169C
:10908000B290000800000000000000000000000096
:1090900000000000000200001800000000000000B6
:1090A000000000005478427566666572546F444D46
:1090B000410064656661756C745461736B0052584D
:1090C000436F6D756E69636174696F6E004275748C
:1090D000746F6E00446973706C617900546D7251E5
:1090E00000000000089100080000002018010000A6
:1090F000EC010008209200081801002040600000E8
:109100000C02000800000000010000001000000038
:1091100000100240010001000000000001000000FA
:1091200000100240200001000000000001000000CB
:1091300000100240040001000000000001000000D7
:1091400000100240100001000000000001000000BB
:1091500000080240010000000000000001000000C3
:1091600000080240020000000000000001000000B2
:1091700000080240040000000000000001000000A0
:10918000000802400800000000000000010000008C
:1091900000100240800001000000000001000000FB
:1091A0000010024000020100000000000100000069
:1091B000001002400010010000000000010000004B
:1091C000001002400040010000000000010000000B
:1091D000000002400001010000000000010000004A
:1091E0000000024000020100000000000100000039
:1091F00000040240400001000000000001000000E7
:109200000004024080000100000000000100000096
:109210000024F40001020000AAAAAAAA000000008B
:040000050800018965
:00000001FF
