:020000040800F2
:10000000787E0024ED030008A1710008A96C0008A7
:1000100099710008A10A0008919B000800000000E7
:1000200000000000000000000000000071740008E3
:10003000390C000800000000C1710008A974000814
:100040000B0400080B0400080B0400080B04000854
:100050000B0400080B0400080B0400080B04000844
:100060000B0400080B0400080B040008110B000827
:100070000B0400080B0400080B0400080B04000824
:100080000B0400080B0400080B040008790C00089E
:10009000890C00080B0400080B040008410C000840
:1000A0000B0400080B0400080B0400080B040008F4
:1000B0000B0400080B040008A17500080B040008DD
:1000C0000B0400080B0400080B0400080B040008D4
:1000D0000B040008997E00080B0400080B040008BC
:1000E0000B0400080B040008000000000B040008CB
:1000F000D1750008C17500080B0400080B04000846
:100100000B0400080B0400080B0400080B04000893
:100110000B0400080B040008B17500080B0400086C
:100120000B0400080B0400080B0400080B04000873
:100130000B0400080B0400080B0400080B04000863
:1001400000000000000000000000000000000000AF
:100150000B0400080B0400080B0400080B04000843
:100160000B0400080B0400080B0400080B04000833
:100170000B040008A97100080B040008000000002F
:100180000B0400080B0400080B0400080B04000813
:100190000B0400080B0400080B0400080B04000803
:1001A0000B0400080B0400080B040008000000000A
:1001B0000B0400080B0400080B0400080B040008E3
:1001C0000B0400080B040008000000000000000001
:1001D00000000000000000000B0400080000000008
:1001E000000000000000000000000000000000000F
:1001F00000000000000000000B0400080B040008D1
:100200000B0400080B040008000000000B040008A9
:100210000B0400080B0400080B0400080B04000882
:100220000B040008000000000B04000800000000A0
:100230000B0400080B040008000000000B04000879
:100240000B0400080B0400080B0400080B04000852
:100250000B0400080B0400080B0400080B04000842
:100260000B0400080B0400080B0400080B04000832
:100270000B0400080B0400080B0400080000000039
:100280000B0400080B0400080B0400080B04000812
:10029000000000000B0400080B0400080000000030
:1002A000000000000B0400080B0400080B04000809
:1002B0000B0400080B0400080B040008990C00084C
:1002C0000B0400080B0400080B04000800F002F8FF
:1002D00000F07DF814A696E8000CB244B344DA4569
:1002E00001D100F074F8BAE80F000FA696E83000CC
:1002F000A5EB040504EB0607AAEB0704A7F1010729
:100300004FEA15154FEA3414A4F10104AC4201D3AD
:1003100000F05DF813F0010F18BFFB1A43F0010362
:1003200000F001F8DBE7184710EB000030EB0000AD
:100330000A444FF0000C10F8013B13F0070408BF0B
:1003400010F8014B1D1108BF10F8015B641E05D0A9
:1003500010F8016B641E01F8016BF9D113F0080F5E
:100360001EBF10F8014BAD1C0C1B09D16D1E58BFF0
:1003700001F801CBFAD505E014F8016B01F8016B27
:100380006D1EF9D59142D6D370470000704700002A
:100390000023002400250026103A28BF78C1FBD88E
:1003A000520728BF30C148BF0B6070471FB50DF022
:1003B0002FFF9DE8030000F025FA00F095FA00F009
:1003C0005FF91FBD10B5002000F05CFA10BD00F011
:1003D0009BFA1146FFF7EAFF0BF05AFB00F0D3FA45
:1003E00003B4FFF7EFFF03BC00F084FA0A4880472C
:1003F0000A4880470A480047FEE7FEE7FEE7FEE7B7
:10040000FEE7FEE7FEE7FEE7FEE7FEE705480649F2
:10041000064A074B70470000590C0008C9740008D1
:10042000CD02000878780024787E0024787A0024B1
:10043000787A002453EA020C00F069802DE9F04B31
:100440004FF00006002B1FBFB3FA83F503FA05F443
:1004500024FA05F65E4012BF1643B2FA82F502FA9C
:1004600005F4C5F120051EBF22FA05FC44EA0C0480
:10047000203556EA044C4FEA144418BF641C4FF070
:1004800000084FF00009904271EB030C39D30029AA
:1004900019BFB1FA81F701FA07F6B0FA80F700FA4E
:1004A00007F6C7F120071EBF20FA07FC46EA0C0634
:1004B0002037B6FBF4FCA7EB0507103F07F01F0B36
:1004C000CBF120062CFA06F60CFA0BFB44BFB34620
:1004D0000026202FA4BF5E464FF0000B5BEA060CFF
:1004E00008BF4FF0010B19EB0B0948EB0608ABFBFB
:1004F000027C06FB02CC0BFB03CCC01B71EB0C0196
:10050000C1E70B46024641464846BDE8F08B13B5AD
:10051000084318BF4FF0FF300146AFF30080BDE83D
:100520001C4070470B460146184600F021B9032ACB
:1005300040F2308010F0030C00F0158011F8013B00
:10054000BCF1020F624498BF11F801CB00F8013BE7
:1005500038BF11F8013BA2F1040298BF00F801CBAB
:1005600038BF00F8013B11F0030300F02580083A82
:10057000C0F0088051F8043B083A51F804CBA0E8D9
:100580000810F5E7121D5CBF51F8043B40F8043B2E
:10059000AFF30080D20724BF11F8013B11F801CB63
:1005A00048BF11F8012B24BF00F8013B00F801CB34
:1005B00048BF00F8012B704710B5203AC0F00B80FF
:1005C000B1E81850A0E81850B1E81850A0E8185049
:1005D000203ABFF4F5AF5FEA027C24BFB1E81850BF
:1005E000A0E8185044BF18C918C0BDE810405FEA21
:1005F000827C24BF51F8043B40F8043B08BF70479D
:10060000D20728BF31F8023B48BF11F8012B28BFA1
:1006100020F8023B48BF00F8012B704702F0FF03AF
:1006200043EA032242EA024200F002B84FF000021D
:1006300000B5134694469646203922BFA0E80C50D8
:10064000A0E80C50B1F12001BFF4F7AF090728BFB3
:10065000A0E80C5048BF0CC05DF804EB890028BF2F
:1006600040F8042B08BF704748BF20F8022B11F058
:10067000804F18BF00F8012B7047704770477047D4
:1006800008487CB57844009007487844009C0546AB
:10069000019004E02046016808448047241DAC42D4
:1006A000F8D17CBDD0E70000D2E7000070B5064667
:1006B00000F084F8056806F10B0020F00704B4424E
:1006C0009CBF002070BD2B466A68BAB11068A0427A
:1006D00010D304F1080188423CBF5068586007D32A
:1006E0005168101941601168091B0160586014605D
:1006F000101D70BD13465268002AE7D121462846D6
:1007000000F06CF80028DED170BD70B50446051FFE
:1007100000F054F80068002C14BF446870BD002C31
:1007200018BFAC423CBF20466468F8D301680A1881
:10073000AA4218BF456003D12A68054611440160EA
:1007400028684119A1421CBF6C6070BD6168696076
:1007500021680844286070BD10B500F037F80068C3
:1007600010BD10B5044600F031F8046010BD000063
:100770002DE9F041074615460E461020FFF796FF7B
:10078000040013D06760C4E902650948AFF3008034
:1007900000F018F801682160064904600020086034
:1007A0000348AFF300800020BDE8F0810120FBE7A3
:1007B0000400002400000024002070470048704717
:1007C00060010024004870479001002400487047F1
:1007D00058010024704770477047704738B5044689
:1007E0000A4600206946AFF30080002808BF38BDE4
:1007F00002460099204600F0ACF8012038BD0120E7
:1008000000F0D1B8F8B5AFF30080054600200C46E3
:100810000C2000BF0646A819A0420DD932466946F1
:100820000020AFF30080070008BF00F0BCF800987C
:10083000A04218BF0546C419FFF7C0FF0560074670
:10084000F01D20F007004619284600F00AF8B442CF
:1008500008BFF8BDA21B31463868BDE8F84000F07B
:1008600078B800210160416070470C20704710B5D6
:10087000002000F091F8FFF7A5FDBDE81040012031
:1008800000F038B82DE9F84306461548AFF300806C
:10089000FFF798FF134F8146E8464D4616E026B114
:1008A000E068B04201D0254610E0206828600C487E
:1008B000C7F80080AFF30080D4E9010188470848F9
:1008C000AFF300803968414500D04D462C68002CBC
:1008D000E5D1002038600248AFF30080BDE8F8831E
:1008E00004000024000000240148FFF765BF000059
:1008F0000400002401491820ABBEFEE726000200D8
:1009000000487047580100247546FFF7F9FFAE46CE
:1009100005006946534620F00700854618B020B50B
:10092000FFF774FDBDE820404FF000064FF00007D0
:100930004FF000084FF0000BAC46ACE8C009ACE843
:10094000C009ACE8C009ACE8C00921F007018D4638
:100950007047034640688C46002818BF88423CBF59
:1009600003464068F8D318681844884207D00CF151
:10097000030020F00700001D411A521A0146081D0D
:100980000A60FFF7C2BE10B50446AFF300802046F0
:10099000BDE81040FFF724BD10B500F011F8BDE828
:1009A000104000F008B810B500F022F8BDE8104083
:1009B00000F001B87047002801D0FFF79BBF7047D7
:1009C00010B5002102A000F03BF8012010BD00008E
:1009D000534947414252543A2041626E6F726D61F1
:1009E0006C207465726D696E6174696F6E000000D1
:1009F00010B5012805D0002103A000F021F8012046
:100A000010BD09A1F8E7000053494752544D454D28
:100A10003A204F7574206F662068656170206D659F
:100A20006D6F7279000000003A2048656170206D9A
:100A3000656D6F727920636F727275707465640092
:100A400070B505460C460A2000E06D1C00F011F858
:100A500035B128780028F8D102E0641C00F009F8CC
:100A600014B120780028F8D1BDE870400A20AFF317
:100A7000008008B569468DF800000320ABBE08BDB4
:100A800080B50AF009FD42F2BC51C2F200410AF001
:100A900043FDBDE8804009F017B9000000000000E8
:100AA000FEE700000000000000207047000000008A
:100AB000002070470000000010B541F6583440F6A1
:100AC000D461C2F20044C2F200410022204607F085
:100AD000BBFB40F2D4612046C2F2004107F0A4FB08
:100AE000002010BD0000000010B541F6583401464A
:100AF000C2F20044204607F097FB204607F070FB47
:100B0000002010BD00000000002070470000000021
:100B100041F63460C2F2004000F0C2BC00000000A8
:100B200040F20F42D0F800C0C4F20202944510DC3B
:100B30006F22C4F20202944520DC3F22C4F202027A
:100B4000944536DC1022C4F20202944554D0282287
:100B50004EE040F26F42C4F2020294451ADC40F2C9
:100B60003F42C4F2020294452ADC40F21042C4F231
:100B70000202944540D040F2284239E09F22C4F25C
:100B80000202944525DC7022C4F20202944533D05F
:100B900088222DE040F29F42C4F2020294451FDCFD
:100BA00040F27042C4F20202944525D040F28842DD
:100BB0001EE04022C4F2020294451DD0582217E0E4
:100BC00040F24042C4F20202944515D040F258422D
:100BD0000EE0A022C4F2020294450DD0B82207E034
:100BE00040F2B842C4F20202944505D040F2A0425D
:100BF000C4F20202944517D10CF0F8024AF6AB2376
:100C0000103ACAF6AA23A2FB033109A35F2AC1F353
:100C100002115B5C40F2FF312CEA0101C36588BF21
:100C200004318165084670472CF0FF01F9E700BFE9
:100C300000061016000610167047000000000000A5
:100C40004FF4807002F0F8BAEFF3108072B600BF74
:100C5000FEE700000000000044F60C00C5F60200AC
:100C6000016841F00201016050F8081C8904FBD5BD
:100C7000704700000000000041F6AC60C2F2004086
:100C800001F00EBE0000000041F64C70C2F20040C0
:100C900001F006BE0000000041F6EC70C2F2004018
:100CA00001F0FEBD00000000F0B5D1E900C4D1F8AC
:100CB00008E00D692CB14EEA0C04254345F0804C48
:100CC00003E045EA8C4444EA0E0C856ED0F884704B
:100CD000D1E907466B438D6944EA0660D1F814E018
:100CE000CC68054307EB830045EA0E0647F823C0AE
:100CF00046EA04434360CB68002B08BFF0BD4EF2C8
:100D0000405C083001320023C0F6000CD71857F8B9
:100D1000017CC750CF6804331CF80770BB42F5D381
:100D2000F0BD0000000000002DE9F041044602F093
:100D300063FB14B3054694F83500022820D140F235
:100D40000F472668C4F2020740F26F48BE426FF0B8
:100D50000E00C4F2020817DC6F21C4F202018E42B9
:100D600023DC3F21C4F202018E4239DC1021C4F29F
:100D700002018E4258D0282151E00120BDE8F081C7
:100D800080206065012037E246451ADC40F23F4191
:100D9000C4F202018E422ADC40F21041C4F2020188
:100DA0008E4241D040F2284139E09F21C4F2020135
:100DB0008E4225DC7021C4F202018E4234D088219B
:100DC0002DE040F29F41C4F202018E421FDC40F24E
:100DD0007041C4F202018E4226D040F288411EE0EA
:100DE0004021C4F202018E421ED0582117E040F289
:100DF0004041C4F202018E4216D040F258410EE04A
:100E0000A021C4F202018E420ED0B82107E040F2C8
:100E1000B841C4F202018E4206D040F2A041C4F2B1
:100E200002018E42314607D13146306820F01E0063
:100E300041F8140B6FF080000A68464500EA020092
:100E4000086019DC9F20C4F20200864231DC572082
:100E5000C4F20200864256DC1020C4F20200864230
:100E600000F091802820C4F20200864200F08B80BE
:100E70004020C4F2020084E045F22F40C5F6020093
:100E800086422BDC40F2B740C4F20200864248DCC6
:100E900040F27040C4F20200864274D040F28840B2
:100EA000C4F2020086426ED040F2A040C4F20200BA
:100EB00067E040F22740C4F20200864240DCA020F6
:100EC000C4F2020086425ED0B820C4F2020086421C
:100ED00059D040F21040C4F2020052E045F26B409B
:100EE000C5F6020086423CDC45F23040C5F6020001
:100EF000864248D045F24440C5F60200864242D0C0
:100F000045F258403BE05820C4F2020086423AD0F5
:100F10007020C4F20200864235D08820C4F202005C
:100F20002FE040F2B840C4F2020086422BD045F2D6
:100F30000840C5F60200864225D045F21C401EE05E
:100F400040F22840C4F2020086421CD040F24040E9
:100F5000C4F20200864216D040F25840C4F20200A9
:100F60000FE045F26C40C5F6020086420BD045F218
:100F70009440C5F60200864205D045F28040C5F691
:100F80000200864204D1206E016821F48071016064
:100F9000306820F0010030603068C0070BD002F0EC
:100FA0002BFA401B0628F7D320206065032084F825
:100FB0003500012020E120680821B8424FF03F02AF
:100FC00010DC6F23C4F2020398421CDC3F23C4F2FE
:100FD0000203984232DC1023C4F20203984251D03B
:100FE00028234AE040451ADC40F23F43C4F20203A2
:100FF00098422ADC40F21043C4F20203984241D0E6
:1010000040F2284339E09F23C4F20203984225DCD2
:101010007023C4F20203984234D088232DE040F2BA
:101020009F43C4F2020398421FDC40F27043C4F2B3
:101030000203984226D040F288431EE04023C4F2C7
:10104000020398421ED0582317E040F24043C4F2F6
:101050000203984216D040F258430EE0A023C4F297
:10106000020398420ED0B82307E040F2A043C4F236
:101070000203984206D040F2B843C4F202039842F9
:1010800040F0BF80D4E9163707F01F07404502FA49
:1010900007F25A5019DC9F21C4F20201884231DC68
:1010A0005721C4F20201884256DC1021C4F2020129
:1010B000884200F091802821C4F20201884200F0A9
:1010C0008B804021C4F2020184E045F22F41C5F635
:1010D000020188422BDC40F2B741C4F2020188428F
:1010E00048DC40F27041C4F20201884274D040F200
:1010F0008841C4F2020188426ED040F2A041C4F29D
:10110000020167E040F22741C4F20201884240DC5C
:10111000A021C4F2020188425ED0B821C4F20201CB
:10112000884259D040F21041C4F2020152E045F227
:101130006B41C5F6020188423CDC45F23041C5F600
:101140000201884248D045F24441C5F60201884276
:1011500042D045F258413BE05821C4F20201884296
:101160003AD07021C4F20201884235D08821C4F2FD
:1011700002012FE040F2B841C4F2020188422BD0B4
:1011800045F20841C5F60201884225D045F21C41CE
:101190001EE040F22841C4F2020188421CD040F215
:1011A0004041C4F20201884216D040F25841C4F2D4
:1011B00002010FE045F26C41C5F6020188420BD0F6
:1011C00045F29441C5F60201884205D045F28041BE
:1011D000C5F6020188420BD1616EA26EE06E4A60D4
:1011E00030B1016821F480710160D4E91C014160D3
:1011F000012084F835000020002184F83410BDE877
:10120000F081042101223DE7F0B190F83510022968
:1012100018D180B540F20F420168C4F20202914237
:1012200014DC6F23C4F20203994224DC3F23C4F28E
:10123000020399423ADC1023C4F20203994258D0C7
:10124000282352E0802141650120704740F26F431E
:10125000C4F2020399421ADC40F23F43C4F2020393
:1012600099422ADC40F21043C4F20203994240D072
:1012700040F2284339E09F23C4F20203994225DC5F
:101280007023C4F20203994233D088232DE040F248
:101290009F43C4F2020399421FDC40F27043C4F240
:1012A0000203994225D040F288431EE04023C4F255
:1012B000020399421DD0582317E040F24043C4F284
:1012C0000203994215D040F258430EE0A023C4F225
:1012D000020399420DD0B82307E040F2B843C4F2AC
:1012E0000203994205D040F2A043C4F2020399429E
:1012F0006ED191424FF0040280F8352010DC6F204F
:10130000C4F20200814220DC3F20C4F2020081428C
:1013100036DC1020C4F20200814253D028204EE077
:1013200040F26F40C4F2020081421ADC40F23F40BA
:10133000C4F2020081422ADC40F21040C4F20200F2
:1013400081423FD040F2284039E09F20C4F20200A1
:10135000814225DC7020C4F20200814232D0882014
:101360002DE040F29F40C4F2020081421FDC40F2B7
:101370007040C4F20200814224D040F288401EE056
:101380004020C4F2020081421CD0582017E040F2F5
:101390004040C4F20200814214D040F258400EE0B6
:1013A000A020C4F2020081420CD0B82007E040F235
:1013B000B840C4F20200814204D040F2A040C4F21E
:1013C00002008142086820F001000860002080BD12
:1013D0000A6822F00E020A6045F25742C5F6020280
:1013E00091420A6822F001020A600EDC45F22F42A7
:1013F000C5F60202914217DC45F20842C5F6020228
:10140000914226D045F21C421FE045F27F42C5F6CC
:101410000202914211DC45F25842C5F602029142A5
:1014200017D045F26C4210E045F23042C5F6020298
:1014300091420ED045F2444207E045F29442C5F68F
:101440000202914205D045F28042C5F60202914265
:101450001AD1D0E9181CD0E916E30A6822F4807288
:101460000A6003F01F01012202FA01F1CEF8041014
:10147000816ECCF80410C16E31B10A6822F480721A
:101480000A60D0E91C124A60012180F83510016D14
:101490000022002980F8342098D08847002080BDA1
:1014A0002DE9F04381B00021009140F2280148F27B
:1014B000B513C2F20041C1F64E33856D40F26F495B
:1014C0000A680168C4F202092E68A2FB0328494594
:1014D0002B6815DC9F22C4F2020291422BDC5722BA
:1014E000C4F2020291424FDC1022C4F20202914285
:1014F00078D02822C4F20202914273D040226CE0DC
:1015000045F22F42C5F60202914227DC40F2B74273
:10151000C4F20202914243DC40F27042C4F2020281
:1015200091425FD040F28842C4F20202914259D007
:1015300040F2A04251E040F22742C4F2020291423E
:101540003DDCA022C4F2020291424BD0B822C4F288
:101550000202914246D040F210423EE045F26B4218
:10156000C5F60202914275DC45F23042C5F6020230
:10157000914200F0828045F24442C5F60202914257
:101580007BD045F2584273E05822C4F202029142E5
:1015900028D07022C4F20202914223D088221CE09B
:1015A00040F2B842C4F2020291421BD045F2084216
:1015B000C5F60202914260D045F21C4258E040F26A
:1015C0002842C4F2020291420CD040F24042C4F2DE
:1015D0000202914206D040F25842C4F20202914205
:1015E00040F02D84C26D082302F01F029340334265
:1015F00000F0168140F20F44C4F20204A1424FF001
:10160000040413DC6F27C4F20207B94200F391808F
:101610003F27C4F20207B94200F3D2801027C4F278
:101620000207B94200F0F0802827E8E0494500F3BE
:101630008C8040F23F47C4F20207B94200F3C780F2
:1016400040F21047C4F20207B94200F0DD8040F2D8
:101650002847D4E045F26C42C5F6020291420CD014
:1016600045F28042C5F60202914206D045F294420C
:10167000C5F60202914240F0E2830E68C26D02F0AC
:101680001F02042707FA02F41C4218BF16F00407D1
:101690002CD1022707FA02F41C4218BF16F00207E9
:1016A00062D1D3401B0740F1CA8316F0080300F053
:1016B000C68340F20F43C4F2020399426FF01C0349
:1016C00000F318836F27C4F20207B94200F3548372
:1016D0003F27C4F20207B94200F3B4831027C4F2D3
:1016E0000207B94200F0D3832827CAE332046C60B2
:1016F0005ED4B20600F1A18340F20F42C4F20202AE
:1017000091426FF0080200F3E3826F23C4F20203F8
:10171000994200F302833F23C4F20203994200F38B
:1017200047831023C4F20203994200F083832823E5
:101730007AE39F27C4F20207B94251DC7027C4F252
:101740000207B94260D0882759E040F29F47C4F2AF
:101750000207B9424BDC40F27047C4F20207B942BB
:1017600052D040F288474AE032046C6000F19C821B
:10177000B20600F1CF8340F20F42C4F2020291425E
:101780006FF0140200F3D6826F23C4F20203994271
:1017900000F315833F23C4F20203994200F38C83C4
:1017A0001023C4F20203994200F0AB832823A2E382
:1017B000F10300F14283816C002940F079833EE31C
:1017C0004027C4F20207B9421ED0582717E040F262
:1017D0004047C4F20207B94216D040F258470EE023
:1017E000A027C4F20207B9420ED0B82707E040F2A2
:1017F000A047C4F20207B94206D040F2B847C4F28B
:101800000207B94218BF08240F68274208D00F68A2
:1018100027F004070F60AB60436D43F0010343659D
:101820000123934033426FD040F20F47C4F20207C6
:10183000B94210DC6F27C4F20207B9421CDC3F2713
:10184000C4F20207B94232DC1027C4F20207B942DF
:1018500051D028274AE049451ADC40F23F47C4F2FC
:101860000207B9422ADC40F21047C4F20207B9422B
:1018700041D040F2284739E09F27C4F20207B9421D
:1018800025DC7027C4F20207B94234D088272DE046
:1018900040F29F47C4F20207B9421FDC40F2704792
:1018A000C4F20207B94226D040F288471EE0402722
:1018B000C4F20207B9421ED0582717E040F2404751
:1018C000C4F20207B94216D040F258470EE0A027F2
:1018D000C4F20207B9420ED0B82707E040F2B84779
:1018E000C4F20207B94206D040F2A047C4F2020790
:1018F000B94240F0E1814F6907F0800424B1AB6048
:10190000436D43F0020343650423934033426FD099
:1019100040F20F47C4F20207B94210DC6F27C4F24D
:101920000207B9421CDC3F27C4F20207B94232DC8D
:101930001027C4F20207B94251D028274AE049458E
:101940001ADC40F23F47C4F20207B9422ADC40F2F7
:101950001047C4F20207B94241D040F2284739E0AB
:101960009F27C4F20207B94225DC7027C4F20207A0
:10197000B94234D088272DE040F29F47C4F20207D5
:10198000B9421FDC40F27047C4F20207B94226D0C8
:1019900040F288471EE04027C4F20207B9421ED039
:1019A000582717E040F24047C4F20207B94216D068
:1019B00040F258470EE0A027C4F20207B9420ED009
:1019C000B82707E040F2B847C4F20207B94206D090
:1019D00040F2A047C4F20207B94240F073810F6899
:1019E00007F0020424B1AB60436D43F00403436588
:1019F000102303FA02F232427ED040F20F43C4F2C7
:101A0000020399424FF0080310DC6F27C4F202076B
:101A1000B9421CDC3F27C4F20207B94232DC10276E
:101A2000C4F20207B94251D028274AE049451ADCDE
:101A300040F23F47C4F20207B9422ADC40F21047A5
:101A4000C4F20207B94241D040F2284739E09F274B
:101A5000C4F20207B94225DC7027C4F20207B9427A
:101A600034D088272DE040F29F47C4F20207B942E4
:101A70001FDC40F27047C4F20207B94226D040F2A0
:101A800088471EE04027C4F20207B9421ED05827FB
:101A900017E040F24047C4F20207B94216D040F2C4
:101AA00058470EE0A027C4F20207B9420ED0B8276B
:101AB00007E040F2A047C4F20207B94206D040F264
:101AC000B847C4F20207B94218BF04230F681F4287
:101AD00012D0AA600A6852030A6806D4D20506D456
:101AE0000A6822F008020A6001E0110352D4016C76
:101AF00011B1044688472046C16D01F01F02202124
:101B000001FA02F3334200F0A68040F20F47016869
:101B1000C4F202071026B94210DC6F27C4F2020794
:101B2000B9421CDC3F27C4F20207B94236DC102759
:101B3000C4F20207B94255D028274EE049451ADCC5
:101B400040F23F47C4F20207B9422EDC40F2104790
:101B5000C4F20207B94245D040F228473DE09F2732
:101B6000C4F20207B94229DC7027C4F20207B94265
:101B700038D0882731E040F29F47C4F20207B942CB
:101B800023DC40F27047C4F20207B9422AD040F287
:101B9000884722E0816C0029ABD1ADE74027C4F231
:101BA0000207B9421ED0582717E040F24047C4F25E
:101BB0000207B94216D040F258470EE0A027C4F2FF
:101BC0000207B9420ED0B82707E040F2A047C4F29E
:101BD0000207B94206D040F2B847C4F20207B94240
:101BE00018BF02260F68374235D0AB6090F8353009
:101BF000042B0B6816D123F016030B604B6923F0FE
:101C000080034B61036C0BB9836C1BB10B6823F031
:101C100008030B603F219140A960012180F8351035
:101C2000016D3FE15A030A680CD4D2050ED40A684C
:101C300022F010020A60012180F83510002180F89E
:101C4000341003E0110301D4416C00E0C16B11B109
:101C5000044688472046416D002900F0F080416D20
:101C6000C9071CD0042180F8351001684FEA98227A
:101C70000B6823F001030B60009B01330093934238
:101C800002D80B68DB07F7D10968C9074FF00301D9
:101C900008BF012180F83510002180F83410C16C94
:101CA000002940F00581CAE0F10300F13381416C65
:101CB000002940F0FD80C2E000240F68002C7FF472
:101CC0001EAE21E600240F68002C7FF48CAE8FE658
:101CD000494542DC40F23F43C4F2020399427CDCB6
:101CE00040F21043C4F20203994200F0A38040F294
:101CF000284399E049454CDC40F23F47C4F20207D3
:101D0000B94200F3A68040F21047C4F20207B9427C
:101D100000F0BD8040F22847B3E09F23C4F20203E5
:101D2000994263DC7023C4F20203994200F082807E
:101D3000882379E0494560DC40F23F43C4F2020366
:101D4000994200F3C08040F21043C4F2020399426A
:101D500000F0D78040F22843CDE040F29F43C4F228
:101D60000203994258DC40F27043C4F202039942E4
:101D700060D040F2884357E09F27C4F20207B9427F
:101D800070DC7027C4F20207B94200F08080882717
:101D900077E040F29F47C4F20207B94269DC40F2A3
:101DA0007047C4F20207B94271D040F2884768E038
:101DB0004023C4F2020399423CD0582334E09F23CD
:101DC000C4F20203994200F387807023C4F2020335
:101DD000994200F0968088238DE040F24043C4F29F
:101DE0000203994226D040F258431DE0A023C4F2DA
:101DF000020399421ED0B82316E040F29F43C4F27A
:101E0000020399426FDC40F27043C4F2020399422C
:101E100077D040F288436EE040F2A043C4F2020360
:101E2000994207D040F2B843C4F20203994218BF66
:101E30006FF004020B681A400A60016CC1BB01B06C
:101E4000BDE8F0834027C4F20207B9421FD05827EB
:101E500017E040F24047C4F20207B94217D040F2FF
:101E600058470EE0A027C4F20207B9420FD0B827A6
:101E700007E040F2A047C4F20207B94207D040F29F
:101E8000B847C4F20207B94218BF6FF00E030F68DB
:101E90003B400B60012101FA02F26A60416580F863
:101EA0003510C16C00294FF0000280F83420C6D0F4
:101EB00001B0BDE8F04308474023C4F20203994251
:101EC0001FD0582317E040F24043C4F20203994266
:101ED00017D040F258430EE0A023C4F20203994207
:101EE0000FD0B82307E040F2A043C4F202039942A6
:101EF00007D040F2B843C4F20203994218BF6FF012
:101F00000A020B681A400A60012180F8351000218E
:101F100080F83410C16B0029CAD190E7000000009E
:101F20002DE9F041044601F067FAECB140F26F4848
:101F300005462068C4F20208404518DC9F21C4F21F
:101F4000020188422EDC5721C4F20201884254DC8F
:101F50001021C4F2020188427ED02821C4F202017D
:101F6000884279D0402172E00120BDE8F08145F23D
:101F70002F41C5F60201884227DC40F2B741C4F286
:101F80000201884245DC40F27041C4F202018842FD
:101F900062D040F28841C4F2020188425CD040F233
:101FA000A04154E040F22741C4F20201884240DCE3
:101FB000A021C4F2020188424ED0B821C4F202012D
:101FC000884249D040F2104141E045F26B41C5F6EC
:101FD0000201884200F3B88045F23041C5F60201A3
:101FE000884200F0C38045F24441C5F602018842B0
:101FF00000F0BC8045F25841B4E05821C4F202011F
:10200000884229D07021C4F20201884224D088215C
:102010001DE040F2B841C4F2020188421CD045F2F2
:102020000841C5F60201884200F0A08045F21C413B
:1020300098E040F22841C4F2020188420CD040F2FC
:102040004041C4F20201884206D040F25841C4F235
:102050000201884240F0CE80022184F83510002130
:1020600084F83410016821F00101016020680168E2
:10207000C9070CD001F0C0F9401B0628F6D3202078
:102080006065032084F835000120BDE8F08148F246
:102090003F0204F108070168CFF61062114066693B
:1020A0008CCF1143D4F818C01943E3693943276A28
:1020B0000E43616A3343042943EA070343EA0C03EE
:1020C00003D1D4E90B7637433B436568A5F1290674
:1020D000292E00F2A1800127DFE806F0151515155D
:1020E00015159E9E9E9E9E9E9E9E9E9E9E9E9E9E22
:1020F0009E9E151515159E9E9E9E15159E9E9E9E36
:102100009E9E15151515002F18BF43F48013042942
:102110000360426922F0070241EA020140F0908028
:10212000D4E90A53002B41EA050100F08980BCF58F
:10213000005F61D0BCF1000F6AD1022D74D0012D77
:1021400060D0002D70D072E045F26C41C5F60201FE
:1021500088420BD045F28041C5F60201884205D085
:1021600045F29441C5F60201884243D104F1080EBC
:10217000022184F83510002184F834100168A36925
:102180009EE80450A2F18005E769B5FA85F5666915
:102190006D09402A4FEA853543EA07026FF31011B3
:1021A00042EA060208BF102541EADC0142EA0E02BB
:1021B0002943236A41EAD2014AF6F832CAF2FD7293
:1021C0004CF6CD470244CCF6CC4741EA1311A2FBB2
:1021D000072301606FF0030000EA9300E0652046EA
:1021E000FEF79EFCE16D012201F01F0102FA01F1F0
:1021F000416030E0402043E7032D18D8DFE805F0C8
:102200000A140A02A3F1C072B2FA82F252090FE074
:10221000032D08D201220BE025F00302743AB2FA32
:1022200082F257096FE702D1C3F3006200E0002297
:1022300032B140206065012084F83500BDE8F081AE
:1022400041612046FEF76CFCE16D3F2201F01F0169
:1022500002FA01F181602068404519DC9F21C4F237
:102260000201884231DC5721C4F20201884256DC67
:102270001021C4F20201884200F092802821C4F2A9
:102280000201884200F08C804021C4F2020184E007
:1022900045F22F41C5F6020188422BDC40F2B741DE
:1022A000C4F20201884248DC40F27041C4F20201EB
:1022B000884275D040F28841C4F2020188426FD052
:1022C00040F2A041C4F2020167E040F22741C4F2AB
:1022D0000201884240DCA021C4F2020188425FD0A2
:1022E000B821C4F2020188425AD040F21041C4F22F
:1022F000020152E045F26B41C5F6020188423CDC26
:1023000045F23041C5F60201884249D045F24441C8
:10231000C5F60201884243D045F258413BE05821BE
:10232000C4F2020188423BD07021C4F2020188420B
:1023300036D08821C4F202012FE040F2B841C4F245
:10234000020188422CD045F20841C5F602018842BC
:1023500026D045F21C411EE040F22841C4F20201A1
:1023600088421DD040F24041C4F20201884217D099
:1023700040F25841C4F202010FE045F26C41C5F64B
:10238000020188420CD045F29441C5F60201884210
:1023900006D045F28041C5F60201884240F0D08067
:1023A00045F2574C45F6FC0EC5F6020CC5F6020E7A
:1023B00060450EDC45F22F43C5F60203984217DC58
:1023C00045F20843C5F60203984226D045F21C4365
:1023D0001FE045F27F43C5F60203984211DC45F247
:1023E0005843C5F60203984217D045F26C4310E0FB
:1023F00045F23043C5F6020398420ED045F24443FD
:1024000007E045F29443C5F60203984205D045F231
:102410008043C5F60203984250D100F0FC034CF60D
:10242000CD47083BCCF6CC47A3FB0737AEF1FC0504
:10243000AEF17C063B0905EB83022266A26803F03D
:102440001F030127802A666607FA03F2A26601D1FC
:10245000002262606368A56ED4E91826DFB2591EB7
:1024600007291760756015D87E1E072E62D8604553
:102470000EF1440213DC45F22F41C5F602018842F9
:102480003CDC45F20841C5F6020188424BD045F2DA
:102490001C4144E000206067C4E91B0050E045F2A5
:1024A0007F41C5F60201884231DC45F25841C5F64C
:1024B0000201884237D045F26C4130E000F0F80369
:1024C0004AF6AB27103BCAF6AA27A3FB073740F210
:1024D0000F43C4F2020308253E09984203F1AA0201
:1024E000334688BF05EB171340F600059042C4F24F
:1024F000020528BF334605F180069CE745F23041CE
:10250000C5F6020188420ED045F2444107E045F28B
:102510008041C5F60201884205D045F29441C5F6D6
:102520000201884213D10EEB8300E066012022678E
:10253000B040606704F16C02002307CA03604A6080
:1025400000206065012184F83510BDE8F08140F677
:102550000000C4F2020000F1FC0E00F5A072E2E7F8
:10256000B0B5044600F048FF40F248110546C2F2FB
:102570000041621C097818BF0C4400BF00F03CFF0A
:10258000401BA042FAD3B0BD90F89830013B012B1C
:102590000BD80068836D0B420CD0836D0B408B42CF
:1025A0000CD1C36D43F0020309E000F19C0101204E
:1025B000022221E0C36D43F0010300E00323C36561
:1025C0008B0504D5D0F8E0301343C0F8E0304B055C
:1025D00004D5D0F8E4301A43C0F8E4204FF6FF7277
:1025E000436DC3F6CF720A401A4342658A0F4AF61A
:1025F00014010020C4F200010B681A430A607047FE
:1026000090F89830022B1BD1B0B50368D3F8C050B6
:1026100015F07C5F1CD0D3F8C450AD021DD4D3F8A4
:10262000C4300546C3F304442346FEF73DFB286847
:102630000121A140C0F8D0100020C5F89410B0BD11
:10264000D0F89C1041F00801C0F89C1001207047A0
:10265000D0F89C1041F0200103E0D0F89C1041F428
:102660000071C0F89C100120B0BD00000000000007
:10267000704700000000000090F89820013A012AFD
:102680000BD880B50A68002ACA680ED00B69072AE1
:1026900043EA427E16D18B6919E0D0F89C1041F0D4
:1026A0000201C0F89C1001207047072A18D10A695E
:1026B000D1E906C3120442EA032242EA0C0242F0C4
:1026C000605217E0D1F808C04B6943EA8C73006F81
:1026D000496800EBC10240F831E05360002080BD42
:1026E0008B68D1E904CE9B0743EAC26242EA0C42FE
:1026F00042EA0E024968C06E40F82120002080BDE9
:10270000704700000000000070470000000000005B
:1027100070B590F89850022D11D1402914D1046859
:10272000D4F8A05015F4FE0F2BD0D4F8A4506D06A9
:102730002CD0D4F8A450ED0130D4002531E0D0F8ED
:102740009C1041F0080125E041290FD10468D4F81C
:10275000B05015F4FE0F14D0D4F8B4506D0615D057
:10276000D4F8B450ED0126D4002527E0056DA94228
:1027700007D200F17C04D0F854E04FF0000C0D4675
:1027800026E0D0F89C1041F0200103E0D0F89C1026
:1027900041F48071C0F89C10012070BDD4F8A050A5
:1027A000ED0FD4F8A440C4F3052404EB050E00F1AA
:1027B0007404456C0BE0D4F8B050ED0FD4F8B4407D
:1027C000C4F3052404EB050E00F17804C56CF4464F
:1027D00005FB0EFE256855F82E4014F08044546029
:1027E00055F82E4024F0604608BFC4F38A461660B0
:1027F00055F82E4004F00054946005EB8E0455F813
:102800002E6006F000461661A688D661E68816F0AE
:102810000F06D660666806F480165661666806F490
:1028200000169661E67906F07F06166266684FEA42
:10283000D67656620ED04EF2405E04F108050024B2
:10284000C0F6000E2E5D1E550134D6681EF80660D7
:10285000B442F7D3402904D10068C0F8A8C00020D2
:1028600070BD412904D10068C0F8B8C0002070BD17
:102870001F2907D80068012202FA01F1C0F8981058
:10288000002070BD006801F01F01012202FA01F171
:10289000C0F89C10002070BD7047000000000000D0
:1028A0002DE9F04F87B004464AF61000C4F200004C
:1028B00001684AF61400C4F20000026820680A4069
:1028C000D0F850B0D0F85490056D466D036D02936A
:1028D000436D0193036D0693436D0593036D04935C
:1028E000436D0393D0F854A0D0F850805FEACA53E8
:1028F00010D518F480710DD04FF4807101654AF63F
:1029000010010020C4F20001174608602046FFF7BE
:10291000C3FF3A460BEA090B4AF610095FEA4A5030
:10292000C4F200094FEA82771AD518F4806017D0F4
:1029300020689146D0F8DC10D0F8E42011404FF424
:10294000806202654AF61002C4F2000200201060A4
:10295000204600F055FC4A464AF61009C4F2000928
:1029600005EA06050BF4704657B1206800210165A1
:1029700002F00300C9F8000020463946FFF778FE50
:10298000DDE9011000EA010705F00F0546B12068F6
:10299000314606650020C9F80000204600F038FCEA
:1029A00007F0F00645B12068294605650020C9F802
:1029B0000000204600F0E4FB46B120683146066581
:1029C0000020C9F80000204600F0E2FB5FEA0A5050
:1029D0000CD518F4006009D020684FF4006101653F
:1029E0000020C9F80000204600F016FC5FEA8A507B
:1029F00011D518F400700ED02068D0F8D810D0F897
:102A0000E02011404FF4007202650020C9F8000078
:102A1000204600F0F9FB5FEA0A300CD518F40020DC
:102A200009D020684FF4002101650020C9F800009A
:102A3000204600F0A1FB5FEACA300CD518F48030C4
:102A400009D020684FF4803101650020C9F80000EA
:102A5000204600F0D1FB5FEA4A30DDE9031000EACE
:102A600001050CD518F4802009D020684FF480218E
:102A700001650020C9F80000204600F0B9FB5FEABC
:102A80008A30DDE9051000EA010005F060710FD51C
:102A900018F400320CD022684FF400331365002282
:102AA000C9F80020D4F89C2042F08002C4F89C2091
:102AB00000F0715539B1206801650020C9F80000A7
:102AC0002046FFF721FE4DB1206805650020C9F8BA
:102AD0000000D4F89C002843C4F89C002068A9F5A5
:102AE0000161884209D0D4F89C00002868D02046B3
:102AF00007B0BDE8F04FFFF703BE60688168890743
:102B0000F1D0016A426A036A476A114003EA070288
:102B100002F03005D0F82080D0F82490D0F820B012
:102B2000466A026A069211F00F01426A0592D0F8D5
:102B300024A0026A049203D00162204600F04CFBFC
:102B400008EA09072DB1606829460562204600F0B1
:102B50004BFB5FEA4A6006EA0B0607F4C0750ED528
:102B6000049810F040000AD060684023C16BC26B2B
:102B7000090C02F03F020362204600F031FBDDE960
:102B8000051000EA010706F4FC462DB160682946ED
:102B90000562204600F01CFB07F4F02036B16168A6
:102BA0000E62D4F89C103143C4F89C1000289AD0CF
:102BB00061680862D4F89C100843C4F89C0092E74E
:102BC00007B0BDE8F08F000040B32DE9F04F83B0AF
:102BD0004AF200080446C4F200080068404502D1E9
:102BE00008F58070606094F8980028B9002084F897
:102BF0009900204600F0CCF92068816921F010018D
:102C0000816100F0F9FB054620688169090707D555
:102C100000F0F2FB401B0B28F6D312E001207047B6
:102C2000816941F00101816100F0E6FB054600BFCA
:102C300020688169C90711D100F0DEFB401B0B2819
:102C4000F6D30120D4F89C100843C4F89C0003205C
:102C500084F89800012003B0BDE8F08F816941F04D
:102C600002018161217C826922F04002012918BFA2
:102C700040328261617C826922F48042012908BF6E
:102C800002F580428261A17C826922F4805201298E
:102C900018BF02F580528261816921F44073D4E942
:102CA00002120B438361836923F0A40383610369E8
:102CB00023F0100303619AB1012A0DD0022A09D032
:102CC0008369032A43F080038361036943F01002A0
:102CD000026105D1202200E0042283691A43826147
:102CE000D4E90572E369561E6FF0FF02256A02EB14
:102CF0000323B1F5407F43EA4663A5F1010646EAA6
:102D0000030640F20003CFF6FF7303EB074746EAE2
:102D10000701C16110D1D4E90B65D4E90917013F5E
:102D200002EB06226FF00F063A4306EB05173A4313
:102D300003EB01411143C160236E2BB1616ED0F8EA
:102D4000C0201143C0F8C010E16DCDE90113D94294
:102D50004EF22031C0F6000109D0D0F8C820A36E91
:102D600022F0070251F823301A43C0F8C820D4F8E3
:102D700040C0BCF1000F09D0D0F8BC20636C22F039
:102D8000070251F823301A43C0F8BC20D4F848B0E9
:102D9000BBF1000F0AD0D0F8BC20E36C22F0700227
:102DA00051F8233042EA0312C0F8BC20D4F850A0F6
:102DB000BAF1000F0AD0D0F8BC20636D22F4E062B3
:102DC00051F8231042EA0121C0F8BC10404504D15B
:102DD00061688A6822F003028A600021C4F89410B6
:102DE000C4F89C10012184F8981004F13409D0F83B
:102DF00084104FF6FC729143656C99E80C020095C3
:102E000041EA8201C0F88410D0F8841021F47F01D7
:102E100041EA0341C0F884109918D0F888306FF364
:102E20008F0343EA8103C0F88830D0F8883023F458
:102E3000FE0343EA0943C0F8883001EB4903D0F8A8
:102E4000A0606FF38F0646EA8306C0F8A060D0F852
:102E5000A06026F4FE0646EA0C46C0F8A06005FB1A
:102E60000C36D0F8B0306FF38F0343EA8603C0F816
:102E7000B030D0F8B03023F4FE0343EA0B43C0F87F
:102E8000B030E36CD0F8AC506FF38F0503FB0B66EA
:102E900045EA8605C0F8AC50D4F8548008FB0A65B2
:102EA000D0F8F0606FF38F0646EA8506C0F8F06050
:102EB000D0F8F0E0A66D2EF47C1747EA0647C0F87C
:102EC000F070F70007EB8507D0F8C0506FF38F055F
:102ED0002F43C0F8C070D0F8C070009DDDF804E04A
:102EE00027F47C1705FB0CFC4AF2000547EA0E4765
:102EF000C0F8C070C4F2000503FB0BC305F54067C2
:102F0000D0F8C05007EB820207EB810125F07C5717
:102F1000029D47EA0567C0F8C07001EBC90008FBD5
:102F20000A372167A16E00EB8C0C606700EB83030E
:102F3000E266C4E91EC30EFB01F300EB87006943A0
:102F4000C4F8800000EBC600C4F8840000EB8300E6
:102F5000C4F8880000EB81004DF2FC31C4F200019E
:102F6000C4F89000884201D920206BE6824208D242
:102F7000002000BF42F8040BD4F890108A42F9D325
:102F800069E6002003B0BDE8F08F000000000000FB
:102F9000B0B5B6B0044602A8B8210025CDE9345535
:102FA000CDE932553195FDF741FB4DF200412068E6
:102FB000C4F20001884200F096804AF20041C4F257
:102FC000000188424BD04AF20001C4F2000188425D
:102FD00040F0D080002003904FF4004002904FF06A
:102FE00080501D9002A801F047FB08B1FDF72CFEB0
:102FF00040F2A82144F2E040C2F20041C5F60200CE
:103000000A68002A02F101020A6008D1C16841F48D
:103010008071C160C16801F48071019101990168FA
:1030200041F008010160006840F2004100F0080032
:103030000190C5F6020101980320319002203290E0
:103040000020CDE933000920359001F5006031A959
:1030500000F0FEF8132006210022132485E0002052
:1030600003904FF4004002904FF080501D9002A852
:1030700001F002FB08B1FDF7E7FD40F2A82144F2A0
:10308000E040C2F20041C5F602000A68002A02F1DF
:1030900001020A6008D1C16841F48071C160C16851
:1030A00001F4807101910199016841F00201016010
:1030B000006831A900F00200019001984FF44050DF
:1030C0003190022032900020CDE933000920359064
:1030D00040F20040C5F6020000F0BAF814200721C3
:1030E0000022142441E04FF4004002904FF0805041
:1030F0001D9002A8039501F0BFFA08B1FDF7A4FDE9
:1031000040F2A82144F2E040C2F20041C5F60200BC
:103110000A68002A02F101020A6008D1C16841F47C
:103120008071C160C16801F48071019101990168E9
:1031300041F0200101600068002100F020000190B2
:103140000198C020CDE9331140F200413190C5F61D
:10315000020102203290359001F5805031A900F033
:1031600077F89F20082100229F2400F05DFA204676
:1031700000F046FA36B0B0BD704700000000000015
:10318000C90708BF704708F00FBC0000000000002E
:10319000704700000000000090F8981001290CD141
:1031A000022180F8981001688A6922F001028A6180
:1031B0000021C0F89C1000207047D0F89C1041F00E
:1031C0000401C0F89C1001207047000000000000BE
:1031D0007047000000000000704700000000000081
:1031E0007047000000000000704700000000000071
:1031F0007047000000000000704700000000000061
:103200007047000000000000704700000000000050
:103210007047000000000000704700000000000040
:1032200041F610310346C2F200414FF48072084665
:10323000194607F0A9BB00008821C5F600010A68FD
:10324000024208BF70470860FFF7EABF00000000B5
:103250002DE9F04F83B00E68002E00F0C78000F11A
:10326000264742F2004507F1FF77C5F602050A221C
:10327000A8424FEAB72500F1200308BF09220093B6
:10328000082D38BF4FEAB722002400274FF0000A6C
:1032900001920AE00AF1010A0E6836FA0AF207F111
:1032A000020704F1040400F0A180012202FA0AFBE3
:1032B00016EA0B08EED0D1F80490032209F0030EB1
:1032C000AEF10106012E02FA07F610D8D0F808C0B8
:1032D000CD682CEA0602BD402A438260C9F300157E
:1032E000426822EA0B0205FA0AF52A434260BEF15F
:1032F000030F1FD0C2688D68B243BD40BEF1020FFC
:1033000042EA0502C26015D16FF00302009D02EA95
:103310005A0B04F01C030F2255F80BC002FA03FEEF
:10332000D1F810902CEA0E0C09FA03F343EA0C03CF
:1033300045F80B3002684B68B24303F00306BE4009
:1033400013F4403F42EA06020260A3D044F2F44381
:1033500040F2084CC5F60203C5F6000C0F251A68AA
:1033600042F002021A601A6802F0020202922AF087
:103370000302029B04F00C0352F80C609D40AE4324
:10338000019D05FA03F3334342F80C304FF0B04C83
:10339000DCF800204B6842EA0806DD0258BF22EA4A
:1033A00008069D02CCF8006040F2040CC5F6000C43
:1033B000DCF8002042EA080658BF22EA08069D030E
:1033C000CCF80060DCF8802042EA080658BF22EA08
:1033D0000806DB03CCF88060DCF87C2042EA0806B3
:1033E00058BF22EA0806CCF87C6053E703B0BDE87A
:1033F000F08F00000000000046F67840C2F2004066
:10340000006870470000000040F2481046F678411E
:10341000C2F20040C2F2004100780A68104408601D
:10342000704700000000000080B5032000F02CF978
:1034300001F0B2FF44F218414EF27833C5F60201B2
:10344000C0F600030A68C2F303229A5C096801F01F
:103450000F0102F01F02595CD04040F22C02C2F270
:10346000004201F01F0120FA01F1116040F2280131
:10347000C2F2004108600F2000F00AF800281CBFCB
:10348000012080BD00F0A4F8002080BD00000000F5
:103490000F2843D8B0B58AB004462C20002221461C
:1034A000002500F0C1F82C2000F0AAF840F24C10E2
:1034B000C2F20040046044F2F040C5F60200016828
:1034C00041F002010160006801A900F002000290D1
:1034D000029802A801F0ACFE01F02EFF4DF68361C8
:1034E0004000C4F21B3140F20042A0FB010142F255
:1034F0005460C2F200404FF0FF33C4F20102026098
:1035000003EB9141C0E9011540F2E731C0E9031531
:1035100002F036FB20B101200AB0B0BD0120704797
:1035200042F25460C2F2004002F0AEFB0AB0B0BDFD
:1035300010B54EF6A05E4378CEF2000E90F800C0B3
:103540004EF8083CDEF8003023F00103CEF80030DE
:1035500043684EF8043C037BC27A817A447B1206AE
:1035600042EA0372837B42EAC141C27B41EA844161
:10357000447A41EA4341007A41EA024141EA0421A6
:1035800041EA400040EA0C00CEF8000010BD000007
:103590004EF62450CEF20000BFF35F8F016821F495
:1035A00080310160002101677047000000000000C9
:1035B0004EF6245140F00100CEF200010867086881
:1035C00040F480300860BFF34F8FBFF36F8F7047B8
:1035D00081B044F2F4400022C5F60200016841F0D7
:1035E0000201016000680F2100F0020000906FF0FE
:1035F0000100009B01B000F017B8000000000000BF
:10360000002848BF704700F01F01012202FA01F1B3
:103610004EF20012C0F34A10CEF2000242F820101F
:10362000704700000000000070B54EF60C5C4FF0D3
:10363000FF36CEF2000C00F1604505F56445DCF87C
:103640000030C3F3022E8EF00703042B28BF04239F
:10365000BEF1030406FA03F321EA030100F00F03AD
:1036600038BF0024043B0028634406FA04F048BF36
:1036700003F10C05A14022EA000008430001287074
:1036800070BD0000000000004EF60C514FF6FF0325
:10369000CEF200010A681A4060F30A2242F080600C
:1036A00040F0FD700860704701680122C0F8D8241E
:1036B000002280F8CC24886940F000608861486D61
:1036C00040F08052002042F003024A65704700003B
:1036D000704700000000000002680020516270473F
:1036E000B0B5D0F800E0DEF82400D1B1DEF8283023
:1036F000B1F1010C00EB13430BD05FFA8CF10EF526
:103700008070002450F8045F01348C4203EB1543B1
:10371000F8D30EEB8C0043EA0241C0F804110020FC
:10372000B0BD40EA0240CEF828000020B0BD000045
:10373000D0F8E00405F03CB801EBC10200EB8202D6
:10374000D0F8E004126A04F09FBF000000000000FF
:1037500001EBC10200EB8202D0F8E004D2F8602253
:1037600004F0EABF00000000D0F8E00405F024B83F
:1037700010B54FFA81FC0A4601F00F0E4FF4157197
:10378000BCF1000F4FEAD21248BF14210EEBCE0C51
:1037900090F89444431803EB8C01012C03F82CE0BF
:1037A0004A7001D1022010BD012280F894240268E1
:1037B0000446104605F05CFD002084F8940410BD1A
:1037C000B0B5027901F00F03934201D90120B0BDD9
:1037D0004AB24FF41574002A03EBC30E48BF1424F9
:1037E000C909021990F8944402EB8E0C012C4FF099
:1037F00000048CF801108CF8024002F82E3001D140
:103800000220B0BD012180F89414016805460846E5
:10381000614605F0B9FE204685F89444B0BD00002D
:1038200001F00F0101EBC10100EB8100D0F868024B
:10383000704700000000000070B58C464FF415740E
:1038400049B20CF00F0E6FF3DF22002948BF142499
:103850000EEBCE0604445FEADC1504EB860104F8A7
:1038600026E04D708A600B7118BFA1F81AE0022B98
:1038700001D100224A7190F89424012A01D102203A
:1038800070BD012280F8942402680446104605F0B9
:103890000FFC002084F8940470BD000000000000BC
:1038A00080B501F00F0C0CEBCC0100EB810E002178
:1038B000CEE998238379CEF868128EF855120EF56A
:1038C0001571012B8EF854C208BFCA6100681A46F0
:1038D00005F0A2FE002080BDB0B5027901F00F0412
:1038E00094424FF001022AD84BB24FEAD11C002B70
:1038F0004FF4157548BF214648BF142590F894E44D
:1039000001EBC1030544BEF1010F05EB830105F88E
:10391000234081F801C08A7001D10220B0BD80F837
:1039200094240546006805F057FE2CB9A97928684B
:1039300005F29C4205F0F8FD002285F8942410461B
:10394000B0BD00000000000080B501F00F0C90F841
:1039500006E00CEBCC01BEF1010F00EB810101F898
:1039600014CF4FF0000C0B614FF00103CA60C1F897
:1039700014C04B7008BFCA610068724605F04CFE67
:10398000002080BD000000002DE9F04F87B00568E1
:103990008246284605F0C0FF10B107B0BDE8F08FA1
:1039A000DAF8000005F0E8FF0028F6D0D5F808089E
:1039B000C0F30D20CAF8D404DAF8000005F0DCFFEB
:1039C000800705D5DAF80000416901F00201416184
:1039D00005F500600590DAF8000005F0CDFFC0069F
:1039E000069536D5DAF80000816921F01001816171
:1039F0002C6A04F00F0000EBC001C4F343400AEB53
:103A00008101062801F5157511D002281AD147F653
:103A1000F07014EA000615D03409E96806982246C9
:103A200005F0AEFFE86800EB1610E86007E00AF268
:103A30009C410822069805F0A3FFC4F30A146869A4
:103A400020446861DAF80000816941F01001816169
:103A5000069DDAF8000005F08FFF000340F1F280C8
:103A6000DAF8000005F064FF002800F0EB8006465D
:103A70004FF4306800244FF0000B0AF29C40049091
:103A800009E000BF0BF1010B760808F1200804F1F2
:103A9000240400F0D780F007F4D05FFA8BF9DAF84D
:103AA0000000494605F060FF0746C0075FD005EB00
:103AB000080001218160DAF8000008EB0001036CC6
:103AC0008A689AF80650012D25D1150732D495063B
:103AD00000F1B08043F20B05C4F65475AB42069D6D
:103AE00002D312F400422FD10AEB0402D2F874324E
:103AF00009696FF3DF41A3EB0101C2F8681294BBBF
:103B0000D2F86432002B00F09B80D2F860020844A7
:103B1000C2F8600227E043F20B05C4F65475FF3586
:103B2000AB4217D11004069D0ED490061BD5202061
:103B3000886018E043F20B00069DC4F6547083427F
:103B400015D312F4004012D04FF4004088603807BB
:103B50000FD437E0069D34B9DAF8641219B90021A0
:103B6000049A05F0E1FC50464946FFF7F1FD38079D
:103B700028D505EB08000821816043F20B01DAF833
:103B80000000C4F65471056C40448D42816805D331
:103B900011F400411CBF4FF400418160504600F019
:103BA000C3FB43F20B00C4F654708542069D09D353
:103BB0009AF80600012805D1DAF800000121049ADC
:103BC00005F0B2FCF80607D4B8070BD4B80624D425
:103BD000B8047FF557AF27E005EB0800102181609E
:103BE000B807F3D56869000604D50599486840F41C
:103BF000806048600AEB040090F85712012906D152
:103C0000002180F857125046494600F0A9FA05EB0A
:103C1000080002218160B806DAD505EB08002021F2
:103C20008160B8047FF52EAF05EB08004FF400511A
:103C3000816027E720208860069D380799D4C1E776
:103C400001218DE7DAF8000005F096FE400340F10F
:103C5000DC80DAF8000005F063FE002800F0D58073
:103C60000646069800F510690AF1140B00270AF2BF
:103C70009C400290CDE903B905E000BF760807F14A
:103C8000010700F0C280F007F8D0FDB2DAF80000BA
:103C9000294605F055FE0446C0070BD1200733D452
:103CA000E00637D460063BD4A0073FD42006E5D514
:103CB00055E000BF059B07F00F004FF0010C09EB2A
:103CC00047120CFA00F0596B21EA00005863C2F861
:103CD00008C09AF80600012810D107EBC7000BEBCB
:103CE0008000D0E902121144C1603FB9006928B9CF
:103CF000DAF800000121029A05F016FC5046294628
:103D0000FFF71AFD2007CBD509EB4710082181608A
:103D1000E006C7D509EB4710102181606006C3D5C6
:103D200009EB471040218160A007BFD506983946AE
:103D300005F0BEFD07EBC7000BEB800010F8031F7A
:103D4000012905D1002101705046294600F004FAEE
:103D500009EB47100221816020067FF58FAF07EB4A
:103D6000C7000BEB8008D8E904108142FFF486AF4E
:103D7000DAF80040081AD8F80810884238BF01461F
:103D800004EB47100331D0F8182992B2B2EB910F2F
:103D900028D300F5106900BFD8E90410814221D969
:103DA000081A9AF80620D8E902B1584538BF834668
:103DB000009220461FFA8BF32A4605F0D5FED8F86C
:103DC0000C00D8F814105844C8F80C0001EB0B0094
:103DD000C8F814000BF10300D9F8181089B2B1EB40
:103DE000900FD9D2D8E904018842DDE903B93FF642
:103DF00045AF07F00F00012101FA00F0D4F83418A4
:103E000021EA0000C4F8340838E7DAF8000005F0C9
:103E1000B3FDB0F1FF3F069C19DC0599486820F01E
:103E2000010048609AF8CC04012807D100208AF8E4
:103E3000CC0400215046FFF74BFC02E0504600F056
:103E400057FADAF80000416901F000414161DAF8FF
:103E5000000005F091FD00050CD505988068C007AD
:103E600002D0504600F088FADAF80000416901F407
:103E700000614161DAF8000005F07EFD000117D510
:103E8000DAF80000416901F0006141619AF8CC1450
:103E900019B1504600F070FA0AE001218AF8CC14FA
:103EA000406DC0F38300CAF8D0045046FFF710FC01
:103EB000DAF8000005F060FDC00453D505994868A4
:103EC00020F001004860DAF80000102105F0F0FC55
:103ED0009AF80400D8B104F510614FF67F3200BFA4
:103EE0008A6001380B6823F400130B60C1F80822C4
:103EF000D1F8003223F40013C1F80032D1F80032B7
:103F000043F00063C1F8003201F12001E8D1059FC0
:103F100084214422F86940F00110F8619AF80F00FA
:103F200000284FF00B0008BF142104BF42F22B0001
:103F300010227B5818437850B85840F00B00B85006
:103F400038680AF29C4220F4FE6038609AF8061045
:103F5000DAF8000005F0E8FADAF80000416901F447
:103F600080514161DAF8000005F006FD80041CD59F
:103F7000DAF8000005F0E0F8DAF8000005F0BCFC23
:103F80008AF80700DAF8004001F07EF99AF8072075
:103F90000146204605F060FD504600F095F9DAF83C
:103FA0000000416901F400514161DAF8000005F0B8
:103FB000E3FC000708D5504600F09EF9DAF800004F
:103FC000416901F008014161DAF8000005F0D4FC14
:103FD00000062AD50699886920F0800088619AF841
:103FE0000400022821D30AF515740AF114050126EC
:103FF00040F27B2706E000BF9AF804000136243720
:10400000864212D21AF807000128F5D106F00F00F7
:10401000320600EBC00005EB800158BF04EB8001C5
:10402000DAF8000005F0F4FBE6E7DAF8000005F046
:10403000A3FCC0022FD59AF80400022825D30698C5
:104040000AF1140400F512650AF13B064FF001086D
:10405000012706E09AF8040001372035243687420C
:1040600013D2286871780129F4D1B0F1FF3FF1DC57
:1040700007F00F0086F8008000EBC00004EB800121
:10408000DAF8000005F0C4FBE4E7DAF80000416963
:1040900001F480114161DAF8000005F06DFC800246
:1040A00033D59AF80410069D022928D305F532600D
:1040B00001390AF51F72012306E000BF013900F142
:1040C000200002F124021AD007681678012EF5D1DB
:1040D000B7F1FF3FF2DCDAF8D46486EA1747FF074E
:1040E000ECD102F8013CAF6947F08007AF616F691E
:1040F0003F06E3D40599486840F400704860DAF858
:104100000000416901F400114161DAF8000005F096
:1041100033FC400008D55046FFF70AFBDAF80000F0
:10412000416901F080414161DAF8000005F024FCAA
:1041300040077FF532ACDAF800004468600702D52A
:104140005046FFF711FBDAF8000041682143416057
:1041500007B0BDE8F08F0000D0F8E00404F094BB95
:10416000D0F8E00404F0A8BB002862D010B582B0FB
:10417000044690F8950428B9002084F89404204659
:1041800000F06AF8032084F89504206805F0C4F96B
:10419000D4E9000194F810C0D4E90223CDF800C09E
:1041A00004F0DAFF00283ED12068002105F00CFC65
:1041B000C8BB207960B300EBC00000214FEA800E3D
:1041C0004FF0010C00230022E01824339E450275B5
:1041D000C28502F1010280F815C00176C161016259
:1041E0004162F1D100210022002300BFA018243237
:1041F000964580F8543203F1010380F8551280F897
:104200005812C0F85C12C0F86012C0F86412EDD108
:10421000D4E9000194F810C0D4E90223CDF800C01D
:1042200005F086F838B1022084F89504012002B028
:1042300010BD0120704700206074012084F89504AF
:10424000207B012802D12046FFF72EFA206805F0D6
:104250005FF8002002B010BD10B5B0B0044602A84F
:10426000B821FCF7E3F900212068C4F20401884278
:1042700001D030B010BD002003904FF48020029098
:104280004FF48010239002A800F0F6F908B1FCF773
:10429000DBFC00F0B1F844F2D8400022C5F6020081
:1042A000016841F0007101600068052100F00070B4
:1042B000019001984D20FFF7B7F94D20FFF7A0F9C5
:1042C00030B010BD0000000010B5C179044621B126
:1042D000022901D0FCF7B8FC0121D4F8E00404F075
:1042E00077FBD4F8E004BDE8104004F025BB0000E3
:1042F000D0F8E00404F050BBD0F8E00404F058BB60
:1043000090F89424012A01D10220704710B50122AF
:1043100080F89424417404460268104605F088FB36
:10432000002084F8940410BDD0F8E02400F29C41F1
:10433000104604F065BB000010B5044690F89404E4
:10434000012801D1022010BD2068012184F89414B5
:10435000C168490606D5617B012903D1816B41F40F
:104360008031816305F09CFA206804F0C1FF0020D1
:1043700084F8940410BD000010B50446D0F8E004A1
:1043800004F096FB2068D0F8001E41F00101C0F84F
:10439000001EE07A002808BF10BD4EF61050CEF285
:1043A0000000016841F00601016010BD000000003E
:1043B000B0B544F60C05C5F6020529684907296819
:1043C00005D401F00701081A18BF0120B0BD21F083
:1043D000070108432860FFF70FF8044655F8080C5A
:1043E000800407D4FFF708F8001BB0F57A7FF5D9F1
:1043F0000120B0BD0020B0BD44F60C00C5F602009F
:10440000016841F080710160704700000000000009
:1044100080B500F039FF44F220414EF27832C5F603
:104420000201C0F600020968C1F30211515C01F0FB
:104430001F01C84080BD000080B544F2384EC5F66B
:10444000020E5EF8103C5EF8101C5EF80C2CC1F3F6
:10445000053CDEF80410BCF1000F18D0C9089FED30
:104460003A1AD20601EAE27103F003026FF35F31F8
:1044700000EE101AB8EE400ADFE802F0021F0E1F2D
:104480005EF8381C89060AD49FED311A15E0002128
:104490008160C0E9001180BD9FED2C1A0DE05EF82F
:1044A000381C49F20002C0F2D032C1F3C10122FA35
:1044B00001F101EE101AB8EE411ADEF800109FED7E
:1044C000253A6FF35F2102EE101ADEF80010C1F3F7
:1044D0004621B8EE422A013100EE032A00EE10CA4E
:1044E000B7EE003AB8EE400A81EE000A32EE031A47
:1044F00020EE010A01EE101AB8EE411A80EE011A00
:10450000BCEEC11A80ED001ADEF80010C1F30641BE
:10451000013101EE101AB8EE411A80EE011ABCEE1C
:10452000C11A80ED011ADEF80010C1F306610131F5
:1045300001EE101AB8EE411A80EE010ABCEEC00A74
:1045400010EE101A816080BD0024744A20BCBE4B5E
:104550000024744C0000003980B544F2404EC5F68A
:10456000020E5EF8183C5EF8181C5EF8142CC1F3BD
:10457000055CDEF80410BCF1000F18D0C9089FEDEF
:104580003A1AD20501EAE27103F003026FF35F31D8
:1045900000EE101AB8EE400ADFE802F0021F0E1F0C
:1045A0005EF8401C89060AD49FED311A15E00021FF
:1045B0008160C0E9001180BD9FED2C1A0DE05EF80E
:1045C000401C49F20002C0F2D032C1F3C10122FA0C
:1045D00001F101EE101AB8EE411ADEF800109FED5D
:1045E000253A6FF35F2102EE101ADEF80010C1F3D6
:1045F0004621B8EE422A013100EE032A00EE10CA2D
:10460000B7EE003AB8EE400A81EE000A32EE031A25
:1046100020EE010A01EE101AB8EE411A80EE011ADE
:10462000BCEEC11A80ED001ADEF80010C1F306419D
:10463000013101EE101AB8EE411A80EE011ABCEEFB
:10464000C11A80ED011ADEF80010C1F306610131D4
:1046500001EE101AB8EE411A80EE010ABCEEC00A53
:1046600010EE101A816080BD0024744A20BCBE4B3D
:104670000024744C000000392DE9F04381B0044659
:10468000C07844F22C490007C5F6020901D4002580
:1046900020E0606E4FEA3050032835D80025DFE86F
:1046A00000F0020A1C22D9F8000040F40030C9F8DA
:1046B0000000D5B906E004F10800022102F0B4FDC3
:1046C000054695B9D9F82400616E20F440100843DE
:1046D000C9F824004FF0000808E004F12800022186
:1046E00002F032FE0546002DECD0A8466078C007E7
:1046F0001ED0A06D04283ED8DFE800F02B340A035A
:1047000003006DB1A84613E00125002DEDD1D9E7D6
:1047100004F12800002102F017FE0546002DF1D11A
:10472000D9F82400A16D20F007000843C9F824003F
:104730006078400747D5D4F8A4004FEA70500528A8
:104740002CD8DFE800F01C2F2503030395B3A846FF
:1047500039E0D9F8000040F40030C9F80000002D1D
:10476000D0D1DDE704F10800002102F05DFD05462F
:10477000002DC7D1D4E70125002DC3D1D0E7D9F84A
:10478000000040F40030C9F80000002DDFD111E036
:1047900004F12800002102F0D7FD08E00125002DDA
:1047A000D5D107E004F10800002102F03DFD0546E7
:1047B000002DCCD1D9F82C00D4F8A41020F460003E
:1047C0000843C9F82C006078000731D5D4F8A80058
:1047D0004FEA3060052816D8DFE800F006190F030D
:1047E0000303E5B1A84623E0D9F8000040F4003007
:1047F000C9F80000002DF5D111E004F128000021D6
:1048000002F0A2FD08E00125002DEBD107E004F144
:104810000800002102F008FD0546002DE2D1D9F87C
:104820002C00D4F8A81020F0E0600843C9F82C0050
:10483000E07880071BD5E06C4FEA301003282FD8B2
:10484000DFE800F0020525024DB1A8460FE0D9F8D7
:10485000000040F40030C9F80000002DF5D1D9F86F
:104860002000E16C20F030000843C9F82000607897
:10487000C00629D5E06D4FEA3030042849D8DFE87A
:1048800000F0363F13030300B5B1A8461CE004F165
:104890000800022102F0C8FC0546002DD5D1DEE754
:1048A0000125002DD1D1DAE704F12800002102F022
:1048B0004BFD0546002DE8D1D9F82400E16D20F428
:1048C000E0400843C9F824006078800639D5206E9E
:1048D0004FEA3040052829D8DFE800F025031F25DE
:1048E000252504F10800012102F09EFC1AE0D9F808
:1048F000000040F40030C9F80000002DC5D1DBE70E
:1049000004F10800002102F08FFC0546002DBCD107
:10491000D2E70125002DB8D1CEE704F1280001210E
:1049200002F012FD054625B1A8460AE00125002D3A
:10493000FAD1D9F82400216E20F4E0200843C9F808
:1049400024006078400625D5D4F8AC004FEA3070DA
:10495000052813D8DFE800F00F03090F0F0F04F14B
:104960000800012102F060FC04E004F128000121AC
:1049700002F0EAFC054625B1A8460BE00125002D12
:10498000FAD1D9F82C00D4F8AC1020F0E04008435C
:10499000C9F82C006078000620D5E06ED8B1B0F1DF
:1049A000005F12D0B0F1805F26D1D9F8000040F44A
:1049B0000030C9F8000085B9D9F82400E16E20F074
:1049C00040500843C9F8240008E004F10800012120
:1049D00002F02AFC0546002DEED0A846E078C0077C
:1049E0001ED0A06C032800F28080DFE800F00209EE
:1049F00074026DB1A84613E00125002DEDD1DBE76F
:104A0000D9F8000040F40030C9F80000002DF1D1C1
:104A1000D9F82000A16C20F003000843C9F8200059
:104A2000A078400644D5D9F8D40340F48070C9F882
:104A3000D403FEF7E1FC0646D9F8D403C00505D43B
:104A4000FEF7DAFC801B6528F6D303257DBBD9F879
:104A50004410D4F8B000414011F4407F11D0D9F88F
:104A60004410D9F8442042F48032C9F84420D9F8DF
:104A7000442021F4407122F48032C9F84420C9F85E
:104A80004410B0F5807F0FD1FEF7B6FC064641F228
:104A9000893700BFD9F84400800705D4FEF7ACFC85
:104AA000801BB842F6D30325002D00F07A82A84679
:104AB0002078C00732D0A06F4FEAF000052822D836
:104AC000DFE800F01E03181E1E1E04F1080001217D
:104AD00002F0AAFB13E004F10800022102F0A4FB9B
:104AE0000546002D7FF486AF92E70125002D7FF467
:104AF00081AF8DE704F12800012102F025FC054675
:104B000025B1A8460AE00125002DFAD1D9F82800E0
:104B1000A16F20F038000843C9F8280020788007EA
:104B200021D5606F052813D8DFE800F00F03090FC7
:104B30000F0F04F10800012102F076FB04E004F1FC
:104B40002800012102F000FC054625B1A8460AE034
:104B50000125002DFAD1D9F82800616F20F0070057
:104B60000843C9F828002078400723D5D4F89000DE
:104B7000052813D8DFE800F00F03090F0F0F04F129
:104B80000800012102F050FB04E004F1280001219B
:104B900002F0DAFB054625B1A8460BE00125002D01
:104BA000FAD1D9F82C00D4F8901020F0070008436F
:104BB000C9F82C002078800625D5D4F88C004FEA5F
:104BC0003070052813D8DFE800F00F03090F0F0F2E
:104BD00004F10800002102F027FB04E004F12800A2
:104BE000022102F0B1FB054625B1A8460BE00125E4
:104BF000002DFAD1D9F82800D4F88C1020F0E0402C
:104C00000843C9F828002078400625D5D4F8980034
:104C10004FEAB020052813D8DFE800F00F03090F92
:104C20000F0F04F10800002102F0FEFA04E004F185
:104C30002800022102F088FB054625B1A8460BE0BA
:104C40000125002DFAD1D9F82C00D4F8981020F4C1
:104C5000E0500843C9F82C002078000625D5D4F888
:104C60009C004FEA7030052813D8DFE800F00F03EE
:104C7000090F0F0F04F10800002102F0D5FA04E03B
:104C800004F12800022102F05FFB054625B1A84689
:104C90000BE00125002DFAD1D9F82C00D4F89C1096
:104CA00020F460400843C9F82C002078000716D58E
:104CB000D4F88000B0F5805F08D104F1280002210B
:104CC00002F042FB002818BF4FF00108D9F8280075
:104CD000D4F8801020F440500843C9F82800207808
:104CE000C00616D5D4F89400B0F5807F08D104F141
:104CF0002800022102F028FB002818BF4FF001080D
:104D0000D9F82C00D4F8941020F440700843C9F866
:104D10002C00A078000724D5D4F8A000B0F5003FFF
:104D20001CD0B0F5803F13D0002840F0E58004F19E
:104D30000800002102F078FA05468DB9D9F82C0058
:104D4000D4F8A01020F440300843C9F82C0008E043
:104D500004F12800022102F0F7FA0546002DEDD0FB
:104D6000A846A078400725D5D4F88400B0F5401FA8
:104D70001DD0B0F5001F14D0B0F5801F40F0C180E9
:104D8000D9F8000040F40030C9F800008DB9D9F816
:104D90002800D4F8841020F440100843C9F82800F3
:104DA00008E004F12800012102F0CEFA0546002DAA
:104DB000EDD0A846A078C0071FD0206DB0F5803F89
:104DC0000BD0002840F09380D9F8000040F4003068
:104DD000C9F800004DB1A8460FE004F10800022117
:104DE00002F022FA0546002DF5D1D9F82000216DF8
:104DF00020F480300843C9F82000E078800608D508
:104E000004F12800022102F09FFA002818BF4FF099
:104E10000108D4E900108A0340F18280E26F6FF04C
:104E2000010303EB3223022B0AD34FEA32233BB1B7
:104E3000012B6BD1D9F8003043F40033C9F80030AE
:104E4000002D66D0CA026ED48A0277D44A0000F1DF
:104E50008080CA0F40F08D80090200F19580C00764
:104E600007D004F10800002102F0DEF9002818BF85
:104E700005462079800707D504F10800012102F0DA
:104E8000D3F9002818BF05462079400707D504F15B
:104E90000800022102F0C8F9002818BF0546207951
:104EA000000707D504F12800002102F04DFA002880
:104EB00018BF05462079C00607D504F12800012156
:104EC00002F042FA002818BF05462079800607D56F
:104ED00004F12800022102F037FA002818BF01254A
:104EE000002D18BF0125284601B0BDE8F08301253B
:104EF000002D7FF470AF78E70125002D7FF430AFEF
:104F00001CE70125002D7FF454AF40E70125002D5B
:104F100098D1D9F8283023F440731A43C9F82820CF
:104F20004546CA0290D5D9F82420236F22F00042CA
:104F30001A43C9F824208A027FF588AFD9F82420C3
:104F4000A36E22F080721A43C9F824204A007FF52C
:104F500080AF59F81C2C22F4004249F81C2CD4F8DC
:104F6000B42059F81C3C1A4349F81C2CCA0F3FF4D2
:104F700073AFD9F82020636D22F040521A43C9F86C
:104F8000202009027FF56BAFD9F82810D4F88820CB
:104F900021F440011143C9F82810C0077FF461AF24
:104FA00067E74FF6CF73D4F8B00059F81C2CC0F265
:104FB000FF0300F4407122F47C5203EA1013B1F5B0
:104FC000407F08BF1A436FF31F3049F81C2CD9F8F3
:104FD00044100843C9F844006AE5000000000000DE
:104FE0002DE9F04381B0002800F0F88042F200087B
:104FF0000446C5F200288946D8F8000000F00F00EA
:1050000081420ED9D8F8000020F00F0040EA0900D4
:10501000C8F80000D8F8000000F00F00484540F044
:10502000DD80206844F218474107C5F602070AD51B
:1050300021693A6802F07002914204D93A6822F07C
:1050400070021143396001070AD561697A6802F07C
:105050007002914204D97A6822F07002114379609B
:10506000C1060AD5A1697A6802F4E062914204D9C6
:105070007A6822F4E0621143796081060AD5E16919
:10508000BA6802F07002914204D9BA6822F0700244
:105090001143B96081070AD5E1683A6802F00F024E
:1050A000914204D93A6822F00F0211433960C007D7
:1050B00040F08080206881070AD5E1683A6802F0F4
:1050C0000F02914204D23A6822F00F021143396074
:1050D000D8F8001001F00F0189450DD2D8F8001062
:1050E00021F00F0141EA0901C8F80010D8F80010BA
:1050F00001F00F01494571D141070AD521693A688C
:1051000002F07002914204D23A6822F07002114318
:10511000396001070AD561697A6802F0700291422C
:1051200004D27A6822F0700211437960C1060AD570
:10513000A1697A6802F4E062914204D27A6822F4AA
:10514000E0621143796080060AD5E069B96801F030
:105150007001884204D2B96821F070010843B86038
:1051600000F01AF939684EF27832C0F60002C1F345
:105170000321515C3B6803F00F0301F01F01D25C77
:1051800020FA01F102F01F0040F22C02C2F20042AC
:1051900021FA00F0106040F24C1040F22802C2F2F6
:1051A0000040C2F200420068116001B0BDE8F04367
:1051B000FEF76EB9386820F47061D4E9010211433A
:1051C0003960012857F8181C0CD0032804D0022895
:1051D00028D1890302D507E0890105D4012001B057
:1051E000BDE8F083C905F9D557F8081C21F007017F
:1051F000084347F8080CFEF7FFF8064641F28835E9
:1052000057F8080C616800F03800B0EBC10F3FF4AC
:1052100051AFFEF7F1F8801BA842F1D9032001B08D
:10522000BDE8F0834907D9D5DEE7000000000000A3
:105230003F22026044F21842C5F6020252F8083CCE
:1052400003F007034360136803F47063836013681B
:1052500003F00F03C360136803F070030361536826
:1052600003F070034361536803F4E0638361926861
:1052700002F07002C26142F20000C5F20020006834
:1052800000F00F000860704780B500F085F844F228
:1052900018414EF27833C5F60201C0F600030A68E1
:1052A000C2F303229A5C096801F00F0102F01F02A9
:1052B000595C20FA02F201F01F0040F22C01C2F208
:1052C000004122FA00F0086040F22801C2F20041D9
:1052D0000A6080BD0000000080B500F05DF844F277
:1052E000184C4EF27833C5F6020CC0F60003DCF819
:1052F0000020C2F303229A5CDCF8001001F00F01D9
:1053000002F01F02595CD04040F22C02C2F200426F
:1053100001F01F0120FA01F1116040F22802C2F2EF
:1053200000421060DCF80400C0F30210185C00F0CA
:105330001F0021FA00F080BD80B500F02DF844F286
:10534000184C4EF27833C5F6020CC0F60003DCF8B8
:105350000020C2F303229A5CDCF8001001F00F0178
:1053600002F01F02595CD04040F22C02C2F200420F
:1053700001F01F0120FA01F1116040F22802C2F28F
:1053800000421060DCF80400C0F30220185C00F05A
:105390001F0021FA00F080BD44F20041C5F6020171
:1053A0000869C0F3C200032814D002280DD088BBBE
:1053B0000868800649F20000C0F2D03058BF70473C
:1053C0000968C1F3C101C840704747F64000C0F208
:1053D0007D1070478B6A886AD1F82CC04A6BC0F385
:1053E0000510E0B1C2F3CC0203F0030300EE102A73
:1053F0009FED291AB8EE400A20EE010A9FED271A08
:10540000DFE803F0021F0F1F0A6892060CD49FED1D
:10541000251A16E040F60010C0F23D00704700204B
:1054200070479FED1F1A0CE00A6849F20003C0F2B2
:10543000D033C2F3C10223FA02F201EE102AB8EE11
:10544000411A0A6B9FED183A6FF35F2202EE102AA1
:105450005FEACC7203FE000A03EE100A086BB8EE96
:10546000422AC0F34620B8EE433A013030EE020A39
:10547000B7EE002A81EE031A30EE020A21EE000A8E
:1054800001EE100AB8EE411A80EE010ABCEEC00A25
:1054900010EE100A704700BF000000390024744A63
:1054A00020BCBE4B0024744C000000000000000033
:1054B0002DE9F04381B0002800F097818046007804
:1054C00044F20049C007C5F6020954D0D9F81000CB
:1054D00000F03801D9F82800102905D018290CD17E
:1054E00000F00300022808D1D9F8000080033ED55F
:1054F000D8F80400D8BB01272CE0D8F80450D9F81C
:1055000000002DB1B5F5A02F0BD0B5F5803F0ED022
:1055100020F48030C9F80000D9F8000020F4802081
:1055200007E040F48020C9F80000D9F8000040F4FA
:105530008030C9F80000FDF75FFF002D054612D04E
:10554000D9F80000800312D4FDF756FF401B6428F1
:10555000F6D90327002070B98CE100BFFDF74CFF9E
:10556000401B6428F5D8D9F800008003F6D4012048
:10557000002800F07F8198F8000080076AD5D9F8EC
:10558000100010F03801D9F828001DD0182908BFE4
:105590005FEA807018D0D8F80C00D9F80010002805
:1055A00040D021F019010843C9F80000FDF724FF9D
:1055B000054600BFD9F80000400727D4FDF71CFFBF
:1055C000401B0228F6D91EE0D9F80000400704D598
:1055D000D8F80C00002800F0AC81D9F80000D8F809
:1055E0000C1020F019000843C9F80000FDF704FF73
:1055F000054600BFD9F80000400707D4FDF7FCFEC0
:10560000401B0228F6D90327002420E0D9F8040023
:10561000D8F8101020F0FE40012440EA0160C9F8DB
:10562000040014E021F00100C9F80000FDF7E4FED9
:1056300005460126D9F8000010F0040086EA90041F
:1056400005D0FDF7D9FE401B0228F3D90327002C13
:1056500000F0108198F80000C00656D5D9F8100067
:1056600000F03801D9F82800082905D0182917D1E9
:1056700000F00300012813D1D9F80000C00503D5BC
:10568000D8F81C0080283BD1D9F80C00D8F820109D
:1056900020F07C50012440EA0160C9F80C0031E0A0
:1056A000D8F81C000028D9F8000012D040F0800083
:1056B000C9F80000FDF7A0FE054600BFD9F80000BC
:1056C000C005E1D4FDF798FE401B0228F6D9032758
:1056D00017E020F08000C9F80000FDF78DFE0546B8
:1056E000012600BFD9F8000010F4807086EA10246B
:1056F00008D0FDF781FE401B0228F3D9032701E003
:1057000001270024002C00F0B58098F80000000765
:105710006DD498F80000800600F1818098F80000B0
:10572000400700F19480D8F82440002C5BD0D9F8D1
:10573000100000F03800182840F0D980012CD9F86A
:105740002810D9F8300050D001F00302D8F82830E2
:105750009A424AD1C1F30511D8F82C20914244D184
:105760000146D8F830206FF35F21013A91423CD1D5
:10577000C0F34622D8F8341001398A4235D1C0F33B
:105780000642D8F8381001398A422ED1C0F306609B
:10579000D8F83C100139884227D1D9F83400D8F81C
:1057A0004810C0F3CC0081421DD0D9F82C0020F065
:1057B0000100C9F82C00FDF71FFE0546FDF71CFE91
:1057C000A842FBD0D9F834004FF6F871D8F8482039
:1057D000884340EAC200C9F83400D9F82C0040F0F0
:1057E0000100C9F82C00002744E0012742E0D8F866
:1057F00014000028D9F8740040D040F00100C9F826
:105800007400FDF7F9FD0546D9F8740080073FF5EF
:1058100080AFFDF7F1FD401B0228F5D929E0D8F84B
:1058200018000028D9F800004DD040F48050C9F885
:105830000000FDF7E1FD0546D9F8000080043FF5C2
:105840006DAFFDF7D9FD401B0228F5D911E0D9F85D
:10585000000440F48070C9F80004FDF7CDFD054652
:10586000D9F80004C0051CD4FDF7C6FD401B642810
:10587000F6D90327F8B201B0BDE8F08320F00100AB
:10588000C9F87400FDF7B8FD05460327D9F8740080
:1058900080077FF53EAFFDF7AFFD401B0228F5D92D
:1058A000E8E7D8F80850D9F870001DB1052D42D0AE
:1058B000012D46D020F00100C9F87000D9F8700021
:1058C00020F004003FE020F48050C9F80000FDF70C
:1058D00093FD0546032700BFD9F8000080047FF53B
:1058E0001DAFFDF789FD401B0228F5D9C2E7D9F8A5
:1058F000000020F08070C9F80000FDF77DFD022C4B
:1059000005464FF0030709D1D9F8000080013CD5C6
:10591000FDF772FD401B0228F6D9ABE7D9F800006D
:1059200080017FF560AFFDF767FD401B0228F5D9C8
:10593000A0E7012768E640F00400C9F87000D9F834
:10594000700040F00100C9F87000FDF755FD002D12
:10595000054641F288344FF0030711D0D9F87000A2
:1059600080073FF5E0AEFDF747FD401BA042F5D9AB
:1059700080E700BFFDF740FD401BA0423FF67AAF35
:10598000D9F870008007F5D4CDE608F12807D9F8DA
:10599000280040F2F33188438ECF0843591E40EA75
:1059A00002104FF47E426FF35F21C9F8280002EB2A
:1059B00047204FF4FE0280B2D8F83C300844D8F8B3
:1059C000381002EB01414FF0FE4201F4FE0102EB00
:1059D0000362084402F0FE410844C9F83000D9F8D7
:1059E0002C004FF6F87120F00100C9F82C00D9F80E
:1059F0003400D8F84820884340EAC200C9F834008F
:105A0000D9F82C00D8F8401020F00C000843C9F851
:105A10002C00D9F82C00D8F8441020F002000843DC
:105A2000C9F82C00D9F82C0040F48030C9F82C00BB
:105A3000D9F82C0040F40030C9F82C00D9F82C001B
:105A400040F48020C9F82C00D9F82C0040F0010067
:105A5000C9F82C00D9F8000040F08070C9F80000A7
:105A6000FDF7CAFC04460327D9F8000080013FF582
:105A7000BAAEFDF7C1FC001B0228F5D9FAE600001A
:105A800070470000000000007047000000000000A8
:105A9000704700000000000090F83C20012A4FF001
:105AA000020269D0B0B5012380F83C3080F83D2077
:105AB00040F2004C0268C4F2010C42F4806363457A
:105AC0005368D2F808E002BF23F470034C68234304
:105AD0004DF6FF740D68C4F2000423F07003A24277
:105AE00043EA0503536014DC40F2FF73C4F2000381
:105AF0009A4222DD40F60003C4F200039A422ED0FF
:105B000040F60043C4F200039A4228D041F6000355
:105B100021E04FF6FF73C4F200039A4213DD002325
:105B2000C4F201039A421AD044F20003C4F2010302
:105B30009A4214D0624512D016E0B2F1804F0ED0D6
:105B400040F2004307E04EF20003C4F200039A4221
:105B500005D04EF20043C4F200039A4204D12EF065
:105B600080038968194391600022012180F83D106B
:105B700080F83C20BDE8B0401046704700000000AF
:105B800060B310B5044690F83D0028B9002084F8B1
:105B90003C00204600F024F8022084F83D002068F4
:105BA000211D01F01DFD012084F8480084F83E000D
:105BB00084F83F0084F8400084F8410084F84200F3
:105BC00084F8430084F8440084F8450084F84600D3
:105BD00084F8470084F83D00002010BD0120704784
:105BE00010B584B042F200010068C4F2000188429E
:105BF0002FD041F20001C4F20001884217D040F6D4
:105C00000001C4F2000188423CD144F2E840002285
:105C1000C5F602001E24016841F00401016000681D
:105C2000052100F00400039003981E2022E044F2B6
:105C3000E8400022C5F602003624016841F0100158
:105C400001600068062100F01000029002983620E2
:105C500010E044F2E8400022C5F602002D2401685D
:105C600041F4807101600068052100F480700190AA
:105C700001982D20FDF7D8FC204604B0BDE8104067
:105C8000FDF7BEBC04B010BD90F83D10012922D133
:105C9000022180F83D1001684DF6FF70C4F200004B
:105CA0008142C86840F00100C86016DC40F2FF7015
:105CB000C4F20000814228DD40F60000C4F200007A
:105CC000814234D040F60040C4F2000081422ED020
:105CD00041F6000027E0012070474FF6FF70C4F244
:105CE0000000814217DD0020C4F2010081421ED075
:105CF00044F20000C4F20100814218D040F200409A
:105D0000C4F20100814212D01DE0B1F1804F0ED0EB
:105D100040F2004007E04EF20000C4F20000814271
:105D200005D04EF20040C4F2000081420BD10722A0
:105D30008868C0F2010202400020062A18BFB2F5AE
:105D4000803F00D17047086840F0010008600020E3
:105D5000704700000000000090F83C20012A4FF03E
:105D6000020200F0A78080B5012380F83C3080F863
:105D70003D208822D0F800C0CFF6CE72DCF8083083
:105D80001A40CCF808200B686F2B0CDDB3F1101F04
:105D900034DAB3F5005F69DA702B00F0AF80B3F549
:105DA000805F7ED0D0E02F2B32DD4F2B37DC302BC5
:105DB0006BD0402B40F0C880D1F804E0C968DCF813
:105DC0002030DCF8202022F00102CCF82020DCF882
:105DD000182022F0F00242EA011123F00A02CCF866
:105DE000181042EA0E01CCF820104FF68872DCF849
:105DF0000810CFF6CF721140473150E02F21C0F28A
:105E000010018B4237DCB3F1101F3ED0202138E067
:105E1000002B18BF102B38D0202B36D094E0502BFD
:105E20004AD0602B40F09080D1F804E0C968DCF8DB
:105E30002030DCF8202022F01002CCF82020DCF802
:105E4000182022F4704242EA013123F0A002CCF87B
:105E5000181042EA0E11CCF820104FF68872DCF8C8
:105E60000810CFF6CF721140673118E059D0B3F562
:105E7000801F0AD068E03021C0F210018B4204D0AC
:105E80004021C0F210018B425ED14FF68872DCF8DF
:105E90000810CFF6CF721140194341F00701CCF83A
:105EA00008100022012180F83D10002180F83C10EC
:105EB000BDE8804010467047D1F804E0C968DCF8BE
:105EC0002030DCF8202022F00102CCF82020DCF881
:105ED000182022F0F00242EA011123F00A02CCF865
:105EE000181042EA0E01CCF820104FF68872DCF848
:105EF0000810CFF6CF7211405731D0E701F1040EF0
:105F00009EE80C40DCF808101A4321F47F4142EA75
:105F10000E221143CCF80810DCF8081041F077018C
:105F2000BDE701F1040E9EE80C40DCF808101A43AE
:105F300021F47F4142EA0E221143CCF80810DCF82C
:105F4000081041F48041AAE70122ABE700000000FD
:105F50007047000000000000F0B581B00446006802
:105F6000C5680669B10716D515F0020113D06FF0A8
:105F700002010161012121778069800703D0204659
:105F8000FFF7E6FF05E0204600F09AF8204600F013
:105F90001FFB00202077700718D515F0040015D0DE
:105FA00020686FF00401016102212177806910F4FB
:105FB000407F03D02046FFF7CBFF05E0204600F0EE
:105FC0007FF8204600F004FB00202077300717D52B
:105FD00015F0080014D020686FF008010161042159
:105FE0002177C069800703D02046FFF7B1FF05E0A5
:105FF000204600F065F8204600F0EAFA00202077FD
:10600000F00618D515F0100015D020686FF01001BB
:10601000016108212177C06910F4407F03D0204638
:10602000FFF796FF05E0204600F04AF8204600F012
:10603000CFFA00202077F00718BF15F0010006D036
:1060400020686FF001010161204600F0C5FA05F0FB
:10605000800716F4025F18BF002F02D1F00509D4A3
:1060600010E020686FF4025101612046FFF70CFD3B
:10607000F00507D537B120686FF4807101612046C3
:10608000FFF7FEFC700609D515F0400006D0206829
:106090006FF040010161204600F0BAFAB0060CD55D
:1060A00015F0200009D020686FF020010161204622
:1060B00001B0BDE8F040FFF7EBBC01B0F0BD00005F
:1060C000704700000000000090F83C30012B01D127
:1060D000022070474FEAB2030122052B80F83C20D2
:1060E00000F23C822DE9F041DFE803F003B7539161
:1060F0002DF5036843F6FF76C4F201061C6AB3422D
:106100001A6A24F0020422F001021A621A46D3F835
:1061100004C052F818EF8D6844EA0504D1F80080F5
:1061200040F3798144F20007C4F20107BB4200F05A
:106130007D8144F60007C4F20107BB4200F076817E
:1061400044F200476EE1036843F6FF77C4F20107AB
:10615000D3F820C0BB421A6A22F480321A621A466F
:106160005C6852F8546F0D68D1F808E040F3D980AC
:1061700044F20007C4F20107BB4200F0DD8044F6A0
:106180000007C4F20107BB4200F0D68044F200478A
:10619000CEE0036840F2004E43F48067C4F2010E83
:1061A0001C6A77451A6A24F4007422F480721A6219
:1061B0001A465D6852F81CCF8E6844EA062407D15F
:1061C000CE6840F2FF47360224F44064BE433443B5
:1061D00043F6FF76D1F80080C4F20106B34240F3E3
:1061E000CB8044F20007C4F20107BB4200F0CB8031
:1061F00044F60007C4F20107BB4200F0C48044F239
:106200000047C4F20107BB4200F0BD80C2E0036852
:1062100043F6FF77C4F20107D3F820C0BB421A6AE5
:1062200022F480521A621A465C6852F81C6F0D689C
:10623000D1F808E040F3C58044F20007C4F201073A
:10624000BB4200F0C98044F60007C4F20107BB421C
:1062500000F0C28044F20047BAE0036840F2004E0A
:1062600043F48067C4F2010E1C6A77451A6A24F071
:10627000200422F010021A621A465D6852F818CF04
:106280008E6844EA061407D1CE686FF0400724F008
:10629000C00407EA0616344343F6FF76D1F80080BF
:1062A000C4F20106B34240F3D88044F20007C4F2BE
:1062B0000107BB4200F0D88044F60007C4F2010792
:1062C000BB4200F0D18044F20047C4F20107BB4258
:1062D00000F0CA80CFE0036843F6FF77C4F20107FD
:1062E000D3F820C0BB421A6A22F480121A621A46FE
:1062F0005C6852F8546F0D68D1F808E040F3FC80F8
:1063000044F20007C4F20107BB4200F0008144F6EA
:106310000007C4F20107BB4200F0F98044F20047D5
:10632000F1E00027C4F20107BB4205D040F200476C
:10633000C4F20107BB4204D14F6924F4803444EA1B
:1063400007244FF68C775C60CFF6FE7703373E402C
:106350002CF4003746EA05045C654E6809699E65C1
:1063600047EA0E471F625F6D47F008075F655F6D84
:1063700027F004075F65EBE00027C4F20107BB428A
:1063800001D0734506D1D1E90576374325F440564F
:1063900046EA07154FF68C775D60CFF6FE7707EA81
:1063A0000C0747EA0807DF614F680969DF631C6271
:1063B000DF6947F00807DF61DF6927F00407DF6165
:1063C000C6E00027C4F20107BB4205D040F20047F7
:1063D000C4F20107BB4204D14F6924F4804444EA6B
:1063E000871448F6FF475C60CFF6FF673E402CF409
:1063F000005746EA0524DC614E6809691E6447EAD5
:106400000E371F62DF6947F40067DF61DF6927F439
:106410008067DF619BE00027C4F20107BB4205D023
:1064200040F20047C4F20107BB4205D1CF6824F017
:106430000C0427F004073C43B34233DD44F200066A
:10644000C4F20106B34238D044F60006C4F2010695
:10645000B34232D044F200462BE00027C4F20107D9
:10646000BB4201D0734506D1D1E90576374325F407
:10647000406646EA870548F6FF475D60CFF6FF674E
:1064800007EA0C0747EA08279F614F6809699F637D
:106490001C629F6947F400679F619F6927F48067CA
:1064A0009F6154E00026C4F20106B34205D040F2D9
:1064B0000046C4F20106B34206D12CF44077D1E97C
:1064C0000565374347EA050C4FF68C75C3F804C0E1
:1064D000CFF6FE750EEA050747EA08079F614F6889
:1064E00009695F631C629F6947F008079F619F69A4
:1064F00027F004079F612BE00027C4F20107BB428D
:1065000005D040F20047C4F20107BB4204D14F69F5
:1065100024F4802444EA872448F6FF475C60CFF6E1
:10652000FF6707F540773E402CF4001746EA052444
:106530005C654E680969DE6547EA0E571F625F6D4C
:1065400047F400675F655F6D27F480675F65090248
:106550001368194311600022BDE8F041002180F862
:106560003C1010467047000060B310B5044690F828
:106570003D0028B9002084F83C00204600F024F8B3
:10658000022084F83D002068211D01F029F8012037
:1065900084F8480084F83E0084F83F0084F8400006
:1065A00084F8410084F8420084F8430084F84400F1
:1065B00084F8450084F8460084F8470084F83D00DC
:1065C000002010BD0120704770470000000000004F
:1065D0007047000000000000B0B540F6000504461A
:1065E000C4F20005006805F57C41884201D1FCF742
:1065F0000BFF206805F50061884201D105F020FA03
:106600002068A84218BFB0BDBDE8B04004F064BF28
:10661000704700000000000090F88410012901D1AB
:10662000022070472421C0F8881001680A680B68AE
:1066300022F0005223F001030B60002343660A603E
:106640002021C0F8881080F88430002070470000B6
:1066500070470000000000007047000000000000CC
:1066600090F88420012A01D102207047B0B501239F
:1066700080F884302422C0F888200268D0F864E0D2
:10668000BEF1000FD2F800C0146824F001041460B9
:10669000946824F0606441EA040191601BD0916821
:1066A0004EF2505E9368C0F6000E5B0F4EF25855E6
:1066B000C1F34261C0F600051EF80340EB5C240103
:1066C000B4FBF3F3A0F86A301EF80130695C1B01DB
:1066D000B3FBF1F301E0A0F86A30A0F868302021A4
:1066E000C2F800C0C0F88810002180F88410002093
:1066F000B0BD00000000000090F88420012A01D104
:1067000002207047B0B5012380F884302422C0F8FD
:1067100088200268D0F864E0BEF1000FD2F800C013
:10672000146824F001041460946824F0604441EA81
:10673000040191601BD091684EF2505E9368C0F6E0
:10674000000E5B0F4EF25855C1F34261C0F60005D2
:106750001EF80340EB5C2401B4FBF3F3A0F86A30AD
:106760001EF80130695C1B01B3FBF1F301E0A0F8F6
:106770006A30A0F868302021C2F800C0C0F8881044
:10678000002180F884100020B0BD0000000000004F
:10679000704700000000000070470000000000008B
:1067A000704700000000000070B5046840F62F013B
:1067B000E269114020292168A66805D101F0200373
:1067C00006F080555B1939D140F60F0313400DD008
:1067D000012340F22015C1F20003C0F2004506EA91
:1067E000030C01EA050313EB0C032DD1D306C36E92
:1067F00016D5012B14D111F0100311D010212162F4
:10680000A168490600F1FB80B0F85C10B0F85E208A
:10681000B0F85E30002B18BF914240F05A8170BD35
:10682000D30240F1CA8016F4800300F0C6804FF412
:1068300080112162BDE87040FFF7AEBF416F0029B3
:10684000EDD0BDE870400847D30718BF11F480733E
:1068500007D001232362D0F8903043F00103C0F841
:106860009030930706F0010E0AD5BEF1000F07D055
:1068700002232362D0F8903043F00403C0F8903034
:1068800053070AD5BEF1000F07D004232362D0F8C6
:10689000903043F00203C0F8903013070CD501F09C
:1068A000200353EA0C0307D008232362D0F890306A
:1068B00043F00803C0F8903013050BD511F0806346
:1068C00008D04FF400632362D0F8903043F02003E7
:1068D000C0F89030D0F89030002BA0D092060AD5A6
:1068E00001F0200106F08052891804D0416F11B1E7
:1068F0000446884720460168D0F89020896802F055
:10690000280201F04001891806D10446FFF748FF2C
:106910000020C4F8900070BD016851E8001F0268B3
:1069200021F4907142E80013002BF5D14FF6FE716F
:10693000CEF6FF71026852E8022F03680A4043E86E
:106940000226002EF6D1C16E012909D1016851E855
:10695000001F026821F0100142E80013002BF5D15E
:106960002021C0F88C100021C1660268416791683F
:10697000490640F1A18000BF016851E8021F02688A
:1069800021F0400142E80213002BF5D1D0F880102D
:10699000002900F0918047F6E10204460846C0F65F
:1069A00000020A65FAF730FC00283FF438AFD4F84B
:1069B0008000016DBDE870400847130606D501F060
:1069C000800306F400069B1940F0B380530677D588
:1069D00011F0400374D000BF016851E8001F026845
:1069E00021F0400142E80013002BF5D12021C0F82E
:1069F000881000218167BDE8704000F051B9D0F8DF
:106A00008020116849688BB2002B4AD0B0F85C60D6
:106A1000B34246D2A0F85E10D169B1F5807F34D080
:106A2000016851E8001F026821F4807142E80013F8
:106A3000002BF5D1016851E8021F026821F0010125
:106A400042E80213002BF5D1016851E8021F0268E9
:106A500021F0400142E80213002BF5D12021C0F8BB
:106A60008C100021C16600BF016851E8001F026858
:106A700021F0100142E80013002BF5D1D0F880106E
:106A800004460846FAF750F9204602210167B0F89B
:106A90005C10B0F85E20891A89B2BDE87040FFF73B
:106AA000D7BDB0F85C1099427FF4B9AED269B2F5A7
:106AB000807F7FF4B4AE36E0BDE87040FFF770BE73
:106AC00013023DD511F080433AD0BDE87040FFF786
:106AD0005FBE891A026852E8002F036822F49072A0
:106AE00043E80026002EF5D14FF6FE72CEF6FF7277
:106AF000036853E8023F0668134046E80235002D5C
:106B0000F6D12022C0F88C200022C266426700BF66
:106B1000026852E8002F036822F0100243E80026C2
:106B2000002EF5D189B202220267BDE87040FFF75E
:106B30008FBD816F00293FF472AEBDE870400847F9
:106B4000D2017FF56CAEB1F1FF3FC8BF70BDBDE8AB
:106B50007040FFF781BD000010B5D8B10446D0F8F1
:106B6000880028B9002084F88400204600F028F826
:106B70002420C4F888002068A16A0268002922F055
:106B80000101016002D0204600F0DAFD204600F04D
:106B9000AFFE08B1012010BD2068416821F490418A
:106BA0004160816821F02A018160016841F00101A2
:106BB00001602046BDE8104000F032BE0000000039
:106BC00070B5B6B0044602A8B8210025CDE9345509
:106BD000CDE932553195F9F729FD41F200012068E0
:106BE000C4F20101884201D036B070BD012002908C
:106BF00002A803952095FDF73FFD08B1FAF724F8A8
:106C000044F2E0400026C5F60200016941F010019F
:106C10000161016901F0100101910199016841F0E0
:106C200002010160006831A900F0020001900198A2
:106C3000C0203190022032900720359040F2004071
:106C4000C5F60200CDE93366FCF702FB41F6346578
:106C50001020C2F20045C4F2020028602A206860B9
:106C60004020C5E902064FF48060C5E904064FF4F0
:106C70008030C5E908062846C5E90666FBF750F9E5
:106C800008B1F9F7E1FF252005210022E567AC6393
:106C9000FCF7CAFC2520FCF7B3FC36B070BD000041
:106CA0007047000000000000FEE700000000000048
:106CB00080B582B044F2D8400022C5F602000168D7
:106CC00041F0010101600068052100F00100019020
:106CD00001980B20FCF7A8FC0B2002B0BDE8804017
:106CE000FCF78EBC0000000080B541F6AC604AF2B3
:106CF0000001C2F20040C4F200014FF0010C4FF05D
:106D0000030E01600021C0E9021101820A2280F80D
:106D100012C01D23C0F814E08261C0E90732C0E947
:106D200009E2C0E90B32C0E90D1CC0E90F1E0422C4
:106D3000C0E91121C0E91321C0E91521C0E9171EDE
:106D4000C0E91912FBF740FF002808BF80BDBDE86D
:106D50008040F9F779BF000080B541F64C704AF2E7
:106D60000041C2F20040C4F200014FF0010C4FF0AC
:106D7000030E01600021C0E9021101820A2280F89D
:106D800012C01D23C0F814E08261C0E90732C0E9D7
:106D900009E2C0E90B32C0E90D1CC0E90F1E042254
:106DA000C0E91121C0E91321C0E91521C0E9171E6E
:106DB000C0E91912FBF708FF002808BF80BDBDE835
:106DC0008040F9F741BF000080B541F6EC704DF20C
:106DD0000041C2F20040C4F200014FF0010C4FF03C
:106DE000030E01600021C0E9021101820A2280F82D
:106DF00012C01D23C0F814E08261C0E90732C0E967
:106E000009E2C0E90B32C0E90D1CC0E90F1E0422E3
:106E1000C0E91121C0E91321C0E91521C0E9171EFD
:106E2000C0E91912FBF7D0FE002808BF80BDBDE8FD
:106E30008040F9F709BF000080B547F299404EF253
:106E40006052C0F60000C0F60002002104F0A8FE67
:106E500041F64831C2F20041086080BD00000000E8
:106E600080B586B044F2E0410020C5F602010590ED
:106E7000CDE90300CDE901000A6842F020020A6072
:106E80000A6802F020020092009A0A6842F080022A
:106E90000A600A6802F080020092009A0A6842F0D2
:106EA00002020A600A6802F002020092009A0A686E
:106EB00042F001020A600A6802F001020092009AA0
:106EC0000A6842F008020A60096801F008010091AE
:106ED00000994FF4807101914FF48811CDE90210AF
:106EE00041F2004001A9C5F60200FCF7B1F91720F4
:106EF00005210022FCF798FB1720FCF781FB06B068
:106F000080BD00000000000070B58EB042F27050ED
:106F100042F20005C2F2004000210791C4F20005D0
:106F2000CDE90511CDE90311CDE901110560EF228D
:106F3000C0E9012144F61F62C0E90321802181617B
:106F4000FEF71EFE08B1F9F77FFE42F27050C2F262
:106F50000040FFF709FB08B1F9F776FE42F27054E2
:106F60006020C2F20044019001A9002220460026C0
:106F7000CDE902660596FFF7A7F808B1F9F764FEB8
:106F800020680D96A8420A96CDE90B66099601D0B5
:106F90000EB070BD44F2E040C5F60200016841F059
:106FA000200101600068012100F02000089008988D
:106FB0004FF40070099002200A90CDE90B100920CF
:106FC0000D9041F2004009A9C5F60200FCF740F916
:106FD0000EB070BD0000000080B588B042F2BC5019
:106FE00040F60002C2F2004000210791C4F2000204
:106FF000CDE90511CDE90311CDE901110260EF22C0
:10700000C0E901214FF6FF728161C0E90321FEF75B
:10701000B7FD08B1F9F718FE4FF48050049042F222
:10702000BC5004A9C2F20040FEF796FE08B1F9F781
:107030000BFE00200190039042F2BC50C2F20040CF
:1070400001A9FEF729FD08B1F9F7FEFD08B080BDE2
:1070500010B584B042F2086041F20001C2F2004073
:1070600000240394C4F20001CDE90144016040F61C
:107070005F11C0E901146321C1608461FEF780FDE6
:1070800008B1F9F7E1FD42F2086001A9C2F200403F
:1070900001940394FEF700FD08B1F9F7D5FD04B0A3
:1070A00010BD00000000000080B542F2A06041F277
:1070B0000001C2F20040C4F201010C2201604FF451
:1070C000E13141600021C0E902110161C0E90521FF
:1070D000C0E90711C0E90911FFF73EFD08B1F9F752
:1070E000B3FD42F2A0600021C2F20040FFF704FBB2
:1070F00008B1F9F7A9FD42F2A0600021C2F20040F8
:10710000FFF7AEFA08B1F9F79FFD42F2A060C2F2B4
:107110000040FFF781FA002808BF80BDBDE880402D
:10712000F9F792BD0000000080B541F6583040F2FA
:107130000801C2F20040C2F20041012201F068FAE7
:1071400008B1F9F781FD41F6583040F23001C2F242
:107150000040C2F2004101F0DBFC08B1F9F774FD18
:1071600041F6583040F2CC01C2F20040C2F2004178
:1071700001F04EF808B1F9F767FD41F65830C2F258
:10718000004001F0F1FC08B1F9F75EFDBDE8804078
:10719000FDF732B900000000FEE70000000000002B
:1071A000FEE700000000000042F28C00C2F2004046
:1071B000FCF7EABB00000000000000000000000037
:1071C000EFF30980BFF36F8F154B1A681EF0100F95
:1071D00008BF20ED108A20E9F04F10602DE909006A
:1071E0004FF0500080F31188BFF34F8FBFF36F8FC4
:1071F00005F0D2FD4FF0000080F31188BDE80900D2
:1072000019680868B0E8F04F1EF0100F08BFB0EC26
:10721000108A80F30988BFF36F8F704700BF00BFEB
:10722000F82B002400000000F0B581B044F22C4798
:10723000C5F6020757F8042C02F00302032A02D114
:10724000012001B0F0BD054657F82C0C0C4620F08B
:10725000806047F82C0CFCF7CFF8064657F82C0C4A
:10726000000105D5FCF7C8F8801B0228F6D964E0B8
:1072700057F8040CEE6895E80E0020F47C30012CE1
:1072800040EA0130A2F101016FF35F214FF47E4229
:1072900002EB432247F8040C92B24FF0FE4302EB9C
:1072A00001004FF4FE012A6901EB064101F4FE01E1
:1072B00003EB0262084402F0FE410844F8603868BB
:1072C000696920F0C00040EA010038603868A969A7
:1072D00020F0200040EA0100386038684FF6F8716D
:1072E00020F0100038603869EA6920EA01004FF4A4
:1072F000001140EAC2003861386808BF4FF48011BD
:1073000040F01000002C386008BF4FF400213868AE
:107310000843386057F82C0C40F0806047F82C0C7C
:10732000FCF76AF8044600BF57F82C0C000107D49C
:10733000FCF762F8001B0328F6D3032001B0F0BD70
:10734000002001B0F0BD0000F0B581B044F22C4740
:10735000C5F6020757F8042C02F00302032A02D1F3
:10736000012001B0F0BD054657F82C0C0C4620F06A
:10737000805047F82C0CFCF73FF8064657F82C0CC9
:10738000800005D5FCF738F8801B0228F6D964E0A8
:1073900057F8040CEE6895E80E0020F07C70012C84
:1073A00040EA0150A2F101016FF35F214FF47E42E8
:1073B00002EB432247F8040C92B24FF0FE4302EB7B
:1073C00001004FF4FE012A6901EB064101F4FE01C0
:1073D00003EB0262084402F0FE4108447861386819
:1073E000696920F4406040EA010038603868A969A2
:1073F00020F4007040EA0100386038684FF6F871F8
:1074000020F480703860B869EA6920EA01004FF022
:10741000807140EAC200B861386808BF4FF40001CB
:1074200040F48070002C386008BF4FF48001386849
:107430000843386057F82C0C40F0805047F82C0C6B
:10744000FBF7DAFF044600BF57F82C0C800007D486
:10745000FBF7D2FF001B0328F6D3032001B0F0BDD9
:10746000002001B0F0BD000000000000000000009E
:10747000074B19680868B0E8F04F80F30988BFF33C
:107480006F8F4FF0000080F31188704700BF00BF7E
:10749000F82B002400000000FFF746FE012004F056
:1074A00037FBFBE70000000080B54EF21000CEF283
:1074B0000000006806F050FB012808BF80BDBDE851
:1074C000804005F04DBD00004EF6885042F2000CA1
:1074D000CEF20000C5F2002C026842F47002026095
:1074E000DCF8000000F00F00062806D8DCF80000E9
:1074F000072262F30300CCF8000044F200404EF68D
:107500007F51C5F60200CEF6F621026842F0010274
:10751000026000220261036819400160DCF800107B
:10752000090706D5DCF80010072363F30301CCF844
:10753000001040F200218261C261C0F202210262A9
:1075400081620021C0F2FF11C16240F28021C0F2CD
:107550000111016342638163C26301644264016893
:1075600021F4802101600266D0F8D410C90448BF1C
:107570007047D0F8D41043F2D20241F48051C0F8E1
:10758000D41044F20001C5F200210A60D0F8D410F2
:1075900021F48051C0F8D4107047000000000000B2
:1075A00042F2BC50C2F20040FEF7D6BC0000000020
:1075B00042F20860C2F20040FEF7CEBC00000000BC
:1075C00042F27050C2F20040FEF7C6BC000000005C
:1075D00042F25460C2F20040FEF7BEBC0000000060
:1075E00010B540F6FF32D0F800E0C4F2000290423D
:1075F0000FDCB0F1804F1DD040F20043C4F2000315
:10760000984217D040F60003C4F20003984211D00C
:1076100015E040F60043C4F2000398420AD040F25D
:107620000043C4F20103984204D00023C4F20103D2
:10763000984204D12EF070024B6843EA020E4EF2DB
:10764000FF3343F6FF7CC4F20003C4F2010C9842FE
:107650000FDD604522DC4EF20043C4F20003984285
:1076600038D00023C4F20103984233D040F20043E3
:1076700022E040F2FF73C4F20003984221DD40F69D
:107680000003C4F20003984224D040F60043C4F241
:10769000000398421ED04EF2000317E044F20003AC
:1076A000C4F20103984215D044F60003C4F201036A
:1076B00098420FD044F20043C4F20103984209D02B
:1076C0000DE0B0F1804F05D040F20043C4F200035A
:1076D000984204D12EF44072CB6843EA020E4B6903
:1076E00060450A688C68C46282620EDD44F2000262
:1076F000C4F20102904213D044F60002C4F2010227
:1077000090420DD044F2004206E00022C4F2010291
:10771000904205D040F20042C4F20102904201D1F1
:1077200009690163016841F00401016001214161BF
:107730002EF080011943016010BD00000000000020
:10774000816A0A070CD4CA0715D18A071ED44A07D2
:1077500027D4CA0630D48A0639D44A0642D454E023
:107760000268D0F838C0536823F4004343EA0C039E
:107770005360CA07E9D00268D0F82CC0536823F4DC
:10778000003343EA0C0353608A07E0D50268D0F85F
:1077900030C0536823F4803343EA0C0353604A0734
:1077A000D7D50268D0F834C0536823F4802343EA65
:1077B0000C035360CA06CED50268D0F83CC093686B
:1077C00023F4805343EA0C0393608A06C5D502680C
:1077D000D0F840C0936823F4005343EA0C0393604D
:1077E0004A0612D50268D0F844C0BCF5801F536821
:1077F00023F4801343EA0C03536006D1536823F447
:10780000C00C836C43EA0C035360090658BF7047F1
:107810000168C06C4A6822F4002210434860704737
:10782000B0B582B004460020C4F89000FBF7E4FD38
:10783000216805460968090718D54FF40011002290
:107840006FF07E40009020462B4600F085FA68B12C
:10785000206850E8000F216820F0800041E8000215
:10786000002AF5D103202021882230E0206800681A
:10787000400723D54FF4800100226FF07E40009036
:1078800020462B4600F068FAC0B100BF206850E8DF
:10789000000F216820F4907041E80002002AF5D121
:1078A000206850E8020F216820F0010041E8020240
:1078B000002AF5D1032020218C2208E02020C4F8E2
:1078C0008800C4F88C00002170220020E166A150DD
:1078D000002184F8841002B0B0BD00000000000058
:1078E000806B0021A0F85E10FEF75ABF0000000078
:1078F000F0B583B004460368806846F6F315D4E912
:107900000312104362691043E2691E68CCF6FF75EA
:10791000104306EA05021043186058684FF2FF460C
:1079200020F4405240F6004011435960C5F6000073
:10793000A1698342C1F2FF161CBF226A11439A68F3
:1079400047F6FF353240C4F2000511439960DA6A08
:1079500044F2544122F00F02666AC5F60201324336
:10796000AB42DA624FF0800218DD41F2FF76C4F2DA
:107970000106B34227DC47F60046C4F20006B342D4
:107980004DD041F20006C4F20106B34231D041F2BB
:107990000046C4F20106B3422BD04DE044F6FF3658
:1079A000C4F20006B3422EDD44F60046C4F20006DF
:1079B000B34234D045F20006C4F20006B3422ED0E2
:1079C00047F6000627E041F60006C4F20106B3427E
:1079D0000FD041F60046C4F20106B34209D08342FB
:1079E0002AD14A6802F00702062A24D20FF2603335
:1079F0001EE00A68C2F3C202062A1CD24EF272339B
:107A0000C0F6000314E044F20046C4F20006B3429C
:107A100005D044F60006C4F20006B3420CD10A6851
:107A200002F00702062A06D24EF26C33C0F60003BB
:107A30001A44127800E080222368834240F6001046
:107A4000C0F23D0000F04F80E369B3F5004F40F015
:107A50006480402A00F2FC800027DFE812F0410039
:107A60002101F900F9002701F900F900F9002F01BF
:107A7000F900F900F900F900F900F900F900FF0038
:107A8000F900F900F900F900F900F900F900F9002E
:107A9000F900F900F900F900F900F900F9003401E2
:107AA000F900F900F900F900F900F900F900F9000E
:107AB000F900F900F900F900F900F900F900F900FE
:107AC000F900F900F900F900F900F900F900F900EE
:107AD000F900F900F900F900F900F900F9001B01BB
:107AE000FDF7FAFBEFE0931E1E2B00F260800027EB
:107AF000DFE803F010637463636378636363636355
:107B00006363666363636363636363636363636342
:107B100063637D00FCF77CFC69E0402A00F29B80F7
:107B20000027DFE812F04100C00098009800C7006D
:107B3000980098009800ED00980098009800980030
:107B4000980098009800A900980098009800980064
:107B50009800980098009800980098009800980065
:107B6000980098009800F2009800980098009800FB
:107B70009800980098009800980098009800980045
:107B80009800980098009800980098009800980035
:107B90009800980098009800980098009800980025
:107BA000980098009800BA00FDF796FBADE0402AD7
:107BB00003D14FF40040002719E00020012716E010
:107BC00051F8540C800649F20000C0F2D0300ED5B6
:107BD00051F8541CC1F3C101C84008E06846FCF7E5
:107BE0002BFC02E06846FCF7B7FC00270198002850
:107BF00000F0A280616A4EF28832C0F60002656829
:107C000032F8112005EB4501B0FBF2F38B424FF047
:107C10000101C0F094802E03B34200F29080002155
:107C20000023F8F707FC0902002341EA10612A4605
:107C3000000210EB550041F10001F8F7FBFB4FF695
:107C40000052A0F54071C0F20F02914272D375E06C
:107C50000020012737E00020012756E051F8540C9E
:107C6000800649F20000C0F2D0302CD551F8541CE7
:107C7000C1F3C101C84026E051F8540C800649F216
:107C80000000C0F2D03040D551F8541CC1F3C101FE
:107C9000C8403AE04FF4004015E04FF4004034E0B3
:107CA000FDF74AFB0FE0FDF747FB2EE06846FCF7C7
:107CB000C3FB06E06846FCF7BFFB24E06846FCF720
:107CC0004BFC00270198B8B3616A4EF28832C0F6C7
:107CD000000232F811106268B0FBF1F0510801EBBC
:107CE0004000B0FBF2F0A0F110014FF6EF729142AC
:107CF00024D84FF6F0710140C0F34200084419E067
:107D00006846FCF729FC00270198A8B1616A4EF289
:107D10008832C0F6000232F811106268B0FBF1F050
:107D200000EB5200B0FBF2F0A0F110014FF6EF7241
:107D3000914203D82168C860394600E001214FF024
:107D40000110A0660020C4E91D00084603B0F0BD84
:107D500002040810204000002DE9F04381B00446E1
:107D60000068C0690840401AB0FA80F040098242B9
:107D700057D1DDF820800D461646994608F10107D7
:107D800009E000BF2068C0692840401BB0FA80F0BD
:107D90004009864245D1002FF4D0FBF72DFBB8F106
:107DA000000F01464FF003003CD0A1EB0901414513
:107DB00038D8206801684907E4D5402D18BF802DC8
:107DC000E0D0C169090730D4C1690905DAD54FF49B
:107DD00000610162206850E8000F216820F4907073
:107DE00041E80002002AF5D14FF6FE70CEF6FF7092
:107DF000216851E8021F2268014042E80213002B6B
:107E0000F6D1E06E012809D1206850E8000F216802
:107E100020F0100041E80002002AF5D103202021C3
:107E20002CE0002001B0BDE8F0830821016200BF12
:107E3000206850E8000F216820F4907041E80002AB
:107E4000002AF5D14FF6FE70CEF6FF70216851E89A
:107E5000021F2268014042E80213002BF6D1E06EB7
:107E6000012809D1206850E8000F216820F0100097
:107E700041E80002002AF5D1012008212022C4F89F
:107E80008C200022E2666267C4F8901084F8842097
:107E900001B0BDE8F083000042F2A060C2F20040F1
:107EA000FEF782BC00000000D0F8D42200EB820C68
:107EB000DCF8C0223AB3B0B501F00F0404EB840340
:107EC00000EB830E5EF8183F5BB1D0F8C85204EBAC
:107ED000C40405EB8404E469B3FBF4F505FB143337
:107EE0009BB10020C2F81402DCF8C4321B69002BDD
:107EF00008BFB0BD02F5047CD2F808020A4661460C
:107F000098470020B0BD0320704700220023CEF820
:107F1000002000F0DDFD0020B0BD000000000000EA
:107F2000B0B5D0F8D42200EB8202D2F8C05295B19D
:107F3000044600F051FCD4F8D412C5F80C02D5F870
:107F4000040204EB8101D1F8C42205F50371D26863
:107F500090470020B0BD0320B0BD0000000000002D
:107F600070B58121044600F07BFB012120460025ED
:107F7000258700F075FB82212046A4F8785100F097
:107F80006FFBD4F8D40204F53076E56456F820107F
:107F900089B104EB8000D0F8C40240688047D4F86F
:107FA000D40256F8200001F077F8D4F8D40246F84D
:107FB0002050C4F8BC52002070BD0000000000003A
:107FC00010B5D0F8D41200EB8100D0F8C04284B1D3
:107FD000D0F8C41259B194F80002FF2807D094F8E1
:107FE00001228B6821469847FF2084F80002002078
:107FF00010BD032010BD000040F2AC010A22C2F205
:108000000041028008467047F0B581B040F2680731
:108010000446C2F200478221384600F0F5F90546D1
:108020000121384600F0F0F906468121384600F07B
:10803000EBF9002D1CBF1021A971002E1CBF40219F
:10804000B18000281CBF4021818040F2680043219C
:10805000C2F20040218001B0F0BD0000000000002D
:10806000F0B581B040F268070446C2F200478221B1
:10807000384600F0C9F905460121384600F0C4F938
:1080800006468121384600F0BFF9002D1CBF1021A3
:10809000A971002E1CBF4FF40071B18000281CBFD5
:1080A0004FF40071818040F268004321C2F2004029
:1080B000218001B0F0BD0000F0B581B040F268074A
:1080C0000446C2F200478221384600F09DF9054679
:1080D0000121384600F098F906468121384600F023
:1080E00093F9002D1CBF1021A971002E1CBF402147
:1080F000B18000281CBF4021818040F268004321EC
:10810000C2F20040218001B0F0BD0000000000007C
:108110002DE9F04104464FF4077000F0C1FF00283C
:1081200049D04FF407710546F8F780FAD4F8D40225
:10813000217C4027022204EB800000294FF08101BE
:108140004FF00206C0F8C0522046C4F8BC5208BF27
:108150004FF400773B4600F0C7FB01210222204686
:108160003B464FF00108A4F8388000F0BDFB10201A
:10817000A4F84E008221032208232046A4F8788127
:1081800000F0B2FBD4F8D4020027C5F8047204EB67
:108190008000A4F84C80D0F8C40200688047C5F87D
:1081A0001472C5F81872D5F80422A2B1207C0121FE
:1081B00058B140230BE0D4F8D402002104EB800036
:1081C000C0F8C0120220BDE8F0814FF400732046D1
:1081D00000F09EFB00263046BDE8F0810000000064
:1081E000D0F8D41200EB8101D1F8C01271B180B582
:1081F000027C4023002AD1F804224FF0010108BF7D
:108200004FF4007300F084FB002080BD0320704712
:1082100039B1D0F8D42200EB8200C0F8C41200209B
:108220007047032070470000D0F8D42200EB820092
:10823000D0F8C00218B1C0F8041200207047032023
:108240007047000000000000D0F8D43200EB83003B
:10825000D0F8C00228B1C0F80812C0F810220020DF
:108260007047032070470000F0B581B0D0F8D422E9
:1082700000EB820300228DF80320D3F8C042ADF852
:108280000020002C54D00D7815F0600214D0202A64
:108290004CD1CA881AB36DB2B5F1FF3F27DD4978DA
:1082A000402A84F80012214628BF402284F8012287
:1082B00000F072F800243CE04A780B2A36D80024FB
:1082C000DFE802F0063734343434343434342530C3
:1082D00090F89C22032A29D1694602221EE0D3F895
:1082E000C4224878002493680022984721E0D3F8FC
:1082F000C4524B7806460F46AD6818462146A8473B
:10830000FA8830462146072A28BF072206E090F85F
:108310009C22032A0AD10DF10301012200F058F832
:10832000002406E090F89C22032A02D000F028F8EE
:108330000324204601B0F0BD80B5D0F8B8225268C1
:108340009047002818BF032080BD000000000000F7
:10835000002070470000000000207047000000006F
:1083600080B513460A46002100F0D2FA002080BDF5
:1083700080B513460A46002100F0AAFB002080BD0C
:1083800010B58021044600F06BFB00212046BDE8BB
:10839000104000F065BB000080B50323C0F89432A4
:1083A0001346C0F858210A460021C0F85C3100F09D
:1083B000AFFA002080BD000080B50521C0F89412FE
:1083C00000210022002300F0A3FA002080BD00005D
:1083D00080B50223C0F89432134682610A46002118
:1083E000C36100F075FB002080BD000000000000AC
:1083F00080B50421C0F8941200210022002300F06F
:1084000067FB002080BD0000B0F802C003789C45E7
:1084100010D980B504E000BF73449AB262450BD214
:1084200090F800E070444278052AF5D182788A42BB
:10843000F2D180BD00207047002080BD0000000008
:10844000002808BF704710B590F800C0BCF1000FBD
:1084500015D0A0F1010E73469C780133002CFBD19E
:10846000BCF1000F0BD04FF0000C00BF9EF80230A3
:108470000CF1010C0EF1010E002BF7D101E04FF0D1
:10848000000C5FFA8CF3022404EB430313800B709F
:1084900003224A70027872B1013802234FF0000CB7
:1084A000DCB251FA83FE02330A558EF801C082789D
:1084B0000130002AF4D1BDE81040704700000000F0
:1084C00010B540F2B4240A46C2F2004402A021468C
:1084D000FFF7B6FF204610BD43444320436F6E664E
:1084E000696700000000000040F2B8001222C2F2EA
:1084F00000400A807047000010B540F2B4240A46DC
:10850000C2F2004402A02146FFF79AFF204610BDA8
:1085100043444320496E74657266616365000000E0
:1085200040F2E0000422C2F200400A8070470000DE
:1085300010B540F2B4240A46C2F2004402A021461B
:10854000FFF77EFF204610BD53544D6963726F657F
:108550006C656374726F6E696373000000000000E5
:1085600010B540F2B4240A46C2F2004402A02146EB
:10857000FFF766FF204610BD53544D333220566935
:10858000727475616C20436F6D506F7274000000DF
:1085900070B54EF60000C1F6F17002688368D2181B
:1085A0004FF01A030B802ED040F2E40C40686FF0BD
:1085B0000101C2F2004C4FF0370E0023140F0CEBF8
:1085C00001050EEB1276B2F1204F38BF04F13006F0
:1085D000023112010E292E716B71EFD10CF11001D5
:1085E00004224FF0370C0023060FB0F1204F0CEBA4
:1085F000107538BF06F13005013A4FEA001001F856
:10860000025F4B70F0D140F2E400C2F2004070BD56
:1086100080B10023C0F8B832C0F8C4320029C0F8D5
:10862000D03218BFC0F8B412012180F89C12027039
:1086300000F0D6B80320704780B5D0F8C802FBF729
:10864000BFF840F20032C100C0F20132032822FA22
:1086500001F188BF0321C8B280BD00000000000006
:1086600080B5D0F8C802FBF783F840F20032C100B1
:10867000C0F20132032822FA01F188BF0321C8B2F7
:1086800080BD000000000000B0B581B190F89C22D0
:10869000032A4FD1D0F8B8225269002A4AD00023C9
:1086A000C0F8D4329047002808BF0020B0BDD0F8F1
:1086B0009412022938D1D0E907318B420DD95B1AC7
:1086C00011461A46C3610446FFF752FE00210022FC
:1086D0000023204600F01CF925E00FD182698A4270
:1086E0000CD3D0F898128A4208D20021002200252B
:1086F0000446FFF73DFEC4F89852E7E790F89C1255
:10870000032909D1D0F8B812C96829B10022C0F8EC
:10871000D4220446884720468021044600F0A0F970
:108720002046FFF749FE204690F8A01211B1002123
:1087300080F8A0120020B0BD10B589B190F89C223D
:10874000032A08D1D0F8B822002392691AB1C0F8E0
:10875000D432904700E00020002808BF002010BD60
:10876000D0F8941203291FD1D0E9571399420BD99D
:10877000C91AC0F85C11994238BF0B4611461A4617
:10878000FFF7EEFD002010BD90F89C12032909D1DF
:10879000D0F8B812096929B10022C0F8D4220446E1
:1087A00088472046FFF724FE002010BD000000008F
:1087B0000020704700000000012180F89C12D0F8D2
:1087C000B8223AB180B5017952689047002818BFA5
:1087D000032080BD00207047D0F8C802FBF720B806
:1087E0000178012933D110B542F28C01C2F2004167
:1087F000C0F8C812C1F8E0040020C4F20400086008
:10880000092008714FF40070C8800220C1F80900E7
:108810000020C88108740846FBF7A6FC08B1F8F7E9
:1088200013FA42F28C044FF40071C2F20044204665
:10883000FAF752FF002180222046FAF751FF01216A
:108840004FF4BA722046FAF74BFFBDE81040002003
:10885000704700000000000001F07F02D0F8C8025D
:1088600001EBC10349B202EBC202002900EB820214
:1088700000EB830000F2562048BF02F1160000789A
:108880007047000000000000D0F8D42200EB820204
:10889000D2F8B8225AB190F89C32032B05D1126A53
:1088A0001AB180B59047002080BD0020704703209A
:1088B0007047000000000000D0F8D42200EB8202D4
:1088C000D2F8B8225AB190F89C32032B05D1526AE3
:1088D0001AB180B59047002080BD0020704703206A
:1088E000704700000000000080B59446D0F8C80230
:1088F0001A466346FAF7A0FF40F20032C100C0F208
:108900000132032822FA01F188BF0321C8B280BDD9
:1089100080B5D0F8C802FAF7C3FF40F20032C100B8
:10892000C0F20132032822FA01F188BF0321C8B244
:1089300080BD000000000000F0B581B0012680F885
:108940009C620025C0F8945204464560D0F8B802F5
:10895000C4F8A45284F8A05240B1426832B1002158
:10896000204690470546002818BF03250021002215
:10897000402320464027FFF7B7FF802100224023F5
:108980002046A4F86461C4F86071FFF7ADFFA684C7
:108990002846276201B0F0BD90F89C12042903D14B
:1089A00090F89D1280F89C12002070470000000093
:1089B00090F89C12032908D1D0F8B81229B1C969DE
:1089C00019B180B58847BDE880400020704700009D
:1089D000024600201174704780B5D0F8C802FBF73A
:1089E0008FFC40F20032C100C0F20132032822FAAB
:1089F00001F188BF0321C8B280BD00000000000063
:108A0000B0B500F2AA240546204600F075F8012111
:108A1000C5F8941295F8AA12B5F8B03201F01F0209
:108A2000C5F89832022A0ED0012A06D08AB9284603
:108A30002146BDE8B04000F09BB828462146BDE87D
:108A4000B04000F0EDBA28462146BDE8B04000F045
:108A500043BA01F080012846BDE8B040AFF3008082
:108A600080B5D0F8C802FAF737FF40F20032C100F3
:108A7000C0F20132032822FA01F188BF0321C8B2F3
:108A800080BD00000000000080B5D0F8C802FBF7F0
:108A900053FC40F20032C100C0F20132032822FA36
:108AA00001F188BF0321C8B280BD000000000000B2
:108AB000014690F89C02042803D091F89C0281F8AA
:108AC0009D020020042281F89C22704700000000D3
:108AD00080B5D0F8C802FAF737FF40F20032C10083
:108AE000C0F20132032822FA01F188BF0321C8B283
:108AF00080BD0000000000000A7802704A784270D1
:108B00004A8842808A888280C988C1807047000074
:108B100010B582B004464FF00000ADF80600B1B1C8
:108B2000D4F8D40204F52E72C4F8B81252F820001A
:108B3000C16A21B10DF106008847C4F8D002D4F80B
:108B4000D8020130C4F8D802002002B010BD0320C2
:108B500002B010BD00000000D0F8B8220AB11268BF
:108B60001047002070470000FFF78EBF0000000094
:108B70000A78C2F34112531E022B07D2D0F8D42236
:108B800000EB8202D2F8B82292681047F0B581B0AB
:108B9000002A40F0BF804A78092A00F2BB80DFE853
:108BA00002F0052CB94FB95874B91A3C90F89C22C0
:108BB000013A022A00F2AE80C988022940F0AA8058
:108BC000D0F8A41203220029014608BF012241F86F
:108BD0000C2F022238E1C988012940F09B8090F8CF
:108BE0009C124A1E022A80F0908001460122002435
:108BF00041F8084FFFF7ECFB95E090F89C22013A12
:108C0000022A00F2878049880024012940F08B80E5
:108C1000C0F8A442FFF7ECFB85E0498840F2B0259C
:108C2000C2F2004511F0FE0F297049D080210446A0
:108C3000FFF716FF00212046FFF712FF032472E022
:108C40004A88022A5AD0012A64D10121C0F8A4120C
:108C500057E08A88002A5DD1CA88002A5AD14D88F7
:108C60007F2D57D890F89C12032953D0E9B280F891
:108C70009E520446FFF7B0FE20462646FFF7B8FB9B
:108C8000002D00F0218102201FE14A884FF0FF33C0
:108C90000027ADF8027003EB12230E2B53D8DFE848
:108CA00003F008604552526F7A5252525252525259
:108CB00054000F46D0F8B4120446007C0A684BE01A
:108CC00090F89C22032A00F07580022A40F09680DA
:108CD0000A0616D001F001024260C9B20546FFF74C
:108CE0003BFF0446002800F0CF8080212846FFF794
:108CF000B7FE00212846FFF7B3FE7BE0497980F8F4
:108D0000A012FFF775FB00240DE0032902D1011D1D
:108D1000012299E080210546FFF7A2FE00212846A6
:108D20000024FFF79DFE204601B0F0BDD2B2052A17
:108D300009D8DFE802F003BFB5BAB0C40F46D0F8D7
:108D4000B4124A6805E00F4628E00F46D0F8B41286
:108D5000CA691AB30446007C0DF10201904705462A
:108D600064E00F46017C0446D0F8B80200290CBF2D
:108D7000816AC16A0DF1020088470546022054E06D
:108D80000F46017C51B90446D0F8B802416B0DF191
:108D900002008847E3E70F46017CE9B380210646DD
:108DA000FFF75EFE0021304600253446FFF758FEEF
:108DB00000203CE00A065AD001F0010241689142CD
:108DC0009FD0C9B20446FFF7B7FA29782046616000
:108DD0002546FFF7C1FE0446002851D080212846D1
:108DE000FFF73EFE00212846FFF73AFE2979284684
:108DF000FFF7A2FA022085F89C0294E7802104463E
:108E0000FFF72EFE00212046FFF72AFE2978204694
:108E1000FFF792FA032486E70446D0F8B802016B04
:108E20000DF102008847054607206870012090B1C7
:108E3000FA886AB1BDF8021079B19142204638BF74
:108E40000A462946ADF80220FFF7C2FA00246AE775
:108E50002046FFF7CDFA002465E780212046FFF782
:108E6000FFFD00212046FFF7FBFD00245BE7C9B2B0
:108E7000022280F89C22002444600546FFF75CFA39
:108E80002846FFF7B5FA4EE72846FFF7B1FA032068
:108E900085F89C0247E70F46D0F8B4124A6958E7B4
:108EA0000F46D0F8B412CA6853E70F46D0F8B41290
:108EB0000A694EE70F46D0F8B4128A6849E70F46B0
:108EC000D0F8B4128A6944E7012086F89C02002495
:108ED00029E700000000000070B50D46097804463F
:108EE000C1F341122979531E022B05D22046FFF708
:108EF0002FFAD8B1002070BDDABB687880B30128A2
:108F000021D0032835D194F89C0203281FD168880A
:108F100038B911F07F0004D0E88810B92046FFF777
:108F20009FFD2046FFF764FA002070BDD4F8B80218
:108F300082680020002AC4F8D402DBD020462946EB
:108F4000BDE87040104794F89C0203281BD002280B
:108F50000FD148060DD02046FFF782FD80210DE09D
:108F600094F89C0203281ED0022808BF5FEA4160E3
:108F700040D080212046FFF773FD00212046FFF7F7
:108F80006FFD002070BD68880028B3D10E464806EA
:108F900003D020463146FFF74FFB2046FFF728FA63
:108FA00020463146A3E701F00F00802900EB800046
:108FB00004EB800002D2B0F8640100E0808C00284D
:108FC000D7D001F07F0001EB8102802900EB800007
:108FD00004EB800000F1140504EB820038BF00F5BB
:108FE000AA75480612D02046FFF736FC002818BFA5
:108FF00001200CE008064FF0140058BF4FF4AA708F
:109000000022211822500222204604E0002028607D
:10901000022220462946FFF7DBF9002070BD000040
:1090200070B50A7802F06002602A08D090F89C229D
:10903000013A022A03D88A8812F0FE0F0AD0802152
:109040000546FFF70DFD002128460024FFF708FD27
:10905000204670BD0E460546D1B2FFF77DF910B12E
:10906000032431460EE0D5F8B8128A6842B128468A
:109070000021C5F8D412314690473146044601E03C
:1090800031460324C888002808BF002CE0D12846B8
:10909000FFF7AEF9204670BD7047000000000000E9
:1090A00040F2B440C2F200407047000000000000EF
:1090B00010B50C784A78D0F81CC804F00F034FEABA
:1090C000441E012A18D101229A4000EB0E0342EA05
:1090D0000C02C0F81C28D3F80009000429D403F5B9
:1090E00010600A7989686FF3DF21036841EA8241E1
:1090F00043EA8452114317E04FF4803202FA03F33B
:1091000000EB0E0243EA0C03C0F81C38D2F8000B47
:1091100000040ED40B7902F5306089686FF3DF210B
:10912000026841EA8341114341F0805141F400411A
:109130000160002010BD00000146D0F8000940F297
:10914000FF729043C1F80009D1F80428002042F4CE
:109150008072C1F80428704782B002F47F42B2F5F1
:10916000807F39D1836B4FF6BF7223F480338363E2
:10917000DDF808C0C368CFF6BD721A40C2605FFA5E
:109180008CF2C368012A23F44012C26003D1C26882
:1091900042F48012C2600022009200BF009A0132A5
:1091A0000092009AB2F1706F3AD80269B2F1FF3FB3
:1091B000F4DC00220092026942F00102026100BF69
:1091C000009A01320092009AB2F1706F28D80269B9
:1091D000D207F5D1002230E0C26842F04002C260FE
:1091E00000220192019A01320192019AB2F1706F4C
:1091F00018D80269B2F1FF3FF4DC00220192026943
:1092000042F00102026100BF019A01320192019A0B
:10921000B2F1706F06D80269D207F5D1002202E0E0
:1092200003220AE0032213F47F4F836B02D023F45E
:10923000803301E043F48033836301F47F01B1F5AF
:10924000803F10D1C16D89B2C165C16D41F000711F
:1092500041F0F771C165816841F006018160816864
:1092600041F020018160104602B07047000000000C
:1092700080B50A7847F6000C4B78CEF6334C510196
:10928000012B014425D1D1F800394FF0010EB3F183
:10929000FF3F01F5106307DC196841F000611960B8
:1092A000196841F08041196002F00F01D0F83C28A4
:1092B0000EFA01F18A43C0F83C28D0F81C2822EAB3
:1092C0000101C0F81C181968002001EA0C0119609E
:1092D00080BDD1F800EB01F53063BEF1FF3F0CF12A
:1092E000707C4FF4803EDFDCD6E700000000000019
:1092F0000146D0F8000E20F00300C1F8000E002057
:10930000D1F8042822F00202C1F8042870470000B6
:109310000146D0F8000E20F00300C1F8000E002036
:10932000D1F8042842F00202C1F804287047000076
:109330002DE9F04F83B01B0C4127002640F8276031
:109340000137502FFAD1DBB2009323B100F138037B
:109350004FF400170FE0D0F80438802743F00203E1
:10936000C0F80438836B23F400138363036843F06D
:109370004003036003461E68374302F47F461F60C4
:10938000B6F5807F4FF00003C0F8003E07D1B3EB85
:10939000116FD0F8003806D043F0010303E0D0F895
:1093A000003843F00303C0F800380023019300BFE6
:1093B000019B01330193019BB3F1706F18D80369CE
:1093C000B3F1FF3FF4DC002301934FF484630361A6
:1093D000019B4FF0000E01330193019BB3F1706FBD
:1093E00088BF4FF0010E05D803699B06F0D401E059
:1093F0004FF0010E00230293029B01330293029B64
:10940000B3F1706F18D80369B3F1FF3FF4DC0023A8
:1094100002931023036100BF029B4FF0000A013347
:109420000293029BB3F1706F88BF4FF0010A05D819
:109430000469E406F0D401E04FF0010ACCB24FF029
:109440000008C0F81088C0F81488C0F81C88A4B3BD
:1094500000F510664FEA441B4FF67F39002400BF29
:109460004FF09047002C08BF4FF000673359351973
:1094700007EAE37333512034C5F81080A345C5F8DB
:109480000890EDD100F530664FF000094FF67F34BB
:10949000002700BF4FF09043002F08BF4FF000633C
:1094A000F55906EB070C03EAE573F3512037CCF8C6
:1094B0001090BB45CCF80840ECD1D0F8103811F42E
:1094C0007F0F23F48073C0F81038C0F818806FF055
:1094D0008041416103D1816941F01001816143F60E
:1094E00000038169C8F23C0312F47F0F41EA0301D3
:1094F000816103D0816941F00801816100990129EE
:1095000005D1816941F0804141F0040181614EEA59
:109510000A0003B0BDE8F08F01468268002022F007
:1095200001028A607047000043F20B03D0F840C08C
:10953000C4F654739C4503D3D0F8003B002B1ED4D3
:109540000023C0F8103BD0F8103B012943F400235E
:10955000C0F8103BD0F8103B43F01803C0F8103BA4
:10956000D0F8103B43F0C041C0F8101B07D1C0F841
:10957000142BD0F8001B41F08021C0F8001B002004
:1095800070470000000000004A780B78012A4FEA7B
:10959000431210440DD1D0F8002922F40012C0F873
:1095A0000029097901F0FE01022913D100F51060AC
:1095B0000CE0D0F8002B22F40012C0F8002B09793F
:1095C00001F0FE01022905D100F53060016841F08B
:1095D00080510160002070470A784B785101012BBF
:1095E000084406D1D0F80019002900F5106106D50D
:1095F0000BE0D0F8001B002900F5306105D4002AEB
:109600001EBF086820F0804008600A68002042F40D
:1096100000120A6070470000F0B54B78002491F802
:1096200000C04FF6FF75012BCFF6F874CEF2070598
:109630002AD100EB4C1E0E69002E0EF51063DEF8E9
:1096400010794ED03C401C611C69BCF1000F04EA4B
:1096500005041C618C6856D035191E69013DB5FBA7
:10966000F4F40025C1F6F87505EAC44535431D61DB
:109670000D79012D4FD14FF0C0461D6906EA4474A3
:1096800025F0C0451D6143E000EB4C134FF6FF7E13
:10969000C0F2070EBCF1000FD3F8107B07EA0407F5
:1096A000C3F8107BD3F8104B04EA0504C3F8104B41
:1096B00003F530630E691DD0002E8D686FD07719C9
:1096C000013FB7FBF5F7BEB26E4300250E62C1F64F
:1096D000F87505EAC7471D6906EA0E062F431F61A4
:1096E00064E03D401D611D6945F400251D611D6953
:1096F0002C4015E0002E1CBF8F680F618F680F6231
:1097000007EA0E074DE0A64200D90C614FF4002491
:109710001D692C431C610C691D696FF3DF442C43E8
:10972000012A1C6115D1CA69002A18BFCEF8142974
:109730000979012952D1D0F80808C0054FF08050AE
:1097400058BF4FF00050DEF800190843CEF800096A
:1097500044E000F510634FEA4C169F5947F0044768
:109760009F510F79012F0FD1D0F80878FF054FF0E6
:10977000805758BF4FF00057F558002A45EA0702B6
:10978000F25032D00020F0BD09690029FAD00CF067
:109790000F01012202FA01F100F6340320E005EA8C
:1097A0000E071E6937431F614FF400261F69012A07
:1097B00047EA06021A6103D1CA68002A18BF5A6133
:1097C000097901290AD1D0F80808C0054FF0805066
:1097D00058BF4FF000501968084318604FF004411B
:1097E0001868084318600020F0BD0A8A002AC9D012
:1097F000CB68D11C890800F580504FEA0C32043B3D
:10980000013953F8047F1750FAD1BBE7000000007C
:1098100081B0002200924A780978012A4FEA41116A
:109820001BD100F510604258B2F1FF3F2FDC0A58FF
:1098300042F000620A500A5842F080420A5042F256
:10984000107200BF009B01330093009B934221D80C
:109850004358B3F1FF3FF5DD19E000F530604258A1
:10986000B2F1FF3F13DC0A5842F000620A500A5876
:1098700042F080420A5042F2107200BF009B013356
:109880000093009B934205D84358002BF6D4002048
:1098900001B07047012001B07047000000000000D7
:1098A00001468268002042F001028A607047000091
:1098B00081B00022009200BF009A01320092009A0B
:1098C000B2F1706F15D80269B2F1FF3FF4DC890183
:1098D000002200922031016100990131009100992C
:1098E000B1F1706F05D801698906F5D4002001B087
:1098F0007047032001B07047D0F8081888074FF070
:10990000020001F0060158BF0F20002908BF0846D9
:109910007047000000000000406900F0010070473F
:10992000D0F81818D0F81C08084080B27047000022
:10993000D0F81818D0F81C080840000C7047000038
:10994000D0F810C8D0F8343801F00F0200EB411005
:1099500023FA02F2D201D0F80809D1B241EA0C018F
:10996000084070470000000000EB4111D1F8081BCF
:10997000D0F8140808407047416980690840704772
:1099800080B5930802F0030E09D004394FF4805CCF
:10999000013B50F80C2041F8042FF9D10431BEF1FD
:1099A000000F0ED04FF4805200238058AEF1010E0C
:1099B00020FA03F201F8012B5FEA0E4203F10803DB
:1099C000F4D1084680BD0000B0B50446C06820F060
:1099D000C040E06091B1012926D1E068002540F047
:1099E0000050E0600A20F8F7BBFD6069C00705F190
:1099F0000A0014D1BE2D0546F4D310E0E06800251E
:109A000040F08040E06000BF0A20F8F7A9FD6069DF
:109A1000C00705F10A0002D0BE2D0546F4D3C838B0
:109A2000B0FA80F04009B0BD0120B0BD00000000D8
:109A30000246D0F8000820F4FE6001F07F01C2F871
:109A400000080020D2F8003843EA0111C2F80018DB
:109A50007047000000000000022A02465CD145F277
:109A6000403043F20053CFF62770C0F20C03084495
:109A7000984202D24FF4705150E041F6406044F2F7
:109A80004023CFF61B70C0F20F030844984202D265
:109A90004FF4605142E0A1F5740044F68073A0F5E4
:109AA0001050C0F21203984202D24FF4505135E0E8
:109AB000A1F183704DF22063A0F5E740C0F21303DB
:109AC000984202D24FF4405128E04BF260604EF2CF
:109AD0006033CFF6E560C0F216030844984202D224
:109AE0004FF430511AE04DF2003047F24073CFF698
:109AF000CE60C0F21B030844984202D24FF42051BA
:109B00000CE045F6C03049F2C013CFF6B360C0F2A6
:109B10002103084498420AD24FF41051D06820F42F
:109B20007050D060D36800201943D1607047A1F114
:109B3000B77047F22053A0F55850C0F2380398424E
:109B400002D24FF40051E9E745F2E04049F6E04324
:109B5000CFF65960C0F2410308444FF4C051984217
:109B600038BF4FF4E051D9E7DDF800C0BCF1000F79
:109B70000CD15BB1033300F5805C9B080439120300
:109B8000013B51F8040F42F80C00F9D10020704756
:109B9000FEE700000000000010B541F6AC60C2F224
:109BA000004001F091F841F2F4640246C2F2004430
:109BB0000121206047F24830C2F2004000F078FEF8
:109BC00047F250402268C2F20040022100F070FECD
:109BD00047F258502268C2F20040032100F068FEAC
:109BE00047F260602268C2F20040042100F060FE8B
:109BF00000F062F8014640F2B8102268C2F200405C
:109C000001F0CAFB42F644109FED050AC2F2004083
:109C1000DFED040A9FED041ABDE8104000F0F8BF24
:109C20007B14AE3D00C0DA450AD7233F0000000098
:109C300010B541F6AC60C2F2004001F045F841F2C7
:109C4000E464C2F20044206000F03AF8014640F2B9
:109C500008202268C2F2004001F09EFB42F63C0060
:109C60002268C2F20040072100F022FE00F024F832
:109C7000014640F258202268C2F2004001F08CFBFD
:109C800042F234702268C2F200400121BDE8104067
:109C900000F022BD000000009FED041A80EE010AD2
:109CA0009FED031A20EE010A704700BF0000344305
:109CB000DB0F4940000000004FF4007070470000C7
:109CC00040F2FF10704700002DE9F04F81B02DEDFC
:109CD000028B82B040F2B81447F24838C2F2004416
:109CE000C2F200482046414601F0EAFA47F25049E4
:109CF0002046C2F20049494601F0E2FA47F2585ABA
:109D00002046C2F2004A514601F0DAFA47F2606B8F
:109D10002046C2F2004B594601F0D2FA41F2F465F6
:109D20002146C2F20045286801F0B6F8286841468D
:109D300001F0B2F82868494601F0AEF828685146AB
:109D400001F0AAF82868594601F0A6F89FED2A8A82
:109D500040F22C1740F21016B0EE480AF0EE480A16
:109D6000C2F20047C2F2004640463946324600F091
:109D700087FDB0EE480AF0EE480A484639463246BA
:109D800000F07EFDB0EE480AF0EE480A5046394633
:109D9000324600F075FDB0EE480AF0EE480A58462B
:109DA0003946324600F06CFD42F644162146C2F2B6
:109DB000004606F1A40080E8000F286801F06CF866
:109DC000286801F0DDF84AF69140D6F83C1106F516
:109DD0009C73C0F60000802206F5A0771825CDE917
:109DE000005703F0D1FD012086F8B40102B0BDECAC
:109DF000028B01B0BDE8F08F000000000000000001
:109E0000B0B59CB044F6180409A84C21C5F602046C
:109E1000F6F70CFC02200025CDE90755CDE90555E4
:109E2000CDE90355CDE90155FAF7C2FA009520684E
:109E300020F440402060206800F4404000900098EA
:109E400020688004FCD5012009904FF480310A91EC
:109E50000221052214926022CDE915200420082455
:109E6000CDE9170109A81994CDE912110025CDE912
:109E70001A55FBF71DFB20B1EFF3108072B600BF3F
:109E8000FEE73F20019003204FF48061CDE90205F9
:109E900040200494CDE90500CDE9071001A8032175
:109EA000FBF79EF818B1EFF3108072B6FEE71CB016
:109EB000B0BD00000000000090ED002A20EE813AC5
:109EC00030EE420A20EEC11A80FE433AB4EE401A48
:109ED000F1EE10FA31FE030A32EE000A80ED000ABC
:109EE0007047000000000000704700000000000004
:109EF00070470000000000007047000000000000F4
:109F000070470000000000007047000000000000E3
:109F10007047000000000000B0B52DED028B044634
:109F200001F0BAFA01F084FB94ED241A002030EE1F
:109F3000412A9FED3B1A9FED3B3AB4EE412AF1EEE8
:109F400010FAC8BF0120B5EE402AC00702FE031A6E
:109F5000F1EE10FAD8BFB0EE431A94F87C0084ED0D
:109F6000240A84ED2D1A012813D1201D94ED0D0A29
:109F7000D4ED200AFFF7A0FF04F1080094ED0E0ACB
:109F8000D4ED200A94ED2D1AFFF796FF206C206186
:109F90000DE004F13400016861604168A1608168EE
:109FA000E160C1682161016961614069A061206867
:109FB00001682046884794ED1C0AFFF76DFE01F00A
:109FC000C9FBB0EE408A94ED1C0AFFF765FE01F074
:109FD000A5FC94ED021A94ED013A20EE412A0025E9
:109FE00028EE011A2069A062A3EE082AA3EE001A47
:109FF00084ED072A84ED081A03E000BF0435102D14
:10A000000AD06119D1F8A4000028F7D0026891EDB8
:10A01000250A91688847F1E7BDEC028BB0BD00BF0F
:10A02000CDCCCC3D6F12833AB0B52DED048B4EF202
:10A03000A0310446C0F60001B0EE608A01F10800CC
:10A040002060201D7921B0EE409A0025C4F8805090
:10A05000F6F7ECFA39EE090A9FED111A84ED219A10
:10A0600084ED228A20EE010A9FED0E1A88EE011A75
:10A07000C4E92455C4E9265520EE010A84ED230ADB
:10A08000C4E92855C4E92A55C4E92C5501F004FA5D
:10A0900001F0CEFA84ED240A2046BDEC048BB0BD5D
:10A0A000DB0F49400000704210B584B004460068E0
:10A0B000211D4268204690476068C4F8B800A06837
:10A0C000C4F8BC00E068C4F8C0002069C4F8C4004B
:10A0D0006069C4F8C800A069C4F8CC0004F1940019
:10A0E00094ED210A00219FED221A9FED222A6A4653
:10A0F000431893ED003A531833EE033A0431102914
:10A1000023EE013A83EE023A20EE033A83ED003A61
:10A11000EED19DED000A9DED011A30EE012A9DED74
:10A12000023A30EE410AB1EE005A9DED031A94ED69
:10A13000346A32EE034A30EE430A33EE422A34EEFA
:10A14000014A26EE053A30EE010A32EE011A84EE9B
:10A15000032A9FED093A80EE030A84ED312A81EE4D
:10A16000031A84ED2E0A84ED2F1A04B010BD00BF2F
:10A17000DB0F494000007042F3043540000000004E
:10A1800010B50446086804F1E402C4F81C014868EC
:10A19000C4F82001C868C4F8240104F1D40004F113
:10A1A000DC0101F023FB94ED210A9FED0A1A20EE59
:10A1B000010A90209FED081A21180430A02891ED83
:10A1C000262A82EE002A22EE012A81ED012AF3D10D
:10A1D00010BD00BFDB0FC94000007042000000004E
:10A1E00010B52DED028BB0EE418A0446FFF71CFF3F
:10A1F0004EF2B0302346C0F6000040F2F341083082
:10A2000020600020CBF63571C4E92E00C4E930008F
:10A21000C4E9320040F2F340C4F8F010C3F63570E0
:10A2200043F8EC0FC4E93E11C4E94110C4E944000D
:10A2300004F1D4000421032284ED348A84ED3D8AA4
:10A2400084ED408A84ED438A84ED468A01F0CAFA9F
:10A2500004F1DC0004F58E730321012201F0C2FA3F
:10A2600004F1E40004F594730421012201F0BAFA28
:10A270002046BDEC028B10BDB0B501F1080500F120
:10A280001C07D1E900CE3CCD3CC7C0E905CE8969A9
:10A29000C16280ED0C0AB0BD10B52DED048BB0EE9F
:10A2A000608AB0EE409A044601F0F6F801F0C0F979
:10A2B00094F8480094ED111A30EE411A01284DF23D
:10A2C0000A70C3F6234084ED101A09D139EE481AFA
:10A2D000002184F84810206484ED0E1A84ED0F8A62
:10A2E00094ED101AB5EE401AF1EE10FA08DD9FED6C
:10A2F000692AB4EE421AF1EE10FAC8BF206400E0F9
:10A30000206494F84900012828D129EE081AB5EEF6
:10A31000401AF1EE10FA21DAB5EE408AF1EE10FAA9
:10A3200040F3A180B5EE409AF1EE10FA80F29B80E6
:10A330009FED591A31EE482A39EE011A31EE021A10
:10A3400039EE482AB0EEC13AB0EEC24AB4EE443A11
:10A35000F1EE10FA04DD84ED0D2A03E039EE481A1F
:10A3600084ED0D1A94ED0D1AB0EEC11A94ED0B2A7E
:10A37000B4EE421AF1EE10FA01DA0020606394EDB7
:10A380000D1A94ED0C3AB0EEC14A94ED052A22EE76
:10A39000012A84ED022AB4EE434AF1EE10FA2BDAD8
:10A3A000B5EE403AF1EE10FA26DD94ED0E3AB6EE37
:10A3B000005A31EE033A94ED064A94F8240024EE54
:10A3C000033A94ED104A012824EE034A94ED013A31
:10A3D00004EE053A84ED013A10D194ED084AB1EE4D
:10A3E000445A83FE444AB4EE435AF1EE10FA35FE65
:10A3F000043A84ED013A01E00020606094ED103AE7
:10A40000B5EE403AF1EE10FA0ADD94ED0F4A38EE5F
:10A41000444A94ED075A25EE044A84EE033A01E0DB
:10A420009FED1E3A94ED014A84ED0E1A32EE042A95
:10A4300094ED0A4AB1EE445A84ED033A84ED0F8A52
:10A4400032EE432A84ED110A82FE444AB4EE425AA7
:10A45000F1EE10FA35FE041A84ED041AB0EE410A4A
:10A46000BDEC048B10BD9FED0C1A38EE012A31EEC5
:10A47000493A39EE481A33EE022AB0EEC13AB0EE4C
:10A48000C24AB4EE443AF1EE10FA7FF769AFB1EE8A
:10A49000421A65E7CDCCCC3D0000344300000000FB
:10A4A000B0B501F1080500F12007D1E900CE3CCD9F
:10A4B0003CC7C0E906CE8969016380ED100AB0BDD2
:10A4C00010B52DED048BB0EE608AB0EE409A0446D4
:10A4D00000F0E2FF01F0ACF894ED141A9FED473A5A
:10A4E00030EE411A94ED102AB5EE401AF1EE10FA52
:10A4F000B5EE402A31FE031AF1EE10FA84ED131A7C
:10A5000017DD94ED123A94ED116A33EE034A22EE10
:10A51000025A36EE497A24EE022AA3EE016AA5EE2B
:10A52000072A84ED116AB0EE469AA2EE413A84ED14
:10A53000123A39EE482A94ED0C4A84ED012AB0EE25
:10A54000C23AB4EE443AF1EE10FA01DA002060604B
:10A550002078012806D100202070C4E902009FED78
:10A56000282A2FE094ED014A94ED025A34EE452A50
:10A5700094ED063A94ED076AB5EE401AF1EE10FA42
:10A5800023EE022A24EE063A84ED0E2A84ED0D3ADB
:10A590000CDDB8EE001AA5EE014A94ED031A34EE74
:10A5A000011A94ED084A24EE011A01E09FED141AF5
:10A5B00032EE032A94ED053A84ED0F1A32EE012AA9
:10A5C00033EE022A94ED0B1A84ED140AB1EE413AEF
:10A5D00082FE411AD4E90101B4EE423AF1EE10FADA
:10A5E000C4E9020133FE011A84ED041A84ED051A50
:10A5F000B0EE410ABDEC048B10BD00BF6F12833A70
:10A600000000000000000000012180F8601080EDD3
:10A61000040A704700000000022180F8601080EDFD
:10A62000060A012180F805117047000000000000B3
:10A63000002180F8601080ED050A704700000000DE
:10A64000032180F8601080ED070A002180F80511D1
:10A650007047000000000000B0B52DED028B0446ED
:10A6600090F86000012828D002280AD003282ED1B3
:10A67000D4E90E010131E16381421EDB28201C2157
:10A6800007E0D4E90E010131E163814215DB2420AA
:10A6900018212144226804F1BC0591ED008A11586B
:10A6A00020468847F0EE400AB0EE480A2846FFF7F9
:10A6B000F3FD84ED040A0020E06304F1680094EDEA
:10A6C000040AD4ED090AFFF7FBFE84ED050ABDEC90
:10A6D000028BB0BD00000000F0B581B0044600253B
:10A6E00005720126C0E90325C0E90555C5614FF093
:10A6F0007E50C4E908054EF2C840A562C0F60000CD
:10A700006563083084F84060C4E900010A204821EC
:10A71000C4E90E054FF40050A4F858004EF2C030C2
:10A72000C4F84E50C0F60000656508302060002077
:10A73000C4F84950C4F21020606604F16C00C4F8FB
:10A740004650C4E90B55C4F84250E56584F86050A2
:10A7500084F86860F5F76AFF41F26F2704F1C000E2
:10A760003C21C4F8AC50C3F68327C4F8B850C4E900
:10A770002C57C4E91B55C4E91D55E56784F868608A
:10A7800084F8BC50F5F752FFA4F804612046C4E9F0
:10A790003D55C4E93F75C4E93055C4E9325501B0AF
:10A7A000F0BD0000000000004FF4847100F0BBBF5A
:10A7B000012180F8601080ED040A7047000000005D
:10A7C000022180F8601080ED060A012180F8051151
:10A7D0007047000000000000002180F8601080ED4C
:10A7E000050A704700000000032180F8601080ED2A
:10A7F000070A002180F805117047000000000000E2
:10A80000B0B52DED028B044690F86000012828D0E9
:10A8100002280AD003282ED1D4E90E010131E163C8
:10A8200081421EDB28201C2107E0D4E90E01013102
:10A83000E163814215DB242018212144226804F1C0
:10A84000BC0591ED008A115820468847F0EE400A79
:10A85000B0EE480A2846FFF71FFD84ED040A0020E9
:10A86000E06304F1680094ED040AD4ED090AFFF7EF
:10A8700027FE84ED050ABDEC028BB0BD0000000090
:10A88000B0B52DED028B05466830B0EE608A1446F7
:10A89000FFF706FE05F1BC002146B0EE480ABDEC0C
:10A8A000028BBDE8B040FFF7E7BC000000000000ED
:10A8B000F0B581B00446002505720126C0E90325E4
:10A8C000C0E90555C5614FF07E50C4E908054EF258
:10A8D000C840A562C0F600006563083084F84050A7
:10A8E000C4E900010A204821C4E90E054FF40050D4
:10A8F000A4F858004EF20840C4F84E50C0F60000CC
:10A900006565083020604AF22700C4F84950C4F257
:10A910009910606604F16C00C4F84650C4E90B5508
:10A92000C4F84250E56584F8605084F86860F5F733
:10A930007DFE41F26F2704F1C0003C21C4F8AC5009
:10A94000C3F68327C4F8B850C4E92C57C4E91B5593
:10A95000C4E91D55E56784F8686084F8BC50F5F7D4
:10A9600065FEA4F804612046C4E93D55C4E93F757D
:10A97000C4E93055C4E9325501B0F0BD0000000013
:10A980004FF4847100F0CFBE914218BF704710B5EC
:10A9900004464069206100F07FFD00F085FE6061A3
:10A9A00060692169401AA083217EA08B012906D10C
:10A9B00040F6340188420DD30120208306E040F6A2
:10A9C0003401884203D3012020830020A076BDE813
:10A9D00010407047A08B40F2B63188422AD3A08B3A
:10A9E00040F60201884225D8A08B617E04EB41022B
:10A9F000D08340F2FE02C2F20042A08B22F8110086
:10AA0000481C41F644316076C0B2C2F200410828C9
:10AA10000860DCD3E08B2081208C6081A08CA08139
:10AA2000608CE081E08C2080208D6080608DA08033
:10AA3000A08DE08000202083BDE81040704700001A
:10AA4000027AA2B110B52DED028B828A9FED218A88
:10AA5000838900EE102AA1EB030CBCEB520FB8EE79
:10AA6000400A88EE001A09DD4FF0FF3C0CE04181FE
:10AA700081810121017200210161704753085B420D
:10AA80009C4504DA4FF0010C0369634403610369D8
:10AA9000F0EE480A8181044603FB02124389D21A70
:10AAA00000EE102AB8EEC02A90ED060A01EE020A66
:10AAB00080ED010A03F0D6FA30EE081AB5EE400A2E
:10AAC000F1EE10FAB8BFB0EE410A84ED000ABDEC19
:10AAD000028B10BD0000B44370B5064690F8B40177
:10AAE000012818BF70BD00F0D7FC00F0DDFD41F675
:10AAF0004804C2F20044D4E9003253EA0205C4E932
:10AB000000016AD0181A72EB010066D241F61030CB
:10AB1000C2F200404189A1F2DC51002948BF4942FC
:10AB20003B2902D840F2DC5141810189A1F2DC517C
:10AB3000002948BF49423B2902D840F2DC5101813B
:10AB40008189A1F2DC51002948BF49423B2902D842
:10AB500040F2DC51818141899FED2B2A02899FEDD2
:10AB60002B3A00EE101A818901EE102ABFEE005A2E
:10AB700004EE101AB8EE400AB8EE411AB8EE444A94
:10AB800030EE020A31EE021A34EE022AB7EE004A23
:10AB900080EE030A81EE031A82EE032A80FE050A84
:10ABA00081FE051A82FE055A80FE443AB6EE000A7E
:10ABB00081FE441A23EE002A21EE003A86ED0D2A8A
:10ABC00085FE441A86ED0E3A86ED101A0188B1F51D
:10ABD000E16F03D9B7EE080A04E070BD00880009F0
:10ABE0004A280BD822EE002A23EE003A86ED0D2AE1
:10ABF00021EE000A86ED0E3A86ED100A3046BDE8D9
:10AC00007040FFF789B900BF0080BBC40000FA4361
:10AC100080B5FFF7E5FA4EF250420FA1C0F60002F0
:10AC2000C0F83C110121C0F8441142F2A06102F1C8
:10AC3000080303602432C0F838210022C0F8402104
:10AC40006423C2F2004180F8B421C0E95231C0F857
:10AC5000B82180F8BC2180BD4F6E696D44656D6F71
:10AC600000000000000000004FF4E07100F05BBD48
:10AC7000704700000000000080B500BF4FF47A70FC
:10AC800000F046FFFAE700007047000000000000F7
:10AC900010B50446C06838B12068C16820468847AE
:10ACA000E06800F035FFF7E72068816820468847B4
:10ACB0000020BDE8104001F07BBE00000000000055
:10ACC0007047000000000000B0B541F2D461C2F24C
:10ACD00000410978BFF35F8FC9075BD041F2D861AB
:10ACE000C2F200410978BFF35F8FC9077CD041F2FF
:10ACF000DC61C2F200410978BFF35F8FC90700F041
:10AD00009E8041F6AC6441F64C73C2F2004441F6B9
:10AD1000EC72A042C2F20043C2F200420AD0984252
:10AD20000DD090421CBF0020B0BD41F63011C2F2E0
:10AD3000004108E041F65001C2F2004103E041F653
:10AD4000C001C2F20041A04241F2E864C2F20044F4
:10AD500008D125688D4205D041F64C352160C2F2FC
:10AD600000452960984208D163688B4205D041F6BE
:10AD70004C336160C2F200435960904208D1A06830
:10AD8000884205D041F64C30A160C2F2004081609B
:10AD90000846B0BD41F2D4610546C2F20041084602
:10ADA00001F0B4FB01462846002997D041F6500433
:10ADB00041F6AC61C2F20044C2F20041204600F00C
:10ADC000CFF94BF2E11040F20002C0F60000C0F6ED
:10ADD00000022146F5F7A6FB41F2D460C2F2004022
:10ADE00001F0AAFB284679E741F2D8610546C2F294
:10ADF0000041084601F08AFB0146284600293FF43D
:10AE000076AF41F6C00441F64C71C2F20044C2F282
:10AE10000041204600F0A4F94BF2E11040F200029C
:10AE2000C0F60000C0F600022146F5F77BFB41F2B8
:10AE3000D860C2F2004001F07FFB284657E741F29C
:10AE4000DC610546C2F20041084601F05FFB0146A5
:10AE5000284600293FF455AF41F6301441F6EC7115
:10AE6000C2F20044C2F20041204600F079F94BF2F0
:10AE7000E11040F20002C0F60000C0F600022146D8
:10AE8000F5F750FB41F2DC60C2F2004001F054FBE8
:10AE9000284636E70000000084465CF80C3F83B18A
:10AEA00010300023092B11D050F823200133002A41
:10AEB000F8D15A1E0020092A38BF01204CF823106F
:10AEC0007047002301204CF8231070474FF000001A
:10AED00038BF01207047000041F2F86841F6A01623
:10AEE0000446C2F20048C2F2004600BF60684FF05C
:10AEF000FF3102F015FC032503E000BF01350D2DE5
:10AF000008D054F825000028F8D0016889698847DE
:10AF1000F4E700BF0025032703E000BF01370D2F32
:10AF200017D054F8270078B1036806EB0511C5F176
:10AF30001402DB6A984705440020132D88BF0720C0
:10AF4000092804D1EAE700BF09200928E6D0002833
:10AF5000E4D0002DE566C9D02846142D28BF142062
:10AF6000314602014046F5F727FB37462046394671
:10AF700000F0AEF8013D07F11007F7D1B6E7000089
:10AF8000F0B58BB0044690F8680000286DD103AD91
:10AF90000027CDE90977CDE9077702200590A06861
:10AFA0002946CDE9037701260696F7F765FB4FF0B2
:10AFB00080402946CDE90306A068CDE90777F7F779
:10AFC0005BFBA068F8F7E8F810B12666F5F73CFEE1
:10AFD000A068012100220125F7F7D6FA10B16566B5
:10AFE000F5F732FE41F6AC60A268C2F2004041F2D1
:10AFF000E861824241F64C30C2F20040C2F20041A8
:10B0000010D041F64C73C2F200439A4208D041F688
:10B01000EC73C2F200439A4206D10830083101E0D5
:10B02000043004310C6004604AF6914504F13803A1
:10B03000C0F60005E16B04F1400003274FF4807275
:10B04000CDE90070284602F09FFC04F14C03216D0D
:10B0500004F1540004274FF48072CDE900702846B3
:10B0600002F092FC012084F868000BB0F0BD0000F3
:10B0700084B006696C4600BF706B0028FCD04FF0AE
:10B08000FF32214602F078FA0128F5D1032702E0C9
:10B0900001370D2FF0D056F82750002DF8D0286832
:10B0A0002146426B284690470028F1D02868214667
:10B0B000026B28469047EBE7142100F034BB0000F8
:10B0C0000069FFF709FF0000142100F02CBB00000D
:10B0D000B0B50D4604460068012102F021FB0128AD
:10B0E00033D1A06898B341F6E022D5F80610C2F239
:10B0F0000042D5F80A30C2E9001341F6E8212B7965
:10B10000C2F200412D68002B0D604FF0080518BFFA
:10B110004FF080434B6000238B60C1E90733C1E9E6
:10B120000533C1E90353F7F76BFA43F270010546A3
:10B13000C2F200410022002308700021206802F0C2
:10B1400013F8B5FA85F04009B0BD0020B0BD206805
:10B1500000210022002302F007F80020B0BD00000B
:10B16000B0B504468160402010210022002501F086
:10B1700047FF4EF210526063C0F600024EF69E5139
:10B1800002F1080004F13802C0F60001656423C230
:10B190004EF228514EF69450C0F60001C0F6000061
:10B1A0000831A464C4E9131004F10C002821C4E997
:10B1B0001555C4E91745656684F86850E566F5F7E6
:10B1C00035FA012001F0E4FE206001200021032275
:10B1D00001F016FF60602046B0BD000000000000D6
:10B1E000416B002908BF704710B50446084601F0BE
:10B1F0003FFB2046BDE81040704700000000000003
:10B20000002A4FF0000248D090F84C30002B44D078
:10B2100080B5826B0A604FF400628A80002200F1E0
:10B220003C0C9FED1F0AC1F80A209FED1E1AC1F8C1
:10B2300006209FED1D2A9FED1D3A12E084EE024A82
:10B2400024EE024ABDEEC44A14EE103A98B24FEA18
:10B25000102E01EB420080F806E0C3710132042A8F
:10B2600018D05CF82230002BF8D093F8400093ED12
:10B27000054A022805D00128E0D038B984EE034AF7
:10B2800001E084EE004A24EE014ADBE700234FF0A0
:10B29000000EDEE70122BDE880401046704700BF87
:10B2A00000803B450000804600401C4600409C4614
:10B2B0007047000000000000704700000000000020
:10B2C00061B170B590F84C40032C05D84B68A3F1E0
:10B2D000090212F1080F03D2002070BD0020704750
:10B2E00091F84020022A18D1D0F838C040F2FE264A
:10B2F000B44518BFBCF5FF7FEED15E1E042E02D30D
:10B30000BCF5FF7FE8D05E1F032E1BD340F2FE2664
:10B31000B44504BF002070BD14E0012ADCD8D0F889
:10B3200038C0ACF2FF16012ED6D85E1E042E02D312
:10B33000BCF5007FD0D05E1F042E03D340F2FF1671
:10B34000B445C9D034B1022A1ED190F84D60012E07
:10B3500006D0C1E7961EB6FA86F6760980F84D60EB
:10B360000D461946064600F00FF90028B4D406F140
:10B370003C0151F82020002AAED141F82050601C39
:10B3800086F84C00012070BD90F84D60002EA3D1CE
:10B39000022ADAD0E4E7000000230372C0E90323A5
:10B3A0004FF07E52C361C0E908234EF284428362AB
:10B3B000C0F60002A0F84C30C0E905330832C0E9FD
:10B3C0000021C0E90B33C0E90D31C0E90F33C0E9FA
:10B3D0001133704700000000502100F0A4B90000B4
:10B3E0000020704700000000F0B581B02DED028B09
:10B3F000CA88B1F808C04B89044691F90C7012BA9A
:10B40000120CA0F84220443011469CFABCF5DEBA7A
:10B41000FFF716FB00EE105A2068816B2046B8EE4D
:10B42000C08A884788EE000A01EE106A84ED090A96
:10B4300000EE107A2068B8EEC11A94ED128AB8EEC8
:10B44000C00A84ED0A1A84ED0D0A816B20468847F4
:10B4500088EE000A9FED0B8AF0EE480A84ED0C0A94
:10B4600002F000FE30EE081AB5EE400AF1EE10FAD6
:10B47000B8BFB0EE410A84ED0B0ABDEC028B01B0FF
:10B48000F0BD00BF0000B44380ED050A7047000026
:10B49000602100F048B9000080B541F2E060C2F2DE
:10B4A00000400078BFF35F8FC00704D041F60C3036
:10B4B000C2F2004080BD41F2E060C2F2004001F003
:10B4C00025F80028F2D041F2E060C2F2004001F01D
:10B4D00033F8EBE70000000041F64000C2F2004004
:10B4E0000068002808BF704700680169C9071CBFD1
:10B4F000C1685FEAC17100D170476FF0010101615D
:10B5000041F63800C2F20040D0E90012013142F1A8
:10B510000002C0E90012704759B141F64000C2F282
:10B5200000400268002A18BF704701600846FAF719
:10B53000ABBB704700000000002070470000000017
:10B5400090ED080A7047000090ED0C0A704700006B
:10B5500090ED190A7047000090ED090A704700004D
:10B5600090ED0B0A7047000090ED0C0A7047000048
:10B5700090ED190A7047000090ED090A704700002D
:10B5800090ED0B0A70470000022A806B10D1B0F5D5
:10B59000FF7F10D040F2FE22053990424FF0FF307D
:10B5A00008BF08464FF0FF32032928BF10467047F6
:10B5B000B0F5007F05D1481E042828BF4FF0FF30AA
:10B5C000704740F2FF12053990424FF0FF3008BF3C
:10B5D00008464FF0FF32042928BF1046704700008C
:10B5E0000A790AB10020704790F84020022A0AD256
:10B5F0000968A1F2092212F1080FF3D34068081A72
:10B60000A0F500700AE0EDD10968A1F5037212F10E
:10B61000070FE7D34068081AA0F50170B0FA80F070
:10B6200040097047000000004FF4007070470000B0
:10B6300041F64001C2F20041086858B310B541F626
:10B64000380EEFF3108CC2F2004EEFF3108072B69A
:10B65000DEE9002308680468606A2469E40704D00E
:10B66000DEE90023013243F10003BCF1000F00D1F9
:10B6700062B609680968C96A4C1C03FB04F1E2FB65
:10B68000040102F04FFD00EE100A9FED051A20EEB6
:10B69000010A10BD9FED010A704700BF00000000C5
:10B6A000BD3786350000000041F64001C2F200417E
:10B6B000086818B310B541F6380EEFF3108CC2F2DB
:10B6C000004EEFF3108072B6DEE9002308680468CC
:10B6D000606A2469E40704D0DEE90023013243F103
:10B6E0000003BCF1000F00D162B609680968C96A9D
:10B6F0004C1C03FB04F1E2FB040110BD00200021FF
:10B700007047000000000000A0F59C70FFF7E4B94E
:10B71000A0F59C704FF4E07100F005B80000000047
:10B720007047F4F7F2BFFFF7FCBF000001A000F084
:10B7300007FF00BF50757265207669727475616C81
:10B740002066756E6374696F6E2063616C6C6564EE
:10B75000210000009FED201AB5EE002A00EE012A1C
:10B760009FED1E1ABDEEC20AB5EEC02AF1EE10FA28
:10B7700010EE100AB8BF013800EE100A0020B8EE33
:10B78000C00A32EE400A9FED162A20EE010ABDEEF5
:10B79000C01A11EE101A30EE021AB0EB512F18BF7A
:10B7A000002102EE101A4EF2845000FE010AC0F68B
:10B7B0000000B8EE422A00EB810090ED011A30EE55
:10B7C000420AB7EE002A32EE402A20EE010A90ED3E
:10B7D000001A02EE010A704783F9223E000000447D
:10B7E000000000C401804280436070472DE9F04FA3
:10B7F00088B0B0F802C00B889C4540F08880B0F853
:10B8000000E013889E4540F08280B1F80290538892
:10B8100099457CD14FEA9C04476804FB09F04968CC
:10B820000CF00305029101EB0010019000202CF0B8
:10B830000303A0EB9C0107EB830607914FEA890302
:10B840005168C5F1000A00919FED330ACDE9039CD0
:10B85000CDE9050E0099CE4601EB8008DDE901BC7B
:10B86000002CB0EE401AE146384627D062460799D0
:10B870003846B0EE401A00BF92ED002A90ED003A33
:10B8800003EE021A1A4490ED014A92ED002A04EEEA
:10B89000021A1A4490ED025A92ED002A05EE021A9D
:10B8A0001A4490ED036A92ED002A06EE021A013165
:10B8B00000F110001A44DFD1D946304655B1514647
:10B8C00090ED002A99ED003A02EE031A043001319E
:10B8D0009944F5D108F1040088ED001ABEF1010E7B
:10B8E0000CF1040C0BF1040B8046B9D1DDF80C907F
:10B8F0000598DDF810C04844DDF818E007EB8C0728
:10B90000BEF1010E06EB8C06A2D1002000E0FD2066
:10B9100040B208B0BDE8F08F000000009FED1F1A94
:10B9200020EE010A9FED1F2ABDEEC01AB5EEC00A37
:10B93000F1EE10FA11EE100AB8BF013801EE100A4C
:10B940000020B8EEC11A30EE410A9FED151A20EE24
:10B95000010ABDEEC01A11EE101A30EE021AB0EB59
:10B96000512F18BF002102EE101A4EF2845000FE33
:10B97000010AC0F60000B8EE422A00EB810090ED0B
:10B98000011A30EE420AB7EE002A32EE402A20EECB
:10B99000010A90ED001A02EE010A704783F9223E77
:10B9A00000000044000000C410B590B041F2E8620D
:10B9B0000021C2F2004202E00131032909D052F80D
:10B9C0002140002CF8D0A3688342F5D124B910B0EF
:10B9D00010BD0024002CFAD00CA902AA8B1D402116
:10B9E000F6F796FE0028F2D10398029900F1404044
:10B9F0000C91B0FA80F040098DF834009DF81600E3
:10BA000000F00F01606B8DF835104FF000010191CF
:10BA100020B10CA901AA002301F0B2FC0198002872
:10BA2000D5D04EF604504FF08051CEF200000160A8
:10BA3000BFF34F8FBFF36F8F10B010BD0000000039
:10BA400070B582B041F2E8660025C2F2004601AC52
:10BA5000019502E00135032D08D056F82500002895
:10BA6000F8D04068214601F02BFDF3E7019850B172
:10BA70004EF604504FF08051CEF200000160BFF34B
:10BA80004F8FBFF36F8F02B070BD00000000000049
:10BA900084B00024CDE90244CDE90044F7F778FDF5
:10BAA0000120ADF8000048F21F70029040F2011032
:10BAB000039068460194F7F73BFD0420F7F778FD03
:10BAC000F7F7B2FCFEF79CF9FBF7CAF9FBF7F0F8C1
:10BAD000FBF70AF9FBF740F9FBF776F9FBF7E4FA15
:10BAE000FBF7B6FAFBF778FAFBF70EFA42F20860BA
:10BAF000C2F20040FAF7C8F8F4F7C2FF00F018F8F5
:10BB0000FBF79AF900F02CF8FEE7000000000000B7
:10BB1000EFF3058100291CBF6FF00500704720B1CD
:10BB200080B500F0EDFE002080BD002070470000D1
:10BB3000EFF3058000281CBF6FF00500704740F24E
:10BB4000AC20C2F20040016800291CBF4FF0FF305A
:10BB500070470121016000207047000000000000D4
:10BB6000EFF3058000281CBF6FF00500704740F21E
:10BB7000AC20C2F20040016801290CD180B54EF61C
:10BB80001F510022CEF200010A700221016001F073
:10BB9000A7F8002080BD4FF0FF3070470000000084
:10BBA00070B584B08E4600284FF000010391EFF38A
:10BBB00005814DD000294BD122B39369002B08BFDA
:10BBC0001823382B1BD81179C90718D155699468E7
:10BBD0004FEA950C002D08BF4FF0800C116844B15E
:10BBE000D6685C2E04D31669002E18BF002D20D114
:10BBF0000CB9D468C4B10025002455B91DE000205B
:10BC000004B070BD0124002118234FF0800C0025E2
:10BC10009DB1946812690294CDE900326246734680
:10BC200001F022FF039013E01469B4FA84F464096C
:10BC3000EDE700240125002DEBD14CB11FFA8CF269
:10BC400003ACCDE90034734601F09EFE012802D119
:10BC5000039804B070BD0020E4E70000000000007D
:10BC60002DE9F047044600F0F3FC46F67C4042F62E
:10BC7000F837C2F20040C2F2004747F6300A42F6F7
:10BC800010460168C2F2004A013101603968C2F20F
:10BC9000004651B1DAF8000000283ED13868E16A68
:10BCA000C06A884298BF3C6037E03C600068012869
:10BCB00033D10025701900F07FFC1435B5F58C6F79
:10BCC000F8D147F29478C2F20048404600F074FC84
:10BCD00047F2A879C2F20049484600F06DFC47F2ED
:10BCE000DC70C2F2004000F067FC47F65000C2F280
:10BCF000004000F061FC47F63C00C2F2004000F05A
:10BD00005BFC42F60040C2F20040C0F8008042F600
:10BD10000840C2F20040C0F8009046F68840C2F2E7
:10BD20000040016801310160616446F68C41C2F255
:10BD30000041E06A0A68904288BF086000EB80001A
:10BD4000211D06EB800000F067FC00F0A9FCDAF88A
:10BD5000000088B13868E16AC06A884228BFBDE83F
:10BD6000F0874EF604504FF08051CEF20000016093
:10BD7000BFF34F8FBFF36F8FBDE8F0870000000067
:10BD800070B582B000F064FC47F66806C2F2004667
:10BD9000306850BB47F26874C2F20044204600F09D
:10BDA0000BFC47F27C75C2F20045284600F004FC0B
:10BDB00042F6FC3042F60432C2F2004042F6A433AE
:10BDC000C2F20042C2F20043046042F60C40C2F2EA
:10BDD0000040102105600A200025009501F054F96B
:10BDE000306010B103A100F02FFD02B0BDE870403B
:10BDF00000F056BC546D72510000000000000000BD
:10BE000046F6804542F6104A4EF6045847F650076B
:10BE100046F67C46C2F20045C2F2004ACEF2000865
:10BE20004FF08059C2F20047C2F2004603E000BF63
:10BE3000204600F04DFC2868C8B100F009FCF86805
:10BE4000C468201D00F080FB30680138306028682D
:10BE50000138286000F024FC94F859000228EAD048
:10BE60000128E5D070B9206B00F032FCE0E7DAF889
:10BE700000000228DFD3C8F80090BFF34F8FBFF354
:10BE80006F8FD8E74FF0500080F31188BFF36F8FAA
:10BE9000BFF34F8FFEE7000008480068006880F39A
:10BEA00008884FF0000080F3148862B661B6BFF3D3
:10BEB0004F8FBFF36F8F00DF00BF000008ED00E081
:10BEC0002DE9F04F85B0834601F05AFE42F6F43A70
:10BED000C2F2004ADAF80010884248D242F6FC3535
:10BEE0008146C2F2004528680168002941D047F622
:10BEF0006804C2F2004408E0706028683946366180
:10BF000000F06AFB2868016899B3C068C668D0F879
:10BF10000080371D384600F017FB316A30468847ED
:10BF200096F828004007EDD5B06940444045E3D875
:10BF30007EB3206870B100200396CDE9010801F0BE
:10BF40000BFE20680022002301A901F00DF9002852
:10BF5000D8D102E000200028D4D14FF0500080F367
:10BF60001188BFF36F8FBFF34F8F00BFFEE7002133
:10BF700008E042F60C41C2F200410A680860012163
:10BF800048462A60CBF80010CAF8000005B0BDE8AA
:10BF9000F08F4FF0500080F31188BFF36F8FBFF325
:10BFA0004F8F00BFFEE7000081B00020009040F2FC
:10BFB0005010C2F2004000684FF0500181F3118828
:10BFC000BFF36F8FBFF34F8F013001D0FEE700BF8B
:10BFD00000980028FCD001B070470000000000006D
:10BFE0008AB042F6FC3B42F60C4A47F66805C2F2BC
:10BFF000004B02ACC2F2004AC2F200450DF1040946
:10C00000DBF8000007681FB1C068D0F8008001E0CD
:10C010004FF0000800F0B8FE2046FFF751FF0299EC
:10C0200011B101F049FF83E0E7B180451AD85646C7
:10C03000824601F041FFDBF80000C068C76807F1E5
:10C04000040B584600F080FA97F8280041070CD4FA
:10C0500042F6FC3B00F0FA00C2F2004B87F82800E1
:10C06000B2465CE0B7B100221AE0B9693F6101EB6A
:10C0700008007860504529D9C24501D2404533D2E5
:10C0800042F6FC325946C2F200429346106800F074
:10C09000A3FAE5E7DAF800100968B1FA81F14A0974
:10C0A0002B68A8EB0001184600F006FC01F004FF25
:10C0B00000283DD14EF604504FF08051CEF20000E2
:10C0C0000160BFF34F8FBFF36F8F31E0AAEB080021
:10C0D000884209D230685946B24600F07DFA42F6ED
:10C0E000FC3BC2F2004B1AE0002F00F0C28028682F
:10C0F000B24660B100200897CDE9060801F02CFD9A
:10C1000028680022002306A901F02EF800E0002094
:10C1100042F6FC3B0028C2F2004B00F0B480396AC2
:10C120003846884704E0DBF8000000F055FA00BF0D
:10C1300028680022214601F01FFA00283FF460AF72
:10C140000298B0F1FF3F03DCDDE903200599904739
:10C1500002980028ECD4049F786910B1381D00F0D3
:10C16000F3F94846FFF7ACFE02990929E0D8DFE869
:10C1700001F00505054F395605054F3997F8281088
:10C18000039ABE693F6141F0010187F82810B31896
:10C190003946834241F8043F04D99042C3D29342C6
:10C1A00003D2C0E7801AB0422DD3396A3846884797
:10C1B00097F828004007BBD5002F50D02868B0B3AF
:10C1C0000398B969002206920844CDE9070701F0F7
:10C1D000C3FC28680022002306A900F0C5FF002840
:10C1E000A6D128E097F8281041F00102039987F8BA
:10C1F0002820B96149B30A18394682423F6141F8A3
:10C20000042F3FF690AFDAF8000000F0E5F98FE771
:10C2100097F8280000F0FE0087F8280088E797F8D4
:10C2200028008107F6D4384600F052FA80E7002053
:10C2300000287FF47DAF4FF0500080F31188BFF3EA
:10C240006F8FBFF34F8F00BFFEE74FF0500080F3BA
:10C250001188BFF36F8FBFF34F8F00BFFEE74FF022
:10C26000500080F31188BFF36F8FBFF34F8F00BF73
:10C27000FEE74FF0500080F31188BFF36F8FBFF3DC
:10C280004F8F00BFFEE74FF0500080F31188BFF3DF
:10C290006F8FBFF34F8F00BFFEE70000000000006C
:10C2A000F0B581B0044600F0D3F994F94560012E51
:10C2B00010DB04F1240503E070B2013E012809DD22
:10C2C000286838B1284601F0AFFD0028F4D000F00E
:10C2D0000BFCF1E7FF2684F8456000F0E1F900F07F
:10C2E000B7F994F94470012F10DB04F1100503E055
:10C2F00078B2013F012809DD286838B1284601F0ED
:10C3000093FD0028F4D000F0EFFBF1E784F84460DF
:10C3100001B0BDE8F04000F0C3B90000000000002B
:10C32000F0B581B0044600F02FFD42F6044147F21B
:10C330009077C2F20041C2F20047086818B1B4F128
:10C34000FF3F2DDD2FE043F271000026C2F20040D6
:10C35000430700F5705300F1070223F0070318BFED
:10C3600022F0070047F63402A3F108050D60C2F27F
:10C370000042C2E9000643E902662A1A42600B68DD
:10C38000036047F2C470C2F20040026047F2BC7022
:10C39000C2F20040026001203870B4F1FF3F02DCBD
:10C3A0003878002839D134B1600706D024F007006E
:10C3B00000F1100402E0002400E0083447F2BC7EE3
:10C3C000621EC2F2004EDEF80000824225D247F61D
:10C3D0003403C2F200431E687068A04207D200BF57
:10C3E000326822B1334616465068A042F8D30A6834
:10C3F000964212D0001BD3F800C0112832681A6090
:10C400003FD333195A0719D04FF0500080F31188E9
:10C41000BFF36F8FBFF34F8FFEE7002401F04CFD99
:10C42000600708D04FF0500080F31188BFF36F8F82
:10C43000BFF34F8FFEE7204601B0F0BD5860746037
:10C4400047F63404C2F20044204624689C42FBD3E1
:10C45000426885189D4203D15B681A4403464260D6
:10C460005A689D18A54201D0214606E009688C4211
:10C4700003D0D4E9001422445A609842196018BFCE
:10C48000036047F2C4707168C2F20040DEF8002019
:10C49000511ACEF8001002680CF10804914238BF1E
:10C4A00001603878716800284FF0000018BF41F033
:10C4B0000041C6E9000147F2D070C2F200400168B5
:10C4C00001310160AAE7000042F6F830C2F20040F4
:10C4D000016819B101680A6D01320A650068704788
:10C4E0004BF6A97321F0010140F8081C4FF0807150
:10C4F00040F8041CA0F14401C0F6000340F80C3CD5
:10C500006FF0020340E9093208467047017809B12B
:10C51000002070474178012903D08A0705D4022200
:10C520004270481E18BF0120704780B54EF6A550D6
:10C53000C0F6000000F004F801210170417070475E
:10C54000F4F795F900000000D0E9013201699A6022
:10C55000D0F808C04A6882424FF00002CCF804309C
:10C5600008BFC1F804C002610868013808600868A3
:10C57000704700000000000046F69063C2F20043DE
:10C58000036046F69040C2F20040086080201060D0
:10C59000704700000000000047F2EC23C2F20043A5
:10C5A000036046F6EC60C2F2004008604FF4807011
:10C5B000106070470000000002464FF0FF3142F863
:10C5C000081F00214260C0E903220160704700009B
:10C5D000002101617047000080B5D1F800C01CF156
:10C5E000010207D000F108039E465B681A686245A5
:10C5F000FAD901E0D0F810E0DEF804204A60CEF865
:10C6000004109160C1F808E008610168013101601F
:10C6100080BD000000000000D0F800C043684B60FF
:10C620009A688A609A689960086151600CF101010A
:10C630000160704700000000DFF80C00016841F461
:10C64000700101607047000088ED00E0000000000C
:10C650004FF0500080F31188BFF36F8FBFF34F8FFF
:10C6600040F25010C2F200400168002901F10101BE
:10C67000016000D070474EF60450CEF20000006812
:10C68000000608BF70474FF0500080F31188BFF3D9
:10C690006F8FBFF34F8F00BFFEE700000000000068
:10C6A00040F25010C2F20040016839B10139016016
:10C6B00018BF7047002080F3118870474FF050007A
:10C6C00080F31188BFF36F8FBFF34F8FFEE7000039
:10C6D000B0B5002808BFB0BD47F29071C2F200416A
:10C6E0000978002918BF4FF0004150F8042C11427E
:10C6F0000DD0A0F1080423689BB14FF0500080F3E7
:10C700001188BFF36F8FBFF34F8F00BFFEE74FF06D
:10C71000500080F31188BFF36F8FBFF34F8F00BFBE
:10C72000FEE722EA010140F8041C054600F02CFB5C
:10C7300047F2BC7055F8041CC2F200402A46036858
:10C740001944016047F63401C2F200410846096805
:10C75000A142FBD34368C518A54204D152F8042C6A
:10C7600004461A4442606368E2188A4201D00A46CD
:10C770000AE042F60442C2F200421268914203D03B
:10C78000D1E9002119446160A042226018BF046011
:10C7900047F2D470C2F20040016801310160BDE887
:10C7A000B04001F089BB00004EF210000021CEF233
:10C7B000000044F6D352C1F262020160816040F28F
:10C7C0002801C2F200410968A1FB02124FF0FF31BB
:10C7D00001EB9211416007210160704700000000E9
:10C7E000EFF30580102814D34EF2F03146F6714273
:10C7F000CEF20001C2F20042405C1178884208D2B9
:10C800004FF0500080F31188BFF36F8FBFF34F8F4D
:10C81000FEE74EF60C5046F67441CEF20000C2F22E
:10C8200000410068096800F4E060884298BF7047E2
:10C830004FF0500080F31188BFF36F8FBFF34F8F1D
:10C84000FEE700000000000047F2F07C0022C2F288
:10C85000004C00BF5CF832301BB10132082AF9D11C
:10C8600070470CEBC2034CF8321058607047000060
:10C8700068B147F2F07C0021C2F2004C0CEBC1031E
:10C880005A6882420DD001310829F7D10DE04FF0EE
:10C89000500080F31188BFF36F8FBFF34F8F00BF3D
:10C8A000FEE700224CF831205A6090F8461000292B
:10C8B00018BF7047FFF70CBF70B515460E4604460B
:10C8C000FFF7C6FE94F84400FF2802D1002084F848
:10C8D000440094F84500FF2802D1002084F8450068
:10C8E000FFF7DEFEA06B28B904F1240031462A468A
:10C8F00000F04EF92046BDE87040FFF7D1BC0000C3
:10C9000070B5002845D046F68441C2F200410A685D
:10C910004AB14FF0500080F31188BFF36F8FBFF31F
:10C920004F8F00BFFEE70A6842F6F83501320A6011
:10C9300047F66401C2F20045C2F2004106460C68A7
:10C94000296804310846FFF7FFFD2868A4194460F0
:10C9500009D342F60840C2F2004000682968043159
:10C96000FFF73AFE10E042F60040C2F200400068D5
:10C9700029680431FFF730FE47F2C870C2F2004068
:10C9800001688C4238BF046001F096FA002818BF95
:10C9900070BD4EF604504FF08051CEF200000160A1
:10C9A000BFF34F8FBFF36F8F70BD0000000000001A
:10C9B00070B50446FFF74CFE42F6F836002CC2F282
:10C9C000004608BF3468251D2846FFF7BDFDA06A54
:10C9D00018B104F11800FFF7B7FD46F68840C2F21F
:10C9E00000400168013101603068844225D046F67C
:10C9F0007C40C2F2004001680139016094F859009E
:10CA0000022809D0012804D0002852D1206BFFF75A
:10CA10005FFE2046FFF75CFE42F60040C2F2004097
:10CA200001680968B9B1006847F2C871C2F20041F3
:10CA3000C068C0684068086014E047F650002946A6
:10CA4000C2F20040FFF7E8FD46F68040C2F2004027
:10CA50000168013105E047F2C8704FF0FF31C2F2C2
:10CA600000400160FFF71CFE47F63000C2F20040B4
:10CA70000068E8B13068844218BF70BD46F6844053
:10CA8000C2F20040006840B14FF0500080F31188BE
:10CA9000BFF36F8FBFF34F8FFEE74EF604504FF09A
:10CAA0008051CEF200000160BFF34F8FBFF36F8F54
:10CAB00070BD4FF0500080F31188BFF36F8FBFF34C
:10CAC0004F8F00BFFEE7000047F2CC71C2F2004179
:10CAD0000968016047F66401C2F2004109684160DB
:10CAE000704700000000000047F670000121C2F20C
:10CAF000004001607047000070B510B342F6F83591
:10CB00000C46C2F2004529681831FFF765FD47F66B
:10CB10006400C2F20040066828680430FFF714FD84
:10CB2000601C18D02868A41944601ED342F608403F
:10CB3000C2F20040006829680431BDE87040FFF788
:10CB40004BBD4FF0500080F31188BFF36F8FBFF3E0
:10CB50004F8F00BFFEE72868011D47F63C00C2F278
:10CB60000040BDE87040FFF757BD42F60040C2F2FA
:10CB70000040006829680431FFF72EFD47F2C870B5
:10CB8000C2F2004001688C4238BF046070BD0000F2
:10CB9000F0B581B020B342F6F8360C46C2F200463A
:10CBA000154631681831FFF737FD47F66400002D50
:10CBB000C2F2004018BF4FF0FF34076830680430FD
:10CBC000FFF7C2FCADB1601C13D13068011D47F600
:10CBD0003C00C2F2004001B0BDE8F040FFF71CBDD0
:10CBE0004FF0500080F31188BFF36F8FBFF34F8F6A
:10CBF000FEE73068E41944600BD342F60840C2F205
:10CC0000004000683168043101B0BDE8F040FFF732
:10CC1000E3BC42F60040C2F20040006831680431D3
:10CC2000FFF7DAFC47F2C870C2F2004001688C429C
:10CC300038BF046001B0F0BD70B520B3026D1AB307
:10CC4000C36C8B4288BF1946012A1CD1C26A8A4232
:10CC500008BF70BD42F6F833C2F200431B68984229
:10CC60001BD08369C162002B42F610455CBFC1F145
:10CC70003801816102EB8201C2F20045426905EB95
:10CC800081018A4213D070BD4FF0500080F31188AB
:10CC9000BFF36F8FBFF34F8FFEE74FF0500080F36D
:10CCA0001188BFF36F8FBFF34F8F00BFFEE7041DE6
:10CCB00006462046FFF748FC46F68C41F06AC2F271
:10CCC00000410A68904288BF086000EB800021465E
:10CCD00005EB8000BDE87040FFF79EBC000000003F
:10CCE000B0B586B005A804A903AA0024CDE9044480
:10CCF000FFF742FCDDE90320CDE900404BF601607F
:10CD00001EA1C0F600000023059D029500F0ACFEB8
:10CD100047F2C070C2F20040056015B101F068F939
:10CD20000446601C20D0012C1CD14FF0500080F331
:10CD30001188BFF36F8FBFF34F8F47F2C870C2F2F5
:10CD400000404FF0FF31016047F63000C2F2004072
:10CD50000121016047F66400C2F200400021016039
:10CD600000F066F806B0B0BD4FF0500080F31188B7
:10CD7000BFF36F8FBFF34F8FFEE700BF49444C45B1
:10CD8000000000000000000046F68440C2F20040AF
:10CD9000016801310160704746F68440C2F20040EC
:10CDA000006830B147F670000121C2F20040016016
:10CDB000704747F6700046F68C4CC2F20040C2F253
:10CDC000004C002142F610430160C2F20043DCF83F
:10CDD000001001EB810253F8220003EB8202C0B184
:10CDE0005068436802F108008342536001D15868DB
:10CDF0005060506842F6F832C2F20042C0681060DB
:10CE0000CCF80010704700BF52F8140D013900280B
:10CE1000E6D10029F8D14FF0500080F31188BFF31C
:10CE20006F8FBFF34F8F00BFFEE7000000000000D0
:10CE3000B0B584B04EF200404CF27021CEF200004A
:10CE4000C4F20F114B1CD0F800299A4209D14FF0BF
:10CE5000500080F31188BFF36F8FBFF34F8F00BF77
:10CE6000FEE7D0F800298A4209D14FF0500080F344
:10CE70001188BFF36F8FBFF34F8F00BFFEE70178BC
:10CE800046F671420291FF210170C2F20042017820
:10CE90008DF807109DF8071001F05001117046F64B
:10CEA00074410722C2F200410A609DF90720B2F1E5
:10CEB000FF3F0CDC062200BF0A60013A9DF80730F4
:10CEC0005B008DF807309DF90730002BF4D40A6819
:10CED000032A3BD14FF440720A6002990170D0F8E6
:10CEE000201941F47001C0F82019D0F8201941F040
:10CEF0007041C0F82019FFF757FC40F2501400258C
:10CF0000C2F200442560FFF797FB4EF63470CEF274
:10CF10000000016841F040410160FEF7BDFFFFF7EE
:10CF20003BFF039520684FF0500181F31188BFF358
:10CF30006F8FBFF34F8F013002D000BFFEE700BFFD
:10CF400003980028FCD0002004B0B0BD4FF0500082
:10CF500080F31188BFF36F8FBFF34F8FFEE70000A0
:10CF600080B54FF0500080F31188BFF36F8FBFF38F
:10CF70004F8F00F00DFE30B14EF604504FF080514F
:10CF8000CEF200000160002080F3118880BD000017
:10CF900070B505465020FFF7C3F9044670B300266C
:10CFA00084F8466024600120C4E90F06FFF750FBB7
:10CFB000D4E90F012268A66301FB0023013800FBBE
:10CFC00001206260C4E90230FF2084F8440084F844
:10CFD000450004F11000FFF7EFFA04F12400FFF719
:10CFE000EBFAFFF75DFB002100220023204684F8C6
:10CFF0004C502660C4E9026600F0B6F8204670BDC9
:10D00000B0B3F0B581B00546484314460E465030E3
:10D01000FFF786F950B301460027002E80F84670CE
:10D0200018BF5031C0E90F5601600546FFF710FBED
:10D03000D5E90F012A68AF6301FB0023013800FB2B
:10D0400001206A60C5E90230FF2085F8440085F8B8
:10D05000450005F11000FFF7AFFA05F12400FFF7D6
:10D06000ABFAFFF71DFB284685F84C4001B0F0BD38
:10D070004FF0500080F31188BFF36F8FBFF34F8FD5
:10D08000FEE700000000000070B582B058B1A3B107
:10D09000E9B9E2B14FF0500080F31188BFF36F8F10
:10D0A000BFF34F8FFEE74FF0500080F31188BFF3BE
:10D0B0006F8FBFF34F8F00BFFEE74FF0500080F33C
:10D0C0001188BFF36F8FBFF34F8F00BFFEE751B1E1
:10D0D0004AB94FF0500080F31188BFF36F8FBFF350
:10D0E0004F8F00BFFEE750250195019D502D2ED199
:10D0F000019D0125002983F8465008BF1A46069E67
:10D100001C461A60C3E90F01FFF7A2FAD4E90F0128
:10D110002268002501FB0023013800FB0120A563E4
:10D120006260C4E90230FF2084F8440084F84500BE
:10D1300004F11000FFF740FA04F12400FFF73CFA75
:10D14000FFF7AEFA84F84C60204602B070BD4FF095
:10D15000500080F31188BFF36F8FBFF34F8F00BF74
:10D16000FEE70000000000002DE9F04F85B00492BA
:10D17000B8B104461D46F1B1022D03D1E06B012880
:10D1800040F0A780019100F0E7FC00BB0498F0B1EB
:10D190004FF0500080F31188BFF36F8FBFF34F8FB4
:10D1A000FEE74FF0500080F31188BFF36F8FBFF39D
:10D1B0004F8F00BFFEE7206C0028DDD04FF05000FD
:10D1C00080F31188BFF36F8FBFF34F8FFEE7FFF738
:10D1D0003FFA022DA06B5ED0E16B88425BD304F175
:10D1E0001006012002AF4FF0000B0DF1100800BF38
:10D1F0000499002900F08280C00702D03846FFF76A
:10D2000063FCFFF74DFAFFF7BFFDFFF721FA94F833
:10D210004400FF2808BF84F844B094F84500FF2874
:10D2200008BF84F845B0FFF73BFA3846414600F0A6
:10D2300063FB002865D1FFF70BFAD4F838A0D4F8C7
:10D240003C90FFF72DFACA4516D104993046FFF7F6
:10D2500053FC2046FFF724F800F02EFE88B94EF666
:10D2600004504FF08051CEF200000160BFF34F8FA9
:10D27000BFF36F8F05E000BF2046FFF711F800F005
:10D280001BFEFFF7E5F9022DA06B04D0E16B88428D
:10D290004FF00000ACD2A66B0199226C1AB3CDB34B
:10D2A000E068F3F744F9E168206C2268091A9142BA
:10D2B000E16003D24042A1680844E060A81E314604
:10D2C000B0FA80F0002E18BF012140090840361A3C
:10D2D0002CE04FF0500080F31188BFF36F8FBFF345
:10D2E0004F8F00BFFEE7206800BBA06800F008FD7C
:10D2F000B0FA80F00021A160400918E0FFF7D0F9F2
:10D3000004E02046FEF7CCFF00F0D6FD002005B07B
:10D31000BDE8F08F6068F3F70AF9D4E90101226CE7
:10D3200010446060884201D3206860600120711C55
:10D33000A16354F8241F79B1204600F075FDB8B1FF
:10D340004EF604504FF08051CEF200000160BFF362
:10D350004F8FBFF36F8F0BE050B94EF604504FF074
:10D360008051CEF200000160BFF34F8FBFF36F8F8B
:10D37000FFF796F9012005B0BDE8F08F000000002E
:10D380002DE9F04700B304461D4631B3022D02D10A
:10D39000E06B01284ED10E469046FFF721FAEFF3DD
:10D3A000118A4FF0500080F31188BFF36F8FBFF3E5
:10D3B0004F8F022DA06B1CD0E16B884219D3002047
:10D3C0008AF31188BDE8F0874FF0500080F3118890
:10D3D000BFF36F8FBFF34F8FFEE7206C0028D5D0CF
:10D3E0004FF0500080F31188BFF36F8FBFF34F8F62
:10D3F000FEE794F84590A06BA76B226C1AB33146F8
:10D400004DB3E068F3F793F8E168206C2268091ADD
:10D410009142E16003D24042A1680844E060A81E46
:10D420003946B0FA80F0002F18BF012140090840AA
:10D430003F1A1CE04FF0500080F31188BFF36F8F4C
:10D44000BFF34F8FFEE7206888B9A06800F058FC52
:10D450000020A0600BE06068F3F769F8D4E90101EF
:10D46000226C10446060884201D32068606009F13A
:10D470000100C1B2814207F10101A16310D054F84B
:10D48000240F78B1204600F0CFFC01460120B8F10E
:10D49000000F18BF00290AD18AF31188BDE8F08770
:10D4A00084F8450001208AF31188BDE8F087C8F8A8
:10D4B00000008AF31188BDE8F0870000000000003A
:10D4C00058B1026C9AB14FF0500080F31188BFF34D
:10D4D0006F8FBFF34F8F00BFFEE74FF0500080F318
:10D4E0001188BFF36F8FBFF34F8F00BFFEE7026855
:10D4F00072B3B0B50D460446FFF772F92046EFF35C
:10D5000011844FF0500181F31188BFF36F8FBFF387
:10D510004F8F816BC26B914216D290F8452001313A
:10D5200081630132D3B293421FD050F8241FF1B16E
:10D5300000F07AFC01460120002D18BF002917D009
:10D54000286084F31188B0BD002084F31188B0BD39
:10D550008268002ACDD04FF0500080F31188BFF3CD
:10D560006F8FBFF34F8F00BFFEE780F8452001208B
:10D5700084F31188B0BD00002DE9F04F85B004920E
:10D5800098B104460D46002900F0B78000F0E4FA97
:10D59000A8B9049898B14FF0500080F31188BFF3F8
:10D5A0006F8FBFF34F8F00BFFEE74FF0500080F347
:10D5B0001188BFF36F8FBFF34F8F00BFFEE704F1F9
:10D5C0001000019004F1240000900DF108090DF104
:10D5D000100A4FF000080CE02046FEF761FE00F054
:10D5E0006BFCFFF735F8A76BFFF75AF8002F00F038
:10D5F0009280FFF72DF8D4F838B0BBF1000F27D098
:10D60000226C5AB1D4E902011144E160814201D394
:10D610002068E060E1682846F2F789FFABF101007D
:10D62000A063206970B1019800F0FEFB50B14EF686
:10D6300004504FF08051CEF200000160BFF34F8FD5
:10D64000BFF36F8FFFF72CF800200126A0B963E02D
:10D65000049850B1B8F1000F02D14846FFF734FAF0
:10D660004FF00108012038B956E0FFF719F80026FD
:10D670000020002850D000BFFFF712F8FFF784FB0E
:10D68000FEF7E6FF94F84400FF2802D1002084F85A
:10D69000440094F84500FF2802D1002084F845009A
:10D6A000FEF7FEFF4846514600F026F900287FF4B9
:10D6B00093AFFEF7CDFFA76BFEF7F2FF2FB1204629
:10D6C000FEF7EEFD00F0F8FB93E704990098FFF7F2
:10D6D00013FA2046FEF7E4FD00F0EEFB00287FF48D
:10D6E00088AF4EF604504FF08051CEF2000001603A
:10D6F000BFF34F8FBFF36F8F7BE7206C00283FF4A1
:10D7000045AF4FF0500080F31188BFF36F8FBFF328
:10D710004F8F00BFFEE70026304605B0BDE8F08F12
:10D720002DE9F04F87B0069158B10446006C90B1D6
:10D730004FF0500080F31188BFF36F8FBFF34F8F0E
:10D74000FEE74FF0500080F31188BFF36F8FBFF3F7
:10D750004F8F00BFFEE700F0FFF950B9069840B1C7
:10D760004FF0500080F31188BFF36F8FBFF34F8FDE
:10D77000FEE704F1100B04F12400019000260DF1E6
:10D78000100806AD0020CDE902000CE02046FEF7AF
:10D7900087FD00F091FBFEF75BFFA76BFEF780FFB4
:10D7A000002F00F08880FEF753FFA06B00B3013814
:10D7B000A063206810B9FEF787FEA060DBF80000C8
:10D7C00070B1584600F030FB50B14EF604504FF0A7
:10D7D0008051CEF200000160BFF34F8FBFF36F8F17
:10D7E000FEF75EFF4FF0010A0020B8B976E000BFF7
:10D7F000069840B1039810B94046FFF765F901203B
:10D80000039058B96AE0029800286BD1FEF748FFF0
:10D8100000204FF0000A002860D000BFFEF740FF54
:10D82000FFF7B2FAFEF714FF94F84400FF2808BF90
:10D8300084F8446094F84500FF2808BF84F84560E8
:10D84000FEF72EFF4046294600F056F800289DD1ED
:10D85000FEF7FEFED4F83890FEF722FFB9F1000F74
:10D8600006D02046FEF71CFD00F026FB00269AE7B6
:10D870002068002638B9FEF7EBFEA06800F08CFAAD
:10D880000290FEF70DFF06990198FFF735F9204643
:10D89000FEF706FD00F010FB00287FF484AF4EF683
:10D8A00004504FF08051CEF200000160BFF34F8F63
:10D8B000BFF36F8F77E7029870B1FEF7C9FE606A19
:10D8C00020B1206B0068C0F1380100E00021A068A1
:10D8D000FFF7B2F9FEF7E4FE4FF0000A504607B03A
:10D8E000BDE8F08F4FF0500080F31188BFF36F8FC9
:10D8F000BFF34F8FFEE7000070B538B30C4671B32D
:10D900000546FEF7A5FE47F6640EC2F2004EDEF8AD
:10D9100000302268501C2CD047F2CC7C2946C2F241
:10D92000004CD5E90050DCF80060AE4201D08342E3
:10D9300023D2181A82421ED9101A2060DCF8000087
:10D940000860DEF800004860002417E04FF0500047
:10D9500080F31188BFF36F8FBFF34F8FFEE74FF057
:10D96000500080F31188BFF36F8FBFF34F8F00BF5C
:10D97000FEE7002402E0002020600124FEF790FE74
:10D98000204670BD000000002DE9F04F81B09500E9
:10D9900081462846984692460F46FEF7C1FC78B16C
:10D9A00004465C20FEF7BCFC38B10646046356B959
:10D9B0004FF0FF3001B0BDE8F08F2046FEF788FE43
:10D9C0000026002EF4D0306BA52229464C46DDF807
:10D9D00028B04FF0000986F85990F2F71FFE306B1F
:10D9E00000EB8A00A0F1040020F0070A06F13400E1
:10D9F00067B100217A5C42547A5C1AB10F2901F1B7
:10DA00000101F7D1002086F8430001E080F8009082
:10DA1000BBF1370F06F1040028BF4FF0370B00258C
:10DA2000C6E913B5C6F82CB0FEF7D2FD06F1180012
:10DA3000FEF7CEFDCBF13800B0615046214642469C
:10DA400036617662756586F85850FEF749FD0B9988
:10DA500030603046002918BF0E60FEF701F9012042
:10DA600001B0BDE8F08F00002DE9F04381B0099DC1
:10DA700045B30A9C7CB35C270097009F5C2F34D190
:10DA800098469300814600982563022084F8590047
:10DA90001646A52228460D461946089FF2F7BEFDF8
:10DAA000206B04F1340255B329460023CD5CD554D4
:10DAB000CD5C1DB10F2B03F10103F7D1002184F8D8
:10DAC00043101EE04FF0500080F31188BFF36F8FBA
:10DAD000BFF34F8FFEE74FF0500080F31188BFF384
:10DAE0006F8FBFF34F8F00BFFEE74FF0500080F302
:10DAF0001188BFF36F8FBFF34F8F00BFFEE7002188
:10DB0000117000EB8600372FA0F104004FF00006E3
:10DB100028BF372720F00705201DC4E91376E762E8
:10DB2000FEF756FD04F11800FEF752FDC7F138006C
:10DB3000A06128464946424624616462666584F8CD
:10DB40005860FEF7CDFC20602046FEF789F820469D
:10DB500001B0BDE8F083000047F63000C2F200409B
:10DB6000006848B146F68440C2F200400068B0FA4E
:10DB700080F040094000704701207047000000001D
:10DB800047F66400C2F200400068704700000000E1
:10DB90002DE9F04F81B046F68440C2F200400068A3
:10DBA00040B147F2D8700024C2F200400168013150
:10DBB0000160A0E047F66400C2F2004001684E1C1C
:10DBC00006602ED342F60040C2F2004001680968A8
:10DBD00049B14FF0500080F31188BFF36F8FBFF34E
:10DBE0004F8F00BFFEE742F608420168C2F20042D2
:10DBF00013680360116047F2CC71C2F200410A68F9
:10DC000001320A600168096821B10068C068C06813
:10DC1000406801E04FF0FF3047F2C871C2F20041A6
:10DC2000086047F2C87142F6F83AC2F2004142F683
:10DC30001048C2F2004AC2F200480868864201D287
:10DC4000002446E042F600470024C2F2004738684C
:10DC50000068A0B346F68C4BC2F2004B1AE000BF3E
:10DC6000D9F82C00DBF800108842294688BFCBF891
:10DC7000000000EB800008EB8000FEF7CDFCD9F837
:10DC80002C00DAF80010C96A3A68884228BF0124DB
:10DC90001068B8B13868C068D0F80C904D4655F897
:10DCA000040F864210D32846FEF74EFCD9F8280010
:10DCB0000028D5D009F11800FEF746FCD0E74FF058
:10DCC000FF3005E04FF0FF3047F2C871C2F200416B
:10DCD0000860DAF80000C06A00EB800058F8200005
:10DCE000012847F67000C2F2004088BF0124006896
:10DCF000002818BF0124204601B0BDE8F08F0000C5
:10DD000078B142F6F831C2F20041096888420AD07F
:10DD10004FF0500080F31188BFF36F8FBFF34F8F28
:10DD2000FEE700207047016D59B3013901654FF0DE
:10DD3000000124D1C26AC36C9A4220D0B0B5041D40
:10DD400005462046FEF700FCE86CE862C0F13801A9
:10DD5000A96146F68C41C2F200410A68904288BF30
:10DD6000086000EB800042F61041C2F2004101EB76
:10DD700080002146FEF750FC0121BDE8B040084676
:10DD800070474FF0500080F31188BFF36F8FBFF3DF
:10DD90004F8F00BFFEE7000008B3F0B581B042F638
:10DDA000F835C16AC2F200452A68D26A914218D297
:10DDB0008269002A04D42A68D26AC2F138028261D8
:10DDC00001EB810142F61046C2F20046426906EBC1
:10DDD00081018A420ED02968C96AC16221E000200F
:10DDE0007047C16C2868C26A0020914238BF012088
:10DDF00001B0F0BD041D07462046FEF7A5FB2868CC
:10DE000046F68C41C2F20041C06AF8620A6890424C
:10DE100088BF086000EB8000214606EB8000FEF71B
:10DE2000FBFB012001B0F0BDB0B5C068C5687DB195
:10DE300005F118042046FEF787FB46F68440C2F23F
:10DE40000040006868B147F2DC70C2F200401DE09B
:10DE50004FF0500080F31188BFF36F8FBFF34F8FE7
:10DE6000FEE72C1D2046FEF76FFB46F68C41E86A64
:10DE7000C2F200410A68904288BF086000EB80004F
:10DE800042F61041C2F2004101EB80002146FEF74C
:10DE9000C3FB42F6F830E96AC2F200400068C06A8B
:10DEA000814206D947F670010120C2F200410860A4
:10DEB000B0BD0020B0BD00002DE9F04F81B046F6A6
:10DEC0008444C2F20044206868B1FEF7C1FB2068B8
:10DED00001382060206880B10024FEF7E1FB204675
:10DEE00001B0BDE8F08F4FF0500080F31188BFF310
:10DEF0006F8FBFF34F8F00BFFEE746F67C40C2F244
:10DF0000004000680028E7D047F2DC7647F670084A
:10DF1000C2F20046C2F200483068002843D046F6FC
:10DF20008C4742F6104942F6F83BC2F20047C2F273
:10DF30000049C2F2004B4FF0010A00BFF068C5680B
:10DF400005F11800FEF700FB2C1D2046FEF7FCFA39
:10DF5000E86A39688842214688BF386000EB800053
:10DF600009EB8000FEF758FBE86ADBF80010C96A8D
:10DF7000884228BFC8F800A030680028DED195B1DB
:10DF800042F60040C2F200400168096821B1006811
:10DF9000C068C068406801E04FF0FF3047F2C871C8
:10DFA000C2F20041086047F2D874C2F2004425680A
:10DFB00055B10126FFF7ECFD002818BFC8F8006036
:10DFC000013DF7D100202060D8F8000000283FF480
:10DFD00083AF4EF604504FF08051CEF20000012482
:10DFE0000160BFF34F8FBFF36F8F76E70000000033
:10DFF00080B586B0FDF7C4FE47F66800C2F2004067
:10E00000006808B3002004A9CDE9040005A803AA0C
:10E01000FEF7C2FADDE9032002210023CDE900105A
:10E020004BF6E1700DA1C0F60000DDF814C0CDF88C
:10E0300008C0FFF719FD47F66C01C2F20041086005
:10E0400010B1012006B080BD4FF0500080F3118860
:10E05000BFF36F8FBFF34F8FFEE700BF546D722089
:10E060005376630010B52DED028BF0EE408A18EE6A
:10E07000900AB0EE608A20F00040C0F1FF40C00F6F
:10E0800007D118EE100A20F00040C0F1FF40C00F89
:10E090002BD018EE101A18EE900A00F0C7F800EE18
:10E0A000100A10EE100A6FEAD05010F0FF0F04BFF4
:10E0B000BDEC028B10BD18EE900A00F0004110EE8E
:10E0C000100A00F00040814204BFBDEC028B10BD7D
:10E0D00018EE101A10EE100ABDEC028B61F31E0050
:10E0E00000EE900A30EE600A10BD18EE900A4FF074
:10E0F0007F41B1EB400F1CBF18EE100A5FEA4000F1
:10E10000C7D10120F2F72DFBBDEC028BBDE810401A
:10E11000AFF30080DFED020A80EEA00A7047000036
:10E12000000000004FF07E5209E011F0004204D5DB
:10E130004042C1F1000138BF491E42F07E5202F157
:10E1400070620B0012BF20235FEA00017047B1FA32
:10E1500081FC01FA0CF1A3EB0C0320FA03FC41EA69
:10E160000C0102EBC352C3F1200310FA03FC5CEA7A
:10E17000416C42EB112018BF5FF0806C28BF20F08B
:10E18000010070470EF1020E2EF0030E5EF8044BF4
:10E19000244204D44FEA4102B2F17F4F11D84FEA32
:10E1A0004003B3F17F4F0CD80ED14FEAD07C0CEB7B
:10E1B0004C0C0CF1020CB2F17F4F08BF4CEBD17C40
:10E1C00004E04FF0080C01E04FEAD17C0CEB4C036B
:10E1D00024FA03F404F00704B4F1040C06D20EEBA5
:10E1E000840CBDE810404CF0010C6047DFE80CF0F7
:10E1F000070802024FF00040A0F5800010BD08465D
:10E20000420018BFD2F1807288BF00F0004010BDFC
:10E21000F1EE100A4FF6FF71C0F2C03120EA0100A2
:10E2200040F04070E1EE100A704700004FF07F4C64
:10E230003CEA410318BF3CEA400200F062804FF420
:10E240007F0C0CEAD11310F0004F18BF43F0050308
:10E250001CEAD01218BF13EA0C0F00F057804FF0E1
:10E26000004C4CEA00204CEA0121A3F580339A428D
:10E2700010DD23F00203B0F1004F06D343F0020398
:10E28000401ABCBF404283F001034FEA4000A2F5B0
:10E290008032ECE74FEA224CBCEB234F08DB88428C
:10E2A00006D31CD0A0EB4100C0F1000083F00103B5
:10E2B00040001DD217D40DD0B0FA80FC0CF1010C37
:10E2C00000FA0CF0A2EB0C42D2F1000C12DB4FEA88
:10E2D000C37070474FEA437000F00040704713F07E
:10E2E000020FE5D0DEE74FEA4000B2F58032EBDD09
:10E2F000002AE9DD4FEAC21242EA502040EAC37028
:10E30000704710B5FFF73EFFEDFFFF3E1CEAD11F3F
:10E3100002D000F000407047004870470000C07F06
:10E3200000000000000000000000000000000000ED
:10E3300000000000010000000200000003000000D7
:10E3400004000000000000000500000000000000C4
:10E3500000000000000000000600000000000000B7
:10E36000000000000000000007000000000408108A
:10E3700020400104081020400000000001020304B6
:10E380000102030406070809010002000400060058
:10E3900008000A000C00100020004000800000016E
:10E3A00000000000000000002DB700082DB7000895
:10E3B0000000000000000000A9A0000881A10008E2
:10E3C0000000000000000000119F0008A9A700083D
:10E3D00009A6000831A6000819A6000841A60008F1
:10E3E00059A6000859B5000839B5000861B50008FC
:10E3F00049B50008E1B30008E9B30008E1B5000839
:10E4000051B5000829B60008000000000000000017
:10E41000119F000881A90008B1A70008D9A700082A
:10E42000C1A70008E9A7000801A8000879B50008FD
:10E4300039B5000881B5000869B50008E1B30008E6
:10E44000E9B30008E1B5000871B5000829B6000875
:10E450000000000000000000A9A0000881A1000841
:10E46000D9AA000871AC000869AC0008C8FEFFFF1B
:10E470000000000021B7000811B7000879AC0008BF
:10E4800009B700080000000000000000119F00080C
:10E49000D9B30008E99E0008F99E0008F19E000823
:10E4A000019F0008B9B2000849B5000839B5000855
:10E4B00049B5000841B5000801B20008B1B2000832
:10E4C00039B5000841B50008000000000000000058
:10E4D000119F000891B40008E99E000889B4000863
:10E4E000F19E0008019F0008099F000849B5000837
:10E4F00039B5000849B5000841B50008E1B3000886
:10E50000E9B30008E1B5000841B5000829B60008E4
:10E510000000000000000000C1AC0008B9B0000815
:10E5200071B0000889AC0008000000000000000085
:10E53000C1AC0008C9B00008C1B0000889AC00082F
:10E540000001020304050607080C101418203040CF
:10E550000101010307010000080402040801010190
:10E5600088ED00080000000000000000000000002E
:10E570000000000000020000180000000000000081
:10E580000000000000000000920E493CB10AC93CA6
:10E590002BC3163D2EFB483D752B7B3D04A9963DB4
:10E5A00080B6AF3D36BDC83D2FBCE13D73B2FA3DEC
:10E5B00087CF093E8340163EB5AB223EA2102F3EC8
:10E5C000CF6E3B3EC2C5473E0115543E135C603ED4
:10E5D0007F9A6C3ECCCF783EC07D823E938E883E43
:10E5E000229A8E3E32A0943E86A09A3EE59AA03EA4
:10E5F000128FA63ED47CAC3EEF63B23E2A44B83EB6
:10E60000491DBE3E15EFC33E53B9C93ECA7BCF3E3E
:10E610004136D53E80E8DA3E4F92E03E7533E63E25
:10E62000BBCBEB3EEA5AF13ECBE0F63E275DFC3E2B
:10E63000E4E7003F3D9C033F824B063F9BF5083FCC
:10E640006B9A0B3FDA390E3FCDD3103F2A68133F48
:10E65000D9F6153FC07F183FC6021B3FD17F1D3F33
:10E66000CBF61F3F9967223F25D2243F5636273FDE
:10E670001594293F4AEB2B3FDE3B2E3FBB85303FB5
:10E68000C9C8323FF304353F233A373F4268393F28
:10E690003B8F3B3FF9AE3D3F67C73F3F70D8413F9F
:10E6A00001E2433F03E4453F65DE473F12D1493F66
:10E6B000F8BB4B3F029F4D3F207A4F3F3D4D513FAE
:10E6C0004918533F31DB543FE595563F5348583F77
:10E6D0006AF2593F1A945B3F532D5D3F05BE5E3F82
:10E6E0002146603F97C5613F5A3C633F59AA643F4A
:10E6F000880F663FD86B673F3CBF683FA7096A3FFA
:10E700000C4B6B3F5E836C3F93B26D3F9ED86E3F68
:10E7100073F56F3F0809713F5213723F4714733FFF
:10E72000DD0B743F0BFA743FC6DE753F07BA763FC8
:10E73000C58B773FF853783F9812793F9DC7793F53
:10E7400002737A3FBE147B3FCDAC7B3F283B7C3FBE
:10E75000C9BF7C3FAC3A7D3FCCAB7D3F23137E3FAE
:10E76000B0707E3F6DC47E3F580E7F3F6D4E7F3F41
:10E77000AB847F3F0FB17F3F97D37F3F43EC7F3F19
:10E7800011FB7F3F0000803F11FB7F3F43EC7F3F49
:10E7900097D37F3F0FB17F3FAB847F3F6D4E7F3F6D
:10E7A000580E7F3F6DC47E3FB0707E3F23137E3F87
:10E7B000CCAB7D3FAC3A7D3FC9BF7C3F283B7C3F23
:10E7C000CDAC7B3FBE147B3F02737A3F9DC7793F40
:10E7D0009812793FF853783FC58B773F07BA763F59
:10E7E000C6DE753F0BFA743FDD0B743F4714733F71
:10E7F0005213723F0809713F73F56F3F9ED86E3F09
:10E8000093B26D3F5E836C3F0C4B6B3FA7096A3F31
:10E810003CBF683FD86B673F880F663F59AA643F8B
:10E820005A3C633F97C5613F2146603F05BE5E3F4E
:10E83000532D5D3F1A945B3F6AF2593F5348583F4E
:10E84000E595563F31DB543F4918533F3D4D513F0D
:10E85000207A4F3F029F4D3FF8BB4B3F12D1493FBB
:10E8600065DE473F03E4453F01E2433F70D8413F47
:10E8700067C73F3FF9AE3D3F3B8F3B3F4268393F63
:10E88000233A373FF304353FC9C8323FBB85303F99
:10E89000DE3B2E3F4AEB2B3F1594293F5636273F50
:10E8A00025D2243F9967223FCBF61F3FD17F1D3FE2
:10E8B000C6021B3FC07F183FD9F6153F2A68133F99
:10E8C000CDD3103FDA390E3F6B9A0B3F9BF5083FD3
:10E8D000824B063F3D9C033FE4E7003F275DFC3E43
:10E8E000CBE0F63EEA5AF13EBBCBEB3E7533E63E5B
:10E8F0004F92E03E80E8DA3E4136D53ECA7BCF3EBD
:10E9000053B9C93E15EFC33E491DBE3E2A44B83E29
:10E91000EF63B23ED47CAC3E128FA63EE59AA03E99
:10E9200086A09A3E32A0943E229A8E3E938E883ED6
:10E93000C07D823ECCCF783E7F9A6C3E135C603EB9
:10E940000115543EC2C5473ECF6E3B3EA2102F3E3E
:10E95000B5AB223E8340163E87CF093E73B2FA3DE7
:10E960002FBCE13D36BDC83D80B6AF3D04A9963D04
:10E97000752B7B3D2EFB483D2BC3163DB10AC93C90
:10E98000920E493C00000000920E49BCB10AC9BC7D
:10E990002BC316BD2EFB48BD752B7BBD04A996BDB0
:10E9A00080B6AFBD36BDC8BD2FBCE1BD73B2FABDE8
:10E9B00087CF09BE834016BEB5AB22BEA2102FBEC4
:10E9C000CF6E3BBEC2C547BE011554BE135C60BED0
:10E9D0007F9A6CBECCCF78BEC07D82BE938E88BE3F
:10E9E000229A8EBE32A094BE86A09ABEE59AA0BEA0
:10E9F000128FA6BED47CACBEEF63B2BE2A44B8BEB2
:10EA0000491DBEBE15EFC3BE53B9C9BECA7BCFBE3A
:10EA10004136D5BE80E8DABE4F92E0BE7533E6BE21
:10EA2000BBCBEBBEEA5AF1BECBE0F6BE275DFCBE27
:10EA3000E4E700BF3D9C03BF824B06BF9BF508BFC8
:10EA40006B9A0BBFDA390EBFCDD310BF2A6813BF44
:10EA5000D9F615BFC07F18BFC6021BBFD17F1DBF2F
:10EA6000CBF61FBF996722BF25D224BF563627BFDA
:10EA7000159429BF4AEB2BBFDE3B2EBFBB8530BFB1
:10EA8000C9C832BFF30435BF233A37BF426839BF24
:10EA90003B8F3BBFF9AE3DBF67C73FBF70D841BF9B
:10EAA00001E243BF03E445BF65DE47BF12D149BF62
:10EAB000F8BB4BBF029F4DBF207A4FBF3D4D51BFAA
:10EAC000491853BF31DB54BFE59556BF534858BF73
:10EAD0006AF259BF1A945BBF532D5DBF05BE5EBF7E
:10EAE000214660BF97C561BF5A3C63BF59AA64BF46
:10EAF000880F66BFD86B67BF3CBF68BFA7096ABFF6
:10EB00000C4B6BBF5E836CBF93B26DBF9ED86EBF64
:10EB100073F56FBF080971BF521372BF471473BFFB
:10EB2000DD0B74BF0BFA74BFC6DE75BF07BA76BFC4
:10EB3000C58B77BFF85378BF981279BF9DC779BF4F
:10EB400002737ABFBE147BBFCDAC7BBF283B7CBFBA
:10EB5000C9BF7CBFAC3A7DBFCCAB7DBF23137EBFAA
:10EB6000B0707EBF6DC47EBF580E7FBF6D4E7FBF3D
:10EB7000AB847FBF0FB17FBF97D37FBF43EC7FBF15
:10EB800011FB7FBF000080BF11FB7FBF43EC7FBF45
:10EB900097D37FBF0FB17FBFAB847FBF6D4E7FBF69
:10EBA000580E7FBF6DC47EBFB0707EBF23137EBF83
:10EBB000CCAB7DBFAC3A7DBFC9BF7CBF283B7CBF1F
:10EBC000CDAC7BBFBE147BBF02737ABF9DC779BF3C
:10EBD000981279BFF85378BFC58B77BF07BA76BF55
:10EBE000C6DE75BF0BFA74BFDD0B74BF471473BF6D
:10EBF000521372BF080971BF73F56FBF9ED86EBF05
:10EC000093B26DBF5E836CBF0C4B6BBFA7096ABF2D
:10EC10003CBF68BFD86B67BF880F66BF59AA64BF87
:10EC20005A3C63BF97C561BF214660BF05BE5EBF4A
:10EC3000532D5DBF1A945BBF6AF259BF534858BF4A
:10EC4000E59556BF31DB54BF491853BF3D4D51BF09
:10EC5000207A4FBF029F4DBFF8BB4BBF12D149BFB7
:10EC600065DE47BF03E445BF01E243BF70D841BF43
:10EC700067C73FBFF9AE3DBF3B8F3BBF426839BF5F
:10EC8000233A37BFF30435BFC9C832BFBB8530BF95
:10EC9000DE3B2EBF4AEB2BBF159429BF563627BF4C
:10ECA00025D224BF996722BFCBF61FBFD17F1DBFDE
:10ECB000C6021BBFC07F18BFD9F615BF2A6813BF95
:10ECC000CDD310BFDA390EBF6B9A0BBF9BF508BFCF
:10ECD000824B06BF3D9C03BFE4E700BF275DFCBE3F
:10ECE000CBE0F6BEEA5AF1BEBBCBEBBE7533E6BE57
:10ECF0004F92E0BE80E8DABE4136D5BECA7BCFBEB9
:10ED000053B9C9BE15EFC3BE491DBEBE2A44B8BE25
:10ED1000EF63B2BED47CACBE128FA6BEE59AA0BE95
:10ED200086A09ABE32A094BE229A8EBE938E88BED2
:10ED3000C07D82BECCCF78BE7F9A6CBE135C60BEB5
:10ED4000011554BEC2C547BECF6E3BBEA2102FBE3A
:10ED5000B5AB22BE834016BE87CF09BE73B2FABDE3
:10ED60002FBCE1BD36BDC8BD80B6AFBD04A996BD00
:10ED7000752B7BBD2EFB48BD2BC316BDB10AC9BC8C
:10ED8000920E49BC0000008064656661756C745425
:10ED900061736B0043414E5F536368656400434198
:10EDA0004E5F5278005F5F6378615F677561726480
:10EDB0005F6163717569726520646574656374650C
:10EDC000642072656375727369766520696E697413
:10EDD00069616C697A6174696F6E3A20646F207939
:10EDE0006F75206861766520612066756E63746951
:10EDF0006F6E2D6C6F63616C207374617469632036
:10EE00007661726961626C652077686F73652069ED
:10EE10006E697469616C697A6174696F6E2064658A
:10EE200070656E6473206F6E2074686174206675FF
:10EE30006E6374696F6E3F0060EE0008000000248E
:10EE4000580100003003000840EF0008580100247A
:10EE5000207D000090030008D9ADFFFF3DADFFFF0E
:10EE60008113E984140821851B0831041A61041AEE
:10EE700091041AC1141AF904512C90D003041B11E7
:10EE80008120127F4C086982181AC10C1BA97E3C94
:10EE90001908C11361801B0809041AB9041AF91C66
:10EEA0001409024313020125C03209041B01020B9D
:10EEB000130524161001052401100901042402027F
:10EEC00005240617010705820308151009040133FC
:10EED000020A2E0705010240072A810711130A06BC
:10EEE00032023340011A12231302021E40830440EF
:10EEF00057591B02031513B90A1B08B1041AA904B8
:10EF00001AE90413090B00081808040309041A037A
:10EF1000CBDC050251424245CDCC8C3F296C2133DC
:10EF2000C843291066427B14AE3D3BFA451C2C6059
:10EF30006A461C290C32101AAA0141000000000088
:04000005080002CD20
:00000001FF
