:020000040800F2
:10000000E0BD0024AD030008E1850008E97C00089C
:10001000D9850008E10B0008B9B90008000000000C
:10002000000000000000000000000000B18800088F
:10003000F91100080000000001860008E9880008A6
:10004000CB030008CB030008CB030008CB03000858
:10005000CB030008CB030008CB030008CB03000848
:1000600019120008CB030008CB030008290D000873
:10007000390D0008490D0008590D0008690D0008E8
:10008000790D0008890D0008CB03000879120008DB
:100090009912000889120008A9120008211200080C
:1000A000CB030008CB030008CB030008CB030008F8
:1000B000998A0008CB030008A98A0008CB0300082E
:1000C000CB030008CB030008CB030008CB030008D8
:1000D000CB030008619C0008719C0008819C00080B
:1000E00001120008CB03000800000000CB03000849
:1000F000D98A0008CB030008CB030008990D00083B
:10010000CB030008CB030008CB030008CB03000897
:10011000CB030008CB030008B98A0008C98A00088D
:10012000A90D0008B90D0008C90D0008D90D000877
:10013000CB030008CB030008CB030008CB03000867
:1001400000000000000000000000000000000000AF
:10015000CB030008CB030008CB030008919C0008E8
:10016000CB030008CB030008CB030008CB03000837
:10017000CB030008E9850008CB030008000000005D
:10018000CB030008CB030008CB030008498C000810
:10019000CB030008CB030008CB030008CB03000807
:1001A000CB030008CB030008CB03000800000000CD
:1001B000CB030008CB030008CB030008CB030008E7
:1001C000CB030008CB030008000000000000000083
:1001D0000000000000000000CB0300080000000049
:1001E000000000000000000000000000000000000F
:1001F0000000000000000000CB030008CB03000853
:10020000CB030008CB03000800000000CB0300086C
:10021000CB030008CB030008CB030008CB03000886
:10022000CB03000800000000CB0300080000000022
:10023000CB030008CB03000800000000CB0300083C
:10024000CB030008CB030008CB030008CB03000856
:10025000CB030008CB030008CB030008CB03000846
:10026000CB030008CB030008CB030008CB03000836
:10027000CB030008CB030008CB03000800000000FC
:10028000CB030008CB030008CB030008CB03000816
:1002900000000000CB030008CB03000800000000B2
:1002A00000000000CB030008190D0008CB03000874
:1002B000CB030008CB030008CB030008B9120008E9
:1002C000C9120008CB030008CB03000800F002F8B5
:1002D00000F05DF814A696E8000CB244B344DA4589
:1002E00001D100F054F8BAE80F000FA696E83000EC
:1002F000A5EB040504EB0607AAEB0704A7F1010729
:100300004FEA15154FEA3414A4F10104AC4201D3AD
:1003100000F03DF813F0010F18BFFB1A43F0010382
:1003200000F001F8DBE7184750A4010070A40100B9
:10033000103A24BF78C878C1FAD8520724BF30C811
:1003400030C144BF04680C60704700007047000073
:100350000023002400250026103A28BF78C1FBD8CE
:10036000520728BF30C148BF0B6070471FB519F056
:1003700053FA9DE8030000F093FA00F03DFA00F014
:1003800081F91FBD10B5002000F004FA10BD00F087
:1003900045FA1146FFF7EAFF16F04AFE00F0DCFAD4
:1003A00003B4FFF7EFFF03BC00F02CFA0A488047C4
:1003B0000A4880470A480047FEE7FEE7FEE7FEE7F7
:1003C000FEE7FEE7FEE7FEE7FEE7FEE70548064933
:1003D000064A074B7047000059120008C1890008FF
:1003E000CD020008E0B70024E0BD0024E0B90024FD
:1003F000E0B9002453EA020C00F069802DE9F04BCB
:100400004FF00006002B1FBFB3FA83F503FA05F483
:1004100024FA05F65E4012BF1643B2FA82F502FADC
:1004200005F4C5F120051EBF22FA05FC44EA0C04C0
:10043000203556EA044C4FEA144418BF641C4FF0B0
:1004400000084FF00009904271EB030C39D30029EA
:1004500019BFB1FA81F701FA07F6B0FA80F700FA8E
:1004600007F6C7F120071EBF20FA07FC46EA0C0674
:100470002037B6FBF4FCA7EB0507103F07F01F0B76
:10048000CBF120062CFA06F60CFA0BFB44BFB34660
:100490000026202FA4BF5E464FF0000B5BEA060C3F
:1004A00008BF4FF0010B19EB0B0948EB0608ABFB3B
:1004B000027C06FB02CC0BFB03CCC01B71EB0C01D6
:1004C000C1E70B46024641464846BDE8F08B13B5EE
:1004D000084318BF4FF0FF300146AFF30080BDE87E
:1004E0001C4070470B460146184600F0EDB8032A41
:1004F00040F2308010F0030C00F0158011F8013B41
:10050000BCF1020F624498BF11F801CB00F8013B27
:1005100038BF11F8013BA2F1040298BF00F801CBEB
:1005200038BF00F8013B11F0030300F02580083AC2
:10053000C0F0088051F8043B083A51F804CBA0E819
:100540000810F5E7121D5CBF51F8043B40F8043B6E
:10055000AFF30080D20724BF11F8013B11F801CBA3
:1005600048BF11F8012B24BF00F8013B00F801CB74
:1005700048BF00F8012B704710B5203AC0F00B803F
:10058000B1E81850A0E81850B1E81850A0E8185089
:10059000203ABFF4F5AF5FEA027C24BFB1E81850FF
:1005A000A0E8185044BF18C918C0BDE810405FEA61
:1005B000827C24BF51F8043B40F8043B08BF7047DD
:1005C000D20728BF31F8023B48BF11F8012B28BFE2
:1005D00020F8023B48BF00F8012B704702F0FF03F0
:1005E00043EA032242EA024200F024B84FF000023C
:1005F0000429C0F0128010F0030C00F01B80CCF135
:10060000040CBCF1020F18BF00F8012BA8BF20F8A2
:10061000022BA1EB0C0100F00DB85FEAC17C24BFF6
:1006200000F8012B00F8012B48BF00F8012B7047A0
:100630004FF0000200B5134694469646203922BF7B
:10064000A0E80C50A0E80C50B1F12001BFF4F7AFC6
:10065000090728BFA0E80C5048BF0CC05DF804EBA8
:10066000890028BF40F8042B08BF704748BF20F816
:10067000022B11F0804F18BF00F8012B7047704714
:100680007047704708487CB5784400900748784424
:10069000009C0546019004E020460168084480471C
:1006A000241DAC42F8D17CBD0CA101001EA10100AB
:1006B00010B500F031F8006810BD10B5044600F028
:1006C0002BF8046010BD00002DE9F04107461546E7
:1006D0000E46102000F024F8040013D06760C4E92F
:1006E00002650948AFF3008000F012F8016821604C
:1006F00006490460002008600348AFF30080002032
:10070000BDE8F0810120FBE7040000240000002484
:100710000048704750010024004870471801002429
:1007200070B5064600F0A0F8056806F10B0020F051
:100730000704B4429CBF002070BD2B466A68BAB162
:100740001068A04210D304F1080188423CBF5068F1
:10075000586007D35168101941601168091B016086
:1007600058601460101D70BD13465268002AE7D10E
:100770002146284600F080F80028DED170BD10B573
:10078000002000F0F2F8FFF7FDFDBDE81040012069
:1007900000F038B82DE9F84306461548AFF300805D
:1007A000FFF7B6FF134F8146E8464D4616E026B1E7
:1007B000E068B04201D0254610E0206828600C486F
:1007C000C7F80080AFF30080D4E9010188470848EA
:1007D000AFF300803968414500D04D462C68002CAD
:1007E000E5D1002038600248AFF30080BDE8F8830F
:1007F0000400002400000024014800F00DB80000AF
:100800000400002401491820ABBEFEE726000200C8
:100810000048704718010024002070477546FFF714
:10082000F7FFAE4605006946534620F007008546AF
:1008300018B020B5FFF7CAFDBDE820404FF0000614
:100840004FF000074FF000084FF0000BAC46ACE84B
:10085000C009ACE8C009ACE8C009ACE8C00921F0A7
:1008600007018D46704700000048704720010024B2
:10087000704770477047704738B504460A460020F5
:100880006946AFF30080002808BF38BD02460099D2
:10089000204600F072F8012038BD012000F0A4B815
:1008A000F8B5AFF30080054600200C460C2000BFD1
:1008B0000646A819A0420DD9324669460020AFF37A
:1008C0000080070008BF00F08FF80098A04218BF12
:1008D0000546C419FFF7C8FF05600746F01D20F064
:1008E00007004619284600F00AF8B44208BFF8BDD0
:1008F000A21B31463868BDE8F84000F03EB8002140
:100900000160416070470C20704770B50446051FB8
:10091000FFF7AAFF0068002C14BF446870BD002CCC
:1009200018BFAC423CBF20466468F8D301680A187F
:10093000AA4218BF456003D12A68054611440160E8
:1009400028684119A1421CBF6C6070BD6168696074
:1009500021680844286070BD10B50446AFF30080DC
:100960002046BDE81040FFF71BBD10B500F024F88D
:10097000BDE8104000F01BB87047034640688C4645
:10098000002818BF88423CBF03464068F8D3186867
:100990001844884207D00CF1030020F00700001D26
:1009A000411A521A0146081D0A60FFF7AEBF00281F
:1009B00001D0FFF727BF704710B5002102A000F05B
:1009C0001AF8012010BD0000534947414252543AE1
:1009D0002041626E6F726D616C207465726D696E1C
:1009E0006174696F6E00000010B500F01DF8BDE87D
:1009F0001040FFF7DCBF70B505460C460A2000E04A
:100A00006D1C00F039F835B128780028F8D102E0E3
:100A1000641C00F031F814B120780028F8D1BDE84A
:100A200070400A2000F028B810B5012805D0002138
:100A300003A0FFF7E0FF012010BD09A1F8E70000C7
:100A400053494752544D454D3A204F7574206F66B7
:100A50002068656170206D656D6F7279000000001F
:100A60003A2048656170206D656D6F727920636F03
:100A7000727275707465640008B569468DF800007F
:100A80000320ABBE08BD0000B0B582B041F6A01493
:100A90000021C2F2004401220123204600250095D6
:100AA00001950CF0ADFA4FF080410222022320465E
:100AB000009501950CF0A4FA20460CF0BDFA41F621
:100AC000F8240021C2F200440322012320460095AD
:100AD00001950CF095FA4FF0804104220223204644
:100AE000009501950CF08CFA20460CF0A5FA41F621
:100AF00050440021C2F20044052201232046009503
:100B000001950CF07DFA4FF0804106220223204629
:100B1000009501950CF074FA20460CF08DFA47F21E
:100B20009820C2F20040006805F08AFF08B100F08A
:100B30008BFB47F2FC20C2F20040006805F080FF0A
:100B400008B100F081FB47F23420C2F20040006897
:100B500005F076FF08B100F077FB43F22000C2F207
:100B6000004005F009FF43F23440C2F2004012F0A9
:100B70008FFF01200DF008FA43F2B840C2F20040A6
:100B80000CF016F902B0BDE8B0400BF07DBC0000DF
:100B900040F6D871C2F200410978002908BF7047B9
:100BA000B0B540F6DC74C2F2004400BF226813689E
:100BB000834204D0013904F10404F7D10DE0908898
:100BC00058B1002502EB85008068016809688847F4
:100BD0002268013590888542F4D3BDE8B040704763
:100BE000FEE7000000000000002070470000000049
:100BF000002070470000000010B542F2280440F6C3
:100C00000041C2F20044C2F200410022204609F035
:100C100017FA40F600212046C2F2004109F000FA1E
:100C2000002010BD0000000040293FD8F0B581B081
:100C300040F6D076C2F200463368A3B3B3F8582327
:100C4000B3F85A53EF433A4402F5007202EBD2571D
:100C500007F47E47D21B92B2914224D80246C5F5D2
:100C6000007084B2A14210D92B440F1A03F257101E
:100C7000154611462246FFF73AFC36682919BAB2E2
:100C800006F25710FFF733FC09E058190C4600F242
:100C9000571011462246FFF72AFC2F1936686FF3CA
:100CA0005F27A6F85A7301B0BDE8F0407047000016
:100CB000B0B509680446FFF7B7FF42F228052146A0
:100CC000C2F20045284609F0ABF9284609F084F93C
:100CD0000020B0BD000000000020704700000000B0
:100CE00042F22802C2F20042D2F8BC22D2F8142208
:100CF000002A1CBF0120704710B542F228040A46A2
:100D0000C2F200440146204609F09AF92046BDE8A7
:100D1000104009F00DBA000042F20430C2F2004067
:100D200000F01EBB0000000042F20C50C2F2004076
:100D300000F08ABF0000000042F28450C2F200407E
:100D400000F082BF0000000042F2EC60C2F20040FE
:100D500000F07ABF0000000042F26470C2F200406E
:100D600000F072BF0000000042F22C30C2F20040DE
:100D700000F06ABF0000000042F2A430C2F200405E
:100D800000F062BF0000000042F21C40C2F20040CE
:100D900000F05ABF0000000042F29440C2F200404E
:100DA00000F052BF0000000042F2FC50C2F20040CE
:100DB00000F04ABF0000000042F27460C2F200403E
:100DC00000F042BF0000000042F2DC70C2F20040BE
:100DD00000F03ABF0000000042F65400C2F20040AA
:100DE00000F032BF0000000040F20F42D0F800C017
:100DF000C4F20202944510DC6F22C4F20202944550
:100E000020DC3F22C4F20202944536DC1022C4F2F8
:100E10000202944554D028224EE040F26F42C4F2C0
:100E2000020294451ADC40F23F42C4F202029445A9
:100E30002ADC40F21042C4F20202944540D040F253
:100E4000284239E09F22C4F20202944525DC702238
:100E5000C4F20202944533D088222DE040F29F4232
:100E6000C4F2020294451FDC40F27042C4F2020256
:100E7000944525D040F288421EE04022C4F202028E
:100E800094451DD0582217E040F24042C4F20202BD
:100E9000944515D040F258420EE0A022C4F202025E
:100EA00094450DD0B82207E040F2B842C4F20202E5
:100EB000944505D040F2A042C4F20202944517D1F5
:100EC0000CF0F8024AF6AB23103ACAF6AA23A2FBAA
:100ED000033109A35F2AC1F302115B5C40F2FF31C9
:100EE0002CEA0101C36588BF04318165084670475B
:100EF0002CF0FF01F9E700BF0006101600061016DF
:100F000070B540F26F44D0F800C0C4F20204D0F8CB
:100F100058E0A44519DC9F25C4F20205AC4531DC3C
:100F20005725C4F20205AC4556DC1025C4F2020573
:100F3000AC4500F092802825C4F20205AC4500F0D3
:100F40008C804025C4F2020584E045F22F45C5F6A9
:100F50000205AC452BDC40F2B745C4F20205AC45B6
:100F600048DC40F27045C4F20205AC4575D040F251
:100F70008845C4F20205AC456FD040F2A045C4F2EA
:100F8000020567E040F22745C4F20205AC4540DCAB
:100F9000A025C4F20205AC455FD0B825C4F2020515
:100FA000AC455AD040F21045C4F2020552E045F279
:100FB0006B45C5F60205AC453CDC45F23045C5F64F
:100FC0000205AC4549D045F24445C5F60205AC459D
:100FD00043D045F258453BE05825C4F20205AC45E4
:100FE0003BD07025C4F20205AC4536D08825C4F24A
:100FF00002052FE040F2B845C4F20205AC452CD002
:1010000045F20845C5F60205AC4526D045F21C451B
:101010001EE040F22845C4F20205AC451DD040F266
:101020004045C4F20205AC4517D040F25845C4F221
:1010300002050FE045F26C45C5F60205AC450CD043
:1010400045F29445C5F60205AC4506D045F280450B
:10105000C5F60205AC4540F0CC80456EC66E002E4C
:10106000866E6E601CBFD0E91C566E60A44515DC10
:101070009F24C4F20204A4452BDC5724C4F20204CA
:10108000A4454EDC1024C4F20204A44576D02824E2
:10109000C4F20204A44571D040246BE045F22F4411
:1010A000C5F60204A44527DC40F2B744C4F20204AA
:1010B000A44542DC40F27044C4F20204A4455DD071
:1010C00040F28844C4F20204A44557D040F2A04440
:1010D00050E040F22744C4F20204A4453CDCA024C2
:1010E000C4F20204A44549D0B824C4F20204A445C1
:1010F00044D040F210443DE045F26B44C5F6020492
:10110000A44553DC45F23044C5F60204A4455FD043
:1011100045F24444C5F60204A44559D045F258446A
:1011200052E05824C4F20204A44527D07024C4F22B
:101130000204A44522D088241CE040F2B844C4F242
:101140000204A4451AD045F20844C5F60204A44599
:101150003ED045F21C4437E040F22844C4F2020479
:10116000A4450BD040F24044C4F20204A44505D08B
:1011700040F25844C4F20204A4453AD18468C06DD8
:1011800000F01F003F2505FA00F0CEF80800DCF85B
:101190000000402C20F48020CCF80000CCF8043073
:1011A00023D1CCF80820CCF80C1070BD45F26C446B
:1011B000C5F60204A4450BD045F28044C5F60204EE
:1011C000A44505D045F29444C5F60204A44510D1C7
:1011D000C46D012504F01F04806805FA04F4CEF8FC
:1011E00004404028CCF80430DBD0CCF80810CCF810
:1011F0000C2070BD000000007047000000000000DF
:1012000080B54FF4804002F06FFE4FF40040BDE81F
:10121000804002F069BE0000042002F065BE0000BC
:1012200080B5202002F060FE402002F05DFE4FF409
:10123000807002F059FE4FF40070BDE8804002F06B
:1012400053BE000000000000EFF3108072B600BF34
:10125000FEE700000000000044F60C00C5F60200A6
:10126000016841F00201016050F8081C8904FBD5B7
:10127000704700000000000042F61010C2F200406B
:1012800002F0B6B80000000042F61010C2F20040B2
:1012900002F0AEB80000000042F6B010C2F200400A
:1012A00002F0A6B80000000042F6B010C2F2004002
:1012B00002F09EB80000000042F65020C2F200404A
:1012C00002F096B80000000042F65020C2F2004042
:1012D00002F08EB800000000F0B5D1E900C4D1F8EA
:1012E00008E00D692CB14EEA0C04254345F0804C12
:1012F00003E045EA8C4444EA0E0C856ED0F8847015
:10130000D1E907466B438D6944EA0660D1F814E0E1
:10131000CC68054307EB830045EA0E0647F823C077
:1013200046EA04434360CB68002B08BFF0BD49F692
:10133000886C083001320023C0F6010CD71857F82A
:10134000017CC750CF6804331CF80770BB42F5D34B
:10135000F0BD000000000000704700000000000029
:1013600001680A68D2032DD50A68B2F1FF3FC8BFF1
:101370007047D0F808C003696246013B03618B687F
:1013800042F8043B82600A68120305D58A68CCF8EB
:1013900004200CF108028260C3688BB1D0F804C04D
:1013A000013BC360634653F8042B4A6043600A68FC
:1013B000D20205D5DCF804204A600CF10802426034
:1013C000026902B170470A6822F480320A60012182
:1013D00080F82110FFF7C0BFC0B190F8211049B9C3
:1013E00010B5002180F82010044600F011F82046C6
:1013F000BDE8104000214162C0E90111C0E90311BC
:101400004161012280F82120084670470120704781
:101410002DE9F04182B044F2004104460068C4F670
:10142000020188421CBF02B0BDE8F08144F2DC40FA
:1014300042F22C35C5F60200C2F2004540F27008B7
:1014400000260168C4F2020841F40031016000681E
:101450004FF4806700F40030019001987A206860B2
:101460002846C5F80080C5E90266C5E90476C5E9E5
:101470000666C5E9086601F027F908B1FFF7E4FE42
:10148000E56108F11800AC6342F2A435C2F20045F0
:1014900005F1080128607B2068604020C1C1284612
:1014A0006E62C5E90566C5E9076601F00DF908B188
:1014B000FFF7CAFE9A2005210022A561AC6302F065
:1014C0001FFF9A2002B0BDE8F04102F005BF000006
:1014D0002DE9F041044602F0F7FD14B3054694F8F7
:1014E0003500022820D140F20F472668C4F20207D7
:1014F00040F26F48BE426FF00E00C4F2020817DCE3
:101500006F21C4F202018E4223DC3F21C4F20201AA
:101510008E4239DC1021C4F202018E4258D02821BB
:1015200051E00120BDE8F08180206065012037E2B4
:1015300046451ADC40F23F41C4F202018E422ADCE9
:1015400040F21041C4F202018E4241D040F22841E3
:1015500039E09F21C4F202018E4225DC7021C4F2E1
:1015600002018E4234D088212DE040F29F41C4F226
:1015700002018E421FDC40F27041C4F202018E4231
:1015800026D040F288411EE04021C4F202018E4282
:101590001ED0582117E040F24041C4F202018E42B1
:1015A00016D040F258410EE0A021C4F202018E4252
:1015B0000ED0B82107E040F2B841C4F202018E42D9
:1015C00006D040F2A041C4F202018E42314607D15A
:1015D0003146306820F01E0041F8140B6FF0800097
:1015E0000A68464500EA0200086019DC9F20C4F240
:1015F0000200864231DC5720C4F20200864256DCEB
:101600001020C4F20200864200F091802820C4F22B
:101610000200864200F08B804020C4F2020084E089
:1016200045F22F40C5F6020086422BDC40F2B7405F
:10163000C4F20200864248DC40F27040C4F202006C
:10164000864274D040F28840C4F2020086426ED0D6
:1016500040F2A040C4F2020067E040F22740C4F22A
:101660000200864240DCA020C4F2020086425ED026
:10167000B820C4F20200864259D040F21040C4F2B1
:10168000020052E045F26B40C5F6020086423CDCA7
:1016900045F23040C5F60200864248D045F244404B
:1016A000C5F60200864242D045F258403BE0582041
:1016B000C4F2020086423AD07020C4F20200864290
:1016C00035D08820C4F202002FE040F2B840C4F2C6
:1016D000020086422BD045F20840C5F60200864241
:1016E00025D045F21C401EE040F22840C4F2020022
:1016F00086421CD040F24040C4F20200864216D01E
:1017000040F25840C4F202000FE045F26C40C5F6CA
:10171000020086420BD045F29440C5F60200864294
:1017200005D045F28040C5F60200864204D1206E05
:10173000016821F480710160306820F001003060A0
:101740003068C0070BD002F0BFFC401B0628F7D35F
:1017500020206065032084F83500012020E1206806
:101760000821B8424FF03F0210DC6F23C4F202039D
:1017700098421CDC3F23C4F20203984232DC10235F
:10178000C4F20203984251D028234AE040451ADCB3
:1017900040F23F43C4F2020398422ADC40F2104375
:1017A000C4F20203984241D040F2284339E09F231B
:1017B000C4F20203984225DC7023C4F2020398426B
:1017C00034D088232DE040F29F43C4F202039842B4
:1017D0001FDC40F27043C4F20203984226D040F26C
:1017E00088431EE04023C4F2020398421ED05823CF
:1017F00017E040F24043C4F20203984216D040F290
:1018000058430EE0A023C4F2020398420ED0B8233E
:1018100007E040F2A043C4F20203984206D040F22F
:10182000B843C4F20203984240F0BF80D4E91637AF
:1018300007F01F07404502FA07F25A5019DC9F21B2
:10184000C4F20201884231DC5721C4F2020188420D
:1018500056DC1021C4F20201884200F09180282158
:10186000C4F20201884200F08B804021C4F20201E0
:1018700084E045F22F41C5F6020188422BDC40F29C
:10188000B741C4F20201884248DC40F27041C4F220
:101890000201884274D040F28841C4F202018842B9
:1018A0006ED040F2A041C4F2020167E040F227414D
:1018B000C4F20201884240DCA021C4F20201884245
:1018C0005ED0B821C4F20201884259D040F21041E2
:1018D000C4F2020152E045F26B41C5F602018842B2
:1018E0003CDC45F23041C5F60201884248D045F261
:1018F0004441C5F60201884242D045F258413BE0DE
:101900005821C4F2020188423AD07021C4F2020187
:10191000884235D08821C4F202012FE040F2B8415C
:10192000C4F2020188422BD045F20841C5F60201FB
:10193000884225D045F21C411EE040F22841C4F205
:10194000020188421CD040F24041C4F202018842A8
:1019500016D040F25841C4F202010FE045F26C414A
:10196000C5F6020188420BD045F29441C5F602014A
:10197000884205D045F28041C5F6020188420BD16C
:10198000616EA26EE06E4A6030B1016821F4807130
:101990000160D4E91C014160012084F83500002079
:1019A000002184F83410BDE8F081042101223DE7D4
:1019B000F0B190F83510022918D180B540F20F42ED
:1019C0000168C4F20202914214DC6F23C4F20203E4
:1019D000994224DC3F23C4F2020399423ADC1023EB
:1019E000C4F20203994258D0282352E08021416575
:1019F0000120704740F26F43C4F2020399421ADC9F
:101A000040F23F43C4F2020399422ADC40F2104301
:101A1000C4F20203994240D040F2284339E09F23A8
:101A2000C4F20203994225DC7023C4F202039942F6
:101A300033D088232DE040F29F43C4F20203994241
:101A40001FDC40F27043C4F20203994225D040F2F9
:101A500088431EE04023C4F2020399421DD058235C
:101A600017E040F24043C4F20203994215D040F21D
:101A700058430EE0A023C4F2020399420DD0B823CC
:101A800007E040F2B843C4F20203994205D040F2A5
:101A9000A043C4F2020399426ED191424FF0040276
:101AA00080F8352010DC6F20C4F20200814220DC77
:101AB0003F20C4F20200814236DC1020C4F2020052
:101AC000814253D028204EE040F26F40C4F2020021
:101AD00081421ADC40F23F40C4F2020081422ADC1B
:101AE00040F21040C4F2020081423FD040F2284050
:101AF00039E09F20C4F20200814225DC7020C4F24C
:101B00000200814232D088202DE040F29F40C4F292
:101B1000020081421FDC40F27040C4F202008142A8
:101B200024D040F288401EE04020C4F202008142EE
:101B30001CD0582017E040F24040C4F2020081421D
:101B400014D040F258400EE0A020C4F202008142BE
:101B50000CD0B82007E040F2B840C4F20200814245
:101B600004D040F2A040C4F202008142086820F094
:101B700001000860002080BD0A6822F00E020A60A1
:101B800045F25742C5F6020291420A6822F001026C
:101B90000A600EDC45F22F42C5F60202914217DCC4
:101BA00045F20842C5F60202914226D045F21C4297
:101BB0001FE045F27F42C5F60202914211DC45F278
:101BC0005842C5F60202914217D045F26C4210E02D
:101BD00045F23042C5F6020291420ED045F244422F
:101BE00007E045F29442C5F60202914205D045F263
:101BF0008042C5F6020291421AD1D0E9181CD0E900
:101C000016E30A6822F480720A6003F01F010122C1
:101C100002FA01F1CEF80410816ECCF80410C16E06
:101C200031B10A6822F480720A60D0E91C124A605D
:101C3000012180F83510016D0022002980F8342040
:101C400098D08847002080BD2DE9F04381B0002165
:101C5000009140F2280148F2B513C2F20041C1F6EA
:101C60004E33856D40F26F490A680168C4F202097B
:101C70002E68A2FB032849452B6815DC9F22C4F27D
:101C8000020291422BDC5722C4F2020291424FDC45
:101C90001022C4F20202914278D02822C4F2020239
:101CA000914273D040226CE045F22F42C5F6020209
:101CB000914227DC40F2B742C4F20202914243DC77
:101CC00040F27042C4F2020291425FD040F2884278
:101CD000C4F20202914259D040F2A04251E040F2D7
:101CE0002742C4F2020291423DDCA022C4F2020269
:101CF00091424BD0B822C4F20202914246D040F247
:101D000010423EE045F26B42C5F60202914275DC9C
:101D100045F23042C5F60202914200F0828045F25F
:101D20004442C5F6020291427BD045F2584273E02C
:101D30005822C4F20202914228D07022C4F2020258
:101D4000914223D088221CE040F2B842C4F2020241
:101D500091421BD045F20842C5F60202914260D082
:101D600045F21C4258E040F22842C4F2020291427D
:101D70000CD040F24042C4F20202914206D040F23E
:101D80005842C4F20202914240F02D84C26D0823F1
:101D900002F01F029340334200F0168140F20F44DC
:101DA000C4F20204A1424FF0040413DC6F27C4F212
:101DB0000207B94200F391803F27C4F20207B942FB
:101DC00000F3D2801027C4F20207B94200F0F0807D
:101DD0002827E8E0494500F38C8040F23F47C4F2F1
:101DE0000207B94200F3C78040F21047C4F202076D
:101DF000B94200F0DD8040F22847D4E045F26C4261
:101E0000C5F6020291420CD045F28042C5F60202AC
:101E1000914206D045F29442C5F60202914240F04A
:101E2000E2830E68C26D02F01F02042707FA02F473
:101E30001C4218BF16F004072CD1022707FA02F43F
:101E40001C4218BF16F0020762D1D3401B0740F1B5
:101E5000CA8316F0080300F0C68340F20F43C4F2B1
:101E6000020399426FF01C0300F318836F27C4F23A
:101E70000207B94200F354833F27C4F20207B94274
:101E800000F3B4831027C4F20207B94200F0D383F1
:101E90002827CAE332046C605ED4B20600F1A18345
:101EA00040F20F42C4F2020291426FF0080200F3C6
:101EB000E3826F23C4F20203994200F302833F23BB
:101EC000C4F20203994200F347831023C4F20203D1
:101ED000994200F0838328237AE39F27C4F2020704
:101EE000B94251DC7027C4F20207B94260D088279A
:101EF00059E040F29F47C4F20207B9424BDC40F27E
:101F00007047C4F20207B94252D040F288474AE013
:101F100032046C6000F19C82B20600F1CF8340F283
:101F20000F42C4F2020291426FF0140200F3D68213
:101F30006F23C4F20203994200F315833F23C4F2D6
:101F40000203994200F38C831023C4F202039942E6
:101F500000F0AB832823A2E3F10300F14283816CFC
:101F6000002940F079833EE34027C4F20207B942DA
:101F70001ED0582717E040F24047C4F20207B9428A
:101F800016D040F258470EE0A027C4F20207B9422B
:101F90000ED0B82707E040F2A047C4F20207B942CA
:101FA00006D040F2B847C4F20207B94218BF08246D
:101FB0000F68274208D00F6827F004070F60AB6056
:101FC000436D43F0010343650123934033426FD0D7
:101FD00040F20F47C4F20207B94210DC6F27C4F287
:101FE0000207B9421CDC3F27C4F20207B94232DCC7
:101FF0001027C4F20207B94251D028274AE04945C8
:102000001ADC40F23F47C4F20207B9422ADC40F230
:102010001047C4F20207B94241D040F2284739E0E4
:102020009F27C4F20207B94225DC7027C4F20207D9
:10203000B94234D088272DE040F29F47C4F202070E
:10204000B9421FDC40F27047C4F20207B94226D001
:1020500040F288471EE04027C4F20207B9421ED072
:10206000582717E040F24047C4F20207B94216D0A1
:1020700040F258470EE0A027C4F20207B9420ED042
:10208000B82707E040F2B847C4F20207B94206D0C9
:1020900040F2A047C4F20207B94240F0E1814F6923
:1020A00007F0800424B1AB60436D43F00203436545
:1020B0000423934033426FD040F20F47C4F202072B
:1020C000B94210DC6F27C4F20207B9421CDC3F277B
:1020D000C4F20207B94232DC1027C4F20207B94247
:1020E00051D028274AE049451ADC40F23F47C4F264
:1020F0000207B9422ADC40F21047C4F20207B94293
:1021000041D040F2284739E09F27C4F20207B94284
:1021100025DC7027C4F20207B94234D088272DE0AD
:1021200040F29F47C4F20207B9421FDC40F27047F9
:10213000C4F20207B94226D040F288471EE0402789
:10214000C4F20207B9421ED0582717E040F24047B8
:10215000C4F20207B94216D040F258470EE0A02759
:10216000C4F20207B9420ED0B82707E040F2B847E0
:10217000C4F20207B94206D040F2A047C4F20207F7
:10218000B94240F073810F6807F0020424B1AB60DC
:10219000436D43F004034365102303FA02F2324215
:1021A0007ED040F20F43C4F2020399424FF008037D
:1021B00010DC6F27C4F20207B9421CDC3F27C4F2CF
:1021C0000207B94232DC1027C4F20207B94251D0EB
:1021D00028274AE049451ADC40F23F47C4F202078B
:1021E000B9422ADC40F21047C4F20207B94241D09A
:1021F00040F2284739E09F27C4F20207B94225DCA4
:102200007027C4F20207B94234D088272DE040F28B
:102210009F47C4F20207B9421FDC40F27047C4F284
:102220000207B94226D040F288471EE04027C4F298
:102230000207B9421ED0582717E040F24047C4F2C7
:102240000207B94216D040F258470EE0A027C4F268
:102250000207B9420ED0B82707E040F2A047C4F207
:102260000207B94206D040F2B847C4F20207B942A9
:1022700018BF04230F681F4212D0AA600A685203D5
:102280000A6806D4D20506D40A6822F008020A6059
:1022900001E0110352D4016C11B104468847204675
:1022A000C16D01F01F02202101FA02F3334200F058
:1022B000A68040F20F470168C4F202071026B94217
:1022C00010DC6F27C4F20207B9421CDC3F27C4F2BE
:1022D0000207B94236DC1027C4F20207B94255D0D2
:1022E00028274EE049451ADC40F23F47C4F2020776
:1022F000B9422EDC40F21047C4F20207B94245D081
:1023000040F228473DE09F27C4F20207B94229DC8A
:102310007027C4F20207B94238D0882731E040F272
:102320009F47C4F20207B94223DC40F27047C4F26F
:102330000207B9422AD040F2884722E0816C002986
:10234000ABD1ADE74027C4F20207B9421ED05827EF
:1023500017E040F24047C4F20207B94216D040F2FB
:1023600058470EE0A027C4F20207B9420ED0B827A2
:1023700007E040F2A047C4F20207B94206D040F29B
:10238000B847C4F20207B94218BF02260F683742A5
:1023900035D0AB6090F83530042B0B6816D123F0A4
:1023A00016030B604B6923F080034B61036C0BB980
:1023B000836C1BB10B6823F008030B603F21914035
:1023C000A960012180F83510016D3FE15A030A68C8
:1023D0000CD4D2050ED40A6822F010020A60012142
:1023E00080F83510002180F8341003E0110301D487
:1023F000416C00E0C16B11B1044688472046416D35
:10240000002900F0F080416DC9071CD0042180F83C
:10241000351001684FEA98220B6823F001030B6026
:10242000009B01330093934202D80B68DB07F7D17E
:102430000968C9074FF0030108BF012180F8351072
:10244000002180F83410C16C002940F00581CAE0F9
:10245000F10300F13381416C002940F0FD80C2E0BE
:1024600000240F68002C7FF41EAE21E600240F68C4
:10247000002C7FF48CAE8FE6494542DC40F23F43AE
:10248000C4F2020399427CDC40F21043C4F202031E
:10249000994200F0A38040F2284399E049454CDC82
:1024A00040F23F47C4F20207B94200F3A68040F26F
:1024B0001047C4F20207B94200F0BD8040F228473D
:1024C000B3E09F23C4F20203994263DC7023C4F299
:1024D0000203994200F08280882379E0494560DC5C
:1024E00040F23F43C4F20203994200F3C08040F23D
:1024F0001043C4F20203994200F0D78040F228430F
:10250000CDE040F29F43C4F20203994258DC40F20E
:102510007043C4F20203994260D040F2884357E00E
:102520009F27C4F20207B94270DC7027C4F2020789
:10253000B94200F08080882777E040F29F47C4F2DC
:102540000207B94269DC40F27047C4F20207B9429F
:1025500071D040F2884768E04023C4F202039942F8
:102560003CD0582334E09F23C4F20203994200F385
:1025700087807023C4F20203994200F0968088237A
:102580008DE040F24043C4F20203994226D040F26B
:1025900058431DE0A023C4F2020399421ED0B82381
:1025A00016E040F29F43C4F2020399426FDC40F20E
:1025B0007043C4F20203994277D040F288436EE040
:1025C00040F2A043C4F20203994207D040F2B8435C
:1025D000C4F20203994218BF6FF004020B681A405C
:1025E0000A60016CC1BB01B0BDE8F0834027C4F2B2
:1025F0000207B9421FD0582717E040F24047C4F203
:102600000207B94217D040F258470EE0A027C4F2A3
:102610000207B9420FD0B82707E040F2A047C4F242
:102620000207B94207D040F2B847C4F20207B942E4
:1026300018BF6FF00E030F683B400B60012101FAD9
:1026400002F26A60416580F83510C16C00294FF0D4
:10265000000280F83420C6D001B0BDE8F04308473E
:102660004023C4F2020399421FD0582317E040F2DE
:102670004043C4F20203994217D040F258430EE09F
:10268000A023C4F2020399420FD0B82307E040F21E
:10269000A043C4F20203994207D040F2B843C4F207
:1026A0000203994218BF6FF00A020B681A400A60D1
:1026B000012180F83510002180F83410C16B002909
:1026C000CAD190E7000000002DE9F041044601F076
:1026D000FBFCECB140F26F4805462068C4F20208EA
:1026E000404518DC9F21C4F2020188422EDC5721AC
:1026F000C4F20201884254DC1021C4F20201884273
:102700007ED02821C4F20201884279D0402172E0B3
:102710000120BDE8F08145F22F41C5F60201884253
:1027200027DC40F2B741C4F20201884245DC40F2A6
:102730007041C4F20201884262D040F28841C4F282
:10274000020188425CD040F2A04154E040F22741AF
:10275000C4F20201884240DCA021C4F20201884296
:102760004ED0B821C4F20201884249D040F2104153
:1027700041E045F26B41C5F60201884200F3B880A2
:1027800045F23041C5F60201884200F0C38045F2AF
:102790004441C5F60201884200F0BC8045F2584130
:1027A000B4E05821C4F20201884229D07021C4F259
:1027B0000201884224D088211DE040F2B841C4F2D1
:1027C000020188421CD045F20841C5F60201884248
:1027D00000F0A08045F21C4198E040F22841C4F28C
:1027E000020188420CD040F24041C4F2020188420A
:1027F00006D040F25841C4F20201884240F0CE8037
:10280000022184F83510002184F83410016821F089
:102810000101016020680168C9070CD001F054FC77
:10282000401B0628F6D320206065032084F835007D
:102830000120BDE8F08148F23F0204F10807016879
:10284000CFF61062114066698CCF1143D4F818C0DE
:102850001943E3693943276A0E43616A3343042904
:1028600043EA070343EA0C0303D1D4E90B76374369
:102870003B436568A5F12906292E00F2A1800127B6
:10288000DFE806F01515151515159E9E9E9E9E9E59
:102890009E9E9E9E9E9E9E9E9E9E151515159E9E7C
:1028A0009E9E15159E9E9E9E9E9E15151515002F8B
:1028B00018BF43F4801304290360426922F0070221
:1028C00041EA020140F09080D4E90A53002B41EA2A
:1028D000050100F08980BCF5005F61D0BCF1000FFC
:1028E0006AD1022D74D0012D60D0002D70D072E01D
:1028F00045F26C41C5F6020188420BD045F2804199
:10290000C5F60201884205D045F29441C5F60201A0
:10291000884243D104F1080E022184F835100021C9
:1029200084F834100168A3699EE80450A2F1800580
:10293000E769B5FA85F566696D09402A4FEA85357C
:1029400043EA07026FF3101142EA060208BF10259E
:1029500041EADC0142EA0E022943236A41EAD2013C
:102960004AF6F832CAF2FD724CF6CD470244CCF674
:10297000CC4741EA1311A2FB072301606FF003006B
:1029800000EA9300E0652046FEF72EFAE16D012291
:1029900001F01F0102FA01F1416030E0402043E7FD
:1029A000032D18D8DFE805F00A140A02A3F1C0725B
:1029B000B2FA82F252090FE0032D08D201220BE095
:1029C00025F00302743AB2FA82F257096FE702D196
:1029D000C3F3006200E0002232B1402060650120B4
:1029E00084F83500BDE8F08141612046FEF7FCF92E
:1029F000E16D3F2201F01F0102FA01F181602068C0
:102A0000404519DC9F21C4F20201884231DC572184
:102A1000C4F20201884256DC1021C4F2020188424D
:102A200000F092802821C4F20201884200F08C80DC
:102A30004021C4F2020184E045F22F41C5F60201B3
:102A400088422BDC40F2B741C4F20201884248DCE4
:102A500040F27041C4F20201884275D040F28841D0
:102A6000C4F2020188426FD040F2A041C4F20201D8
:102A700067E040F22741C4F20201884240DCA02115
:102A8000C4F2020188425FD0B821C4F20201884238
:102A90005AD040F21041C4F2020152E045F26B41BB
:102AA000C5F6020188423CDC45F23041C5F6020120
:102AB000884249D045F24441C5F60201884243D0DC
:102AC00045F258413BE05821C4F2020188423BD014
:102AD0007021C4F20201884236D08821C4F202017A
:102AE0002FE040F2B841C4F2020188422CD045F2F6
:102AF0000841C5F60201884226D045F21C411EE07D
:102B000040F22841C4F2020188421DD040F2404107
:102B1000C4F20201884217D040F25841C4F20201C7
:102B20000FE045F26C41C5F6020188420CD045F237
:102B30009441C5F60201884206D045F28041C5F6AF
:102B40000201884240F0D08045F2574C45F6FC0E19
:102B5000C5F6020CC5F6020E60450EDC45F22F43A9
:102B6000C5F60203984217DC45F20843C5F6020396
:102B7000984226D045F21C431FE045F27F43C5F63C
:102B80000203984211DC45F25843C5F6020398420D
:102B900017D045F26C4310E045F23043C5F602030E
:102BA00098420ED045F2444307E045F29443C5F6FF
:102BB0000203984205D045F28043C5F602039842CD
:102BC00050D100F0FC034CF6CD47083BCCF6CC4787
:102BD000A3FB0737AEF1FC05AEF17C063B0905EB24
:102BE00083022266A26803F01F030127802A66661B
:102BF00007FA03F2A26601D1002262606368A56E43
:102C0000D4E91826DFB2591E07291760756015D858
:102C10007E1E072E62D860450EF1440213DC45F299
:102C20002F41C5F6020188423CDC45F20841C5F659
:102C3000020188424BD045F21C4144E0002060670D
:102C4000C4E91B0050E045F27F41C5F6020188420D
:102C500031DC45F25841C5F60201884237D045F2D1
:102C60006C4130E000F0F8034AF6AB27103BCAF69F
:102C7000AA27A3FB073740F20F43C4F2020308253B
:102C80003E09984203F1AA02334688BF05EB1713A9
:102C900040F600059042C4F2020528BF334605F114
:102CA00080069CE745F23041C5F6020188420ED00D
:102CB00045F2444107E045F28041C5F602018842F1
:102CC00005D045F29441C5F60201884213D10EEBBE
:102CD0008300E06601202267B040606704F16C0267
:102CE000002307CA03604A6000206065012184F860
:102CF0003510BDE8F08140F60000C4F2020000F19A
:102D0000FC0E00F5A072E2E730B110B590F8344047
:102D1000012C03D1022010BD01207047012480F84E
:102D2000344090F83540012C2BD1022480F83540F6
:102D300000244465D0F800C0DCF8004024F0010411
:102D4000CCF800400446FEF7DBF840F20F4C206858
:102D5000C4F2020C40F26F416045C4F2020118DC7B
:102D60006F23C4F20203984224DC3F23C4F202031F
:102D700098423ADC1023C4F20203984259D0282327
:102D800052E04FF400614165002180F834100120C9
:102D900010BD88421ADC40F23F43C4F2020398425D
:102DA0002ADC40F21043C4F20203984241D040F2C0
:102DB000284339E09F23C4F20203984225DC7023A4
:102DC000C4F20203984234D088232DE040F29F439E
:102DD000C4F2020398421FDC40F27043C4F20203C3
:102DE000984226D040F288431EE04023C4F20203FA
:102DF00098421ED0582317E040F24043C4F2020329
:102E0000984216D040F258430EE0A023C4F20203C9
:102E100098420ED0B82307E040F2B843C4F2020350
:102E2000984206D040F2A043C4F20203984240F018
:102E3000238103680B2262F344030360226C1AB1FE
:102E4000082302681A430260884219DC9F22C4F2F8
:102E50000202904231DC5722C4F20202904256DC58
:102E60001022C4F20202904200F091802822C4F2A3
:102E70000202904200F08B804022C4F2020284E001
:102E800045F22F42C5F6020290422BDC40F2B742D7
:102E9000C4F20202904248DC40F27042C4F20202E4
:102EA000904274D040F28842C4F2020290426ED046
:102EB00040F2A042C4F2020267E040F22742C4F2AC
:102EC0000202904240DCA022C4F2020290425ED094
:102ED000B822C4F20202904259D040F21042C4F229
:102EE000020252E045F26B42C5F6020290423CDC1F
:102EF00045F23042C5F60202904248D045F24442C3
:102F0000C5F60202904242D045F258423BE05822B8
:102F1000C4F2020290423AD07022C4F202029042FD
:102F200035D08822C4F202022FE040F2B842C4F247
:102F3000020290422BD045F20842C5F602029042AE
:102F400025D045F21C421EE040F22842C4F20202A3
:102F500090421CD040F24042C4F20202904216D08D
:102F600040F25842C4F202020FE045F26C42C5F64C
:102F7000020290420BD045F29442C5F60202904202
:102F800005D045F28042C5F6020290426ED1236E12
:102F90001A68D20303D51A6842F480721A60E36E8D
:102FA0001BB11A6842F480721A60604510DC6F2110
:102FB000C4F2020188421CDC3F21C4F202018842B3
:102FC00032DC1021C4F2020188424FD028214AE0AD
:102FD00088421ADC40F23F41C4F2020188422ADCF6
:102FE00040F21041C4F2020188423FD040F2284131
:102FF00039E09F21C4F20201884225DC7021C4F22D
:103000000201884232D088212DE040F29F41C4F273
:10301000020188421FDC40F27041C4F20201884282
:1030200024D040F288411EE04021C4F202018842CF
:103030001CD0582117E040F24041C4F202018842FE
:1030400014D040F258410EE0A021C4F2020188429F
:103050000CD0B82107E040F2B841C4F20201884226
:1030600004D040F2A041C4F202018842016841F05C
:1030700001010160002010BD0268052363F34302D3
:103080000260226C002A3FF4DFAE0423D9E6000080
:10309000B0B5044601F018F840F20E110546C2F230
:1030A0000041621C097818BF0C4400BF01F00CF805
:1030B000401BA042FAD3B0BD90F89830013B012BE1
:1030C0000BD80068836D0B420CD0836D0B408B4294
:1030D0000CD1C36D43F0020309E000F19C01012013
:1030E000022221E0C36D43F0010300E00323C36526
:1030F0008B0504D5D0F8E0301343C0F8E0304B0521
:1031000004D5D0F8E4301A43C0F8E4204FF6FF723B
:10311000436DC3F6CF720A401A4342658A0F4AF6DE
:1031200014010020C4F200010B681A430A607047C2
:1031300090F89830022B1BD1B0B50368D3F8C0507B
:1031400015F07C5F1CD0D3F8C450AD021DD4D3F869
:10315000C4300546C3F304442346FEF7BDF828688F
:103160000121A140C0F8D0100020C5F89410B0BDD6
:10317000D0F89C1041F00801C0F89C100120704765
:10318000D0F89C1041F0200103E0D0F89C1041F4ED
:103190000071C0F89C100120B0BD000000000000CC
:1031A000704700000000000090F89820013A012AC2
:1031B0000BD880B50A68002ACA680ED00B69072AA6
:1031C00043EA427E16D18B6919E0D0F89C1041F099
:1031D0000201C0F89C1001207047072A18D10A6923
:1031E000D1E906C3120442EA032242EA0C0242F089
:1031F000605217E0D1F808C04B6943EA8C73006F46
:10320000496800EBC10240F831E05360002080BD06
:103210008B68D1E904CE9B0743EAC26242EA0C42C2
:1032200042EA0E024968C06E40F82120002080BDAD
:1032300010B5044600F0DCFD2046BDE8104000F06B
:10324000BBBD00000000000070470000000000004F
:1032500070B590F89850022D11D1402914D104680E
:10326000D4F8A05015F4FE0F2BD0D4F8A4506D065E
:103270002CD0D4F8A450ED0130D4002531E0D0F8A2
:103280009C1041F0080125E041290FD10468D4F8D1
:10329000B05015F4FE0F14D0D4F8B4506D0615D00C
:1032A000D4F8B450ED0126D4002527E0056DA942DD
:1032B00007D200F17C04D0F854E04FF0000C0D462A
:1032C00026E0D0F89C1041F0200103E0D0F89C10DB
:1032D00041F48071C0F89C10012070BDD4F8A0505A
:1032E000ED0FD4F8A440C4F3052404EB050E00F15F
:1032F0007404456C0BE0D4F8B050ED0FD4F8B44032
:10330000C4F3052404EB050E00F17804C56CF44603
:1033100005FB0EFE256855F82E4014F080445460DD
:1033200055F82E4024F0604608BFC4F38A46166064
:1033300055F82E4004F00054946005EB8E0455F8C7
:103340002E6006F000461661A688D661E68816F063
:103350000F06D660666806F480165661666806F445
:1033600000169661E67906F07F06166266684FEAF7
:10337000D67656620ED049F6886E04F10805002410
:10338000C0F6010E2E5D1E550134D6681EF806608B
:10339000B442F7D3402904D10068C0F8A8C0002087
:1033A00070BD412904D10068C0F8B8C0002070BDCC
:1033B0001F2907D80068012202FA01F1C0F898100D
:1033C000002070BD006801F01F01012202FA01F126
:1033D000C0F89C10002070BD0068D0F8C40000F058
:1033E0003F00704700000000704700000000000030
:1033F0002DE9F04F87B004464AF61000C4F20000F1
:1034000001684AF61400C4F20000026820680A400D
:10341000D0F850B0D0F85490056D466D036D02930E
:10342000436D0193036D0693436D0593036D049300
:10343000436D0393D0F854A0D0F850805FEACA538C
:1034400010D518F480710DD04FF4807101654AF6E3
:1034500010010020C4F20001174608602046FFF763
:10346000C3FF3A460BEA090B4AF610095FEA4A50D5
:10347000C4F200094FEA82771AD518F4806017D099
:1034800020689146D0F8DC10D0F8E42011404FF4C9
:10349000806202654AF61002C4F200020020106049
:1034A000204600F0FDFC4A464AF61009C4F2000925
:1034B00005EA06050BF4704657B120680021016546
:1034C00002F00300C9F8000020463946FFF768FE05
:1034D000DDE9011000EA010705F00F0546B120689B
:1034E000314606650020C9F80000204600F0E0FCE7
:1034F00007F0F00645B12068294605650020C9F8A7
:103500000000204600F0D0FB46B120683146066539
:103510000020C9F80000204600F00AFC5FEA0A50CB
:103520000CD518F4006009D020684FF400610165E3
:103530000020C9F80000204600F0BEFC5FEA8A5077
:1035400011D518F400700ED02068D0F8D810D0F83B
:10355000E02011404FF4007202650020C9F800001D
:10356000204600F0A1FC5FEA0A300CD518F40020D8
:1035700009D020684FF4002101650020C9F800003F
:10358000204600F08DFB5FEACA300CD518F480307D
:1035900009D020684FF4803101650020C9F800008F
:1035A000204600F079FC5FEA4A30DDE9031000EACA
:1035B00001050CD518F4802009D020684FF4802133
:1035C00001650020C9F80000204600F061FC5FEAB8
:1035D0008A30DDE9051000EA010005F060710FD5C1
:1035E00018F400320CD022684FF400331365002227
:1035F000C9F80020D4F89C2042F08002C4F89C2036
:1036000000F0715539B1206801650020C9F800004B
:103610002046FFF719FE4DB1206805650020C9F866
:103620000000D4F89C002843C4F89C002068A9F549
:103630000161884209D0D4F89C00002868D0204657
:1036400007B0BDE8F04FFFF7F3BD606881688907F8
:10365000F1D0016A426A036A476A114003EA07022D
:1036600002F03005D0F82080D0F82490D0F820B0B7
:10367000466A026A069211F00F01426A0592D0F87A
:1036800024A0026A049203D00162204600F0F4FBF9
:1036900008EA09072DB1606829460562204600F056
:1036A000F3FB5FEA4A6006EA0B0607F4C0750ED525
:1036B000049810F040000AD060684023C16BC26BD0
:1036C000090C02F03F020362204600F0D9FBDDE95D
:1036D000051000EA010706F4FC462DB16068294692
:1036E0000562204600F0C4FB07F4F02036B16168A3
:1036F0000E62D4F89C103143C4F89C1000289AD074
:1037000061680862D4F89C100843C4F89C0092E7F2
:1037100007B0BDE8F08F000040B32DE9F04F83B053
:103720004AF200080446C4F200080068404502D18D
:1037300008F58070606094F8980028B9002084F83B
:103740009900204600F0CCF92068816921F0100131
:10375000816100F0B9FC054620688169090707D539
:1037600000F0B2FC401B0B28F6D312E0012070479A
:10377000816941F00101816100F0A6FC054600BFAE
:1037800020688169C90711D100F09EFC401B0B28FD
:10379000F6D30120D4F89C100843C4F89C00032001
:1037A00084F89800012003B0BDE8F08F816941F0F2
:1037B00002018161217C826922F04002012918BF47
:1037C00040328261617C826922F48042012908BF13
:1037D00002F580428261A17C826922F48052012933
:1037E00018BF02F580528261816921F44073D4E9E7
:1037F00002120B438361836923F0A403836103698D
:1038000023F0100303619AB1012A0DD0022A09D0D6
:103810008369032A43F080038361036943F0100244
:10382000026105D1202200E0042283691A438261EB
:10383000D4E90572E369561E6FF0FF02256A02EBB8
:103840000323B1F5407F43EA4663A5F1010646EA4A
:10385000030640F20003CFF6FF7303EB074746EA87
:103860000701C16110D1D4E90B65D4E90917013F03
:1038700002EB06226FF00F063A4306EB05173A43B8
:1038800003EB01411143C160236E2BB1616ED0F88F
:10389000C0201143C0F8C010E16DCDE90113D94239
:1038A00049F64811C0F6010109D0D0F8C820A36E2E
:1038B00022F0070251F823301A43C0F8C820D4F888
:1038C00040C0BCF1000F09D0D0F8BC20636C22F0DE
:1038D000070251F823301A43C0F8BC20D4F848B08E
:1038E000BBF1000F0AD0D0F8BC20E36C22F07002CC
:1038F00051F8233042EA0312C0F8BC20D4F850A09B
:10390000BAF1000F0AD0D0F8BC20636D22F4E06257
:1039100051F8231042EA0121C0F8BC10404504D1FF
:1039200061688A6822F003028A600021C4F894105A
:10393000C4F89C10012184F8981004F13409D0F8DF
:1039400084104FF6FC729143656C99E80C02009567
:1039500041EA8201C0F88410D0F8841021F47F017C
:1039600041EA0341C0F884109918D0F888306FF309
:103970008F0343EA8103C0F88830D0F8883023F4FD
:10398000FE0343EA0943C0F8883001EB4903D0F84D
:10399000A0606FF38F0646EA8306C0F8A060D0F8F7
:1039A000A06026F4FE0646EA0C46C0F8A06005FBBF
:1039B0000C36D0F8B0306FF38F0343EA8603C0F8BB
:1039C000B030D0F8B03023F4FE0343EA0B43C0F824
:1039D000B030E36CD0F8AC506FF38F0503FB0B668F
:1039E00045EA8605C0F8AC50D4F8548008FB0A6557
:1039F000D0F8F0606FF38F0646EA8506C0F8F060F5
:103A0000D0F8F0E0A66D2EF47C1747EA0647C0F820
:103A1000F070F70007EB8507D0F8C0506FF38F0503
:103A20002F43C0F8C070D0F8C070009DDDF804E0EE
:103A300027F47C1705FB0CFC4AF2000547EA0E4709
:103A4000C0F8C070C4F2000503FB0BC305F5406766
:103A5000D0F8C05007EB820207EB810125F07C57BC
:103A6000029D47EA0567C0F8C07001EBC90008FB7A
:103A70000A372167A16E00EB8C0C606700EB8303B3
:103A8000E266C4E91EC30EFB01F300EB8700694345
:103A9000C4F8800000EBC600C4F8840000EB83008B
:103AA000C4F8880000EB81004DF2FC31C4F2000143
:103AB000C4F89000884201D920206BE6824208D2E7
:103AC000002000BF42F8040BD4F890108A42F9D3CA
:103AD00069E6002003B0BDE8F08F000000000000A0
:103AE000B0B5B6B0044602A8B8210025CDE93455DA
:103AF000CDE932553195FCF79BFD4DF20041206830
:103B0000C4F20001884279D04AF20041C4F20001B7
:103B100088423DD04AF20001C4F20001884240F0E0
:103B2000BC80002003901D9002A84FF40041029138
:103B300001F00EFC08B1FDF787FB40F2485144F25A
:103B4000E040C2F20041C5F602000A68002A02F114
:103B500001020A6008D1C16841F48071C160C16886
:103B600001F48071019101990168152441F0080167
:103B700001600068132500F00800019040F2004049
:103B80000199C5F60200092100F5006003226AE0F0
:103B9000002003901D9002A84FF40041029101F013
:103BA000D7FB08B1FDF750FB40F2485144F2E0402A
:103BB000C2F20041C5F602000A68002A02F10102C1
:103BC0000A6008D1C16841F48071C160C16801F424
:103BD0008071019101990168162441F00201016090
:103BE0000068142500F002000190019840F20040A6
:103BF00009214FF44052C5F6020034E04FF4004072
:103C0000029002A803951D9501F0A2FB08B1FDF7F3
:103C10001BFB40F2485144F2E040C2F20041C5F6BD
:103C200002000A68002A02F101020A6008D1C16894
:103C300041F48071C160C16801F480710191019902
:103C40000168A02441F02001016000689F2500F078
:103C50002000019040F200400199C5F602000221C7
:103C600000F58050C022359131A931920222329262
:103C70000022CDE9332200F043F905210022284635
:103C800000F03EFB284600F027FB052100222046DD
:103C900000F036FB204600F01FFB36B0B0BD000040
:103CA0007047000000000000012920D140F6C071DB
:103CB000C2F200410978002908BF704710B58CB0E6
:103CC00040F6C474C2F200442268D2F83021824225
:103CD00004D0013904F10404F6D105E002AA6B46D0
:103CE0004021FFF7B5FA18B10CB0BDE8104070479D
:103CF000206890F82C21002AF6D000F59C73DDE9AD
:103D0000021C03E0013A03F10403EDD01868002817
:103D1000F8D0C4686445F5D1D0E9054E0C4074452F
:103D2000F0D1026853686A469847DDE7000000005A
:103D3000102920D140F6C071C2F200410978002953
:103D400008BF704710B58CB040F6C474C2F200448E
:103D50002268D2F83021824204D0013904F10404EF
:103D6000F6D105E002AA6B464121FFF771FA18B1BE
:103D70000CB0BDE810407047206890F82C21002A54
:103D8000F6D000F59C73DDE9021C03E0013A03F173
:103D90000403EDD018680028F8D0C4686445F5D154
:103DA000D0E9054E0C407445F0D1026853686A466C
:103DB0009847DDE70000000090F8981001290CD129
:103DC000022180F8981001688A6922F001028A6154
:103DD0000021C0F89C1000207047D0F89C1041F0E2
:103DE0000401C0F89C100120704700000000000092
:103DF00090F89810022928D101688A6942F00102DE
:103E00008A618A69D20706D1342200BF013A24D0E0
:103E10008B69DB07FAD08A6922F010028A618A690D
:103E2000120706D5342200BF013A16D08B691B0752
:103E3000FAD48A6942F002028A610021C0F8941023
:103E4000012180F8981000207047D0F89C1041F0B4
:103E50000801C0F89C1001207047D0F89C1041F078
:103E60000101C0F89C10032180F8981001207047D0
:103E700070470000000000007047000000000000D4
:103E800070470000000000007047000000000000C4
:103E900070470000000000007047000000000000B4
:103EA00070470000000000007047000000000000A4
:103EB0007047000000000000704700000000000094
:103EC00090FAA0F0B0FA80F00F2888BF704741F256
:103ED0001401C2F2004151F8200010B101680968D4
:103EE00008477047000000008821C5F600010A68F5
:103EF000024208BF70470860FFF7E2BF0000000001
:103F00002DE9F04F83B00E68002E00F0C78000F15D
:103F1000264742F2004507F1FF77C5F602050A225F
:103F2000A8424FEAB72500F1200308BF09220093F9
:103F3000082D38BF4FEAB722002400274FF0000AAF
:103F400001920AE00AF1010A0E6836FA0AF207F154
:103F5000020704F1040400F0A180012202FA0AFB26
:103F600016EA0B08EED0D1F80490032209F0030EF4
:103F7000AEF10106012E02FA07F610D8D0F808C0FB
:103F8000CD682CEA0602BD402A438260C9F30015C1
:103F9000426822EA0B0205FA0AF52A434260BEF1A2
:103FA000030F1FD0C2688D68B243BD40BEF1020F3F
:103FB00042EA0502C26015D16FF00302009D02EAD9
:103FC0005A0B04F01C030F2255F80BC002FA03FE33
:103FD000D1F810902CEA0E0C09FA03F343EA0C0313
:103FE00045F80B3002684B68B24303F00306BE404D
:103FF00013F4403F42EA06020260A3D044F2F443C5
:1040000040F2084CC5F60203C5F6000C0F251A68ED
:1040100042F002021A601A6802F0020202922AF0CA
:104020000302029B04F00C0352F80C609D40AE4367
:10403000019D05FA03F3334342F80C304FF0B04CC6
:10404000DCF800204B6842EA0806DD0258BF22EA8D
:1040500008069D02CCF8006040F2040CC5F6000C86
:10406000DCF8002042EA080658BF22EA08069D0351
:10407000CCF80060DCF8802042EA080658BF22EA4B
:104080000806DB03CCF88060DCF87C2042EA0806F6
:1040900058BF22EA0806CCF87C6053E703B0BDE8BD
:1040A000F08F0000000000000069084018BF0120E8
:1040B0007047000000000000002A08BF0904816169
:1040C00070470000000000004AF6F870C2F200409D
:1040D000006870470000000040F20E104AF6F871C8
:1040E000C2F20040C2F2004100780A681044086041
:1040F000704700000000000080B5032000F030F998
:1041000001F0B6FF44F2184149F6CE13C5F602019C
:10411000C0F601030A68C2F303229A5C096801F041
:104120000F0102F01F02595CD04040F22C02C2F293
:10413000004201F01F0120FA01F1116040F2280154
:10414000C2F2004108600F2000F00AF800281CBFEE
:10415000012080BD00F0A8F8002080BD0000000014
:104160000F2847D8B0B58AB0044636200022214631
:10417000002500F0C5F8362000F0AEF840F210102F
:10418000C2F20040046044F2E840C5F60200016853
:1041900041F010010160006801A900F010000290D8
:1041A000029802A801F0B0FE079C002C18BF012461
:1041B00001F0FEFE4DF68361A040C4F21B3141F2D6
:1041C0000002A0FB010143F2B800C2F200404FF030
:1041D000FF33C4F20002026003EB9141C0E9011514
:1041E00040F2E731C0E9031502F036FB20B10120AF
:1041F0000AB0B0BD0120704743F2B800C2F20040DF
:1042000002F01EFC0AB0B0BD10B54EF6A05E4378B9
:10421000CEF2000E90F800C04EF8083CDEF80030F8
:1042200023F00103CEF8003043684EF8043C037BD2
:10423000C27A817A447B120642EA0372837B42EAA5
:10424000C141C27B41EA8441447A41EA4341007A58
:1042500041EA024141EA042141EA400040EA0C00FF
:10426000CEF8000010BD00004EF62450CEF2000043
:10427000BFF35F8F016821F4803101600021016785
:1042800070470000000000004EF6245140F001008D
:10429000CEF200010867086840F480300860BFF380
:1042A0004F8FBFF36F8F704781B044F2F44000220C
:1042B000C5F60200016841F00201016000680F21AB
:1042C00000F0020000906FF00100009B01B000F0D0
:1042D00017B8000000000000002848BF704700F039
:1042E0001F01012202FA01F14EF20012C0F34A103E
:1042F000CEF2000242F820107047000000000000DB
:1043000070B54EF60C5C4FF0FF36CEF2000C00F1AB
:10431000604505F56445DCF80030C3F3022E8EF0ED
:104320000703042B28BF0423BEF1030406FA03F39A
:1043300021EA030100F00F0338BF0024043B0028EA
:10434000634406FA04F048BF03F10C05A14022EAD9
:10435000000008430001287070BD0000000000004C
:104360004EF60C514FF6FF03CEF200010A681A40D8
:1043700060F30A2242F0806040F0FD7008607047F0
:1043800001680122C0F8D824002280F8CC24886972
:1043900040F000608861486D40F08052002042F09B
:1043A00003024A65704700007047000000000000EB
:1043B0000268002051627047B0B5D0F800E0DEF826
:1043C0002400D1B1DEF82830B1F1010C00EB134329
:1043D0000BD05FFA8CF10EF58070002450F8045F6A
:1043E00001348C4203EB1543F8D30EEB8C0043EA07
:1043F0000241C0F804110020B0BD40EA0240CEF8EE
:1044000028000020B0BD0000D0F8E00406F0E4B8B9
:1044100001EBC10200EB8202D0F8E004126A06F060
:1044200047B800000000000001EBC10200EB82026F
:10443000D0F8E004D2F8602206F092B80000000044
:10444000D0F8E00406F0CCB810B54FFA81FC0A466B
:1044500001F00F0E4FF41571BCF1000F4FEAD212AC
:1044600048BF14210EEBCE0C90F89444431803EB94
:104470008C01012C03F82CE04A7001D1022010BD00
:10448000012280F8942402680446104606F004FED7
:10449000002084F8940410BDB0B5027901F00F0338
:1044A000934201D90120B0BD4AB24FF41574002ADD
:1044B00003EBC30E48BF1424C909021990F89444B1
:1044C00002EB8E0C012C4FF000048CF801108CF8DC
:1044D000024002F82E3001D10220B0BD012180F847
:1044E0009414016805460846614606F061FF2046BF
:1044F00085F89444B0BD000001F00F0101EBC1014B
:1045000000EB8100D0F86802704700000000000056
:1045100070B58C464FF4157449B20CF00F0E6FF362
:10452000DF22002948BF14240EEBCE0604445FEAC4
:10453000DC1504EB860104F826E04D708A600B71EF
:1045400018BFA1F81AE0022B01D100224A7190F89D
:104550009424012A01D1022070BD012280F8942404
:1045600002680446104606F0B7FC002084F8940464
:1045700070BD00000000000080B501F00F0C0CEBD6
:10458000CC0100EB810E0021CEE998238379CEF88F
:1045900068128EF855120EF51571012B8EF854C263
:1045A00008BFCA6100681A4606F04AFF002080BDB5
:1045B000B0B5027901F00F0494424FF001022AD8FD
:1045C0004BB24FEAD11C002B4FF4157548BF214662
:1045D00048BF142590F894E401EBC1030544BEF1F3
:1045E000010F05EB830105F8234081F801C08A70B3
:1045F00001D10220B0BD80F894240546006806F081
:10460000FFFE2CB9A979286805F29C4206F0A0FEAD
:10461000002285F894241046B0BD00000000000080
:1046200080B501F00F0C90F806E00CEBCC01BEF168
:10463000010F00EB810101F814CF4FF0000C0B616A
:104640004FF00103CA60C1F814C04B7008BFCA61C3
:104650000068724606F0F4FE002080BD00000000F5
:104660002DE9F04F87B005688246284607F068F8C4
:1046700010B107B0BDE8F08FDAF8000007F090F84D
:104680000028F6D0D5F80808C0F30D20CAF8D404E5
:10469000DAF8000007F084F8800705D5DAF80000A2
:1046A000416901F00201416105F500600590DAF809
:1046B000000007F075F8C006069536D5DAF8000058
:1046C000816921F0100181612C6A04F00F0000EB78
:1046D000C001C4F343400AEB8101062801F51575BA
:1046E00011D002281AD147F6F07014EA000615D04E
:1046F0003409E9680698224607F056F8E86800EBA6
:104700001610E86007E00AF29C410822069807F0BC
:104710004BF8C4F30A14686920446861DAF80000B1
:10472000816941F010018161069DDAF8000007F00F
:1047300037F8000340F1F280DAF8000007F00CF8D7
:10474000002800F0EB8006464FF4306800244FF05C
:10475000000B0AF29C40049009E000BF0BF1010B32
:10476000760808F1200804F1240400F0D780F0074F
:10477000F4D05FFA8BF9DAF80000494607F008F840
:104780000746C0075FD005EB080001218160DAF819
:10479000000008EB0001036C8A689AF80650012DAE
:1047A00025D1150732D4950600F1B08043F20B05F0
:1047B000C4F65475AB42069D02D312F400422FD1C9
:1047C0000AEB0402D2F8743209696FF3DF41A3EBFC
:1047D0000101C2F8681294BBD2F86432002B00F0D9
:1047E0009B80D2F860020844C2F8600227E043F2DE
:1047F0000B05C4F65475FF35AB4217D11004069D66
:104800000ED490061BD52020886018E043F20B00E0
:10481000069DC4F65470834215D312F4004012D0A2
:104820004FF40040886038070FD437E0069D34B954
:10483000DAF8641219B90021049A06F089FD50468D
:104840004946FFF7F1FD380728D505EB0800082198
:10485000816043F20B01DAF80000C4F65471056C74
:1048600040448D42816805D311F400411CBF4FF4D0
:1048700000418160504600F0C3FB43F20B00C4F6D8
:1048800054708542069D09D39AF80600012805D187
:10489000DAF800000121049A06F05AFDF80607D460
:1048A000B8070BD4B80624D4B8047FF557AF27E077
:1048B00005EB080010218160B807F3D56869000690
:1048C00004D50599486840F4806048600AEB04000C
:1048D00090F85712012906D1002180F8571250464E
:1048E000494600F0A9FA05EB080002218160B806EC
:1048F000DAD505EB080020218160B8047FF52EAFE2
:1049000005EB08004FF40051816027E72020886004
:10491000069D380799D4C1E701218DE7DAF8000038
:1049200006F03EFF400340F1DC80DAF8000006F0BC
:104930000BFF002800F0D5800646069800F51069A8
:104940000AF1140B00270AF29C400290CDE903B94A
:1049500005E000BF760807F1010700F0C280F0070C
:10496000F8D0FDB2DAF80000294606F0FDFE044654
:10497000C0070BD1200733D4E00637D460063BD400
:10498000A0073FD42006E5D555E000BF059B07F002
:104990000F004FF0010C09EB47120CFA00F0596BB5
:1049A00021EA00005863C2F808C09AF806000128FE
:1049B00010D107EBC7000BEB8000D0E902121144C5
:1049C000C1603FB9006928B9DAF800000121029AF4
:1049D00006F0BEFC50462946FFF71AFD2007CBD54E
:1049E00009EB471008218160E006C7D509EB4710A5
:1049F000102181606006C3D509EB4710402181601A
:104A0000A007BFD50698394606F066FE07EBC7003B
:104A10000BEB800010F8031F012905D10021017064
:104A20005046294600F004FA09EB47100221816044
:104A300020067FF58FAF07EBC7000BEB8008D8E9A6
:104A400004108142FFF486AFDAF80040081AD8F863
:104A50000810884238BF014604EB47100331D0F8F4
:104A6000182992B2B2EB910F28D300F5106900BF5C
:104A7000D8E90410814221D9081A9AF80620D8E909
:104A800002B1584538BF8346009220461FFA8BF387
:104A90002A4606F07DFFD8F80C00D8F814105844C8
:104AA000C8F80C0001EB0B00C8F814000BF1030070
:104AB000D9F8181089B2B1EB900FD9D2D8E9040116
:104AC0008842DDE903B93FF645AF07F00F00012149
:104AD00001FA00F0D4F8341821EA0000C4F83408D0
:104AE00038E7DAF8000006F05BFEB0F1FF3F069C05
:104AF00019DC0599486820F0010048609AF8CC0458
:104B0000012807D100208AF8CC0400215046FFF785
:104B10004BFC02E0504600F057FADAF80000416919
:104B200001F000414161DAF8000006F039FE0005AD
:104B30000CD505988068C00702D0504600F088FA6E
:104B4000DAF80000416901F400614161DAF800001F
:104B500006F026FE000117D5DAF80000416901F0E1
:104B6000006141619AF8CC1419B1504600F070FA16
:104B70000AE001218AF8CC14406DC0F38300CAF822
:104B8000D0045046FFF710FCDAF8000006F008FEEB
:104B9000C00453D50599486820F001004860DAF850
:104BA0000000102106F098FD9AF80400D8B104F531
:104BB00010614FF67F3200BF8A6001380B6823F422
:104BC00000130B60C1F80822D1F8003223F400135F
:104BD000C1F80032D1F8003243F00063C1F800326E
:104BE00001F12001E8D1059F84214422F86940F0B9
:104BF0000110F8619AF80F0000284FF00B0008BF71
:104C0000142104BF42F22B0010227B581843785025
:104C1000B85840F00B00B85038680AF29C4220F4B3
:104C2000FE6038609AF80610DAF8000006F090FB93
:104C3000DAF80000416901F480514161DAF80000BE
:104C400006F0AEFD80041CD5DAF8000006F088F905
:104C5000DAF8000006F064FD8AF80700DAF8004090
:104C600001F07EF99AF807200146204606F008FE7A
:104C7000504600F095F9DAF80000416901F400515E
:104C80004161DAF8000006F08BFD000708D55046B8
:104C900000F09EF9DAF80000416901F00801416175
:104CA000DAF8000006F07CFD00062AD5069988692E
:104CB00020F0800088619AF80400022821D30AF5C8
:104CC00015740AF11405012640F27B2706E000BFA7
:104CD0009AF8040001362437864212D21AF80700E7
:104CE0000128F5D106F00F00320600EBC00005EBFD
:104CF000800158BF04EB8001DAF8000006F09CFC4C
:104D0000E6E7DAF8000006F04BFDC0022FD59AF86E
:104D10000400022825D306980AF1140400F5126550
:104D20000AF13B064FF00108012706E09AF804005B
:104D3000013720352436874213D22868717801293B
:104D4000F4D1B0F1FF3FF1DC07F00F0086F80080EE
:104D500000EBC00004EB8001DAF8000006F06CFC08
:104D6000E4E7DAF80000416901F480114161DAF802
:104D7000000006F015FD800233D59AF80410069D58
:104D8000022928D305F5326001390AF51F72012383
:104D900006E000BF013900F1200002F124021AD020
:104DA00007681678012EF5D1B7F1FF3FF2DCDAF88B
:104DB000D46486EA1747FF07ECD102F8013CAF69DB
:104DC00047F08007AF616F693F06E3D405994868F3
:104DD00040F400704860DAF80000416901F4001105
:104DE0004161DAF8000006F0DBFC400008D55046CF
:104DF000FFF70AFBDAF80000416901F080414161E8
:104E0000DAF8000006F0CCFC40077FF532ACDAF8A7
:104E100000004468600702D55046FFF711FBDAF83E
:104E2000000041682143416007B0BDE8F08F0000F9
:104E3000D0F8E00405F03CBCD0F8E00405F050BC2C
:104E4000002862D010B582B0044690F8950428B9C5
:104E5000002084F89404204600F06AF8032084F8C7
:104E60009504206806F06CFAD4E9000194F810C0AB
:104E7000D4E90223CDF800C006F082F800283ED124
:104E80002068002106F0B4FCC8BB207960B300EBB9
:104E9000C00000214FEA800E4FF0010C00230022D9
:104EA000E01824339E450275C28502F1010280F8A4
:104EB00015C00176C16101624162F1D10021002279
:104EC000002300BFA0182432964580F8543203F125
:104ED000010380F8551280F85812C0F85C12C0F82F
:104EE0006012C0F86412EDD1D4E9000194F810C04A
:104EF000D4E90223CDF800C006F02EF938B1022023
:104F000084F89504012002B010BD012070470020F4
:104F10006074012084F89504207B012802D120468A
:104F2000FFF72EFA206806F007F9002002B010BD46
:104F300010B5B0B0044602A8B821FBF779FB0021F8
:104F40002068C4F20401884201D030B010BD0020B6
:104F500003904FF4802002904FF44010239002A859
:104F600000F0F6F908B1FCF76FF900F0B1F844F27F
:104F7000D8400022C5F60200016841F000710160CE
:104F80000068052100F00070019001984D20FFF7A6
:104F9000B7F94D20FFF7A0F930B010BD00000000B8
:104FA00010B5C179044621B1022901D0FCF74CF9B2
:104FB0000121D4F8E00405F01FFCD4F8E004BDE8BA
:104FC000104005F0CDBB0000D0F8E00405F0F8BBC0
:104FD000D0F8E00405F000BC90F89424012A01D137
:104FE0000220704710B5012280F8942441740446D1
:104FF0000268104606F030FC002084F8940410BDCE
:10500000D0F8E02400F29C41104605F00DBC0000F1
:1050100010B5044690F89404012801D1022010BD77
:105020002068012184F89414C168490606D5617B83
:10503000012903D1816B41F48031816306F044FB87
:10504000206806F069F8002084F8940410BD000080
:1050500010B50446D0F8E00405F03EFC2068D0F816
:10506000001E41F00101C0F8001EE07A002808BFD0
:1050700010BD4EF61050CEF20000016841F006015E
:10508000016010BD00000000B0B544F60C05C5F687
:10509000020529684907296805D401F00701081AA3
:1050A00018BF0120B0BD21F0070108432860FFF7B9
:1050B0000BF8044655F8080C800407D4FFF704F8F1
:1050C000001BB0F57A7FF5D90120B0BD0020B0BD3E
:1050D00044F60C00C5F60200016841F080710160E1
:1050E000704700000000000080B500F039FF44F276
:1050F000204149F6CE12C5F60201C0F60102096848
:10510000C1F30211515C01F01F01C84080BD0000D5
:1051100080B544F2384EC5F6020E5EF8103C5EF8DB
:10512000101C5EF80C2CC1F3053CDEF80410BCF139
:10513000000F18D0C9089FED3A1AD20601EAE271B1
:1051400003F003026FF35F3100EE101AB8EE400A6D
:10515000DFE802F0021F0E1F5EF8381C89060AD431
:105160009FED311A15E000218160C0E9001180BD7A
:105170009FED2C1A0DE05EF8381C49F20002C0F2D7
:10518000D032C1F3C10122FA01F101EE101AB8EEDA
:10519000411ADEF800109FED253A6FF35F2102EE11
:1051A000101ADEF80010C1F34621B8EE422A013190
:1051B00000EE032A00EE10CAB7EE003AB8EE400A3D
:1051C00081EE000A32EE031A20EE010A01EE101AF7
:1051D000B8EE411A80EE011ABCEEC11A80ED001A39
:1051E000DEF80010C1F30641013101EE101AB8EEED
:1051F000411A80EE011ABCEEC11A80ED011ADEF8E8
:105200000010C1F30661013101EE101AB8EE411A27
:1052100080EE010ABCEEC00A10EE101A816080BD5B
:105220000024744A20BCBE4B0024744C000000399A
:1052300080B544F2404EC5F6020E5EF8183C5EF8AA
:10524000181C5EF8142CC1F3055CDEF80410BCF1E8
:10525000000F18D0C9089FED3A1AD20501EAE27191
:1052600003F003026FF35F3100EE101AB8EE400A4C
:10527000DFE802F0021F0E1F5EF8401C89060AD408
:105280009FED311A15E000218160C0E9001180BD59
:105290009FED2C1A0DE05EF8401C49F20002C0F2AE
:1052A000D032C1F3C10122FA01F101EE101AB8EEB9
:1052B000411ADEF800109FED253A6FF35F2102EEF0
:1052C000101ADEF80010C1F34621B8EE422A01316F
:1052D00000EE032A00EE10CAB7EE003AB8EE400A1C
:1052E00081EE000A32EE031A20EE010A01EE101AD6
:1052F000B8EE411A80EE011ABCEEC11A80ED001A18
:10530000DEF80010C1F30641013101EE101AB8EECB
:10531000411A80EE011ABCEEC11A80ED011ADEF8C6
:105320000010C1F30661013101EE101AB8EE411A06
:1053300080EE010ABCEEC00A10EE101A816080BD3A
:105340000024744A20BCBE4B0024744C0000003979
:105350002DE9F04381B00446C07844F22C4900079F
:10536000C5F6020901D4002520E0606E4FEA3050F6
:10537000032835D80025DFE800F0020A1C22D9F8FE
:10538000000040F40030C9F80000D5B906E004F18F
:105390000800022103F068F9054695B9D9F8240000
:1053A000616E20F440100843C9F824004FF0000853
:1053B00008E004F12800022103F0E6F90546002D7B
:1053C000ECD0A8466078C0071ED0A06D04283ED857
:1053D000DFE800F02B340A0303006DB1A84613E0A8
:1053E0000125002DEDD1D9E704F12800002103F0BB
:1053F000CBF90546002DF1D1D9F82400A16D20F09C
:1054000007000843C9F824006078400747D5D4F85E
:10541000A4004FEA705005282CD8DFE800F01C2FBC
:105420002503030395B3A84639E0D9F8000040F4FA
:105430000030C9F80000002DD0D1DDE704F10800EC
:10544000002103F011F90546002DC7D1D4E701254D
:10545000002DC3D1D0E7D9F8000040F40030C9F8DE
:105460000000002DDFD111E004F12800002103F03D
:105470008BF908E00125002DD5D107E004F10800E3
:10548000002103F0F1F80546002DCCD1D9F82C000D
:10549000D4F8A41020F460000843C9F82C00607808
:1054A000000731D5D4F8A8004FEA3060052816D897
:1054B000DFE800F006190F030303E5B1A84623E077
:1054C000D9F8000040F40030C9F80000002DF5D1F3
:1054D00011E004F12800002103F056F908E001254D
:1054E000002DEBD107E004F10800002103F0BCF827
:1054F0000546002DE2D1D9F82C00D4F8A81020F0F0
:10550000E0600843C9F82C00E07880071BD5E06C08
:105510004FEA301003282FD8DFE800F002052502FB
:105520004DB1A8460FE0D9F8000040F40030C9F8AA
:105530000000002DF5D1D9F82000E16C20F03000FA
:105540000843C9F820006078C00629D5E06D4FEA0D
:105550003030042849D8DFE800F0363F1303030059
:10556000B5B1A8461CE004F10800022103F07CF864
:105570000546002DD5D1DEE70125002DD1D1DAE792
:1055800004F12800002103F0FFF80546002DE8D1C2
:10559000D9F82400E16D20F4E0400843C9F8240064
:1055A0006078800639D5206E4FEA3040052829D82A
:1055B000DFE800F025031F25252504F1080001215F
:1055C00003F052F81AE0D9F8000040F40030C9F8AE
:1055D0000000002DC5D1DBE704F10800002103F035
:1055E00043F80546002DBCD1D2E70125002DB8D1E6
:1055F000CEE704F12800012103F0C6F8054625B1E5
:10560000A8460AE00125002DFAD1D9F82400216E20
:1056100020F4E0200843C9F824006078400625D52E
:10562000D4F8AC004FEA3070052813D8DFE800F05A
:105630000F03090F0F0F04F10800012103F014F804
:1056400004E004F12800012103F09EF8054625B18D
:10565000A8460BE00125002DFAD1D9F82C00D4F88A
:10566000AC1020F0E0400843C9F82C006078000638
:1056700020D5E06ED8B1B0F1005F12D0B0F1805FFC
:1056800026D1D9F8000040F40030C9F8000085B9EF
:10569000D9F82400E16E20F040500843C9F82400F6
:1056A00008E004F10800012102F0DEFF0546002DAC
:1056B000EED0A846E078C0071ED0A06C032800F208
:1056C0008080DFE800F0020974026DB1A84613E0A3
:1056D0000125002DEDD1DBE7D9F8000040F40030C2
:1056E000C9F80000002DF1D1D9F82000A16C20F0FC
:1056F00003000843C9F82000A078400644D5D9F833
:10570000D40340F48070C9F8D403FEF7DDFC0646EC
:10571000D9F8D403C00505D4FEF7D6FC801B652854
:10572000F6D303257DBBD9F84410D4F8B00041402E
:1057300011F4407F11D0D9F84410D9F8442042F434
:105740008032C9F84420D9F8442021F4407122F471
:105750008032C9F84420C9F84410B0F5807F0FD1D9
:10576000FEF7B2FC064641F2893700BFD9F8440083
:10577000800705D4FEF7A8FC801BB842F6D30325AA
:10578000002D00F07A82A8462078C00732D0A06FA2
:105790004FEAF000052822D8DFE800F01E03181EAB
:1057A0001E1E04F10800012102F05EFF13E004F167
:1057B0000800022102F058FF0546002D7FF486AF55
:1057C00092E70125002D7FF481AF8DE704F12800D9
:1057D000012102F0D9FF054625B1A8460AE00125BE
:1057E000002DFAD1D9F82800A16F20F03800084325
:1057F000C9F828002078800721D5606F052813D8C4
:10580000DFE800F00F03090F0F0F04F1080001217A
:1058100002F02AFF04E004F12800012102F0B4FFA5
:10582000054625B1A8460AE00125002DFAD1D9F890
:105830002800616F20F007000843C9F8280020788D
:10584000400723D5D4F89000052813D8DFE800F0EE
:105850000F03090F0F0F04F10800012102F004FFEC
:1058600004E004F12800012102F08EFF054625B175
:10587000A8460BE00125002DFAD1D9F82C00D4F868
:10588000901020F007000843C9F82C00207880060B
:1058900025D5D4F88C004FEA3070052813D8DFE8FE
:1058A00000F00F03090F0F0F04F10800002102F0B0
:1058B000DBFE04E004F12800022102F065FF05464A
:1058C00025B1A8460BE00125002DFAD1D9F8280012
:1058D000D4F88C1020F0E0400843C9F82800207864
:1058E000400625D5D4F898004FEAB020052813D8F3
:1058F000DFE800F00F03090F0F0F04F1080000218B
:1059000002F0B2FE04E004F12800022102F03CFFA4
:10591000054625B1A8460BE00125002DFAD1D9F89E
:105920002C00D4F8981020F4E0500843C9F82C005B
:105930002078000625D5D4F89C004FEA7030052861
:1059400013D8DFE800F00F03090F0F0F04F1080070
:10595000002102F089FE04E004F12800022102F097
:1059600013FF054625B1A8460BE00125002DFAD10D
:10597000D9F82C00D4F89C1020F460400843C9F8F2
:105980002C002078000716D5D4F88000B0F5805F91
:1059900008D104F12800022102F0F6FE002818BF09
:1059A0004FF00108D9F82800D4F8801020F44050B6
:1059B0000843C9F828002078C00616D5D4F894000A
:1059C000B0F5807F08D104F12800022102F0DCFE4E
:1059D000002818BF4FF00108D9F82C00D4F8941013
:1059E00020F440700843C9F82C00A078000724D5A3
:1059F000D4F8A000B0F5003F1CD0B0F5803F13D024
:105A0000002840F0E58004F10800002102F02CFE9F
:105A100005468DB9D9F82C00D4F8A01020F44030F8
:105A20000843C9F82C0008E004F12800022102F024
:105A3000ABFE0546002DEDD0A846A078400725D541
:105A4000D4F88400B0F5401F1DD0B0F5001F14D06D
:105A5000B0F5801F40F0C180D9F8000040F400305C
:105A6000C9F800008DB9D9F82800D4F8841020F4C2
:105A700040100843C9F8280008E004F1280001217B
:105A800002F082FE0546002DEDD0A846A078C007A2
:105A90001FD0206DB0F5803F0BD0002840F09380E0
:105AA000D9F8000040F40030C9F800004DB1A84614
:105AB0000FE004F10800022102F0D6FD0546002D9A
:105AC000F5D1D9F82000216D20F480300843C9F8C1
:105AD0002000E078800608D504F12800022102F0B9
:105AE00053FE002818BF4FF00108D4E900108A03C4
:105AF00040F18280E26F6FF0010303EB3223022B4F
:105B00000AD34FEA32233BB1012B6BD1D9F80030D5
:105B100043F40033C9F80030002D66D0CA026ED4B9
:105B20008A0277D44A0000F18080CA0F40F08D804D
:105B3000090200F19580C00707D004F10800002198
:105B400002F092FD002818BF05462079800707D58E
:105B500004F10800012102F087FD002818BF054666
:105B60002079400707D504F10800022102F07CFDEE
:105B7000002818BF05462079000707D504F1280042
:105B8000002102F001FE002818BF05462079C0065A
:105B900007D504F12800012102F0F6FD002818BF06
:105BA00005462079800607D504F12800022102F07D
:105BB000EBFD002818BF0125002D18BF0125284640
:105BC00001B0BDE8F0830125002D7FF470AF78E7C8
:105BD0000125002D7FF430AF1CE70125002D7FF457
:105BE00054AF40E70125002D98D1D9F8283023F48F
:105BF00040731A43C9F828204546CA0290D5D9F8FF
:105C00002420236F22F000421A43C9F824208A027C
:105C10007FF588AFD9F82420A36E22F080721A4352
:105C2000C9F824204A007FF580AF59F81C2C22F4D3
:105C3000004249F81C2CD4F8B42059F81C3C1A43F3
:105C400049F81C2CCA0F3FF473AFD9F82020636DBC
:105C500022F040521A43C9F8202009027FF56BAFA9
:105C6000D9F82810D4F8882021F440011143C9F84C
:105C70002810C0077FF461AF67E74FF6CF73D4F801
:105C8000B00059F81C2CC0F2FF0300F4407122F45C
:105C90007C5203EA1013B1F5407F08BF1A436FF33B
:105CA0001F3049F81C2CD9F844100843C9F84400A7
:105CB0006AE50000000000002DE9F04381B00028F3
:105CC00000F0F88042F200080446C5F20028894638
:105CD000D8F8000000F00F0081420ED9D8F800007B
:105CE00020F00F0040EA0900C8F80000D8F80000D2
:105CF00000F00F00484540F0DD80206844F218476E
:105D00004107C5F602070AD521693A6802F0700218
:105D1000914204D93A6822F07002114339600107B8
:105D20000AD561697A6802F07002914204D97A68F2
:105D300022F0700211437960C1060AD5A1697A6820
:105D400002F4E062914204D97A6822F4E0621143DD
:105D5000796081060AD5E169BA6802F07002914261
:105D600004D9BA6822F070021143B96081070AD5DC
:105D7000E1683A6802F00F02914204D93A6822F0D1
:105D80000F0211433960C00740F08080206881070E
:105D90000AD5E1683A6802F00F02914204D23A68EB
:105DA00022F00F0211433960D8F8001001F00F0102
:105DB00089450DD2D8F8001021F00F0141EA090100
:105DC000C8F80010D8F8001001F00F01494571D152
:105DD00041070AD521693A6802F07002914204D263
:105DE0003A6822F070021143396001070AD56169EF
:105DF0007A6802F07002914204D27A6822F070024E
:105E000011437960C1060AD5A1697A6802F4E0629B
:105E1000914204D27A6822F4E062114379608006EC
:105E20000AD5E069B96801F07001884204D2B96806
:105E300021F070010843B86000F01AF9396849F69A
:105E4000CE12C0F60102C1F30321515C3B6803F09E
:105E50000F0301F01F01D25C20FA01F102F01F00D4
:105E600040F22C02C2F2004221FA00F0106040F22F
:105E7000101040F22802C2F20040C2F20042006854
:105E8000116001B0BDE8F043FEF76AB9386820F44C
:105E90007061D4E9010211433960012857F8181CD8
:105EA0000CD0032804D0022828D1890302D507E0AA
:105EB000890105D4012001B0BDE8F083C905F9D5F9
:105EC00057F8081C21F00701084347F8080CFEF7B3
:105ED000FBF8064641F2883557F8080C616800F077
:105EE0003800B0EBC10F3FF451AFFEF7EDF8801B67
:105EF000A842F1D9032001B0BDE8F0834907D9D504
:105F0000DEE70000000000003F22026044F2184279
:105F1000C5F6020252F8083C03F007034360136819
:105F200003F470638360136803F00F03C3601368A6
:105F300003F070030361536803F070034361536817
:105F400003F4E0638361926802F07002C26142F27E
:105F50000000C5F20020006800F00F0008607047E4
:105F600080B500F085F844F2184149F6CE13C5F625
:105F70000201C0F601030A68C2F303229A5C0968B1
:105F800001F00F0102F01F02595C20FA02F201F049
:105F90001F0040F22C01C2F2004122FA00F008601A
:105FA00040F22801C2F200410A6080BD00000000FA
:105FB00080B500F05DF844F2184C49F6CE13C5F6F2
:105FC000020CC0F60103DCF80020C2F303229A5C45
:105FD000DCF8001001F00F0102F01F02595CD04004
:105FE00040F22C02C2F2004201F01F0120FA01F13E
:105FF000116040F22802C2F200421060DCF8040096
:10600000C0F30210185C00F01F0021FA00F080BD00
:1060100080B500F02DF844F2184C49F6CE13C5F6C1
:10602000020CC0F60103DCF80020C2F303229A5CE4
:10603000DCF8001001F00F0102F01F02595CD040A3
:1060400040F22C02C2F2004201F01F0120FA01F1DD
:10605000116040F22802C2F200421060DCF8040035
:10606000C0F30220185C00F01F0021FA00F080BD90
:1060700044F20041C5F602010869C0F3C2000328DA
:1060800014D002280DD088BB0868800649F20000B1
:10609000C0F2D03058BF70470968C1F3C101C84091
:1060A000704747F64000C0F27D1070478B6A886ADF
:1060B000D1F82CC04A6BC0F30510E0B1C2F3CC029A
:1060C00003F0030300EE102A9FED291AB8EE400AF0
:1060D00020EE010A9FED271ADFE803F0021F0F1FD1
:1060E0000A6892060CD49FED251A16E040F60010BF
:1060F000C0F23D007047002070479FED1F1A0CE072
:106100000A6849F20003C0F2D033C2F3C10223FA95
:1061100002F201EE102AB8EE411A0A6B9FED183A0E
:106120006FF35F2202EE102A5FEACC7203FE000AD0
:1061300003EE100A086BB8EE422AC0F34620B8EE10
:10614000433A013030EE020AB7EE002A81EE031A1C
:1061500030EE020A21EE000A01EE100AB8EE411AF2
:1061600080EE010ABCEEC00A10EE100A704700BFB4
:10617000000000390024744A20BCBE4B0024744C3B
:1061800000000000000000002DE9F04381B000286D
:1061900000F097818046007844F20049C007C5F6B8
:1061A000020954D0D9F8100000F03801D9F82800BD
:1061B000102905D018290CD100F00300022808D1BD
:1061C000D9F8000080033ED5D8F80400D8BB0127D9
:1061D0002CE0D8F80450D9F800002DB1B5F5A02F67
:1061E0000BD0B5F5803F0ED020F48030C9F8000008
:1061F000D9F8000020F4802007E040F48020C9F89E
:106200000000D9F8000040F48030C9F80000FDF724
:106210005BFF002D054612D0D9F80000800312D490
:10622000FDF752FF401B6428F6D90327002070B900
:106230008CE100BFFDF748FF401B6428F5D8D9F872
:1062400000008003F6D40120002800F07F8198F838
:10625000000080076AD5D9F8100010F03801D9F88D
:1062600028001DD0182908BF5FEA807018D0D8F820
:106270000C00D9F80010002840D021F01901084383
:10628000C9F80000FDF720FF054600BFD9F800005F
:10629000400727D4FDF718FF401B0228F6D91EE05F
:1062A000D9F80000400704D5D8F80C00002800F009
:1062B000AC81D9F80000D8F80C1020F01900084380
:1062C000C9F80000FDF700FF054600BFD9F800003F
:1062D000400707D4FDF7F8FE401B0228F6D9032734
:1062E000002420E0D9F80400D8F8101020F0FE4077
:1062F000012440EA0160C9F8040014E021F0010023
:10630000C9F80000FDF7E0FE05460126D9F80000B7
:1063100010F0040086EA900405D0FDF7D5FE401B7E
:106320000228F3D90327002C00F0108198F8000010
:10633000C00656D5D9F8100000F03801D9F8280069
:10634000082905D0182917D100F00300012813D11E
:10635000D9F80000C00503D5D8F81C0080283BD12F
:10636000D9F80C00D8F8201020F07C50012440EA25
:106370000160C9F80C0031E0D8F81C000028D9F8F9
:10638000000012D040F08000C9F80000FDF79CFE2C
:10639000054600BFD9F80000C005E1D4FDF794FE22
:1063A000401B0228F6D9032717E020F08000C9F827
:1063B0000000FDF789FE0546012600BFD9F8000060
:1063C00010F4807086EA102408D0FDF77DFE401B93
:1063D0000228F3D9032701E001270024002C00F054
:1063E000B58098F8000000076DD498F8000080068A
:1063F00000F1818098F80000400700F19480D8F8FF
:106400002440002C5BD0D9F8100000F03800182888
:1064100040F0D980012CD9F82810D9F8300050D09C
:1064200001F00302D8F828309A424AD1C1F305118D
:10643000D8F82C20914244D10146D8F830206FF38F
:106440005F21013A91423CD1C0F34622D8F8341082
:1064500001398A4235D1C0F30642D8F838100139E3
:106460008A422ED1C0F30660D8F83C100139884228
:1064700027D1D9F83400D8F84810C0F3CC008142B5
:106480001DD0D9F82C0020F00100C9F82C00FDF730
:106490001BFE0546FDF718FEA842FBD0D9F83400D4
:1064A0004FF6F871D8F84820884340EAC200C9F88E
:1064B0003400D9F82C0040F00100C9F82C00002766
:1064C00044E0012742E0D8F814000028D9F874000D
:1064D00040D040F00100C9F87400FDF7F5FD054615
:1064E000D9F8740080073FF580AFFDF7EDFD401B44
:1064F0000228F5D929E0D8F818000028D9F80000BA
:106500004DD040F48050C9F80000FDF7DDFD054690
:10651000D9F8000080043FF56DAFFDF7D5FD401BB5
:106520000228F5D911E0D9F8000440F48070C9F8C8
:106530000004FDF7C9FD0546D9F80004C0051CD4C8
:10654000FDF7C2FD401B6428F6D90327F8B201B05D
:10655000BDE8F08320F00100C9F87400FDF7B4FD38
:1065600005460327D9F8740080077FF53EAFFDF795
:10657000ABFD401B0228F5D9E8E7D8F80850D9F858
:1065800070001DB1052D42D0012D46D020F0010034
:10659000C9F87000D9F8700020F004003FE020F442
:1065A0008050C9F80000FDF78FFD0546032700BFA6
:1065B000D9F8000080047FF51DAFFDF785FD401B75
:1065C0000228F5D9C2E7D9F8000020F08070C9F898
:1065D0000000FDF779FD022C05464FF0030709D1B5
:1065E000D9F8000080013CD5FDF76EFD401B022864
:1065F000F6D9ABE7D9F8000080017FF560AFFDF771
:1066000063FD401B0228F5D9A0E7012768E640F0AA
:106610000400C9F87000D9F8700040F00100C9F812
:106620007000FDF751FD002D054641F288344FF012
:10663000030711D0D9F8700080073FF5E0AEFDF7F1
:1066400043FD401BA042F5D980E700BFFDF73CFDAC
:10665000401BA0423FF67AAFD9F870008007F5D40E
:10666000CDE608F12807D9F8280040F2F331884335
:106670008ECF0843591E40EA02104FF47E426FF35A
:106680005F21C9F8280002EB47204FF4FE0280B2D8
:10669000D8F83C300844D8F8381002EB01414FF0EC
:1066A000FE4201F4FE0102EB0362084402F0FE41E7
:1066B0000844C9F83000D9F82C004FF6F87120F0E2
:1066C0000100C9F82C00D9F83400D8F848208843D4
:1066D00040EAC200C9F83400D9F82C00D8F84010BC
:1066E00020F00C000843C9F82C00D9F82C00D8F889
:1066F000441020F002000843C9F82C00D9F82C00FF
:1067000040F48030C9F82C00D9F82C0040F4003057
:10671000C9F82C00D9F82C0040F48020C9F82C00CE
:10672000D9F82C0040F00100C9F82C00D9F800007D
:1067300040F08070C9F80000FDF7C6FC044603274E
:10674000D9F8000080013FF5BAAEFDF7BDFC001B93
:106750000228F5D9FAE600007047000000000000AA
:1067600070470000000000007047000000000000BB
:1067700090F83C20012A4FF0020269D0B0B5012305
:1067800080F83C3080F83D2040F2004C0268C4F2B2
:10679000010C42F4806363455368D2F808E002BFFD
:1067A00023F470034C6823434DF6FF740D68C4F264
:1067B000000423F07003A24243EA0503536014DC93
:1067C00040F2FF73C4F200039A4222DD40F6000358
:1067D000C4F200039A422ED040F60043C4F20003F4
:1067E0009A4228D041F6000321E04FF6FF73C4F22D
:1067F00000039A4213DD0023C4F201039A421AD027
:1068000044F20003C4F201039A4214D0624512D04C
:1068100016E0B2F1804F0ED040F2004307E04EF296
:106820000003C4F200039A4205D04EF20043C4F2C2
:1068300000039A4204D12EF08003896819439160C5
:106840000022012180F83D1080F83C20BDE8B040D6
:10685000104670470000000060B310B5044690F881
:106860003D0028B9002084F83C00204600F024F8C0
:10687000022084F83D002068211D02F035F9012036
:1068800084F8480084F83E0084F83F0084F8400013
:1068900084F8410084F8420084F8430084F84400FE
:1068A00084F8450084F8460084F8470084F83D00E9
:1068B000002010BD0120704710B582B0006800F1C3
:1068C00040404FEAB020072854D8DFE800F00453D6
:1068D00028535316533A44F2E8400022C5F602000A
:1068E0001C24016841F0010101600068052100F0ED
:1068F0000100019001981C2034E044F2E84000229D
:10690000C5F602003724016841F0200101600068EB
:10691000072100F0200001900198372022E044F286
:10692000E8400022C5F602001E24016841F004017F
:1069300001600068032100F00400019001981E200E
:1069400010E044F2E8400022C5F602002C24016861
:1069500041F0800101600068072100F08000019093
:1069600001982C20FDF7CCFC204602B0BDE8104079
:10697000FDF7B2BC02B010BD90F83D1001291ED148
:10698000022180F83D1001684DF6FF70C4F200004E
:10699000814216DC40F2FF70C4F20000814228DD23
:1069A00040F60000C4F20000814234D040F60040BE
:1069B000C4F2000081422ED041F6000027E0012001
:1069C00070474FF6FF70C4F20000814217DD0020CF
:1069D000C4F2010081421ED044F20000C4F2010062
:1069E000814218D040F20040C4F20100814212D02E
:1069F0001DE0B1F1804F0ED040F2004007E04EF2B2
:106A00000000C4F20000814205D04EF20040C4F202
:106A1000000081420BD107228868C0F201020240C7
:106A20000020062A18BFB2F5803F00D170470868E1
:106A300040F00100086000207047000000000000E6
:106A400090F83D10012922D1022180F83D10016803
:106A50004DF6FF70C4F200008142C86840F00100AA
:106A6000C86016DC40F2FF70C4F20000814228DDED
:106A700040F60000C4F20000814234D040F60040ED
:106A8000C4F2000081422ED041F6000027E0012030
:106A900070474FF6FF70C4F20000814217DD0020FE
:106AA000C4F2010081421ED044F20000C4F2010091
:106AB000814218D040F20040C4F20100814212D05D
:106AC0001DE0B1F1804F0ED040F2004007E04EF2E1
:106AD0000000C4F20000814205D04EF20040C4F232
:106AE000000081420BD107228868C0F201020240F7
:106AF0000020062A18BFB2F5803F00D17047086811
:106B000040F0010008600020704700000000000015
:106B100090F83C20012A4FF0020200F0A78080B5D7
:106B2000012380F83C3080F83D208822D0F800C056
:106B3000CFF6CE72DCF808301A40CCF808200B688B
:106B40006F2B0CDDB3F1101F34DAB3F5005F69DA97
:106B5000702B00F0AF80B3F5805F7ED0D0E02F2B9C
:106B600032DD4F2B37DC302B6BD0402B40F0C88010
:106B7000D1F804E0C968DCF82030DCF8202022F0ED
:106B80000102CCF82020DCF8182022F0F00242EAC2
:106B9000011123F00A02CCF8181042EA0E01CCF8D9
:106BA00020104FF68872DCF80810CFF6CF72114033
:106BB000473150E02F21C0F210018B4237DCB3F196
:106BC000101F3ED0202138E0002B18BF102B38D0EA
:106BD000202B36D094E0502B4AD0602B40F0908090
:106BE000D1F804E0C968DCF82030DCF8202022F07D
:106BF0001002CCF82020DCF8182022F4704242EA7F
:106C0000013123F0A002CCF8181042EA0E11CCF8A2
:106C100020104FF68872DCF80810CFF6CF721140C2
:106C2000673118E059D0B3F5801F0AD068E03021F1
:106C3000C0F210018B4204D04021C0F210018B42FF
:106C40005ED14FF68872DCF80810CFF6CF72114093
:106C5000194341F00701CCF808100022012180F807
:106C60003D10002180F83C10BDE880401046704780
:106C7000D1F804E0C968DCF82030DCF8202022F0EC
:106C80000102CCF82020DCF8182022F0F00242EAC1
:106C9000011123F00A02CCF8181042EA0E01CCF8D8
:106CA00020104FF68872DCF80810CFF6CF72114032
:106CB0005731D0E701F1040E9EE80C40DCF80810D3
:106CC0001A4321F47F4142EA0E221143CCF8081006
:106CD000DCF8081041F07701BDE701F1040E9EE8F1
:106CE0000C40DCF808101A4321F47F4142EA0E22DE
:106CF0001143CCF80810DCF8081041F48041AAE7F1
:106D00000122ABE700000000704700000000000017
:106D1000F0B581B004460068C5680669B10716D5AC
:106D200015F0020113D06FF00201016101212177FA
:106D30008069800703D02046FFF7E6FF05E0204684
:106D400000F09AF8204600F09BF8002020777007AA
:106D500018D515F0040015D020686FF0040101610A
:106D600002212177806910F4407F03D02046FFF78D
:106D7000CBFF05E0204600F07FF8204600F080F8C9
:106D800000202077300717D515F0080014D02068B0
:106D90006FF00801016104212177C069800703D0E9
:106DA0002046FFF7B1FF05E0204600F065F82046D9
:106DB00000F066F800202077F00618D515F01000D6
:106DC00015D020686FF01001016108212177C0699A
:106DD00010F4407F03D02046FFF796FF05E02046E1
:106DE00000F04AF8204600F04BF800202077F0072A
:106DF00018BF15F0010006D020686FF00101016195
:106E0000204600F041F805F0800716F4025F18BF35
:106E1000002F02D1F00509D410E020686FF4025170
:106E200001612046FFF79CFCF00507D537B12068CB
:106E30006FF4807101612046FFF78EFC700609D562
:106E400015F0400006D020686FF040010161204637
:106E500000F02EF8B0060CD515F0200009D02068FF
:106E60006FF020010161204601B0BDE8F040FFF75E
:106E70007BBC01B0F0BD00007047000000000000C6
:106E8000704700000000000041F200020168C4F2F7
:106E90000002914201D0F9F77BBE10B50446FDF720
:106EA0001BF92046BDE81040F9F772BE0000000053
:106EB000704700000000000090F88410012901D103
:106EC000022070472421C0F8881001680A680B6806
:106ED00022F0005223F001030B60002343660A6096
:106EE0002021C0F8881080F884300020704700000E
:106EF00090F88410012901D10220704780B5242127
:106F0000C0F88810016849F6986CC0F6010C49F683
:106F1000A06E0A68C0F6010E0B6842F0005223F022
:106F200001030B604FF0005343660A608A6889686A
:106F3000490FC2F342621CF801301EF801101B0118
:106F4000B3FBF1F1A0F86A101CF802101EF8022041
:106F50000901B1FBF2F1A0F868102021C0F88810F7
:106F6000002180F88410002080BD00000000000097
:106F7000D0F88C30202B06D103460120002918BF01
:106F8000002A02D170470220704710B50120D86650
:106F90000020186718461C4602F0E2FC002818BFC3
:106FA00010BDE26E012A0ED1226821461023136221
:106FB0000A6852E8002F0B6842F0100243E80024F0
:106FC000002CF5D110BD012010BD00000000000014
:106FD0000CF07ABD000000007047000000000000C7
:106FE00090F88420012A01D102207047B0B5012316
:106FF00080F884302422C0F888200268D0F864E049
:10700000BEF1000FD2F800C0146824F0010414602F
:10701000946824F0606441EA040191601BD0916897
:1070200049F6986E9368C0F6010E5B0F49F6A065AD
:10703000C1F34261C0F601051EF80340EB5C240178
:10704000B4FBF3F3A0F86A301EF80130695C1B0151
:10705000B3FBF1F301E0A0F86A30A0F8683020211A
:10706000C2F800C0C0F88810002180F88410002009
:10707000B0BD00000000000090F88420012A01D17A
:1070800002207047B0B5012380F884302422C0F874
:1070900088200268D0F864E0BEF1000FD2F800C08A
:1070A000146824F001041460946824F0604441EAF8
:1070B000040191601BD0916849F6986E9368C0F600
:1070C000010E5B0F49F6A065C1F34261C0F60105F0
:1070D0001EF80340EB5C2401B4FBF3F3A0F86A3024
:1070E0001EF80130695C1B01B3FBF1F301E0A0F86D
:1070F0006A30A0F868302021C2F800C0C0F88810BB
:10710000002180F884100020B0BD000000000000C5
:107110007047000000000000704700000000000001
:107120000168CA69D20701D001220A62CA699207BE
:1071300001D502220A62CA69520701D504220A62F5
:10714000CA69120701D508220A62CA69D20502D5A6
:107150004FF480720A620CF02BBD000000000000AA
:1071600070B5046840F62F01E269114020292168BA
:10717000A66805D101F0200306F080555B1939D1CE
:1071800040F60F0313400DD0012340F22015C1F249
:107190000003C0F2004506EA030C01EA050313EB05
:1071A0000C032DD1D306C36E16D5012B14D111F0CB
:1071B000100311D010212162A168490600F1FB8063
:1071C000B0F85C10B0F85E20B0F85E30002B18BF4D
:1071D000914240F05A8170BDD30240F1CA8016F44A
:1071E000800300F0C6804FF480112162BDE870403A
:1071F000FFF792BF416F0029EDD0BDE8704008470E
:10720000D30718BF11F4807307D001232362D0F88D
:10721000903043F00103C0F89030930706F0010E60
:107220000AD5BEF1000F07D002232362D0F89030B8
:1072300043F00403C0F8903053070AD5BEF1000FA5
:1072400007D004232362D0F8903043F00203C0F843
:10725000903013070CD501F0200353EA0C0307D03C
:1072600008232362D0F8903043F00803C0F8903030
:1072700013050BD511F0806308D04FF4006323622F
:10728000D0F8903043F02003C0F89030D0F8903020
:10729000002BA0D092060AD501F0200106F0805202
:1072A000891804D0416F11B104468847204601680F
:1072B000D0F89020896802F0280201F04001891876
:1072C00006D10446FFF72CFF0020C4F8900070BDE3
:1072D000016851E8001F026821F4907142E8001330
:1072E000002BF5D14FF6FE71CEF6FF71026852E821
:1072F000022F03680A4043E80226002EF6D1C16E31
:10730000012909D1016851E8001F026821F010012C
:1073100042E80013002BF5D12021C0F88C10002189
:10732000C166026841679168490640F1A18000BFCB
:10733000016851E8021F026821F0400142E802138F
:10734000002BF5D1D0F88010002900F0918048F68C
:10735000F95204460846C0F600020A65FAF728FB0F
:1073600000283FF438AFD4F88000016DBDE87040CC
:107370000847130606D501F0800306F400069B19A2
:1073800040F0B380530677D511F0400374D000BFAE
:10739000016851E8001F026821F0400142E8001333
:1073A000002BF5D12021C0F8881000218167BDE8AD
:1073B000704000F091BCD0F88020116849688BB211
:1073C000002B4AD0B0F85C60B34246D2A0F85E1001
:1073D000D169B1F5807F34D0016851E8001F02689F
:1073E00021F4807142E80013002BF5D1016851E8C7
:1073F000021F026821F0010142E80213002BF5D1BF
:10740000016851E8021F026821F0400142E80213BE
:10741000002BF5D12021C0F88C100021C16600BFDF
:10742000016851E8001F026821F0100142E80013D2
:10743000002BF5D1D0F8801004460846FAF748F83A
:10744000204602210167B0F85C10B0F85E20891A6E
:1074500089B2BDE87040FFF7BBBDB0F85C1099423F
:107460007FF4B9AED269B2F5807F7FF4B4AE36E076
:10747000BDE87040FFF754BE13023DD511F08043C4
:107480003AD0BDE87040FFF743BE891A026852E85F
:10749000002F036822F4907243E80026002EF5D1F5
:1074A0004FF6FE72CEF6FF72036853E8023F06689D
:1074B000134046E80235002DF6D12022C0F88C207A
:1074C0000022C266426700BF026852E8002F0368CC
:1074D00022F0100243E80026002EF5D189B20222E4
:1074E0000267BDE87040FFF773BD816F00293FF46C
:1074F00072AEBDE870400847D2017FF56CAEB1F1C5
:10750000FF3FC8BF70BDBDE87040FFF765BD00001C
:1075100010B5D8B10446D0F8880028B9002084F806
:107520008400204600F028F82420C4F88800206851
:10753000A16A0268002922F00101016002D0204600
:1075400001F08AFB204601F0D7FF08B1012010BDF1
:107550002068416821F490414160816821F02A014E
:107560008160016841F0010101602046BDE81040E2
:1075700001F0E2BB000000002DE9F041B6B00021AF
:107580000446CDE93411CDE93211319102A8B82178
:10759000F9F74EF847F6FF312068C4F2000188423F
:1075A00040F3818041F20041C4F20101884200F0C1
:1075B000F28041F20001C4F20101884200F06581CD
:1075C00047F60041C4F20001884240F05B8102A806
:1075D00000260396022502951F96FDF7B9FE08B115
:1075E000F9F732FE44F2E04040F21008C5F602001E
:1075F000C4F20208816841F000418160816801F0B5
:10760000004101910199016841F010010160006899
:1076100031A900F0100001900198032061C140F2EF
:1076200000410820C5F60201359001F5406031A9FE
:107630003496FCF765FC42F21C4508F19000C2F25A
:1076400000454FF4806728605120C5E901062846AF
:10765000EE60C5E90476C5E90666C5E90866FBF78C
:1076600033F808B1F9F7F0FDC4F8805008F1A8002C
:10767000AC6342F29445C2F2004528605220686033
:107680004020A8600020C5E90307C5E90500C5E959
:10769000070068622846FBF717F800284FF05306EA
:1076A00040F0E480E4E044F20041C4F2000188428A
:1076B00000F0558144F60001C4F20001884240F018
:1076C000E18002A800260396022502951F96FDF789
:1076D0003FFE08B1F9F7B8FD44F2E04040F210086F
:1076E000C5F60200C4F20208816841F4802181607D
:1076F000816801F4802101910199016841F0020142
:107700000160006831A900F00200019001984FF477
:10771000406061C10720359040F2004031A9C5F6B4
:1077200002003496FCF7ECFB42F2EC6508F1300005
:10773000C2F200454FF4806728602D20C5E901069C
:107740002846EE60C5E90476C5E90666C5E908661F
:10775000FAF7BAFF08B1F9F777FDC4F8805008F1DD
:107760004800AC6342F26475C2F2004528602E20E6
:1077700068604020A8600020C5E90307C5E905004E
:10778000C5E9070068622846FAF79EFF00284FF017
:1077900027066BD16CE00120029002A80026039618
:1077A0002096FDF7D5FD08B1F9F74EFD44F2E04013
:1077B00040F21008C5F60200C4F20208016941F067
:1077C00020010161016901F0200101910199016825
:1077D00041F004010160006840F2004100F0040043
:1077E0000190C5F602010198C02031900220349624
:1077F000CDE932060720359001F5806031A9FCF70C
:107800007FFB42F2DC7508F58660C2F200454FF45A
:10781000806728604720C5E901062846EE60C5E973
:107820000476C5E90666C5E90866FAF74DFF08B1B2
:10783000F9F70AFDC4F8805008F58960AC6342F698
:107840005405C2F200452860482068604020A860C6
:107850000020C5E90307C5E90500C5E9070068621E
:107860002846FAF731FF4FF0470608B1F9F7ECFC6C
:10787000052100223046E567AC63FCF741FD304648
:10788000FCF72AFD36B0BDE8F0810120029002A885
:10789000002603962096FDF75BFD08B1F9F7D4FCAE
:1078A00044F2E04040F21008C5F60200C4F20208BB
:1078B000016941F010010161016901F010010191BC
:1078C0000199016841F002010160006831A900F0EE
:1078D000020001900198C02031900220CDE93206CB
:1078E0000720359040F200403496C5F60200FCF7C0
:1078F00007FB42F20C552920C2F200454FF4806785
:10790000C5E901062846C5F80080EE60C5E90476A1
:10791000C5E90666C5E90866FAF7D6FE08B1F9F7C3
:1079200093FCC4F8805008F11800AC6342F284550F
:10793000C2F2004528602A2068604020A86000202C
:10794000C5E90307C5E90500C5E9070068622846DF
:10795000FAF7BAFE00284FF0250687D188E702A87B
:1079600000260396022502951F96FDF7F1FC08B14B
:10797000F9F76AFC44F2E04040F21008C5F6020054
:10798000C4F20208816841F400318160816801F429
:10799000003101910199016841F00801016000681E
:1079A00031A900F0080001900198602061C140F207
:1079B00000410720C5F60201359001F5006031A9AC
:1079C0003496FCF79DFA42F2FC5508F58060C2F24D
:1079D00000454FF4806728602B20C5E90106284642
:1079E000EE60C5E90476C5E90666C5E90866FAF7FA
:1079F0006BFE08B1F9F728FCC4F8805008F58360E5
:107A0000AC6342F27465C2F2004528602C206860C5
:107A10004020A8600020C5E90307C5E90500C5E9C5
:107A2000070068622846FAF74FFE00284FF0260646
:107A30007FF41CAF1CE70000D0F88C30202B0AD15B
:107A400094460A4600294FF0010118BFBCF1000F0F
:107A500004D10846704702210846704710B54FF020
:107A6000000EC0F86CE040F600440368C5F6000460
:107A7000A3420DD05B681B020AD500BF036853E820
:107A8000003F046843F0806344E800310029F5D1E9
:107A900082652221A0F85CC0C0F890E0C0F88C108C
:107AA000D0F8803013B348F6D16148F65974C0F667
:107AB0000001C0F60004C3E90F1448F60961002470
:107AC000C0F60001C3E913140168044624311846C6
:107AD0006346FBF719F90146204639B11021C0F879
:107AE00090102021C0F88C10012120E0016949B1DB
:107AF000016851E8001F026841F4807142E80013F8
:107B0000002BF5D1016851E8021F026841F0010124
:107B100042E80213002BF5D1016851E8021F026808
:107B200041F0400142E80213002BF5D10021BDE8ED
:107B30001040084670470000D0F88C30202B06D14A
:107B40000123002918BF002A03D1184670470220DC
:107B5000704780B50023C36640F60043D0F800C0EC
:107B6000C5F600039C450FD0DCF804301B020BD592
:107B7000036853E800CFD0F800E04CF080634EE893
:107B8000003CBCF1000FF3D101F03AFF0023BDE847
:107B9000804018467047000010B541F2D411C2F27F
:107BA00000410978002908BF10BD41F2D814C2F283
:107BB000004403E0013904F104042ED02268002AB5
:107BC000F8D053688342F5D19189A9B1906800F04B
:107BD0001F02BFF34F8F11444EF65C722031CEF27C
:107BE000000200BF20391060202900F12000F9DCDC
:107BF000BFF34F8FBFF36F8F20680368828981685E
:107C00001B6898472068817B82890129D0E901019E
:107C100004D1BDE81040FFF70FBF10BDBDE8104014
:107C2000FFF78ABF0000000070470000000000005E
:107C3000D0F88830202B07D113460122002918BF25
:107C4000002B04D11046704702221046704710B531
:107C500001650022A0F854302124A0F85630C0F865
:107C60009020C0F88840D0F87CC0BCF1000F20D034
:107C700048F6797E48F6B974C0F6000EC0F60004E6
:107C8000CCE90FE448F60964C0F60004CCE91342DD
:107C90000268044628326046FBF736F80146204663
:107CA00039B11021C0F890102021C0F888100122AD
:107CB0000DE0016840220A62016851E8021F026873
:107CC00041F0800142E80213002BF5D10022BDE80B
:107CD0001040104670470000704700000000000090
:107CE0007047000000000000FEE7000000000000F8
:107CF00080B542F2043044F20041C2F20040C4F6C2
:107D000002010160F9F768FB002808BF80BDBDE8EB
:107D10008040F9F799BA000080B582B044F2D840AB
:107D20000022C5F60200016841F00101016001680E
:107D300001F0010101910199016841F00201016026
:107D40000068052100F00200009000980B20FCF76D
:107D5000D7FA0B20FCF7C0FA0C2005210022FCF713
:107D6000CFFA0C20FCF7B8FA0D2005210022FCF711
:107D7000C7FA0D20FCF7B0FA0E2005210022FCF70F
:107D8000BFFA0E20FCF7A8FA0F2005210022FCF70D
:107D9000B7FA0F20FCF7A0FA102005210022FCF70B
:107DA000AFFA1020FCF798FA112005210022FCF709
:107DB000A7FA1120FCF790FA2F2005210022FCF7EA
:107DC0009FFA2F20FCF788FA382005210022FCF7C3
:107DD00097FA3820FCF780FA392005210022FCF7B9
:107DE0008FFA3920FCF778FA3A2005210022FCF7B7
:107DF00087FA3A20FCF770FA3B2005210022FCF7B5
:107E00007FFA3B2002B0BDE88040FCF765BA000075
:107E100080B542F610104AF20001C2F20040C4F2EE
:107E200000014FF0010C022301600021C0E90211A2
:107E3000C0F80F104FF00F0EC0F814C00922836174
:107E4000C0F81CE0C0E9082CC0E90A3EC0E90C21DA
:107E5000C0E90E330822026404238366C0E91132AC
:107E6000C0E91331C0E915311D22C2650322C0E902
:107E70001821FBF751FC002808BF80BDBDE88040F9
:107E8000F9F7E2B90000000080B542F6B0104AF2FE
:107E90000041C2F20040C4F200014FF0010C022385
:107EA00001600021C0E90211C0F80F104FF00F0E61
:107EB000C0F814C009228361C0F81CE0C0E9082C96
:107EC000C0E90A3E02634FF48062C0E90D23C36338
:107ED000082202640423C0E91132C0E91331C0E969
:107EE00015311D22C26503228366C0E91821FBF704
:107EF00013FC002808BF80BDBDE88040F9F7A4B995
:107F000080B542F650204DF20041C2F20040C4F26A
:107F100000014FF0010C022301600021C0E90211B1
:107F2000C0F80F104FF00F0EC0F814C00922836183
:107F3000C0F81CE0C0E9082CC0E90A3E02634FF417
:107F40000062C0E90D23C363082202640423C0E970
:107F50001132C0E91331C0E915311D22C265032277
:107F60008366C0E91821FBF7D7FB002808BF80BD56
:107F7000BDE88040F9F768B980B548F6D90049F600
:107F8000B062C0F60000C0F6010200210FF044F913
:107F900041F6A851C2F20041086080BD0000000017
:107FA0002DE9F04786B044F2E0404FF00009C5F6F5
:107FB0000200CDF81490CDE90399CDE9019901684B
:107FC00041F6000441F0100101600168C5F60204A9
:107FD00001F0100100910099016841F02001016059
:107FE0000168002201F0200100910099016841F030
:107FF0008001016001684FF0800801F0800100916C
:108000000099016841F001010160016801F001017E
:1080100000910099016841F040010160016801F0A0
:10802000400100910099016841F00201016001687E
:1080300001F0020100910099016841F0080101601E
:10804000016801F0080100910099016841F0040104
:1080500001600068802100F0040000900098204634
:10806000FCF72AF801AD0C20CDE90109A4F5006068
:10807000294601270397FBF743FFA4F580664FF4D9
:1080800080700190304629464FF4881ACDE902A944
:10809000FBF736FF4FF400702946CDE9010A304660
:1080A0000397FBF72DFF04202946CDE9010AA4F52B
:1080B000C0500397FBF724FF03202946CDE90109AF
:1080C00020460397FBF71CFFA4F540664FF4405091
:1080D000CDE90109304629460397FBF711FF4FF41C
:1080E00040402946CDE9010A30460397FBF708FFD7
:1080F00060202946CDE9010A204602260396FBF7B7
:10810000FFFE20462946CDE90187CDE90396FBF71E
:10811000F7FE082004210022FCF7F2F80820FCF703
:10812000DBF8172004210022FCF7EAF81720FCF7FF
:10813000D3F8282004210022FCF7E2F82820FCF7DD
:10814000CBF806B0BDE8F08780B542F6D47041F6B2
:108150000041C2F20040C4F2000140F2CF7201605F
:108160004FF48971416000218160C0E90321816180
:10817000FEF772FB002808BF80BDBDE88040F9F71C
:1081800063B800000000000080B588B043F2200012
:108190000021C2F200400791CDE90511CDE903119C
:1081A000CDE901114FF0804202604FF48972816184
:1081B000C0E901214FF0FF32C0E90321FEF74CFB7B
:1081C00008B1F9F741F84FF48050049043F22000D1
:1081D00004A9C2F20040FEF79BFC08B1F9F734F89D
:1081E00000200190039043F22000C2F2004001A958
:1081F000FEF7BEFA08B1F9F727F808B080BD000015
:1082000080B588B043F26C0040F60002C2F2004034
:1082100000210791C4F20002CDE90511CDE9031157
:10822000CDE9011102604FF48972C0E9012140F2E9
:10823000CF728161C0E90321FEF70EFB08B1F9F7A7
:1082400003F84FF48050049043F26C0004A9C2F28A
:108250000040FEF75DFC08B1F8F7F6FF0020019042
:10826000039043F26C00C2F2004001A9FEF780FACD
:1082700008B1F8F7E9FF08B080BD00000000000079
:1082800010B584B043F2041041F20041C2F2004044
:1082900000240394C4F20001CDE9014401604FF4CD
:1082A0008971C0E9011440F2E731C1608461FEF7D1
:1082B000D3FA08B1F8F7C8FF43F2041001A9C2F2DB
:1082C000004001940394FEF753FA08B1F8F7BCFF9D
:1082D00004B010BD0000000080B543F2A03047F6A6
:1082E0000041C2F20040C4F200010C2201604FF4D0
:1082F000E13141600021C0E902110161C0E90521BD
:10830000C0E90711C0E90911FFF702F908B1F8F750
:108310009BFF43F2A0300021C2F20040FEF7ACFE0A
:1083200008B1F8F791FF43F2A0300021C2F20040FB
:10833000FEF756FE08B1F8F787FF43F2A030C2F20D
:108340000040FEF7B9FD002808BF80BDBDE88040B1
:10835000F8F77ABF0000000080B543F2501041F2F8
:108360000001C2F20040C4F201010C2201604FF48E
:10837000E13141600021C0E902110161C0E905213C
:10838000C0E907114162102181624FF48051C1633D
:10839000FFF7BEF808B1F8F757FF43F2501000217D
:1083A000C2F20040FEF768FE08B1F8F74DFF43F255
:1083B00050100021C2F20040FEF712FE08B1F8F79B
:1083C00043FF43F25010C2F20040FEF791FD002837
:1083D00008BF80BDBDE88040F8F736BF0000000050
:1083E00080B543F2E41044F20041C2F20040C4F20E
:1083F00000010C2201604FF4E13141600021C0E92D
:1084000002110161C0E90521C0E90711C0E90911A4
:10841000FFF77EF808B1F8F717FF43F2E4100021E8
:10842000C2F20040FEF728FE08B1F8F70DFF43F254
:10843000E4100021C2F20040FEF7D2FD08B1F8F7C7
:1084400003FF43F2E410C2F20040FEF735FD0028BE
:1084500008BF80BDBDE88040F8F7F6BE0000000010
:1084600080B543F2782044F60001C2F20040C4F225
:1084700000010C2201604FF4E13141600021C0E9AC
:1084800002110161C0E90521C0E907114162102113
:1084900081624FF48051C163FFF73AF808B1F8F7F1
:1084A000D3FE43F278200021C2F20040FEF7E4FD43
:1084B00008B1F8F7C9FE43F278200021C2F200406B
:1084C000FEF78EFD08B1F8F7BFFE43F27820C2F246
:1084D0000040FEF7F1FC002808BF80BDBDE88040E9
:1084E000F8F7B2BE0000000080B543F20C3041F254
:1084F0000041C2F20040C4F201010C2201604FF4BD
:10850000E13141600021C0E902110161C0E90521AA
:10851000C0E90711C0E90911FEF7FAFF08B1F8F741
:1085200093FE43F20C300021C2F20040FEF7A4FD9E
:1085300008B1F8F789FE43F20C300021C2F2004086
:10854000FEF74EFD08B1F8F77FFE43F20C30C2F2A1
:108550000040FEF7B1FC002808BF80BDBDE88040A8
:10856000F8F772BE0000000080B542F2280040F229
:108570000801C2F20040C2F20041012201F05CFF9A
:1085800008B1F8F761FE42F2280040F23001C2F271
:108590000040C2F2004102F0CFF908B1F8F754FEF2
:1085A00042F2280040F2CC01C2F20040C2F2004187
:1085B00001F02AFD08B1F8F747FE42F22800C2F2A6
:1085C000004002F0E5F908B1F8F73EFEBDE8804052
:1085D000FCF77EBD00000000FEE700000000000088
:1085E000FEE700000000000042F6F020C2F200406A
:1085F000FCF736B80000000000000000000000009A
:10860000EFF30980BFF36F8F154B1A681EF0100F40
:1086100008BF20ED108A20E9F04F10602DE9090015
:108620004FF0500080F31188BFF34F8FBFF36F8F6F
:108630000FF082FE4FF0000080F31188BDE80900C2
:1086400019680868B0E8F04F1EF0100F08BFB0ECD2
:10865000108A80F30988BFF36F8F704700BF00BF97
:10866000186D002400000000F0B581B044F22C47E2
:10867000C5F6020757F8042C02F00302032A02D1C0
:10868000012001B0F0BD054657F82C0C0C4620F037
:10869000806047F82C0CFBF717FD064657F82C0CAA
:1086A000000105D5FBF710FD801B0228F6D964E018
:1086B00057F8040CEE6895E80E0020F47C30012C8D
:1086C00040EA0130A2F101016FF35F214FF47E42D5
:1086D00002EB432247F8040C92B24FF0FE4302EB48
:1086E00001004FF4FE012A6901EB064101F4FE018D
:1086F00003EB0262084402F0FE410844F860386867
:10870000696920F0C00040EA010038603868A96952
:1087100020F0200040EA0100386038684FF6F87118
:1087200020F0100038603869EA6920EA01004FF44F
:10873000001140EAC2003861386808BF4FF4801168
:1087400040F01000002C386008BF4FF4002138685A
:108750000843386057F82C0C40F0806047F82C0C28
:10876000FBF7B2FC044600BF57F82C0C000107D4FD
:10877000FBF7AAFC001B0328F6D3032001B0F0BDD1
:10878000002001B0F0BD0000F0B581B044F22C47EC
:10879000C5F6020757F8042C02F00302032A02D19F
:1087A000012001B0F0BD054657F82C0C0C4620F016
:1087B000805047F82C0CFBF787FC064657F82C0C2A
:1087C000800005D5FBF780FC801B0228F6D964E009
:1087D00057F8040CEE6895E80E0020F07C70012C30
:1087E00040EA0150A2F101016FF35F214FF47E4294
:1087F00002EB432247F8040C92B24FF0FE4302EB27
:1088000001004FF4FE012A6901EB064101F4FE016B
:1088100003EB0262084402F0FE41084478613868C4
:10882000696920F4406040EA010038603868A9694D
:1088300020F4007040EA0100386038684FF6F871A3
:1088400020F480703860B869EA6920EA01004FF0CE
:10885000807140EAC200B861386808BF4FF4000177
:1088600040F48070002C386008BF4FF480013868F5
:108870000843386057F82C0C40F0805047F82C0C17
:10888000FBF722FC044600BF57F82C0C800007D4ED
:10889000FBF71AFC001B0328F6D3032001B0F0BD40
:1088A000002001B0F0BD000000000000000000004A
:1088B000074B19680868B0E8F04F80F30988BFF3E8
:1088C0006F8F4FF0000080F31188704700BF00BF2A
:1088D000186D002400000000FFF746FE01200EF096
:1088E00053FCFBE70000000080B54EF21000CEF212
:1088F0000000006810F0C0FA012808BF80BDBDE884
:1089000080400FF0FDBD0000B0B59CB044F61804E7
:1089100009A84C21C5F60204F7F78AFE02200025BB
:10892000CDE90755CDE90555CDE90355CDE901550B
:10893000FCF7AAFB0095206820F4404020602068E6
:1089400000F440400090009820688004FCD521206D
:1089500009904FF480300A9001200F9002212C22C0
:10896000CDE9152004201491CDE917010C201990B0
:1089700009A80024CDE91211CDE91A44FDF704FC41
:1089800018B1EFF3108072B6FEE73F20019003208C
:108990004FF48061CDE90204082004904020CDE925
:1089A0000500CDE9071001A80321FDF785F920B1E5
:1089B000EFF3108072B600BFFEE71CB0B0BD000040
:1089C0004EF6885042F2000CCEF20000C5F2002CA8
:1089D000026842F470020260DCF8000000F00F0050
:1089E000062806D8DCF80000072262F30300CCF862
:1089F000000044F200404EF67F51C5F60200CEF66C
:108A0000F621026842F0010202600022026103685E
:108A100019400160DCF80010090706D5DCF80010E9
:108A2000072363F30301CCF8001040F200218261B8
:108A3000C261C0F20221026281620021C0F2FF1114
:108A4000C16240F28021C0F201110163426381637F
:108A5000C26301644264016821F4802101600266FE
:108A6000D0F8D410C90448BF7047D0F8D41043F2EE
:108A7000D20241F48051C0F8D41044F20001C5F292
:108A800000210A60D0F8D41021F48051C0F8D4102D
:108A9000704700000000000043F22000C2F20040D6
:108AA000FEF736B90000000043F26C00C2F200404D
:108AB000FEF72EB90000000043F2B800C2F20040F9
:108AC000FEF726B90000000043F20410C2F2004095
:108AD000FEF71EB90000000042F6D470C2F200405A
:108AE000FEF716B90000000010B540F6FF32D0F8CE
:108AF00000E0C4F2000290420FDCB0F1804F1DD0C4
:108B000040F20043C4F20003984217D040F600033D
:108B1000C4F20003984211D015E040F60043C4F2BD
:108B2000000398420AD040F20043C4F20103984285
:108B300004D00023C4F20103984204D12EF0700245
:108B40004B6843EA020E4EF2FF3343F6FF7CC4F259
:108B50000003C4F2010C98420FDD604522DC4EF2A6
:108B60000043C4F20003984238D00023C4F201034A
:108B7000984233D040F2004322E040F2FF73C4F247
:108B80000003984221DD40F60003C4F2000398423E
:108B900024D040F60043C4F2000398421ED04EF2A7
:108BA000000317E044F20003C4F20103984215D019
:108BB00044F60003C4F2010398420FD044F200438C
:108BC000C4F20103984209D00DE0B0F1804F05D006
:108BD00040F20043C4F20003984204D12EF44072E4
:108BE000CB6843EA020E4B6960450A688C68C46230
:108BF00082620EDD44F20002C4F20102904213D000
:108C000044F60002C4F2010290420DD044F2004248
:108C100006E00022C4F20102904205D040F2004278
:108C2000C4F20102904201D109690163016841F077
:108C300004010160012141612EF0800119430160AE
:108C400010BD00000000000043F2A030C2F200405E
:108C5000FEF786BA00000000816A0A070CD4CA0732
:108C600015D18A071ED44A0727D4CA0630D48A06EB
:108C700039D44A0642D454E00268D0F838C0536868
:108C800023F4004343EA0C035360CA07E9D00268A7
:108C9000D0F82CC0536823F4003343EA0C0353602C
:108CA0008A07E0D50268D0F830C0536823F48033D7
:108CB00043EA0C0353604A07D7D50268D0F834C0A2
:108CC000536823F4802343EA0C035360CA06CED5CD
:108CD0000268D0F83CC0936823F4805343EA0C0345
:108CE00093608A06C5D50268D0F840C0936823F423
:108CF000005343EA0C0393604A0612D50268D0F889
:108D000044C0BCF5801F536823F4801343EA0C036E
:108D1000536006D1536823F4C00C836C43EA0C0300
:108D20005360090658BF70470168C06C4A6822F456
:108D30000022104348607047B0B582B0044600205E
:108D4000C4F89000FBF7C0F92168054609680907D7
:108D500018D54FF4001100226FF07E40009020469D
:108D60002B4600F0DDFE68B1206850E8000F216856
:108D700020F0800041E80002002AF5D103202021E4
:108D8000882230E020680068400723D54FF4800136
:108D900000226FF07E40009020462B4600F0C0FE7F
:108DA000C0B100BF206850E8000F216820F4907027
:108DB00041E80002002AF5D1206850E8020F21683E
:108DC00020F0010041E80202002AF5D10320202111
:108DD0008C2208E02020C4F88800C4F88C00002110
:108DE00070220020E166A150002184F8841002B0B6
:108DF000B0BD000000000000806B0021A0F85E10F4
:108E0000FEF78EB900000000806B0368D0F8882060
:108E1000D0F88CC09B681B061BD5212A19D10022D3
:108E2000A0F85620026852E8002F036822F0C00222
:108E300043E800210029F5D1016851E8021F0268CA
:108E400021F4000142E80213002BF5D12021C0F8E3
:108E5000881001688968490632D5BCF1220F2FD1EC
:108E60000021A0F85E1000BF016851E8001F0268F1
:108E700021F4907142E80013002BF5D14FF6FE7CEF
:108E8000CEF6FF7C026852E8022F036802EA0C0269
:108E900043E802210029F5D1C16E01290AD100BFA2
:108EA000016851E8001F026821F0100142E8001338
:108EB000002BF5D12021C0F88C100021C16641673C
:108EC000D0F8901041F01001C0F89010FEF728B9CA
:108ED000C169806BB1F5807F30D00021A0F85E10B1
:108EE000016851E8001F026821F4807142E8001314
:108EF000002BF5D1016851E8021F026821F0010141
:108F000042E80213002BF5D1016851E8021F026804
:108F100021F0400142E80213002BF5D12021C0F8D6
:108F20008C10C16E012909D1016851E8001F026847
:108F300021F0100142E80013002BF5D10021016758
:108F4000C16E012903D1B0F85C10FEF741B8FEF7FD
:108F500023BE000000000000806B01210167C16E8C
:108F6000012904D1B0F85C104908FEF731B8FEF7CA
:108F70005BBE000000000000C169806BB1F5807F1E
:108F800001D1FEF7A9BE0021A0F85610016851E8F2
:108F9000021F026821F0800142E80213002BF5D184
:108FA000016851E8001F026841F0400142E80013E7
:108FB000002BF5D170470000806BFEF791BE0000DA
:108FC000B0F860200168D0F88C30222B58D1496A63
:108FD000836D114023F8021B8365B0F85E100139E0
:108FE000A0F85E10B0F85E10002918BF704700BFEF
:108FF000016851E8001F026821F4907142E80013F3
:10900000002BF5D1016851E8021F026821F001012F
:1090100042E80213002BF5D12021C0F88C1000216A
:109020004167016740F600420168C5F600029142BF
:109030000CD04968090209D5016851E8001F02688F
:1090400021F0806142E80013002BF5D1C16E0129A7
:109050001BD10021C16600BF016851E8001F0268F2
:1090600021F0100142E80013002BF5D10168CA6914
:10907000D20601D510220A62B0F85C10FDF7A8BF35
:10908000886940F0080088617047FEF785BD0000E0
:109090002DE9F04F81B004460068B4F86050C6690D
:1090A00001688268D4F88C30222B40F0A580B4F897
:1090B0006800002800F0AA8001F4807802F001071F
:1090C0004FF000094FF0020B4FF0010A04E000BF1F
:1090D000B4F85E00002841D0B00640F197802068C7
:1090E000A16D426A2A4021F8022BA165B4F85E10F6
:1090F0000139A4F85E10C6697107E9D0F20718BFFC
:10910000B8F1000F02D1B2070AD412E0C0F820A0D3
:10911000D4F8902042F00102C4F89020B20708D59C
:109120003FB1C0F820B0D4F8902042F00402C4F857
:109130009020002908D53FB104210162D4F89000A5
:1091400040F00200C4F89000D4F890000028BFD08E
:109150002046FDF7E5FFC4F89090B9E7206850E895
:10916000000F216820F4807041E80002002AF5D148
:109170004FF6FE70CEF6FF70216851E8021F22689C
:10918000014042E80213002BF6D12020C4F88C00E5
:1091900000206067206740F600412068C5F60001A6
:1091A00088420DD0406800020AD500BF206850E810
:1091B000000F216820F0806041E80002002AF5D10C
:1091C000E06E01281FD10020E06600BF206850E853
:1091D000000F216820F0100041E80002002AF5D1BC
:1091E0002068C169C90601D510210162B4F85C107C
:1091F0002046FDF7EDFE09E0816941F0080181613B
:1092000001B0BDE8F08F2046FEF7C6FCB4F85E0062
:10921000F0B1B4F8681088421AD200BF206850E854
:10922000020F216820F0805041E80202002AF5D1A7
:1092300048F6C170C0F60000606700BF206850E8C3
:10924000000F216840F0200041E80002002AF5D11B
:1092500001B0BDE8F08F0000B0F860100268D0F8EF
:109260008C30222B58D1526A836D11401970816D58
:1092700001318165B0F85E100139A0F85E10B0F8D8
:109280005E10002918BF7047016851E8001F02688E
:1092900021F4907142E80013002BF5D1016851E8E8
:1092A000021F026821F0010142E80213002BF5D1F0
:1092B0002021C0F88C1000214167016740F6004270
:1092C0000168C5F6000291420CD04968090209D52F
:1092D000016851E8001F026821F0806142E8001334
:1092E000002BF5D1C16E01291BD10021C16600BF41
:1092F000016851E8001F026821F0100142E80013E4
:10930000002BF5D10168CA69D20601D510220A6284
:10931000B0F85C10FDF75CBE906940F00800906109
:109320007047FEF739BC00002DE9F04F81B00446CC
:109330000068B4F86050C66901688268D4F88C305F
:10934000222B40F0A780B4F86800002800F0AC8021
:1093500001F4807B02F001074FF000084FF0020A91
:109360004FF0010904E000BFB4F85E00002843D0CC
:10937000B00640F199802068A16D406A28400870CD
:10938000A06D0130A0652068B4F85E100139A4F822
:109390005E10C6697107E7D0F20718BFBBF1000F76
:1093A00002D1B2070AD412E0C0F82090D4F890207D
:1093B00042F00102C4F89020B20708D53FB1C0F8CE
:1093C00020A0D4F8902042F00402C4F89020002994
:1093D00008D53FB104210162D4F8900040F00200AA
:1093E000C4F89000D4F890000028BDD02046FDF7C6
:1093F00097FEC4F89080B7E7206850E8000F216816
:1094000020F4807041E80002002AF5D14FF6FE708A
:10941000CEF6FF70216851E8021F2268014042E841
:109420000213002BF6D12020C4F88C0000206067C6
:10943000206740F600412068C5F6000188420DD043
:10944000406800020AD500BF206850E8000F21687C
:1094500020F0806041E80002002AF5D1E06E01288A
:109460001FD10020E06600BF206850E8000F21688F
:1094700020F0100041E80002002AF5D12068C169FF
:10948000C90601D510210162B4F85C102046FDF731
:109490009FFD09E0816941F00801816101B0BDE8EB
:1094A000F08F2046FEF778FBB4F85E00F0B1B4F818
:1094B000681088421AD200BF206850E8020F216865
:1094C00020F0805041E80202002AF5D149F25920EB
:1094D000C0F60000606700BF206850E8000F2168F8
:1094E00040F0200041E80002002AF5D101B0BDE8BB
:1094F000F08F000000000000F0B583B00446036860
:10950000806846F6F315D4E90312104362691043EC
:10951000E2691E68CCF6FF75104306EA05021043A7
:10952000186058684FF2FF4620F4405240F6004061
:1095300011435960C5F60000A1698342C1F2FF16CC
:109540001CBF226A11439A6847F6FF353240C4F2C5
:10955000000511439960DA6A44F2544122F00F0287
:10956000666AC5F602013243AB42DA624FF080020E
:1095700018DD41F2FF76C4F20106B34227DC47F65C
:109580000046C4F20006B3424DD041F20006C4F2D8
:109590000106B34231D041F20046C4F20106B342A3
:1095A0002BD04DE044F6FF36C4F20006B3422EDD68
:1095B00044F60046C4F20006B34234D045F2000639
:1095C000C4F20006B3422ED047F6000627E041F66B
:1095D0000006C4F20106B3420FD041F60046C4F2C1
:1095E0000106B34209D083422AD14A6802F0070239
:1095F000062A24D20FF260331EE00A68C2F3C202C8
:10960000062A1CD249F69A13C0F6010314E044F26C
:109610000046C4F20006B34205D044F60006C4F288
:109620000006B3420CD10A6802F00702062A06D2ED
:1096300049F69413C0F601031A44127800E0802220
:109640002368834240F60010C0F23D0000F04F80D6
:10965000E369B3F5004F40F06480402A00F2FC80DB
:109660000027DFE812F041002101F900F90027018D
:10967000F900F900F9002F01F900F900F900F900EB
:10968000F900F900F900FF00F900F900F900F9000C
:10969000F900F900F900F900F900F900F900F90002
:1096A000F900F900F9003401F900F900F900F900B6
:1096B000F900F900F900F900F900F900F900F900E2
:1096C000F900F900F900F900F900F900F900F900D2
:1096D000F900F900F900F900F900F900F900F900C2
:1096E000F900F900F9001B01FCF762FCEFE0931EA2
:1096F0001E2B00F260800027DFE803F01063746324
:109700006363786363636363636366636363636311
:10971000636363636363636363637D00FBF7E4FC1C
:1097200069E0402A00F29B800027DFE812F0410048
:10973000C00098009800C700980098009800ED00BD
:109740009800980098009800980098009800A90048
:109750009800980098009800980098009800980049
:109760009800980098009800980098009800F200DF
:109770009800980098009800980098009800980029
:109780009800980098009800980098009800980019
:109790009800980098009800980098009800980009
:1097A0009800980098009800980098009800BA00D7
:1097B000FCF7FEFBADE0402A03D14FF40040002748
:1097C00019E00020012716E051F8540C800649F2F8
:1097D0000000C0F2D0300ED551F8541CC1F3C101C5
:1097E000C84008E06846FBF793FC02E06846FBF7D8
:1097F0001FFD00270198002800F0A280616A49F649
:10980000DE12C0F60102656832F8112005EB450151
:10981000B0FBF2F38B424FF00101C0F094802E03B5
:10982000B34200F2908000210023F6F7E3FD090225
:10983000002341EA10612A46000210EB550041F175
:109840000001F6F7D7FD4FF60052A0F54071C0F2C7
:109850000F02914272D375E00020012737E000200B
:10986000012756E051F8540C800649F20000C0F27E
:10987000D0302CD551F8541CC1F3C101C84026E0AA
:1098800051F8540C800649F20000C0F2D03040D5A7
:1098900051F8541CC1F3C101C8403AE04FF40040F4
:1098A00015E04FF4004034E0FCF7B2FB0FE0FCF7AA
:1098B000AFFB2EE06846FBF72BFC06E06846FBF7A3
:1098C00027FC24E06846FBF7B3FC00270198B8B3F7
:1098D000616A49F6DE12C0F6010232F811106268C0
:1098E000B0FBF1F0510801EB4000B0FBF2F0A0F149
:1098F00010014FF6EF72914224D84FF6F0710140FB
:10990000C0F34200084419E06846FBF791FC0027C9
:109910000198A8B1616A49F6DE12C0F6010232F878
:1099200011106268B0FBF1F000EB5200B0FBF2F0F6
:10993000A0F110014FF6EF72914203D82168C86080
:10994000394600E001214FF00110A0660020C4E973
:109950001D00084603B0F0BD0204081020400000BE
:1099600010B504468C4681650021A0F85C20C0F843
:1099700090102220C4F88C00D4F88000F0B1134677
:1099800048F6D16E48F65972C0F6000EC0F60002D5
:10999000C0E90FE248F60962C0F60002C0E91321EF
:1099A000216862462431F9F7AFF938B11020C4F8C4
:1099B00090002020C4F88C00012010BD206948B11F
:1099C000206850E8000F216840F4807041E80002F0
:1099D000002AF5D1206850E8020F216840F001000C
:1099E00041E80202002AF5D1206850E8020F216800
:1099F00040F0400041E80202002AF5D1002010BDED
:109A000081650023A0F85C20A0F85E208168436790
:109A100071B1B1F1805F07D0B1F5805F0ED10169FE
:109A200051B940F2FF110AE0016919B13F2106E086
:109A3000016909B17F2102E0FF2100E00021A0F8C7
:109A400060100021C0F890102221C0F88C1000BFD7
:109A5000016851E8021FD0F800C041F001014CE854
:109A60000213002BF4D1416EB1F1005F03D1B0F8C5
:109A700068108A4225D28168B1F5805F02D1016900
:109A8000002941D049F25921C0F60001026941671D
:109A900062B100BF016851E8001F026841F4907193
:109AA00042E80013002BF5D12CE000BF016851E81B
:109AB000001F026841F0200142E80013002BF5D19D
:109AC00020E08168B1F5805F01D1016909B349F2F5
:109AD0002931C0F60001026941674AB1016851E8C5
:109AE000001F026841F4807142E80013002BF5D199
:109AF000016851E8021F026841F0805142E80213F8
:109B0000002BF5D10020704748F6C171C0F6000166
:109B1000BCE749F29101C0F60001DCE7000000005B
:109B20002DE9F04381B004460068C0690840401A3E
:109B3000B0FA80F04009824257D1DDF820800D460E
:109B40001646994608F1010709E000BF2068C06980
:109B50002840401BB0FA80F04009864245D1002FD2
:109B6000F4D0FAF7B1FAB8F1000F01464FF0030054
:109B70003CD0A1EB0901414538D82068016849076C
:109B8000E4D5402D18BF802DE0D0C169090730D43D
:109B9000C1690905DAD54FF400610162206850E817
:109BA000000F216820F4907041E80002002AF5D1EE
:109BB0004FF6FE70CEF6FF70216851E8021F226852
:109BC000014042E80213002BF6D1E06E012809D1D2
:109BD000206850E8000F216820F0100041E80002E2
:109BE000002AF5D1032020212CE0002001B0BDE89F
:109BF000F0830821016200BF206850E8000F21684F
:109C000020F4907041E80002002AF5D14FF6FE7072
:109C1000CEF6FF70216851E8021F2268014042E839
:109C20000213002BF6D1E06E012809D1206850E81C
:109C3000000F216820F0100041E80002002AF5D151
:109C4000012008212022C4F88C200022E2666267ED
:109C5000C4F8901084F8842001B0BDE8F0830000BF
:109C600043F25010C2F20040FDF77ABA0000000043
:109C700043F2E410C2F20040FDF772BA00000000A7
:109C800043F27820C2F20040FDF76ABA00000000FB
:109C900043F20C30C2F20040FDF762BA000000004F
:109CA000D0F8D42200EB820CDCF8C0223AB3B0B575
:109CB00001F00F0404EB840300EB830E5EF8183F01
:109CC0005BB1D0F8C85204EBC40405EB8404E4692A
:109CD000B3FBF4F505FB14339BB10020C2F814026A
:109CE000DCF8C4321B69002B08BFB0BD02F5047C50
:109CF000D2F808020A46614698470020B0BD03200A
:109D0000704700220023CEF8002000F0F5FD00206F
:109D1000B0BD000000000000B0B5D0F8D42200EBC8
:109D20008202D2F8C05295B1044600F069FCD4F822
:109D3000D412C5F80C02D5F8040204EB8101D1F865
:109D4000C42205F50371D26890470020B0BD0320FE
:109D5000B0BD00000000000070B58121044600F095
:109D600093FB012120460025258700F08DFB8221F1
:109D70002046A4F8785100F087FBD4F8D40204F50B
:109D80003076E56456F8201089B104EB8000D0F8F5
:109D9000C40240688047D4F8D40256F8200001F08D
:109DA0008FF8D4F8D40246F82050C4F8BC520020F2
:109DB00070BD00000000000010B5D0F8D41200EB18
:109DC0008100D0F8C04284B1D0F8C41259B194F8DF
:109DD0000002FF2807D094F801228B68214698479B
:109DE000FF2084F80002002010BD032010BD0000F9
:109DF00040F2AC010A22C2F20041028008467047DC
:109E0000F0B581B040F268070446C2F200478221F3
:109E1000384600F019FA05460121384600F014FAD8
:109E200006468121384600F00FFA002D1CBF102194
:109E3000A971002E1CBF4021B18000281CBF402109
:109E4000818040F268004321C2F20040218001B0CD
:109E5000F0BD000000000000F0B581B040F26807DE
:109E60000446C2F200478221384600F0EDF905466B
:109E70000121384600F0E8F906468121384600F015
:109E8000E3F9002D1CBF1021A971002E1CBF4FF457
:109E90000071B18000281CBF4FF40071818040F236
:109EA00068004321C2F20040218001B0F0BD0000F3
:109EB000F0B581B040F268070446C2F20047822143
:109EC000384600F0C1F905460121384600F0BCF9DA
:109ED00006468121384600F0B7F9002D1CBF10213D
:109EE000A971002E1CBF4021B18000281CBF402159
:109EF000818040F268004321C2F20040218001B01D
:109F0000F0BD0000000000002DE9F04104464FF4D0
:109F1000077000F0D9FF002849D04FF407710546BB
:109F2000F6F786FBD4F8D402217C4027022204EB0A
:109F3000800000294FF081014FF00206C0F8C052A6
:109F40002046C4F8BC5208BF4FF400773B4600F0EF
:109F5000DFFB0121022220463B464FF00108A4F816
:109F6000388000F0D5FB1020A4F84E008221032297
:109F700008232046A4F8788100F0CAFBD4F8D40264
:109F80000027C5F8047204EB8000A4F84C80D0F8D8
:109F9000C40200688047C5F81472C5F81872D5F875
:109FA0000422A2B1207C012158B140230BE0D4F857
:109FB000D402002104EB8000C0F8C0120220BDE8EA
:109FC000F0814FF40073204600F0B6FB00263046C7
:109FD000BDE8F08100000000D0F8D41200EB810150
:109FE000D1F8C01271B180B5027C4023002AD1F8AB
:109FF00004224FF0010108BF4FF4007300F09CFBF6
:10A00000002080BD0320704739B1D0F8D42200EB86
:10A010008200C0F8C412002070470320704700007F
:10A02000D0F8D42200EB8200D0F8C00218B1C0F8FA
:10A030000412002070470320704700000000000059
:10A04000D0F8D43200EB8300D0F8C00228B1C0F8B9
:10A050000812C0F81022002070470320704700004B
:10A06000F0B581B0D0F8D42200EB820300228DF845
:10A070000320D3F8C042ADF80020002C54D00D7856
:10A0800015F0600214D0202A4CD1CA881AB36DB2E0
:10A09000B5F1FF3F27DD4978402A84F800122146B8
:10A0A00028BF402284F8012200F096F800243CE00A
:10A0B0004A780B2A36D80024DFE802F00637343419
:10A0C000343434343434253090F89C22032A29D196
:10A0D000694602221EE0D3F8C4224878002493681F
:10A0E0000022984721E0D3F8C4524B7806460F4629
:10A0F000AD6818462146A847FA8830462146072A07
:10A1000028BF072206E090F89C22032A0AD10DF10D
:10A110000301012200F07CF8002406E090F89C2264
:10A12000032A02D000F04CF80324204601B0F0BD11
:10A13000D0F8D41200EB8101D1F8C0323BB1D3F892
:10A14000141200294FF0010103D008467047032084
:10A15000704780B5C3F814128121D3F80822D3F8D0
:10A160001032C36200F0C8FB0021BDE88040084601
:10A17000704700000000000080B5D0F8B822526897
:10A180009047002818BF032080BD00000000000099
:10A190000020704700000000002070470000000011
:10A1A00080B513460A46002100F0C6FA002080BDA3
:10A1B00080B513460A46002100F09EFB002080BDBA
:10A1C00010B58021044600F05FFB00212046BDE869
:10A1D000104000F059BB000080B50323C0F8943252
:10A1E0001346C0F858210A460021C0F85C3100F03F
:10A1F000A3FA002080BD000080B50521C0F89412AC
:10A2000000210022002300F097FA002080BD00000A
:10A2100080B50223C0F89432134682610A460021B9
:10A22000C36100F069FB002080BD00000000000059
:10A2300080B50421C0F8941200210022002300F010
:10A240005BFB002080BD0000B0F802C003789C4595
:10A2500010D980B504E000BF73449AB262450BD2B6
:10A2600090F800E070444278052AF5D182788A425D
:10A27000F2D180BD00207047002080BD00000000AA
:10A28000002808BF704710B5037863B1A0F1010E34
:10A290004FF0000C9EF802300CF1010C0EF1010E93
:10A2A000002BF7D101E04FF0000C5FFA8CFC022389
:10A2B00003EB4C0313800B7003224A70027882B1C7
:10A2C000013802234FF0000C5FFA83FE51FA83F449
:10A2D000023301F80E2084F801C082780130002A90
:10A2E000F2D1BDE81040704710B540F2E0540A4684
:10A2F000C2F2004402A02146FFF7C2FF204610BD73
:10A3000043444320436F6E6669670000000000000D
:10A3100040F2B8001222C2F200400A8070470000EA
:10A3200010B540F2E0540A46C2F2004402A02146B1
:10A33000FFF7A6FF204610BD43444320496E7465D5
:10A34000726661636500000040F2E0000422C2F220
:10A3500000400A807047000010B540F2E0540A4601
:10A36000C2F2004402A02146FFF78AFF204610BD3A
:10A3700053544D6963726F656C656374726F6E6977
:10A38000637300000000000010B540F2E0540A467C
:10A39000C2F2004402A02146FFF772FF204610BD22
:10A3A00053544D3332205669727475616C20436F7B
:10A3B0006D506F727400000070B54EF60000C1F66B
:10A3C000F17002688368D2184FF01A030B802ED008
:10A3D00040F2E40C40686FF00101C2F2004C4FF013
:10A3E000370E0023140F0CEB01050EEB1276B2F1C1
:10A3F000204F38BF04F13006023112010E292E71B0
:10A400006B71EFD10CF1100104224FF0370C0023D7
:10A41000060FB0F1204F0CEB107538BF06F1300578
:10A42000013A4FEA001001F8025F4B70F0D140F2A0
:10A43000E400C2F2004070BD80B10023C0F8B83221
:10A44000C0F8C4320029C0F8D03218BFC0F8B41226
:10A45000012180F89C12027000F0D6B803207047EA
:10A4600080B5D0F8C802FAF717F840F20032C10000
:10A47000C0F20132032822FA01F188BF0321C8B2D9
:10A4800080BD00000000000080B5D0F8C802F9F7D8
:10A49000DBFF40F20032C100C0F20132032822FA91
:10A4A00001F188BF0321C8B280BD00000000000098
:10A4B000B0B581B190F89C22032A4FD1D0F8B822D0
:10A4C0005269002A4AD00023C0F8D43290470028AD
:10A4D00008BF0020B0BDD0F89412022938D1D0E9CD
:10A4E00007318B420DD95B1A11461A46C3610446E7
:10A4F000FFF75EFE002100220023204600F01CF939
:10A5000025E00FD182698A420CD3D0F898128A4292
:10A5100008D20021002200250446FFF749FEC4F8B6
:10A520009852E7E790F89C12032909D1D0F8B812A5
:10A53000C96829B10022C0F8D422044688472046C1
:10A540008021044600F0A0F92046FFF755FE204682
:10A5500090F8A01211B1002180F8A0120020B0BD27
:10A5600010B589B190F89C22032A08D1D0F8B822FE
:10A57000002392691AB1C0F8D432904700E000205D
:10A58000002808BF002010BDD0F8941203291FD165
:10A59000D0E9571399420BD9C91AC0F85C119942F6
:10A5A00038BF0B4611461A46FFF7FAFD002010BDD2
:10A5B00090F89C12032909D1D0F8B812096929B181
:10A5C0000022C0F8D422044688472046FFF730FE18
:10A5D000002010BD000000000020704700000000B7
:10A5E000012180F89C12D0F8B8223AB180B50179E7
:10A5F00052689047002818BF032080BD0020704794
:10A60000D0F8C802F9F778BF0178012933D110B525
:10A6100042F6F021C2F20041C0F8C812C1F8E004CD
:10A620000020C4F204000860092008714FF4007093
:10A63000C8800220C1F809000020C88108740846BB
:10A64000FAF7FEFB08B1F6F7FFFD42F6F0244FF4EF
:10A650000071C2F200442046F9F7AAFE00218022D0
:10A660002046F9F7A9FE01214FF4BA722046F9F706
:10A67000A3FEBDE81040002070470000000000006D
:10A6800001F07F02D0F8C80201EBC10349B202EB2E
:10A69000C202002900EB820200EB830000F2562088
:10A6A00048BF02F11600007870470000000000006B
:10A6B000D0F8D42200EB8202D2F8B8225AB190F836
:10A6C0009C32032B05D1126A1AB180B59047002045
:10A6D00080BD00207047032070470000000000008C
:10A6E000D0F8D42200EB8202D2F8B8225AB190F806
:10A6F0009C32032B05D1526A1AB180B590470020D5
:10A7000080BD00207047032070470000000000005B
:10A7100080B59446D0F8C8021A466346F9F7F8FEA9
:10A7200040F20032C100C0F20132032822FA01F1E6
:10A7300088BF0321C8B280BD80B5D0F8C802F9F740
:10A740001BFF40F20032C100C0F20132032822FA9E
:10A7500001F188BF0321C8B280BD000000000000E5
:10A76000F0B581B0012680F89C620025C0F89452B3
:10A7700004464560D0F8B802C4F8A45284F8A05248
:10A7800040B1426832B1002120469047054600287A
:10A7900018BF032500210022402320464027FFF751
:10A7A000B7FF8021002240232046A4F86461C4F84A
:10A7B0006071FFF7ADFFA6842846276201B0F0BDA7
:10A7C00090F89C12042903D190F89D1280F89C12F5
:10A7D000002070470000000090F89C12032908D167
:10A7E000D0F8B81229B1C96919B180B58847BDE858
:10A7F000804000207047000002460020117470471E
:10A8000080B5D0F8C802FAF7E7FB40F20032C10089
:10A81000C0F20132032822FA01F188BF0321C8B235
:10A8200080BD000000000000B0B500F2AA2405467B
:10A83000204600F075F80121C5F8941295F8AA1287
:10A84000B5F8B03201F01F02C5F89832022A0ED0D6
:10A85000012A06D08AB928462146BDE8B04000F05A
:10A860009BB828462146BDE8B04000F0EDBA284626
:10A870002146BDE8B04000F043BA01F0800128460F
:10A88000BDE8B040AFF3008080B5D0F8C802F9F75A
:10A890008FFE40F20032C100C0F20132032822FADA
:10A8A00001F188BF0321C8B280BD00000000000094
:10A8B00080B5D0F8C802FAF7ABFB40F20032C10015
:10A8C000C0F20132032822FA01F188BF0321C8B285
:10A8D00080BD000000000000014690F89C020428A2
:10A8E00003D091F89C0281F89D020020042281F897
:10A8F0009C2270470000000080B5D0F8C802F9F72C
:10A900008FFE40F20032C100C0F20132032822FA69
:10A9100001F188BF0321C8B280BD00000000000023
:10A920000A7802704A7842704A8842808A88828017
:10A93000C988C1807047000010B582B004464FF04E
:10A940000000ADF80600B1B1D4F8D40204F52E72BF
:10A95000C4F8B81252F82000C16A21B10DF1060006
:10A960008847C4F8D002D4F8D8020130C4F8D8021D
:10A97000002002B010BD032002B010BD0000000096
:10A98000D0F8B8220AB112681047002070470000C2
:10A99000FFF78EBF000000000A78C2F34112531E79
:10A9A000022B07D2D0F8D42200EB8202D2F8B822D0
:10A9B00092681047F0B581B0002A40F0BF804A7815
:10A9C000092A00F2BB80DFE802F0052CB94FB95824
:10A9D00074B91A3C90F89C22013A022A00F2AE8027
:10A9E000C988022940F0AA80D0F8A41203220029C5
:10A9F000014608BF012241F80C2F022238E1C98824
:10AA0000012940F09B8090F89C124A1E022A80F097
:10AA1000908001460122002441F8084FFFF7F8FB1F
:10AA200095E090F89C22013A022A00F2878049883A
:10AA30000024012940F08B80C0F8A442FFF7F8FB06
:10AA400085E0498840F2DC55C2F2004511F0FE0F66
:10AA5000297049D080210446FFF716FF00212046C7
:10AA6000FFF712FF032472E04A88022A5AD0012A13
:10AA700064D10121C0F8A41257E08A88002A5DD170
:10AA8000CA88002A5AD14D887F2D57D890F89C1239
:10AA9000032953D0E9B280F89E520446FFF7B0FE76
:10AAA00020462646FFF7C4FB002D00F0218102203E
:10AAB0001FE14A884FF0FF330027ADF8027003EB27
:10AAC00012230E2B53D8DFE803F008604552526F73
:10AAD0007A5252525252525254000F46D0F8B41287
:10AAE0000446007C0A684BE090F89C22032A00F0A0
:10AAF0007580022A40F096800A0616D001F0010205
:10AB00004260C9B20546FFF73BFF0446002800F04B
:10AB1000CF8080212846FFF7B7FE00212846FFF7A7
:10AB2000B3FE7BE0497980F8A012FFF781FB002497
:10AB30000DE0032902D1011D012299E08021054683
:10AB4000FFF7A2FE002128460024FFF79DFE2046C5
:10AB500001B0F0BDD2B2052A09D8DFE802F003BF88
:10AB6000B5BAB0C40F46D0F8B4124A6805E00F4633
:10AB700028E00F46D0F8B412CA691AB30446007C24
:10AB80000DF102019047054664E00F46017C044642
:10AB9000D0F8B80200290CBF816AC16A0DF1020029
:10ABA00088470546022054E00F46017C51B904460F
:10ABB000D0F8B802416B0DF102008847E3E70F4679
:10ABC000017CE9B380210646FFF75EFE0021304696
:10ABD00000253446FFF758FE00203CE00A065AD014
:10ABE00001F00102416891429FD0C9B20446FFF7CB
:10ABF000C3FA2978204661602546FFF7C1FE044666
:10AC0000002851D080212846FFF73EFE002128462B
:10AC1000FFF73AFE29792846FFF7AEFA022085F8B9
:10AC20009C0294E780210446FFF72EFE0021204677
:10AC3000FFF72AFE29782046FFF79EFA032486E7CD
:10AC40000446D0F8B802016B0DF1020088470546B2
:10AC500007206870012090B1FA886AB1BDF802102F
:10AC600079B19142204638BF0A462946ADF8022004
:10AC7000FFF7CEFA00246AE72046FFF7D9FA00244E
:10AC800065E780212046FFF7FFFD00212046FFF702
:10AC9000FBFD00245BE7C9B2022280F89C2200245D
:10ACA00044600546FFF768FA2846FFF7C1FA4EE709
:10ACB0002846FFF7BDFA032085F89C0247E70F46B8
:10ACC000D0F8B4124A6958E70F46D0F8B412CA68EF
:10ACD00053E70F46D0F8B4120A694EE70F46D0F892
:10ACE000B4128A6849E70F46D0F8B4128A6944E77B
:10ACF000012086F89C02002429E7000000000000E3
:10AD000070B50D4609780446C1F341122979531EE6
:10AD1000022B05D22046FFF73BFAD8B1002070BDC8
:10AD2000DABB687880B3012821D0032835D194F8A4
:10AD30009C0203281FD1688838B911F07F0004D025
:10AD4000E88810B92046FFF79FFD2046FFF770FA0C
:10AD5000002070BDD4F8B80282680020002AC4F830
:10AD6000D402DBD020462946BDE87040104794F855
:10AD70009C0203281BD002280FD148060DD0204684
:10AD8000FFF782FD80210DE094F89C0203281ED07D
:10AD9000022808BF5FEA416040D080212046FFF7CB
:10ADA00073FD00212046FFF76FFD002070BD68880D
:10ADB0000028B3D10E46480603D020463146FFF79F
:10ADC0004FFB2046FFF734FA20463146A3E701F057
:10ADD0000F00802900EB800004EB800002D2B0F865
:10ADE000640100E0808C0028D7D001F07F0001EBE7
:10ADF0008102802900EB800004EB800000F1140543
:10AE000004EB820038BF00F5AA75480612D0204630
:10AE1000FFF736FC002818BF01200CE008064FF0B1
:10AE2000140058BF4FF4AA700022211822500222A9
:10AE3000204604E000202860022220462946FFF731
:10AE4000E7F9002070BD000070B50A7802F06002DA
:10AE5000602A08D090F89C22013A022A03D88A88F6
:10AE600012F0FE0F0AD080210546FFF70DFD0021EC
:10AE700028460024FFF708FD204670BD0E46054613
:10AE8000D1B2FFF789F910B1032431460EE0D5F8AD
:10AE9000B8128A6842B128460021C5F8D41231465A
:10AEA00090473146044601E031460324C888002813
:10AEB00008BF002CE0D12846FFF7BAF9204670BD44
:10AEC000704700000000000040F2E070C2F2004055
:10AED000704700000000000010B50C784A78D0F8E8
:10AEE0001CC804F00F034FEA441E012A18D10122A6
:10AEF0009A4000EB0E0342EA0C02C0F81C28D3F87B
:10AF00000009000429D403F510600A7989686FF3F9
:10AF1000DF21036841EA824143EA8452114317E08A
:10AF20004FF4803202FA03F300EB0E0243EA0C0303
:10AF3000C0F81C38D2F8000B00040ED40B7902F5CF
:10AF4000306089686FF3DF21026841EA8341114371
:10AF500041F0805141F400410160002010BD00002B
:10AF60000146D0F8000940F2FF729043C1F8000991
:10AF7000D1F80428002042F48072C1F804287047F8
:10AF800082B002F47F42B2F5807F39D1836B4FF6F5
:10AF9000BF7223F480338363DDF808C0C368CFF643
:10AFA000BD721A40C2605FFA8CF2C368012A23F4B2
:10AFB0004012C26003D1C26842F48012C260002213
:10AFC000009200BF009A01320092009AB2F1706FB5
:10AFD0003AD80269B2F1FF3FF4DC00220092026924
:10AFE00042F00102026100BF009A01320092009A11
:10AFF000B2F1706F28D80269D207F5D1002230E093
:10B00000C26842F04002C26000220192019A0132FD
:10B010000192019AB2F1706F18D80269B2F1FF3F44
:10B02000F4DC00220192026942F00102026100BFD9
:10B03000019A01320192019AB2F1706F06D8026949
:10B04000D207F5D1002202E003220AE0032213F422
:10B050007F4F836B02D023F4803301E043F48033CD
:10B06000836301F47F01B1F5803F10D1C16D89B2D6
:10B07000C165C16D41F0007141F0F771C165816832
:10B0800041F006018160816841F020018160104635
:10B0900002B070470000000080B50A7847F6000C47
:10B0A0004B78CEF6334C5101012B014425D1D1F818
:10B0B00000394FF0010EB3F1FF3F01F5106307DCDB
:10B0C000196841F000611960196841F08041196008
:10B0D00002F00F01D0F83C280EFA01F18A43C0F8C3
:10B0E0003C28D0F81C2822EA0101C0F81C18196875
:10B0F000002001EA0C01196080BDD1F800EB01F5D8
:10B100003063BEF1FF3F0CF1707C4FF4803EDFDC1A
:10B11000D6E70000000000000146D0F8000E20F045
:10B120000300C1F8000E0020D1F8042822F002022A
:10B13000C1F80428704700000146D0F8000E20F046
:10B140000300C1F8000E0020D1F8042842F00202EA
:10B15000C1F80428704700002DE9F04F83B01B0CA4
:10B160004127002640F827600137502FFAD1DBB283
:10B17000009323B100F138034FF400170FE0D0F82B
:10B180000438802743F00203C0F80438836B23F4AB
:10B1900000138363036843F04003036003461E68A3
:10B1A000374302F47F461F60B6F5807F4FF00003FF
:10B1B000C0F8003E07D1B3EB116FD0F8003806D0CD
:10B1C00043F0010303E0D0F8003843F00303C0F874
:10B1D00000380023019300BF019B01330193019BC1
:10B1E000B3F1706F18D80369B3F1FF3FF4DC0023AB
:10B1F00001934FF484630361019B4FF0000E013310
:10B200000193019BB3F1706F88BF4FF0010E05D819
:10B2100003699B06F0D401E04FF0010E0023029376
:10B22000029B01330293029BB3F1706F18D803693C
:10B23000B3F1FF3FF4DC002302931023036100BF4E
:10B24000029B4FF0000A01330293029BB3F1706F2F
:10B2500088BF4FF0010A05D80469E406F0D401E084
:10B260004FF0010ACCB24FF00008C0F81088C0F8C7
:10B270001488C0F81C88A4B300F510664FEA441B7C
:10B280004FF67F39002400BF4FF09047002C08BFD5
:10B290004FF000673359351907EAE373335120340F
:10B2A000C5F81080A345C5F80890EDD100F53066CB
:10B2B0004FF000094FF67F34002700BF4FF0904356
:10B2C000002F08BF4FF00063F55906EB070C03EAA7
:10B2D000E573F3512037CCF81090BB45CCF808400B
:10B2E000ECD1D0F8103811F47F0F23F48073C0F83C
:10B2F0001038C0F818806FF08041416103D1816936
:10B3000041F01001816143F600038169C8F23C03FA
:10B3100012F47F0F41EA0301816103D0816941F09A
:10B32000080181610099012905D1816941F08041BD
:10B3300041F0040181614EEA0A0003B0BDE8F08FDC
:10B3400001468268002022F001028A6070470000F6
:10B3500043F20B03D0F840C0C4F654739C4503D3AA
:10B36000D0F8003B002B1ED40023C0F8103BD0F8CF
:10B37000103B012943F40023C0F8103BD0F8103BE8
:10B3800043F01803C0F8103BD0F8103B43F0C04125
:10B39000C0F8101B07D1C0F8142BD0F8001B41F0E7
:10B3A0008021C0F8001B0020704700000000000052
:10B3B0004A780B78012A4FEA431210440DD1D0F895
:10B3C000002922F40012C0F80029097901F0FE01D9
:10B3D000022913D100F510600CE0D0F8002B22F404
:10B3E0000012C0F8002B097901F0FE01022905D1F5
:10B3F00000F53060016841F0805101600020704725
:10B400000A784B785101012B084406D1D0F8001975
:10B41000002900F5106106D50BE0D0F8001B0029CB
:10B4200000F5306105D4002A1EBF086820F0804076
:10B4300008600A68002042F400120A6070470000A9
:10B44000F0B54B78002491F800C04FF6FF75012B42
:10B45000CFF6F874CEF207052AD100EB4C1E0E6928
:10B46000002E0EF51063DEF810794ED03C401C61C2
:10B470001C69BCF1000F04EA05041C618C6856D0FD
:10B4800035191E69013DB5FBF4F40025C1F6F875C8
:10B4900005EAC44535431D610D79012D4FD14FF0AB
:10B4A000C0461D6906EA447425F0C0451D6143E0AD
:10B4B00000EB4C134FF6FF7EC0F2070EBCF1000FFD
:10B4C000D3F8107B07EA0407C3F8107BD3F8104BBE
:10B4D00004EA0504C3F8104B03F530630E691DD070
:10B4E000002E8D686FD07719013FB7FBF5F7BEB21C
:10B4F0006E4300250E62C1F6F87505EAC7471D695F
:10B5000006EA0E062F431F6164E03D401D611D6980
:10B5100045F400251D611D692C4015E0002E1CBF5F
:10B520008F680F618F680F6207EA0E074DE0A64231
:10B5300000D90C614FF400241D692C431C610C6977
:10B540001D696FF3DF442C43012A1C6115D1CA69C0
:10B55000002A18BFCEF814290979012952D1D0F850
:10B560000808C0054FF0805058BF4FF00050DEF87B
:10B5700000190843CEF8000944E000F510634FEAD3
:10B580004C169F5947F004479F510F79012F0FD157
:10B59000D0F80878FF054FF0805758BF4FF000579C
:10B5A000F558002A45EA0702F25032D00020F0BDDB
:10B5B00009690029FAD00CF00F01012202FA01F109
:10B5C00000F6340320E005EA0E071E6937431F61C9
:10B5D0004FF400261F69012A47EA06021A6103D1C7
:10B5E000CA68002A18BF5A61097901290AD1D0F81E
:10B5F0000808C0054FF0805058BF4FF00050196840
:10B60000084318604FF00441186808431860002090
:10B61000F0BD0A8A002AC9D0CB68D11C890800F580
:10B6200080504FEA0C32043B013953F8047F175025
:10B63000FAD1BBE70000000081B0002200924A78F6
:10B640000978012A4FEA41111BD100F510604258D8
:10B65000B2F1FF3F2FDC0A5842F000620A500A584C
:10B6600042F080420A5042F2107200BF009B013348
:10B670000093009B934221D84358B3F1FF3FF5DD7F
:10B6800019E000F530604258B2F1FF3F13DC0A5870
:10B6900042F000620A500A5842F080420A5042F2D8
:10B6A000107200BF009B01330093009B934205D8AA
:10B6B0004358002BF6D4002001B07047012001B0A0
:10B6C000704700000000000001468268002042F040
:10B6D00001028A607047000081B00022009200BF22
:10B6E000009A01320092009AB2F1706F15D8026987
:10B6F000B2F1FF3FF4DC89010022009220310161A8
:10B700000099013100910099B1F1706F05D801697C
:10B710008906F5D4002001B07047032001B07047BE
:10B72000D0F8081888074FF0020001F0060158BF52
:10B730000F20002908BF08467047000000000000E5
:10B74000406900F001007047D0F81818D0F81C08C4
:10B75000084080B270470000D0F81818D0F81C08D4
:10B760000840000C70470000D0F810C8D0F83438FA
:10B7700001F00F0200EB411023FA02F2D201D0F8DF
:10B780000809D1B241EA0C010840704700000000EE
:10B7900000EB4111D1F8081BD0F81408084070479D
:10B7A000416980690840704780B5930802F0030E34
:10B7B00009D004394FF4805C013B50F80C2041F86B
:10B7C000042FF9D10431BEF1000F0ED04FF4805296
:10B7D00000238058AEF1010E20FA03F201F8012B8C
:10B7E0005FEA0E4203F10803F4D1084680BD000071
:10B7F000B0B50446C06820F0C040E06091B10129B6
:10B8000026D1E068002540F00050E0600A20F7F7FC
:10B810003FFC6069C00705F10A0014D1BE2D054642
:10B82000F4D310E0E068002540F08040E06000BF05
:10B830000A20F7F72DFC6069C00705F10A0002D065
:10B84000BE2D0546F4D3C838B0FA80F04009B0BD2B
:10B850000120B0BD000000000246D0F8000820F42E
:10B86000FE6001F07F01C2F800080020D2F8003825
:10B8700043EA0111C2F80018704700000000000000
:10B88000022A02465CD145F2403043F20053CFF623
:10B890002770C0F20C030844984202D24FF4705152
:10B8A00050E041F6406044F24023CFF61B70C0F2F6
:10B8B0000F030844984202D24FF4605142E0A1F5D0
:10B8C000740044F68073A0F51050C0F21203984241
:10B8D00002D24FF4505135E0A1F183704DF2206354
:10B8E000A0F5E740C0F21303984202D24FF4405152
:10B8F00028E04BF260604EF26033CFF6E560C0F2B4
:10B9000016030844984202D24FF430511AE04DF227
:10B91000003047F24073CFF6CE60C0F21B030844FC
:10B92000984202D24FF420510CE045F6C03049F263
:10B93000C013CFF6B360C0F22103084498420AD284
:10B940004FF41051D06820F47050D060D3680020BC
:10B950001943D1607047A1F1B77047F22053A0F5A9
:10B960005850C0F23803984202D24FF40051E9E730
:10B9700045F2E04049F6E043CFF65960C0F241039A
:10B9800008444FF4C051984238BF4FF4E051D9E712
:10B99000DDF800C0BCF1000F0CD15BB1033300F542
:10B9A000805C9B0804391203013B51F8040F42F8F4
:10B9B0000C00F9D100207047FEE7000000000000F5
:10B9C0002DE9F04F81B040F610614FF00414C2F23F
:10B9D000004101F10800C1E900404021F4F728FED0
:10B9E00040F6A061C2F2004101F10800C1E9004047
:10B9F0004021F4F71DFE40F6E861C2F2004101F17A
:10BA00000800C1E900404021F4F712FE40F6307111
:10BA1000C2F2004101F10800C1E900404021F4F701
:10BA200007FE40F67871C2F2004101F10800C1E959
:10BA300000404021F4F7FCFD40F65861C2F200419D
:10BA400001F10800C1E900404021F4F7F1FD41F6A1
:10BA5000081147F6E122C2F2004147F25443C3F60F
:10BA60009462C4F20003C1E9022341F6F8034FF2E5
:10BA7000AA10C2F2004341F22827CBF6D25000248C
:10BA80000860C2F200474C6043F65811C3F63441D7
:10BA900019604CF29C4142F60E5241F2382AC3F62C
:10BAA000A061C3F6B272C2F2004AC3E902124FF0BB
:10BAB0007C5139604CF28F2144F2AE725C60C3F667
:10BAC0007561CBF6616241F25863C7E9021243F235
:10BAD00033314DF20A72C3F63371CAF8001048F6DA
:10BAE0005C71C2F20043C3F64261CBF6A362CAE9BD
:10BAF00002124AF6084145F2F832C3F61C61196099
:10BB000040F21941CBF6E352C3F6D661DC60C3E9DB
:10BB1000012141F2686349F69A12C2F2004341F2F0
:10BB20003866C3F69952C2F20046186048F21230E5
:10BB30005A604FF2C352C3F60070C3F6C872C3E92D
:10BB400002024AF6084345F2F835CBF61C63C3F609
:10BB5000E355C6E9003541F248654CF6CD43C2F2E3
:10BB60000045CBF6CC53C6E902134FF2AA1149F6B1
:10BB70009A13C3F6D251CBF69953C5E90013C5E920
:10BB8000020241F248254CF6CD40C2F2004541F296
:10BB90005828C3F60C7045F62941286049F69A10DA
:10BBA000C2F20048CBF61960CBF68F6141F26829EA
:10BBB000C5E9020148F21F51C2F20049C3F62B71D8
:10BBC00041F2786BC8E9001441F27B41C2F2004BAC
:10BBD000CBF6AE617C60C8E9020145F204602D211C
:10BBE000C3F68E60C9F800004CF6C120CAF80440C4
:10BBF000C3F621606C60C9E9014002208BF80000A7
:10BC00000BF10400C9F80C40CBF83440F4F710FDF8
:10BC100045F2D1000022C0F601004FF08041CBE98F
:10BC20000E043868CBF854007868CBF85800B86830
:10BC3000CBF85C00F868CBF860004FF08040CBF8A0
:10BC4000680001208BF87000DAF80000CBF894004F
:10BC5000DAF80400CBF89800DAF80800CBF89C007A
:10BC6000DAF80C00CBF8AC10CBE928044FF07E508A
:10BC7000CBF8A80004208BF8C0000BF1C4002D21E4
:10BC80008BF84040C4F24002CBE91144CBE91344A5
:10BC9000CBF864404FF07E57CBF86C2001228BF834
:10BCA0008040CBE91D44CBF87C40CBE92144CBE973
:10BCB00023448BF8B020CBE92D44CBF8BC40CBE932
:10BCC0004D44CBF83C41F4F7B3FC0BF582702D21C9
:10BCD0008BF80041CBE93D44CBF8FC40F4F7A8FCDD
:10BCE00041F2B8762868C2F200464FF0804106F172
:10BCF0006003012270616868B061A868F061E8685B
:10BD0000C6E908040020F166C4F220003470C6E9D8
:10BD10000A10D8F800007065D8F80400B065D8F8AB
:10BD20000800F065D8F80C00012191C3D9F8000093
:10BD3000C6F89400D9F80400C6F89800D9F80800AD
:10BD4000C6F89C00D9F80C00C6F8A0004CF6CD400F
:10BD50000027C3F64C7086F8B010C6E929400420CD
:10BD600086F8C00006F1C4002D21C6E90144C6E9E9
:10BD7000034486F830204FF0804BC6E90D44F4634D
:10BD8000C4F2400786F84040C6E91144C6E91344AE
:10BD900086F87020C6E91D44F46786F88040C6E93D
:10BDA0002144C6E92344C6F8AC70C6E92D44C6F860
:10BDB000BC40C6E94D44C6F83C41F4F739FC06F5F1
:10BDC00082702D2186F80041C6E93D44C6F8FC404A
:10BDD000F4F72EFC41F2784541F23861C2F2004599
:10BDE000C2F200410123086868614868A861886858
:10BDF000E861C86805F120012C7081E8110841F262
:10BE00004861EF62C2F2004185F83030C5E9014473
:10BE1000086868654868A8658868E865C86805F1C5
:10BE20006001C5E9034481E81108022085F880001B
:10BE300005F184002D21C5E90D44EC6385F84040EF
:10BE4000C5E91144C5E91344EF66012785F8703050
:10BE5000C5E91D44EC67C5F8B440F4F7E9FB45F2C9
:10BE6000E10805F1C4002D21C0F60108C5E92E84C2
:10BE700085F8C070F4F7DCFB41F6F8062D21C2F21C
:10BE8000004640F6B839C5E93D943068C5F814015C
:10BE90007068C5F81801B068C5F81C01F068C5F8ED
:10BEA000FC40C5E948044FF07F5085F80041C5E9E2
:10BEB0004A0B042085F8400105F5A27085F8307121
:10BEC000C5E94144C5E94344C5E94D44C5F83C4191
:10BED000C5E96D44C5F8BC41F4F7AAFB05F5C2708D
:10BEE0002D2185F88041C5E95D44C5F87C41F4F712
:10BEF0009FFB41F2782541F25861C2F20045C2F23F
:10BF000000414FF07E5A086868614868A8618868F7
:10BF1000E861C86805F120012C7081E8110841F240
:10BF200068610020C2F20041C4F22000E8620868A3
:10BF300068654868A8658868E865C8682D21C5E90E
:10BF40001804022085F8800005F1840085F830701F
:10BF5000C5E90144C5E90344C5E90D44EC6385F82E
:10BF60004040C5E91144C5E91344C5E91AAB85F859
:10BF70007070C5E91D44EC67C5F8B440F4F758FB90
:10BF800005F1C4002D21C5E92E8485F8C070F4F7B1
:10BF90004FFB05F590713068C5F814017068C5F85D
:10BFA0001801B068C5F81C01F06881E8110C042084
:10BFB00085F8400105F5A2702D21C5E93D94C5F82D
:10BFC000FC4005F5A07685F80041C5E94144C5E986
:10BFD000434485F83071C5E94D44C5F83C41C5E995
:10BFE0005D44C5F87C41F4F723FB00BF06F8404FE1
:10BFF000301D2D21F463C6E90D44F4F719FB06F159
:10C00000400005F500718842F0D101B0BDE8F08F25
:10C010002DE9F04F81B02DED068B86B047F2FC2064
:10C0200043F20411C2F20040C2F2004101F074FF79
:10C0300047F2342842F6D471C2F20048C2F20041FD
:10C04000404601F069FF47F2982043F26C01C2F2CA
:10C050000040C2F2004101F05FFF41F6A01442F639
:10C060001011C2F20044C2F20041204601F004F86F
:10C0700041F6F82542F6B011C2F20045C2F2004185
:10C08000284600F0F9FF41F6504B42F65021C2F22B
:10C09000004BC2F20041584600F0EEFF40F2781922
:10C0A0000021C2F20049484601F06EF99FEDEC8A8A
:10C0B00043F63060B0EE480AC2F2004001212A4641
:10C0C00043460126009605F083F8B0EE480A43F691
:10C0D0007870C2F2004002212A46434600964FF093
:10C0E000020A05F075F8B0EE480A44F2C000C2F248
:10C0F000004003212A464346009605F069F8B0EE59
:10C10000480A44F20820C2F2004004212A4643466D
:10C110000096042705F05CF89FEDD29A43F69C3018
:10C12000B0EE490AC2F200400321224643464FF0D6
:10C13000FF35CDE90074CDE90285049605F058FD80
:10C14000B0EE480A44F2E050C2F20040012122461B
:10C150004346CDE900A4CDE90285049605F0E8FD4B
:10C16000B0EE490A43F2C470C2F2004005212246F3
:10C170004346009604F070FF9FEDBB8A47F2FC2A0D
:10C18000B0EE480AF0EE480A41F6AC50C2F2004A5E
:10C19000C2F20040122100225346CDE90026224679
:10C1A00005F076FB9FEDB1AA44F25030B0EE4A0A9A
:10C1B000C2F2004005215A464346009605F008F8B1
:10C1C000B0EE4A0A44F29840C2F2004006215A46B4
:10C1D0004346009604F0FCFF43F60C17B0EE490A04
:10C1E000C2F20047072138465A464346009604F0FB
:10C1F00033FF43F65424B0EE490AC2F2004408214A
:10C2000020465A464346009604F026FF47F2F818A7
:10C21000C2F20048404601F00FFF47F290100122A1
:10C22000C2F200404946434601F082FD44F67800E0
:10C230000222C2F20040494601F026FD40F2505071
:10C240000322C2F20040494601F0AAFD43F2344005
:10C2500043F2A031C2F20040C2F2004104F07CFE81
:10C2600041F6000943F2B845C5F60209C2F200459D
:10C2700043F2E41143F20C32402000902020C2F23D
:10C280000041CDE90190C2F2004228464B46CDF86C
:10C290000CA000F091FD4CF6D16040F20002C0F617
:10C2A0000000C0F600022946F4F71CF947F2B0106E
:10C2B0004FF48071C2F2004006F01AFAF1EE041A4F
:10C2C00044F20820B0EE040AF1EE000AB1EE021AC0
:10C2D000F1EE082A43F6306143F6787244F2C00367
:10C2E00044F63815B0EE612AC2F20040C2F20041B5
:10C2F000C2F20042C2F20043C2F200451C301C31BF
:10C300001C321C33CDE90008284608F0E5F904F199
:10C310001C0043F28C4ACDE9000544F25030C2F2D1
:10C32000004AC2F2004007F11C0300F11C0144F274
:10C330009840C2F20040002600F11C0250460296CE
:10C3400008F05AF942F6CC04B0EE480AC2F20044B2
:10C35000414620462A4602F0E3FA47F260379FED55
:10C36000440AC2F20047414638462A46234601F0B5
:10C37000B3FF44F6A814B7EE080AC2F20044002244
:10C38000DFED3C0AC4F2400200214FF08143204619
:10C390004FF0000BCDE9006703F08EFC42F2080578
:10C3A0002146C2F20045284603F046FB44F69400BD
:10C3B0002946C2F2004001F023FF41F61C1051460D
:10C3C000C2F200403A46434608F0E6FD43F69C3090
:10C3D00041F62C74C2F20040C2F2004400F11C018C
:10C3E00043F2C470C2F2004000F11C0244F2E0507B
:10C3F000C2F2004000F11C0341F6AC50C2F2004012
:10C400000090204606F01CFB47F22C258022C2F249
:10C4100000454946284607F033FB41F6607043F279
:10C420003443C2F2004021462A46C2F2004307F0DC
:10C43000C3FA44F674004CF28177C2F200400EA1B8
:10C4400014224FF40073C0F60007CDE9007B04F01E
:10C45000F3FA06B0BDEC068B01B0BDE8F08F00BF6B
:10C460002CA09941000010420000000000004C4246
:10C470000AD7233C333313404D61696E5F546173B7
:10C480006B00000000000000F0B581B02DED108BB6
:10C490009FED8DDA44F250349FED8CCAB0EE4D0A18
:10C4A0009FED8BAAB0EE4C1A9FED8A8AB0EE4A2A15
:10C4B0009FED89BAF0EE480A9FED889AF0EE481A8F
:10C4C0009FED87EAF0EE482A9FED86FAF0EE4B3AB0
:10C4D000B0EE4F3AB0EE494AF0EE494AB0EE495A52
:10C4E000F0EE4E5AB0EE4F6AC2F2004404F18400FE
:10C4F00001F05EFB44F29845F0EE4E5AB0EE4F3A32
:10C50000B0EE4F6AB0EE4D0AF0EE480AB0EE4C1AAB
:10C51000F0EE481AB0EE4A2AF0EE482AF0EE4B3A16
:10C52000B0EE494AF0EE494AB0EE495AC2F200452F
:10C5300005F1840001F03CFB9FED6BEA04F11C0067
:10C540009FED6AFAB0EE4E0AF0EE4F0A04F010FFCB
:10C55000B0EE4E0AF0EE4F0A05F11C0004F008FFA1
:10C56000B0EE08EA9FED62FADFED628A43F69C3492
:10C57000DFED619AB0EE4F0AF0EE480AB0EE4E1AC7
:10C58000F0EE481AB0EE4A2AF0EE482AB0EE693AC8
:10C59000F0EE493AB0EE494AF0EE494AB0EE495A57
:10C5A000F0EE685AB0EE696AC2F2004404F1840009
:10C5B00001F0FEFA44F2E055B0EE4D0AB0EE4C1A2E
:10C5C000F0EE4B3AF0EE4B5AF0EE480AF0EE481A15
:10C5D000B0EE4A2AF0EE482AB0EE494AF0EE494A57
:10C5E000B0EE495AB0EE686AC2F2004505F1840027
:10C5F0009FED423A01F0DCFA43F2C476B0EE4F0A06
:10C60000F0EE480AB0EE4E1AF0EE481AB0EE4A2AA2
:10C61000F0EE482AB0EE693AF0EE493AB0EE494AF7
:10C62000F0EE494AB0EE495AF0EE685AB0EE696A47
:10C63000C2F2004606F1840001F0BAFAF1EE043AC3
:10C64000B1EE0C3A41F6AC57B2EE0E0AF3EE045AD4
:10C65000F0EE480AF0EE481AF0EE482AB0EE634ACF
:10C66000F0EE634AB0EE635AB0EE436AC2F200479E
:10C670009FED231A07F16C009FED222A01F098FA32
:10C68000F0EE480A04F11C009FED1F0A04F070FE52
:10C69000F0EE480A05F11C009FED1C0A04F068FE4C
:10C6A000F0EE480A06F11C009FED190A04F060FE46
:10C6B000381DDFED180AB0EE480ABDEC108B01B052
:10C6C000BDE8F04004F054BE0000C8420AD7A33BC6
:10C6D0006F12033B0000000000007A440000FA43A0
:10C6E0000000164300D0044600001B44000016C49E
:10C6F000000048430000FA440000FA4500803B4532
:10C70000AE47613D6F12833AF6086B44CD3C03445B
:10C710003313F34339D69DC09FED173AB0EE402A4C
:10C72000B4EE430AB0EE600AF1EE10FAB8BF7047FB
:10C7300031EE011A22EE011AA0EE001AB1EEC12A62
:10C74000B4EE422AF1EE10FA02D682FE000A7047D9
:10C7500080B52DED028BB0EE408AB0EE410A0CF0B0
:10C760007CFEB0EE402AB0EE480ABDEC028BBDE87C
:10C77000804082FE000A7047BD3786350000000009
:10C7800047F2B014C2F20044204605F0A5FE204650
:10C7900005F0B2FE41F62C759FED868AC2F2004587
:10C7A0009FED859AB0EE480AB0EE491A696A01F128
:10C7B000BC00D1ED240A05F07FFEA96AB0EE480A5C
:10C7C000B0EE491A01F1BC00D1ED240A05F074FE67
:10C7D000E96AB0EE481A01F1BC009FED780AD1ED8C
:10C7E000240A05F069FE296BB3EE040AB1EE0C1AB7
:10C7F00001F1C000D1ED250A05F05EFE9FED708AC3
:10C800002846B0EE480A06F0C3F8B0EE480A2846BB
:10C8100006F0DAF8B0EE480A284606F0F5F8B0EE71
:10C82000480A284606F098F806200021002702F062
:10C830002BF90A20002102F027F90B20002102F039
:10C8400023F944F694009FED5F0AC2F20040DFED49
:10C850005E0A9FED5E1A01210022012601F0A8FC6C
:10C8600044F6A41A44F6A81B9FED598AC2F2004A66
:10C870009FED589AC2F2004B9FED57AA42F27728DB
:10C880009FED56BA42F270299FED55CA9FED55DAD9
:10C890002FE000BF5BF809000BF80870D0F88C108F
:10C8A00080F8827081F8407094F82200B4F9280072
:10C8B000B4F92610B4F92A20494200EE100A504279
:10C8C00001EE101A02EE100A44F63810B8EEC00A53
:10C8D000C2F20040B8EEC11AB8EEC22A80EE0C0ACD
:10C8E000C1EE0C0A82EE0D1A08F0EEF901200AF0F2
:10C8F0004BFC41F66070C2F2004006F0D1F8686A65
:10C900004BF2D473C2F200432A6B90ED350A90EDDE
:10C910003D1A80EE010AD5E90A0120EE080A83EDEE
:10C92000000A90ED350A90ED3D1A4BF2D87080EE7A
:10C93000010AB0EE4A1AC2F20040A0EE091A80EDD8
:10C94000001A4BF2DC7091ED350AC2F2004091ED15
:10C950003D1A80EE010A20EE0B0A80ED000A92EDEE
:10C96000360AB1EE400A92ED3E1A80EE010A8AEDD7
:10C97000000A94F8240068B194F82400012809D131
:10C98000204605F0B9FD28B147F29010C2F20040F0
:10C9900001F096F994F8220001287FF47BAF5BF850
:10C9A00009000BF80860D0F88C1080F8826081F8DC
:10C9B00040609BE70000FA440000FA4500007A441A
:10C9C000000000009A992941C3F590C0DB0FC9BF50
:10C9D0007364CB3C90C2753CCDCCCCBD3661023D7E
:10C9E000000016430000C842418D028D891A01F5EE
:10C9F000807101EB116222F0FF02891A0E2955D3D2
:10CA00002DE9F04384B00DF1020149F6F619426AAE
:10CA100001F1010E4FF0000CC0F6010910E000BF5B
:10CA2000038D0133DBB20385438D048D1B1B03F59E
:10CA3000807303EB136424F0FF041B1B0D2B3AD906
:10CA4000048D155DAA2DEBD1651CEDB2555D552DFC
:10CA5000E6D10025A6B20134E4B2965D4E5501350B
:10CA60000E2DF7D19DF80F50DE2DD9D19DF80E80F7
:10CA700000260A27754600BF15F8013F013F83EAEB
:10CA8000060319F80360F7D1B045C9D1BDF80430E9
:10CA90004FF0010CA0F84030DDF80630C0F842300D
:10CAA000DDF80A30C0F846300485BDE74FF0000CD1
:10CAB0000CF00100704704B0BDE8F0430CF0010039
:10CAC000704700000000000083688B4218BF704769
:10CAD000C2B1B0B5002402E00134A24210D0C36953
:10CAE00013F804C0438D058D01335FFA83FEAE4514
:10CAF000F2D0436A458D03F805C0A0F82AE0EBE7C1
:10CB0000BDE8B040C369402208461946FAF730BA7A
:10CB100010B542688A4200D010BD018AC26804463E
:10CB20001046F7F7C1FA002808BF10BD618E2046F5
:10CB3000228E891A01F5807101EB116222F0FF0249
:10CB4000891A29D08BB20022402B28BF40239C4653
:10CB5000012B98BF4FF0010C03E000BF0132944558
:10CB60000FD0D0F820E0048E418E8C42F6D0C16AFE
:10CB7000048E095D0EF80210018E0131C9B20186E2
:10CB8000ECE7012180F83410D0E90041026AD4F8C2
:10CB900000C0BDE810406047002180F8341010BD8F
:10CBA00070B584B0DDE90AECDDE9085480F83FC0D7
:10CBB0004AF655268DF80DC049F6F61CC186C0F61A
:10CBC000010C02874387ADF804100DF10201ADF8A6
:10CBD00006200222ADF80830002380F83D5080F88E
:10CBE0003C4080F83EE0ADF802608DF80A508DF8C8
:10CBF0000B408DF80CE000BFDBB28E5C013273405D
:10CC00000C2A1CF80330F7D1ED228DF80F200022FA
:10CC10008DF80E3003E000BF01320E2A0BD08B5C82
:10CC2000468E058E0136F4B2AC42F5D0C66A458E0A
:10CC300073554486F0E790F8341009B104B070BD24
:10CC4000418E028E891A0906F8D0018AC26804460C
:10CC50001046F7F729FA0128F0D1218AE068F7F7A2
:10CC600023FA0028EAD0618E2046228E891A01F527
:10CC7000807101EB116222F0FF02891A27D08BB27A
:10CC80000022402B28BF40231946012B98BF0121C9
:10CC900003E000BF013291420DD0046A068E458E3A
:10CCA000AE42F7D0C66A058E765DA654068E013672
:10CCB000F6B20686EEE7012180F83410D0E9006173
:10CCC000026AD6F800C004B0BDE870406047002199
:10CCD00080F8341004B070BD49F6803C8260C0F624
:10CCE000010CC3620CF1080C029AC0E900C103995F
:10CCF000C16004990182059941610699018300216F
:10CD000001864186C261009A0262019A42620185EF
:10CD1000418580F834104AF6CB11C6F28751C0F82D
:10CD2000361042F2431141874BF6AA31CDF6CC5171
:10CD3000C163704700000000704700000000000061
:10CD4000816FFFF7E5BE0000FFF74EBE0000000058
:10CD5000D0F888100131C0F888100A2938BF704710
:10CD600080B584B00021C0F88810CC21AA2200929E
:10CD7000BB22CDE901210121022205234FF0DD0C68
:10CD8000CDF80CC0FFF70CFF04B080BD0000000020
:10CD9000806F814218BF7047084611461A46FAF75D
:10CDA00047BF000000000000C16FFFF78DBE00000C
:10CDB0004C3006F06DBE00002DE9F04F8FB00546F7
:10CDC00049F68C30AA462F46A946A8469646C0F694
:10CDD000010005F18C0C0B9300F108020E922A6001
:10CDE00000F124020D9200F13C0B4AF84C2F00F1A7
:10CDF00030020C9200F1480647F8602F05F5C67224
:10CE000049F86CBF05F5E67048F8746F05F53374A2
:10CE1000CDE90020CDE902431898049019980590B7
:10CE20001A9806902846724663460A91CDF824B0B7
:10CE300008947446FFF750FF0E9828600D98CAF8C2
:10CE400000000C983860402350462146089AC9F8E3
:10CE500000B0B346C8F8006001260096019606F0BF
:10CE6000E7FE052016A118224FF48073CDE900607B
:10CE7000384603F091FD189E4846314601F004F90A
:10CE800040461B9901F028F80E9828600D98CAF8C2
:10CE900000000C9838600998C9F80000C8F800B084
:10CEA0000020C5F888000A98C5E91E040B98C5F84B
:10CEB0008000A5F8846028460FB0BDE8F08F00BF61
:10CEC0004C6F72615461736B000000000000000041
:10CED000FFF732BF00000000B0B549F6D8320C466B
:10CEE000C0F6010202F108010022C0E9001494F822
:10CEF0002C118261C0E90422013184F82C11CBB2DB
:10CF0000092B03D30546F4F79FF9284694F82C1112
:10CF100001394172CAB204EB8202C2F83801B0BDD5
:10CF20002DE9F04F8BB0824690F82D01002863D098
:10CF30000AF10C080AF59C7702A80AF11E054FF0C9
:10CF4000000B103001900AE0A046002086F8200077
:10CF50009AF82D010BF1010B243583454CD20BEBD4
:10CF6000CB0008EB800696F820000128F0D1307C39
:10CF700058B1002435F8140057F8200001680968FA
:10CF80008847307C01348442F4D370680828F16902
:10CF90000391DDD84446B046059001984FF0000952
:10CFA00058F8081B0291CDF81090C0E90099C0E92B
:10CFB0000299C0F8109007E001200AF0E5F8B9F1F5
:10CFC000120F09F10109BFD2DAF83001F6F704FABD
:10CFD00070B1DAF8300102A94246F6F7A9F800F07C
:10CFE000FE000228B0D1B9F1120FE5D3E7E700BF88
:10CFF000B9F1110FE0D9E2E70BB0BDE8F08F000006
:10D0000080B588B00091D0F8300169464FF0000C2F
:10D01000CDE906CC03930A9B04930B9B05930192E5
:10D0200002220292F6F7C0F808B1F4F70DF908B041
:10D0300080BD00000000000010B50446D0F83001AB
:10D0400001210022F6F738F808B1F4F7FDF8D4F81A
:10D05000300110210022F6F72FF808B1F4F7F4F8A8
:10D06000D4F83001F6F7A8FE002808BF10BDBDE8CF
:10D070001040F4F7E9B80000B0B582B004460D46A0
:10D08000012000901DA12B2296230190204603F041
:10D0900083FC49F6EC304FF49171C0F60100083082
:10D0A000206004F10C00F3F7C3FAC4F830510020FB
:10D0B000C4E94E00C4E95000C4E95200C4E9540078
:10D0C0000AF002FE40F6C075C2F200452878013031
:10D0D0002870C1B2042901D3F4F7B6F828780138D2
:10D0E00084F83401C1B240F6C470C2F2004040F886
:10D0F00021400AF011FE204602B0B0BD43616E002F
:10D1000010B5A2F1010C49F6F8335FFA8CF4C0F6C1
:10D110000103092C03F1080EC0F800E04FF00003F2
:10D12000836088BF10BD816001EB8401427180F88B
:10D1300004C0C1F8A40310BD3B2B22D82DE9F04355
:10D1400081B00446174645F2AA501E46A4F81701BE
:10D1500004F21B1084F8191111461A46DDF82080DC
:10D1600004F2171984F81A31F3F7C1F95EB1791E88
:10D170000020324611F8013F013A80EA0300F9D15C
:10D1800002E000207047002006EB09010871EE2044
:10D190004871E06841460BF053FC01284FF0000055
:10D1A00023D194F8161104F589770636B2B237F810
:10D1B00011309D18812D38BF0120802D80460DD85B
:10D1C00004EBC110494618441130F3F790F994F874
:10D1D000160137F81010314427F81010E0680021CC
:10D1E000002200230BF04CFA404601B0BDE8F0836A
:10D1F0002DE9F041044600F037F894F8160104F5E3
:10D200008977B0FA80F04FEA501837F81800A8B1C3
:10D2100004EBC810002600F11105002094F8CC138F
:10D2200021B937F818102846F3F75AFD18B1092E1E
:10D2300006F10106F2D3002027F81800E0684FF04D
:10D24000FF310BF0FDFB012818BFBDE8F081E0685D
:10D2500000210022002384F81681BDE8F0410BF084
:10D260000FBA0000000000002DE9F04F81B0044625
:10D27000B0F85803B4F85A13884202D101B0BDE89F
:10D28000F08F04F2571604F5697804F5587A04F221
:10D290005F3900274FF0010C4FF0020E4FF0060BE4
:10D2A00008E000BF84F85C73B4F85803B4F85A136C
:10D2B0008842E3D0B4F85803305CB4F85813013115
:10D2C0006FF35F21A4F8581394F85C130629E9D88A
:10D2D000DFE801F0042E192409334300AA28E3D122
:10D2E00084F85CC3E0E7B4F8A0130AF8010094F8EE
:10D2F0005E13B4F8A0030130A4F8A00382B28A42FE
:10D30000D2D305200FE0A0F10B0111F10B0FC9D909
:10D3100084F85D03032084F85C03C5E74128C1D28B
:10D3200084F85E03042084F85C03A4F8A073BBE7D0
:10D330005528B7D184F85CE3B6E794F85E23002162
:10D3400032B14B4613F8015F013A81EA0501F9D188
:10D350008842A7D184F85CB3A6E7EE28A2D194F85E
:10D360005D0308EB800050F8040C00283FF49AAFEE
:10D37000016894F85E230B68514698474FF0020EFF
:10D380004FF0010C8EE7000070B582B004460D46E8
:10D390000120009024A1232280230190204603F045
:10D3A000FBFA49F604404FF48071C0F601000830E2
:10D3B000206004F11100F3F719F904F58B70412195
:10D3C0000026C4F81261F3F711F904F257104FF474
:10D3D0000071F3F70BF904F558704021A4F8586375
:10D3E000A4F85A6384F85C63F3F722F904F56970D2
:10D3F0002821A4F8A063F3F71BF940F6D070002DA4
:10D4000084F8CC53C2F2004018BF012540F82540F3
:10D41000012025740BF08CF8E06008B9F3F714FFD5
:10D42000204602B070BD00BF4364630000000000EE
:10D4300010B52DED048B43F2200230EE608AC2F26B
:10D44000004200291468426A636A616A416214D02A
:10D45000B0EEC11A31EE010AB4EE418AF1EE10FAD3
:10D4600002DD38EE408A08E0B1EE411AB4EE418A9E
:10D47000F1EE10FA01DA38EE008A90ED001AB0EE03
:10D48000C80AB5EE401AF1EE10FA09D0B4EE410A1E
:10D49000F1EE10FABEBF9FED320ABDEC048B10BD59
:10D4A000991A9FED2D2A01EE101AB8EE411A81EE5D
:10D4B000021A9FED2A2A81FE029A90ED041AB4EE18
:10D4C000410AF1EE10FA1DDD90ED061A30EE410A28
:10D4D00090ED031AB0EEC00A21EE001AB1EEC10AB7
:10D4E000B4EE400AF1EE10FA2ED690ED071AB5EE22
:10D4F000408A30EE010AF1EE10FAB1EE401A30FE29
:10D50000010A03E090ED010A28EE000A90ED081AE6
:10D51000B0EE403A38EE411A90ED022AB5EE402ABC
:10D52000F1EE10FA81EE091AA1EE023A90ED051A19
:10D53000B1EE412A18BFB0EE430A80FE020A80FE17
:10D54000410ABDEC048B10BDB0EE410A04460BF05D
:10D5500084FF2046C9E700BF0024744917B7D138BB
:10D56000000000000000000010B52DED088B31EE2A
:10D57000018AB5EE400AB0EEE23A9FED329A80EDB4
:10D58000003AB0EEE14AB0EEC83A80ED010AB0EEE2
:10D59000C22AC0ED020AF1EE10FA80ED033A80EDE6
:10D5A000044A80ED052A11D0B5EE401AF1EE10FACA
:10D5B0000CD0B1EEC82AB4EE422AF1EE10FA2CD605
:10D5C00020EE022A81EE021A21EE019A28EE092AA3
:10D5D00080ED069AB1EEC21AB4EE411AF1EE10FADD
:10D5E0000AD691EE801A31EEC90A80ED060A80ED66
:10D5F000071ABDEC088B10BDB0EE408AB0EE420AAF
:10D60000B0EE61AA04460BF028FFF0EE4A1AB0EE25
:10D61000401AB0EE480A2046E3E7B0EE409AB0EE7A
:10D62000480AB0EE61AA0446B0EE41BA0BF015FF0D
:10D63000B0EE4B1AF0EE4A1AB0EE402AB0EE490AAC
:10D640002046BDE7000000000021C161C0E90011D3
:10D65000C0E90311C0E90511704700000000000097
:10D66000B0B52DED088B82B0044690F85000B0EEB6
:10D67000E2AAB0EE428AB0EE609AB0EE40BA01285B
:10D680000D4613D1B0EE410AF0EE4A0A0020019097
:10D6900004F1540001AA294604F016FE9DED011A7A
:10D6A0009FED822A61EE021AB0EE401A94ED030A51
:10D6B0003AEE0A2AB5EE400AF1EE10FA0CD094EDDB
:10D6C000103A31EE433A9DB1B4EE4A3AF1EE10FA17
:10D6D00005DD33EE423A0BE09FED750A23E0B1EE33
:10D6E0004A4AB4EE443AF1EE10FA01DA32EE033A65
:10D6F00094ED0A4A83EE044A94ED083AB5EE403AB6
:10D70000F1EE10FA20EE040A0DD0B4EE430AF1EE69
:10D7100010FA06DCB1EE433AB4EE430AF1EE10FA29
:10D7200001DAB0EE430A31EE4B4A85B1B4EE4A4A13
:10D73000F1EE10FA02DD34EE424A08E0B1EE4A3A68
:10D74000B4EE434AF1EE10FA01DA32EE044AB0EEDA
:10D75000C46A94ED097A9FED563A94ED015AB4EEFD
:10D76000467AF1EE10FAB5EE405A33FE042A94EDF3
:10D77000004AF1EE10FA3FD0D4ED040AF5EE400A6B
:10D78000F1EE10FA0CD0B4EE467A9FED497AF1EE44
:10D7900010FA37FE066AB4EE606AF1EE10FA11DA9A
:10D7A00094ED0E6A32EE066A94ED0A7A26EE076A66
:10D7B000B6EE007A26EE076A94ED0C7AA6EE057AAC
:10D7C00084ED0C7A94ED055AB5EE405AF1EE10FA5C
:10D7D00012D094ED0C6AB4EE456AF1EE10FA02DD57
:10D7E00084ED0C5A08E0B1EE455AB4EE456AF1EE0C
:10D7F00010FAB8BF84ED0C5A94ED025A24EE024A96
:10D80000B5EE405AF1EE10FA24D031EEC93AB7EE37
:10D81000006A23EE053A94ED135A36EE456A23EE7C
:10D82000063A94ED116AA5EE063A94ED075AB5EE64
:10D83000405AF1EE10FA0DD0B4EE453AF1EE10FA7E
:10D8400006DCB1EE455AB4EE453AF1EE10FA01DAD3
:10D85000B0EE453A94ED0C5A34EE054A33EE044AE4
:10D8600038EE045A94ED064AB5EE404AF1EE10FA4D
:10D8700030EE050A0FD0B4EE440AF1EE10FA06DCE1
:10D88000B1EE444AB4EE440AF1EE10FA01DAB0EE19
:10D89000440A84ED0D0A84ED0E2A84ED101A84EDFD
:10D8A000113A02B0BDEC088BB0BD00BFEBC9184106
:10D8B0000000000000000000B0B52DED048B044610
:10D8C00090F85000B0EEC19AB0EE408A01280D46A3
:10D8D0000BD1B0EE600AF0EE490A04F154000022C8
:10D8E000294604F0F1FCF0EE400A94ED030A39EE0B
:10D8F000091AB5EE400AF1EE10FA0CD094ED102A98
:10D9000030EEC22A9DB1B4EE492AF1EE10FA05DDDF
:10D9100032EE412A0BE09FED980A23E0B1EE493A3E
:10D92000B4EE432AF1EE10FA01DA31EE022A94ED58
:10D930000A3A82EE033A94ED082AB5EE402AF1EE57
:10D9400010FA20EE030A0DD0B4EE420AF1EE10FAFE
:10D9500006DCB1EE422AB4EE420AF1EE10FA01DA28
:10D96000B0EE420A30EEC85A85B1B4EE495AF1EE33
:10D9700010FA02DD35EE415A08E0B1EE492AB4EE64
:10D98000425AF1EE10FA01DA31EE055AB0EEC53A1C
:10D9900094ED094A9FED782A94ED006AB4EE434A6B
:10D9A000F1EE10FAB5EE406A32FE051AF1EE10FA09
:10D9B0000CD094F82D00012806D194ED0E2A31EEFA
:10D9C000422A26EE022A01E026EE012A94ED015AAF
:10D9D000B5EE405AF1EE10FA3DD094F82D00012832
:10D9E00002D121EE053A34E094ED046AB5EE406AC6
:10D9F000F1EE10FA0CD0B4EE434A9FED5F4AF1EE1F
:10DA000010FA34FE033AB4EE463AF1EE10FA11DAA7
:10DA100094ED0E3A31EE033A94ED0A4A23EE043ABD
:10DA2000B6EE004A23EE043A94ED0C4AA3EE054A02
:10DA300084ED0C4A94ED053AB5EE403AF1EE10FA59
:10DA400009D094ED0C4AB4EE434AF1EE10FA40F3DB
:10DA5000898084ED0C3A94ED023AB5EE403AF1EE4D
:10DA600010FA2ED094ED0E4A94F82D0031EE444A6F
:10DA700094ED0A5A84EE054A23EE043A18BBB7EE39
:10DA8000004A94ED135A34EE454A24EE033A94EDDD
:10DA9000114AA5EE043A94ED074AB5EE404AF1EE7C
:10DAA00010FA10D0B4EE443AF1EE10FA06DCB1EE02
:10DAB000444AB4EE443AF1EE10FA04DAB0EE443AD5
:10DAC00001E09FED2D3A94F82D0094ED0C4A94ED71
:10DAD0000D5A32EE042A002803FE054A32EE044AAB
:10DAE00094ED062AB5EE402AF1EE10FA30EE040A63
:10DAF00015D0B0EE424AB4EE420AF1EE10FA0ADC5A
:10DB0000B1EE425AB0EE404AB4EE450AF1EE10FAD8
:10DB100001DAB0EE454AB0EE440A84ED0D4AA16B3D
:10DB2000A16484ED0E1A84ED0F8AC4ED100A84ED11
:10DB3000113AA0B133EE000AB4EE420AF1EE10FA47
:10DB400004DDB0EE420ABDEC048BB0BDB1EE421A6A
:10DB5000B4EE410AF1EE10FA01DAB0EE410ABDEC82
:10DB6000048BB0BDB1EE433AB4EE434AF1EE10FA85
:10DB7000B8BF84ED0C3A6EE7000000000000000022
:10DB8000B0EEC00AB7EE001A80F82D1080F82C20F5
:10DB9000B4EE401A9FED051AF1EE10FA80F85030FD
:10DBA00030FE010A80ED130A704700BF000000003C
:10DBB00080EC020AB0EEE30A80ED021AB0EEC41A5D
:10DBC00080ED050A80ED041AB0EEE41AB0EEC50A45
:10DBD00080ED071A80ED080AB0EE461AB0EE650A2D
:10DBE000B0EEC33AB5EE402A80ED063AB0EEE23A26
:10DBF000C0ED031AF1EE10FA80ED093A04D1DFED21
:10DC0000060A543004F058BCF0EEC20AC0ED0A0A0D
:10DC1000543004F051BC00BF6F12833A0000000082
:10DC200090ED001AB4EE401AF1EE10FA02DD80ED2C
:10DC3000000A7047B1EE400AB4EE401AF1EE10FA55
:10DC4000B8BF80ED000A70470C2A09D1027E3AB9AC
:10DC50000A684B688968416103610121C2600176ED
:10DC600080B582B001218DF8071080680DF10702A0
:10DC7000022101234FF47A7CCDF800C0FFF75CFA53
:10DC800002B080BD0000000080B5FFF739FA49F608
:10DC900010414FF00232C0F60101C0F80F200831E8
:10DCA000016040F201118181012181730322C2745C
:10DCB0004FF004324261017680BD00000000000098
:10DCC00080B582B001218DF8071080680DF1070240
:10DCD000042101234FF47A7CCDF800C0FFF72CFA21
:10DCE00002B080BD00000000102A18BF704710B5B8
:10DCF00084460A684CF80C2F02464B6842F8103FE5
:10DD000003468C6843F8144FC96840F8181F4168EF
:10DD100004460846614600F05FF96068002200236F
:10DD20002146BDE8104000F06FB90000000000007F
:10DD300010B51C46FFF7E4F949F61C41C461C0F672
:10DD40000101083101600021C0E90311C0E905119A
:10DD500010BD00000000000010B582B0062A427518
:10DD60000CD890F884304BB900F10C0304461846E7
:10DD7000F2F7BDFB2046012184F8841001218DF8C3
:10DD8000071080680DF10702032101234FF47A7414
:10DD90000094FFF7D1F902B010BD000000000000B0
:10DDA00080B5FFF7ADF90522427544F2A2524EF656
:10DDB0009E73C4F25E02C4F22F0382614CF28F2282
:10DDC000C3614CF6D963C4F25D02C3F6C773026245
:10DDD00042F2DD42436241F27B43C4F25E02C3F68B
:10DDE000AE63826245F20462C36246F24E23C4F21D
:10DDF0009602C4F23003C0E90C234EF6853245F298
:10DE0000EC13C4F29502C3F6C873826343F67152F1
:10DE1000C36347F2C963C4F29602C3F6BE630264E9
:10DE200042F2C50243644DF2FE43C4F2BC02C4F2A6
:10DE3000300382644DF63B72C36446F25A43C4F227
:10DE4000BB02C3F6CB73C0E914234AF2D733826511
:10DE5000C3F6B06348F22B72C36545F6100349F66A
:10DE60002841C4F2E202C4F23103026647F2C962F9
:10DE700043664FF2C353C0F60101C4F2E202C3F697
:10DE8000C87382664EF67912C3664FF2B633083114
:10DE9000016040F20251C4F2E202C3F6BD63C0F277
:10DEA0000471C0E91C2340F20123C1600A210174FE
:10DEB0000021C0F811104FF00112C0F20123C0E997
:10DEC0001E23C0F88020012280F88420C0F888102A
:10DED00080BD00000000000049F634420029C0F671
:10DEE000010202F10802026008BF70478A8801320D
:10DEF0008A8093B2182B08D3B0B504460D46F3F7C9
:10DF0000A3F929462046BDE8B0408A8801EB82018A
:10DF1000486070470000000070B5044601600026AC
:10DF2000868008305C21F2F783FB09F0CDFE40F6D5
:10DF3000D875A680C2F20045287801302870C1B299
:10DF40000E2901D3F3F780F9287840F6DC71C2F28C
:10DF5000004101EB800040F8044C09F0DDFE204652
:10DF600070BD00000000000041F21000C2F200404D
:10DF7000704700000000000040F2FE00C2F20040C6
:10DF8000704700000000000040F2FE01C2F20041B4
:10DF9000087041F21000C2F2004001210170704788
:10DFA00043F22001836AC2F2004144F2402CC0F2E5
:10DFB0000F0C09684A6AD21A624502D9002280F819
:10DFC0002420026B496A891A614598BF7047002175
:10DFD00080F82C107047000000291CBF0968C16040
:10DFE000002A1CBF11680161002B1CBF1968416128
:10DFF00043F22001C2F200410968496A81620121AD
:10E0000080F824107047000000291CBF0968816156
:10E01000002A1CBF1168C161002B1CBF1968016276
:10E0200043F22001C2F200410968496A01630121FB
:10E0300080F82C107047000010B582B00EA10A22A3
:10E0400040234FF0500C0024CDE9004C02F0A4FC1A
:10E0500049F640410463C0F6010180F824400831CC
:10E060000160C0E90344C0E90544C0E90744846293
:10E0700080F82C4002B010BD43686173736973541B
:10E0800061736B000000000091FAA1F249F64C4365
:10E09000B2FA82F2C0F601030F2A03F1080303600B
:10E0A00088BF7047818041F21401C2F2004141F8FB
:10E0B000220070470000000090ED000A90ED011A68
:10E0C00091ED002A91ED013A80FE420AC1FE430A19
:10E0D00070470000000000000021C0E900117047F7
:10E0E00070B582B0044690F8A0000028D4F89000E3
:10E0F0002ED094F88C1004F10C0594ED250AD4ED83
:10E10000260A94ED271A05EB011609010436695811
:10E110004CCE009601F0D0FA60B194F88C0004F176
:10E120009401020105EB0010AA580A60D0E901022F
:10E13000C1E9010294F88C0094F88D10091A49077E
:10E1400004D0013000F0070084F88C0002B070BDEC
:10E15000006842F27821425C7AB946189FED100AB5
:10E16000DFED100A00219FED101A00220023002588
:10E17000009501F001FD0120307040F63D204FF286
:10E18000C351C3F6D760CCF29001C4E92501002049
:10E19000C4F89C00012084F8A00002B070BD00BF4C
:10E1A0003D0AD73EC3F590C000000000000000000B
:10E1B000B0B590F88DE090F88CC06FEA0E039C44E7
:10E1C0005FEA4C7314D000F10C0505EB0E1383EDE0
:10E1D000000A90F88D40C3ED010A83ED021A05EBA9
:10E1E00004152973611CEA8101F0070180F88D1084
:10E1F0001CF0070018BF0120B0BD000000000000A7
:10E20000B0B582B00C4612A1132280234FF0020C4D
:10E210000025CDE9005C02F0BFFB49F65841C0F68D
:10E220000101083101606FF00F0100BF4218103189
:10E230007029D5611562F9D1C0F890400021C0E97C
:10E240002511A0F88C1080F8A01002B0B0BD00BF5E
:10E250004E617669676174696F6E5461736B00001B
:10E26000B0B582B06946002500950446019506F0D8
:10E270003FFF002808BFCDE9005594F8820001282F
:10E2800007D1D4F88800BDEC020ABDE8B04006F022
:10E290005BBD02B0B0BD0000D1B1024691F84E0C9A
:10E2A00001284FF0000018BF704743F220031067A9
:10E2B000C2F200435066C2E91A001B6810665B6A2E
:10E2C000A2F8800082F8830001205367D160704774
:10E2D00000207047000000002DE9F04381B02DEDD3
:10E2E0000A8B82B00446984691460F460120009062
:10E2F00032A11E224FF4007301902046B0EE408AF6
:10E3000002F04AFB49F6644004F11006C0F6010031
:10E31000083020603046FFF797F904F138052846A9
:10E32000FFF792F9B0EE089AB0EE04AA9FED26BA74
:10E33000F0EE482A9FED25CAB0EE4B0AF0EE4C0AEB
:10E34000B0EE491AB0EE4A2ADFED211A3046C4F881
:10E350008C80C4E921790027E760FFF705F9B0EE6A
:10E360004B0AF0EE4C0AB0EE491AB0EE4A2AF0EE33
:10E370004C2ADFED181A2846FFF7F6F849F69A10EE
:10E38000A766C3F69960A0674CF28F20E766C3F6D4
:10E39000F540E06743F220002767C2F20040C4E97D
:10E3A00018770068406A6067C4F88070204602B041
:10E3B000BDEC0A8B01B0BDE8F08300BF547261630D
:10E3C0006B335461736B00006666E63F000000002B
:10E3D0000AD7233D295C8F3D91ED010A91ED021A88
:10E3E00090ED012A90ED023A80FE420A81FE431A26
:10E3F00080ED010A80ED021A704700000000000065
:10E4000000210173C0E90011816070470000000025
:10E4100090F8462C0E2A16D800F62C33AAB103EB3E
:10E42000C20313ED021AB4EE410AF1EE10FA0ADD4E
:10E4300030EE411A9FED0C2AB0EEC11AB4EE421A2A
:10E44000F1EE10FA08DA0020704703EBC20283ED08
:10E45000000A9180012103E09980511C83ED000A9C
:10E4600080F8461C01207047BD378635000000004B
:10E4700090F8441C132918D800F6AC02B9B101EB8E
:10E48000410302EB830212ED032AB4EE420AF1EEDD
:10E4900010FA0ADD30EE422A9FED0E3AB0EEC22AA3
:10E4A000B4EE432AF1EE10FA0DDA0020704701EBCA
:10E4B000410182ED000A02EB8101C1ED010A81ED0B
:10E4C000021A012102E0013182EC030A80F8441CA7
:10E4D00001207047BD37863590F845CCBCF1130F4D
:10E4E00001D900207047B0B5BCF1000FDDF810E095
:10E4F00000F69C1517D00CEB8C0405EB840414ED8E
:10E50000051AB4EE410AF1EE10FA0ADD30EE411AB6
:10E510009FED122AB0EEC11AB4EE421AF1EE10FAD3
:10E520000FDA0020B0BD0CEB8C0485ED000A05EB82
:10E53000840404F1040C84F810E08CE80E0001213E
:10E5400007E0251D84ED000A84F810E00EC50CF1EB
:10E55000010180F8451C0120B0BD00BFBD378635E4
:10E560002DE9F04F81B02DED048B82B0824690F8FA
:10E570004E0C012859D19AF8460C002855D09AF82B
:10E58000460C9AF84B5C85424FD2B0EE408A41F27D
:10E59000540B0AF62C3801279FED279AC2F2004B44
:10E5A0000120019007E00020019000BF9AF8460C7E
:10E5B0000135854239D208EBC50494ED000A30EEEE
:10E5C000090AB4EE480AF1EE10FA2EDAA088002803
:10E5D000ECD0A08800B3002607FA06F919EA000F6C
:10E5E00014D05BF8260088B194ED000A90ED011A72
:10E5F00030EE410AB4EE480AF1EE10FA06DA00F005
:10E6000023F9A08820EA0900A08000BFA08818B1E3
:10E610000F2E06F10106DFD30199C907C6D00028E5
:10E62000C1D1681C8AF84B0CC0E702B0BDEC048B6A
:10E6300001B0BDE8F08F00BFCDCCCCBE0000000023
:10E64000B0B5B0F8502C41F2540E00234FF0010C3D
:10E65000C2F2004E03E000BF0133102B0CD00CFAC5
:10E6600003F40C42F8D05EF82350ED78012DF3D17D
:10E670002243A0F8502CEFE7B0BD000000000000DE
:10E68000B0B504460025A0F8505C00F60C00A021AF
:10E69000F1F7CEFF84F8525CC4F8445CC4F8485CDF
:10E6A000C4F84B5CB0BD000070B5044690F84D0C4A
:10E6B0000E2821D82C2504F5AF6610FB056002F06A
:10E6C000DFF9C8B194F84C1C94F84D0C0144CAB25F
:10E6D00004EB810310FB0561C3F80C1872B104EB65
:10E6E000820291ED011A02F6A43212ED010A30EE17
:10E6F000010A82ED000A04E0002070BD4A68C4F8F7
:10E70000A42B013084F84D0C01204FF081420A61A6
:10E7100070BD00000000000010B5044690F84C0CDD
:10E72000182821D8C0EBC00004EBC00002F038FB71
:10E73000D0B194F84C0C94F84D1C0144C0EBC003CC
:10E74000C9B2002904EB810204EBC301C2F80C1822
:10E750000CD002F6A43291ED011A12ED010A30EE4E
:10E76000010A82ED000A04E0002010BD4A68C4F8E6
:10E77000A42B013084F84C0C01204FF081420A6137
:10E7800010BD000000000000B0B50446002500BF29
:10E79000601902F0A5FB3835B5F5AF6FF8D100254B
:10E7A000601900F5AF6002F0E7FA2C35B5F5257F6A
:10E7B000F6D104F6AC00F021F1F73AFF4FF67060A5
:10E7C0000021CFF6FF7000BF2218143082F83C1BE6
:10E7D000C2F82C1BC2F8301BC2F8341BC2F8381B1D
:10E7E000F2D104F624307821002200BF40F8082F2F
:10E7F00008398280FAD104F60C00A0210025A4F883
:10E80000505CF1F715FF204684F8525CC4F8445C74
:10E81000C4F8485CC4F84B5CB0BD000000000000C8
:10E82000012181707047000001464078012818BF1F
:10E83000704700224A70704701468078012818BF4F
:10E84000704700228A7070470121417070470000B4
:10E8500080B510290BD841F2540CA1F1010EC2F27F
:10E86000004C5CF82E3013B94CF82E0001709FED6F
:10E87000071A002180FE010A9FED051AA0F8011079
:10E88000C27080FE410A80ED010A80BD0AD7A33C18
:10E89000CDCCCC3E00000000B0B584B004460025CD
:10E8A000E0E80455FFF718FC04F11800FFF7A8FD95
:10E8B0006846E581C4E90055A5602573FFF70CFCA7
:10E8C000DDE90001C4E904016846FFF799FD9DF800
:10E8D0000C0084F824000098A0610198E06102987F
:10E8E0002062204604B0B0BD90F84010012918BF46
:10E8F000704710B5816B00F10C0290ED0D0A9FED91
:10E90000071AD1ED060A012104461046FEF790FDD4
:10E91000E06BBDE8104005F0FFBE00BFDB0F4940D3
:10E9200070B52DED028B82B0044615460E460120CF
:10E93000009015A11E22802301902046B0EE408A4F
:10E9400002F02AF849F67040C0F601000830206055
:10E9500004F10C00FEF778FEB1EE041AB0EE082ABE
:10E96000F0EE482A9FED0C0ADFED0C0ADFED0C1AE1
:10E97000C4E90E65FEF7F8FD002084F8400020464B
:10E9800002B0BDEC028B70BD486561644374726C6B
:10E990005461736B0000000033331340000000002B
:10E9A000CDCCCC3D000000000238C0B2022805D812
:10E9B00005A101EB800090ED000A70479FED010A70
:10E9C000704700BF00000000DB0F4940DB0FC93F6C
:10E9D000DB0FC9BF00000000814202D1002250B20B
:10E9E000704700220E2898BF0E2901D950B27047F7
:10E9F00010B549F6F6224FF0000EC0F601026FF096
:10EA0000010302EBC00C00BF0CEB03020233062B28
:10EA10009278A2EB0102B2FA82F24FEA52124EEA67
:10EA2000020EF1D15FEACE7220D048B151B10D286B
:10EA300018BF0D2908D10222814288BF012216E0A9
:10EA4000012214E0022212E00C1AFFF795FA007876
:10EA5000012804F10300C0B203D1072806D208A19F
:10EA600002E0072802D204A10A5C00E00022BDE80F
:10EA7000104050B2704700BF0200040003000100C4
:10EA80000200030004000100A0F10D0212F10C0FBE
:10EA900038BF704740F2FF02C2F200421154704783
:10EAA000B0B52DED028B8CB004460D3810F10C0F73
:10EAB00004D2DFED480AB0EE600A86E0FFF75CFAA8
:10EAC0004AF6AB22611ECAF6AA22BEEE008AA1FB5C
:10EAD00002230122007823F0010502EB53020128F2
:10EAE000D2B200EE102A05EB5302A1EB020141F273
:10EAF000D402C2F2004201F10105B8EE400A02EB75
:10EB0000401404F108000AA94FF0020230EE080A8E
:10EB100018D108F01DFAB5EE000A0A9804900B9877
:10EB2000059004A80AA9022208F012FA0A98069091
:10EB30000B98079006A90AAA0223204608F080F83D
:10EB4000E8B219E008F004FAB5EE000A0A98049059
:10EB50000B98059004A80AA9022208F0F9F90A986E
:10EB600006900B98079006A90AAA0223204608F0EF
:10EB700067F8E8B2C0F1040000EE100A0A980B9999
:10EB80000890099104F11000B8EE400A0AA9022287
:10EB900030EE080A08F0DCF90A9800900B98019012
:10EBA00068469FED0D0A0AA9022208F0D1F90A98D9
:10EBB00002900B98039008A802A90AAA022308F061
:10EBC0003FF89DED0A0ADDED0B0A0CB0BDEC028B9F
:10EBD000B0BD00BF00000000ABAAAA3E00000000CC
:10EBE000013803280BD8DFE800F0020B050830EEEF
:10EBF000010A704770EE810A704770EEC10A7047D3
:10EC000030EE410A704700002DE9F0412DED0C8BEC
:10EC100086B08DEC020AFFF7A7F90078012840F0D2
:10EC20009E80FFF7A9F990F8008041F29400C2F2AB
:10EC3000004004AA022300EB48146846214608F06D
:10EC4000DFF902AD04ABDDE90401CDE9020104F115
:10EC500008010222284608F05FF904F1100104AB14
:10EC6000022228469DED048A08F056F9B5EE408A46
:10EC7000F1EE10FA7ADA41F2141004AAC2F200405E
:10EC8000022300EB48146846214608F0B9F902ADAA
:10EC900004ABDDE90401CDE9020104F1080102221F
:10ECA000284608F039F904F1100104AB0222284685
:10ECB0009DED048A08F030F9B5EE408AF1EE10FAC5
:10ECC0006EDA41F2541004AAC2F20040022300EBB3
:10ECD00048146846214608F093F902AD04ABDDE91B
:10ECE0000401CDE9020104F108010222284608F0DE
:10ECF00013F904F1100104AB022228469DED048AA9
:10ED000008F00AF9B5EE408AF1EE10FA61DA41F244
:10ED1000D40004AAC2F20040022300EB4816684661
:10ED2000314608F06DF906F1080402AFDDE904018F
:10ED3000CDE9020104AB02223846214608F0ECF886
:10ED400006F1100504AB0222384629469DED048ADF
:10ED500008F0E2F8B5EE408AF1EE10FA50DA102031
:10ED6000C0B206B0BDEC0C8BBDE8F08194ED060A94
:10ED7000B4EE408AF1EE10FA3FF77DAF9DED040A44
:10ED8000B5EE400AF1EE10FAFFF675AF94ED071AF2
:10ED9000B4EE410AF1EE10FA3FF76DAF0020DFE765
:10EDA00094ED060AB4EE408AF1EE10FA89DC9DED8E
:10EDB000040AB5EE400AF1EE10FAFFF682AF94EDC8
:10EDC000071AB4EE410AF1EE10FA3FF77AAF0D20C0
:10EDD000C6E794ED060AB4EE408AF1EE10FA96DC2E
:10EDE0009DED040AB5EE400AF1EE10FA8FDB94EDCA
:10EDF000071AB4EE410AF1EE10FA88DC0E20AFE7F4
:10EE000096ED060AB4EE408AF1EE10FAA7DC9DED0D
:10EE1000040AB5EE400AF1EE10FAA0DB96ED071AEF
:10EE2000B4EE410AF1EE10FA99DC96ED070AB1EE64
:10EE3000C08AB4EE488AF1EE10FA80F18B8096ED2C
:10EE4000060AB1EEC09AB4EE499AF1EE10FA80F1DA
:10EE50008680684604AA0223314608F0D1F8049857
:10EE600004900598059002AB02222846294608F036
:10EE700053F89DED02DA9FED3CAAB0EECD0AB0EE5C
:10EE80004ABA9FED3ACAB4EE4C0AF1EE10FA13DB1F
:10EE9000B5EE40DAF1EE10FA02DA9FED33DA01E076
:10EEA000B1EECDDA04A802AB0222294608F034F80C
:10EEB0009DED020A80EE0DBA02AB022220462146E9
:10EEC00008F02AF89DED02DAB0EECD0AB4EE4C0A55
:10EED000F1EE10FA13DBB5EE40DAF1EE10FA02DAD9
:10EEE0009FED21DA01E0B1EECDDA04A802AB0222F7
:10EEF000214608F011F89DED020A80EE0DAAB0EE51
:10EF0000080AB5EE001A012288EE000A29EE011A5D
:10EF10008BEE000A8AEE011ABEFE400ABEFE411ABE
:10EF200010EE100A11EE101A012898BF10460129A0
:10EF300088BF0A46032828BF032002EB4201B8F12C
:10EF4000000F00EB0102A1EB000000F1010018BF6F
:10EF5000D01E05E70AF081FAB0EE408A6FE70AF0AA
:10EF60007CFAB0EE409A74E700000000BD378635A9
:10EF700084460E284FF00000187098BF0E2900D963
:10EF800070472DE9F04F8EB040F2FF09C2F2004900
:10EF900019F80C00012810D119F8010001280CD132
:10EFA0008C45179F0ED14FF0010082F800C01870F9
:10EFB00027B100203870012000E000200EB0BDE82D
:10EFC000F04F70470DF1280B0DF1080ACDE9002331
:10EFD0000023CDF8133004934FF0FF30CDE9023316
:10EFE000CDE90A000C90CDF83300CDE90600089079
:10EFF000CDF823000BF80C3004E000BF0E2B03F11A
:10F0000001035DD21027FF25002402E001340F2CFC
:10F0100010D01AF804000028F8D119F804000128CB
:10F02000F4D1EDB21BF80400A8423CBF27460546C8
:10F03000ECE700BF5FFA87FCBCF1100F40D0012065
:10F040000AF80C0049F6F6204FF0000EC0F6010059
:10F0500000EBCC050DE000BF4FF00B08B8F10D0F31
:10F0600002D0B8F1000FC9D10EF1010EBEF1040FAC
:10F07000C4D015F81E001028EED019F80040012C5D
:10F0800002D11AF800402CB14FF00D08B8F10D0F65
:10F09000E7D1E9E71BF80C40FF2C0BD005EB4E063F
:10F0A0001BF8002076783444944203D206AA0BF869
:10F0B000004017544FF00008B8F10D0FD1D1D3E73D
:10F0C0001BF80170B7F1FF0018BF0120FF2FDDE929
:10F0D00000653FF473AF179A06AC002A18BF17708B
:10F0E000FF2907D04BB22A78571C2F70B154E15C2E
:10F0F000FF29F7D12F78022FFFF460AF711E002295
:10F100000E4600BF16F8013FCF5D377001322F78F1
:10F11000CB550139D3B22F78B3EB570FF2D34DE76C
:10F1200070B52DED048B82B00C460546B0EE618AB9
:10F13000B0EE419AFFF768FDB0EE490AF0EE480ADA
:10F140000646FFF761FD002D18BF102E03D10020E9
:10F150000021217009E001461028F8D0002000901D
:10F1600030462A462346FFF703FF02B0BDEC048B6E
:10F1700070BD0000000000002DE9F0472DED0A8B66
:10F180008AB0044608461D4616460F46FFF788FC1F
:10F1900038463146B0EE408AB0EE609AFFF71CFC6C
:10F1A00080460DF12703204641462A4606F070FEB0
:10F1B000216842F2582242F26023054688188A5894
:10F1C0000692CA18B0EE480AF0EE490A4068079065
:10F1D000D06805909068049050680390C8580290D9
:10F1E0009FED6E1A4046FFF7FBFC9DF92790B0EEAD
:10F1F00040AAB0EE60BA4FF0000AA9F10100002168
:10F20000C0B2032805D849F6A861C0F6010131F85B
:10F21000101041EA050642F278259FED61CA02E02E
:10F2200000200127F8B12068415D01290ED1B0EE20
:10F230004A0AF0EE4B0AB0EE4C1A00210022334687
:10F24000CDF800A000F098FC18B9E9E702200028EA
:10F25000E6D0022804D1052007F096FF0120E1E75F
:10F2600000270020DEE7F8074FF0000600F090804E
:10F270004846FFF799FB8DED020AB0EE480AF0EE22
:10F28000490A9FED481A4046FFF7AAFCB0EE40AA93
:10F29000B0EE60BA42F278279FED43CA0DF118092B
:10F2A0000DF1080A03E000BF00200125F8B1206835
:10F2B000C15D01290ED1B0EE4A0AF0EE4B0AB0EE64
:10F2C0004C1A002349465246009600F055FC20B9DE
:10F2D000EAE700BF02200028E6D0022804D105207A
:10F2E00007F052FF0120E1E700250020DEE7E807F4
:10F2F0004FF000064CD0B0EE480AF0EE490A49F64D
:10F300009A109FED2A1AC3F6996006904FF07E502E
:10F31000079040460396FFF763FCB0EE409AB0EECC
:10F32000608A42F278259FED20AA0DF118080DF1B0
:10F33000080902E000200127F8B12068415D012999
:10F340000ED1B0EE490AF0EE480AB0EE4A1A002398
:10F3500041464A46009600F00FFC20B9EAE700BF9C
:10F3600002200028E6D0022804D1052007F00CFF77
:10F370000120E1E700270020DEE7F80707D001269B
:10F3800084ED059A84ED068A0298E06100E000268B
:10F3900030460AB0BDEC0A8BBDE8F087C8CC4CBD46
:10F3A0009A99993EBA1E053E00000000CDCC8C3FD4
:10F3B00080B549F66E3CC0F6010C1CF802E01CF862
:10F3C0000130AEEB030C0CF104035FFA83FEBEF1D7
:10F3D000080F13D849F6A013C0F6010313F80EE086
:10F3E000BEF1030F0FD84FFA8CFCDFE80EF00E13BE
:10F3F00002026146BDE8804000F012B84FF0040EF2
:10F40000BEF1030FEFD9002080BD6346BDE8804008
:10F4100000F0DAB96346BDE88040FFF7ADBE0000FA
:10F420002DE9F04381B02DED0A8B88B08846044663
:10F43000FEF7A2FD057841F21410C2F2004041F23D
:10F440005419012DC2F2004900EB451015D190EC82
:10F45000020A9FED961A0120FFF7C2FBB6EE081ACA
:10F4600004200426FFF7BCFB09EB4510B0EE408AF0
:10F47000B0EE609A00F1080128E000F1100702AA3E
:10F480000223394607F0DCFB9DED020ADDED030A9D
:10F490009FED861A0120FFF7A3FBB6EE081A0320A2
:10F4A0000326FFF79DFB09EB451502AA0223284618
:10F4B0003946B0EE408AB0EE609A07F0C1FBDDE954
:10F4C0000201CDE9060105F1080106A802AA0223FE
:10F4D00007F0B6FB9DED020ADDED030A9FED741AFD
:10F4E0000220FFF77DFBB6EE081A3046FFF778FBE7
:10F4F000B0EE40AAB0EE60BAB8F1010F42F2782542
:10F500004FF000069FED6BCA28D103E000200127D1
:10F51000002842D02068415D01290DD1B0EE480A93
:10F52000F0EE490AB0EE4C1A0021002200230096AA
:10F5300000F022FB18B9E9E702200028E6D00228F3
:10F5400004D1052007F020FE0120E1E7002700207C
:10F55000DEE700BF0020012700285CD02068415D65
:10F5600001290DD1B0EE4A0AF0EE4B0AB0EE4C1A6A
:10F57000002100220023009600F0FEFA18B9E9E706
:10F5800002200028E6D0022804D1052007F0FCFD67
:10F590000120E1E700270020DEE7F8074FF0000533
:10F5A00000F07C80206842F26021084442F2782713
:10F5B0009FED408A0DF10808D0E90112C06803915F
:10F5C000CDE9042040F6DB70CBF6C970029003E071
:10F5D0000020012600285CD02068C15D01290DD1E2
:10F5E000B0EE4A0AF0EE4B0AB0EE481A00210023B2
:10F5F0004246009500F0C0FA18B9E9E70220002859
:10F60000E6D0022804D1052007F0BEFD0120E1E785
:10F6100000260020DEE7F8074FF000053ED0206806
:10F6200042F26021084442F278279FED22AA0DF1B0
:10F630000808D0E90112C0680391CDE9042040F622
:10F64000DB70CBF6C970029003E000BF00200126FA
:10F65000F8B12068C15D01290ED1B0EE480AF0EE84
:10F66000490AB0EE4A1A002100234246009500F0F4
:10F6700083FA20B9EAE700BF02200028E6D002287A
:10F6800004D1052007F080FD0120E1E700260020DD
:10F69000DEE7F00701D0012500E00025284608B08C
:10F6A000BDEC0A8B01B0BDE8F08300BF6666263F63
:10F6B0009A99193F9A99993E2DE9F04381B02DED21
:10F6C000068B8AB0044604300DF1090500270EC0F0
:10F6D0001898206104F11400D4ED021A02A98DF8E3
:10F6E000087080EC030A94ED011A2846FFF718FD14
:10F6F00000285DD09DF808000F2859D89DF8080013
:10F70000022811D30135002615F8011C2A7820465D
:10F71000FFF74EFE00284AD09DF808000136F1B2EE
:10F72000013501388842EFDC226842F26023D4E9D7
:10F7300003101A4494ED018A94ED029A4FEA10499D
:10F74000C5B242F278269FED1EAA0DF11808536843
:10F75000079393680893D2680992069103E000BF6B
:10F760000020012720B32068815D012912D12A469B
:10F77000002D18BF0122B0EE480AF0EE490AB0EEA3
:10F780004A1A0021009242464B4600F0F5F920B992
:10F79000E6E700BF02200028E2D0022804D10520BD
:10F7A00007F0F2FC0120DDE700270020DAE7002760
:10F7B00007F001000AB0BDEC068B01B0BDE8F08394
:10F7C000CDCCCC3E000000002DE9F04F81B02DEDF6
:10F7D0000A8B8AB0044640F2021810461D461646AF
:10F7E0000F46C0F20438FFF75BF938463146B0EEF9
:10F7F000408AB0EE609AFFF7EFF806460DF1270356
:10F80000204631462A4606F043FB2168054642F26F
:10F81000602042F258220F188B1804378A585B6810
:10F82000B7EE041ACDE906238CCF0597771E5FFA51
:10F8300087F904934FEAC903039228FA03F80022D8
:10F84000B9F1040F085838BF4246B0EE480AF0EE4E
:10F85000490A02904FF0000BD0B2FFF7C1F99DF9B1
:10F8600027A0B0EE40AAB0EE60BAAAF10100C1B282
:10F870000020032905D849F6A860C0F6010030F839
:10F880001100054342F278269FED66CA03E000BFEF
:10F8900000200127F8B12068815D01290ED1B0EE6A
:10F8A0004A0AF0EE4B0AB0EE4C1A002100222B4619
:10F8B000CDF800B000F060F918B9E9E7022000289F
:10F8C000E6D0022804D1052007F05EFC0120E1E724
:10F8D00000270020DEE7F8074FF0000500F09A80CF
:10F8E0005046FFF761F80020B9F1040F38BF4046D9
:10F8F0008DED020AB0EE480A40B2F0EE490A9FEDE3
:10F900004A1AFFF76DF9B0EE40AAB0EE60BA42F2C3
:10F9100078269FED46CA0DF1180A0DF1080B02E09A
:10F9200000200127F8B12068815D01290ED1B0EED9
:10F930004A0AF0EE4B0AB0EE4C1A002351465A46E2
:10F94000009500F019F920B9EAE700BF022000286D
:10F95000E6D0022804D1052007F016FC0120E1E7DB
:10F9600000270020DEE7F8074FF0000552D049F6E7
:10F970009A10B9F1040FC3F6996006904FF07E50CB
:10F98000079028BFA846B0EE480AF0EE490A4FFAA1
:10F9900088F09FED271A0395FFF722F9B0EE409A01
:10F9A000B0EE608A42F278269FED20AA0DF1180889
:10F9B0000DF1080903E000BF00200127F8B120681D
:10F9C000815D01290ED1B0EE490AF0EE480AB0EE91
:10F9D0004A1A002341464A46009500F0CDF820B966
:10F9E000EAE700BF02200028E6D0022804D1052063
:10F9F00007F0CAFB0120E1E700270020DEE7F80757
:10FA000007D0012584ED059A84ED068A0298E0610D
:10FA100000E0002528460AB0BDEC0A8B01B0BDE825
:10FA2000F08F00BF9A99993EC3F5883F000000000F
:10FA3000CFCCCC3D0000000001600021C0E90111E5
:10FA4000C0E90511704700002DE9F04F89B042F27E
:10FA500070214EF6EF6300EB010A48F68C02CEF6F9
:10FA6000EE63C0F688029AF8057008909AF80610BE
:10FA7000C91B01FB032144F24542C0F2444242F259
:10FA800014234FEAB10100EB030B914249D341F635
:10FA9000B401089800EB010900F10C089AF8041071
:10FAA00040F6544011FB008191F84E1CC9BB07EB96
:10FAB000870009EBC00459F8301004F1140ED4E9A2
:10FAC0000123D4E903079EE86050646A0694CDE9F7
:10FAD000000702A880E86050584600F041FA02286A
:10FAE0001FD19AF8050040F24541013041430A0C0C
:10FAF0001201A2EB11419AF80620A0EB81014EF60B
:10FB0000EF608FB2CEF6EE60D21B8AF8051042434A
:10FB100044F24440C0F2444004324FEAB20282420E
:10FB2000BCD8DAF8000090F8811009B9C16801BBAF
:10FB30009AF8041040F65442089B03F10C0511FB9F
:10FB4000025191F84E2C012A13D1FEF7A5FB80B18A
:10FB50009AF80400012121EA000040F6544110FB0C
:10FB600001518AF80400584609B0BDE8F04F00F092
:10FB70000BBE09B0BDE8F08F2DE9F04142F27524CB
:10FB80004EF6EF6600EB040C48F68C08045DCEF6EA
:10FB9000EE669CF801E0C0F688086FEA0E0567196A
:10FBA00007FB06874FEAB70544F24547C0F24447D2
:10FBB000BD427CD3AEEB040404FB06844FEAB404DC
:10FBC000BC4230D348F68905AEF10104C8F6880579
:10FBD00055FB04456E1106EBD575C5EB0515A4EB79
:10FBE000850441F6B40504EB840400EBC4042C4402
:10FBF00094ED002A32EE402AB0EEC23A9FED2D2A53
:10FC0000B4EE423AF1EE10FA0DDA94ED013A33EE29
:10FC1000603AB0EEC33AB4EE423AF1EE10FA02DACC
:10FC20000120BDE8F08141F6B4040EEB8E072044BC
:10FC300000EBC70484EC030AE38139B1237B43F072
:10FC400002032373D1E90013C4E90413069992B1A6
:10FC50009CF8013003EB830300EBC3031F7B47F0E9
:10FC600004071F73D2E9007695681D62C3E9067622
:10FC7000127B83F8242049B19CF8011001EB81012B
:10FC800000EBC100017B41F0010101739CF8010010
:10FC900040F24541013041430A0C1201A2EB1141EF
:10FCA000A0EB81008CF801000020BDE8F08102206B
:10FCB000BDE8F081BD3786352DE9F04F81B02DEDDF
:10FCC000048B82B0044642F27020984691468B46DF
:10FCD00026180220002524A11A224FF40073B0EE4A
:10FCE000608ACDE900502046B0EE409A00F054FE04
:10FCF00049F67C4041F6A80AC0F6010008302060B1
:10FD000060190C30FEF740FD05F654455545F7D116
:10FD100041F6B40000272518E819FEF7BDFD283785
:10FD2000B7F5166FF8D1B0EE490AF0EE480A42F284
:10FD3000142010992044009159464A46434604F144
:10FD40000C0500F071FD1199316029460027B7714B
:10FD5000B78000F019FDA6F80770204602B0BDEC90
:10FD6000048B01B0BDE8F08F50617468506C616E17
:10FD7000335461736B00000070B52DED028B8CB0B5
:10FD80000446029117980392256C16990493129ACF
:10FD90000592139A0692149A0792159A0A90CDE941
:10FDA000082118980B9015B195F84E0C08B1002059
:10FDB00034E0B0EE408A9DF8140002AE800712D500
:10FDC00006F1100004F14401FEF776F9B0EE401A96
:10FDD000B0EE602AB0EE480A2846F0EE410AB0EED6
:10FDE000421AFEF745FB9DF8140040070DD506F1B9
:10FDF000180004F14C01FEF7EFFA08AEB0EE480A25
:10FE0000206C4ECE0096FEF767FBBDF8161021B1B0
:10FE1000B0EE480A206CFEF7FBFA01200CB0BDECF6
:10FE2000028B70BD00000000F0B581B02DED088B95
:10FE300082B00446006C002865D090F84E1C012961
:10FE400061D190F84C1C90F84D2C114400EB8100CE
:10FE500000F53A6090ED009A6846FEF73DF9216C96
:10FE600091F84C0C91F84D2C1044C6B201EB860170
:10FE7000D1F8081839B191ED040A9FED251A80FEDA
:10FE8000410A81ED040A00063DD0BEEE00AA6D468F
:10FE90009FED1F8A15E000BF206CB0EE490A0022DA
:10FEA00000EB8601D1F8081891ED01BA29460BEE56
:10FEB0000A0A05F04DFD39EE4B9A013E701C0128EF
:10FEC00021DD216C01EB8600D0F80878002FF4D0FA
:10FED00091F84C2C91F84D1C1144C9B28E42DBD0E4
:10FEE000B0EE480AD0F80C08DDED010A9DED00BA2D
:10FEF00006F08AFB8BFE400A97ED041A80FE410A49
:10FF000087ED040AC8E702B0BDEC088B01B0F0BD74
:10FF10000000000000000000016C11B191F84E2CAF
:10FF20000AB10020704710B52DED028B82B0D0EDE4
:10FF3000110A90ED121A04460846B0EE408AFEF708
:10FF400097FA206C4C34B0EE480A1ECC0094FEF7B1
:10FF5000C3FA012002B0BDEC028B10BD000000000E
:10FF60002DE9F04F81B02DED108B9CB004460D9221
:10FF70003A980C91369A0F92379A1092389A1192B9
:10FF8000399A0E93CDE91220206C3B9914913C993B
:10FF9000159110B190F84E1C31B100201CB0BDEC91
:10FFA000108B01B0BDE8F08F227890F84C1C90F8CF
:10FFB0004D0C022AC1F1190314D0012A08D0DAB974
:10FFC000DDE90C01C4E904010020C4E901002AE3D1
:10FFD000DAB2012A13D89DF83C1041F001018DF8E6
:10FFE0003C1010E0DAB2022A5ED89DF83C1041F0D5
:10FFF00001018DF83C105BE000202070CEE717294E
:020000040801F1
:1000000001D100210E910F2801D100200E9004F1A2
:1000100010010CA81AAA022306F0F2FF94ED010ABF
:100020009FED279AB0EEC02A9DED1A1A8DED181A91
:10003000B4EE492A9DED1B2AF1EE10FA8DED192A36
:1000400009DA94ED023AB0EEC33AB4EE493AF1EE71
:1000500010FAC0F2A48294ED023A1AA821EE038AA3
:1000600018A9B1EE431A16AB02228DED1B1AA0EEB1
:10007000428AB1EE400A8DED1A0A06F04DFFDDED21
:10008000160AB0EEE00AB4EE490AF1EE10FA80F278
:100090005F82B0EEC80AB4EE490AF1EE10FA80F2BF
:1000A00057829FED080A5AE2162901D100210E91CC
:1000B0000F280BD00E280BD100200E9008E000BFB7
:1000C000BD37863500000000CDCC4C3D00202062BD
:1000D00004F1100804F118091AAA022340464946FF
:1000E00006F08EFF1A980A901B980B900CA81AAA7B
:1000F0000223494606F084FF1A9808901B9809903D
:100100000AA81AAB0222014606F006FF5FED138A29
:100110009DED1A0AB0EE68AAB5EE400AF1EE10FAAB
:1001200003DBB1EEC00AB0EE40AA08A81AAB022267
:10013000014606F0F1FE9DED1A0AB0EE68EAB5EE52
:10014000400AF1EE10FA03DBB1EEC00AB0EE40EA6D
:100150009DED080A9DED0B1A20EE418A9DED090ADE
:100160009DED0A1A0AA808A91AABA1EE008A94ED1F
:10017000081A8EFE4A0A022281FE400A84ED030A12
:1001800006F0CAFEDDED1A0A1FED33DAB0EEE00A22
:10019000B4EE4D0AF1EE10FA06DAB0EEC80AB4EE8B
:1001A0004D0AF1EE10FA06DBB0EE480A1AA806F086
:1001B0005FFDDDED1A8AB0EEE89AB6EE000A94ED26
:1001C00003BA29EE000A09F065F92BEE008AB3EEB6
:1001D000040AB4EE408AF1EE10FA00F318811FED24
:1001E000460AB4EE408AF1EE10FAC0F210818BEEAE
:1001F0000A0A1FED4CFAF7EE009A1AAA02234046AB
:1002000080FE0F0A494680FE699A06F0F9FEB0EEBC
:10021000490A1A9816901B98179016A81AA9022234
:1002200006F096FE1A9818901B98199018A91AAA09
:100230000223484606F004FD94ED030A9DED1ABA28
:1002400030EE4A0A9DED1BCAB0EEC00AB4EE4D0A6C
:10025000F1EE10FA0ADBB0EE4B1AF0EE4C1A206CFD
:10026000D4ED050A94ED040AFEF756FA94ED030A5C
:100270000DF1300880EE0E0A1AAA022340464946C4
:1002800080FE0F0A80FE699A06F0BAFEB0EE490AB7
:100290001A9816901B98179016A81AA9022206F011
:1002A00057FE1A9818901B98199018A91AAA022399
:1002B000484606F0C5FC9DED1AAA9DED1B9AB0EECE
:1002C0004B0AF0EE4C0AB0EE4A1AF0EE491AB0EEC4
:1002D000482A0021F5EE408A206CF1EE10FAB8BFF2
:1002E0000121FEF7E1F9206C04F11803D4E909AE0D
:1002F00090F84C7CD4F82CC090F84D6CD4F830B009
:100300000ECB374400EB870004F1340700F53A6068
:10031000E0CF90ED000A04A8CDE900AEE0C0204691
:10032000CDE902CBFFF728FD1AAA02234046494631
:1003300006F066FE9DF83C00DDE91A12C007C4E92C
:10034000011214D19DED0E0AB0EEC01AB4EE4D1A92
:10035000F1EE10FA0BDB94ED031A31EE4E1AB0EE0B
:10036000C11AB4EE4D1AF1EE10FA80F2E38194ED69
:10037000030A30EE4E0AB0EEC00AB4EE4D0AF1EEBA
:1003800010FA0ADBB0EE4A0AF0EE490A206C9DED45
:100390000C1ADDED0D1AFEF7BFF9206C0E9BDDE99E
:1003A0000C12C4E9041290F84C7CDDF844C090F8BB
:1003B0004D6CDDF84890DDE90F8E374400EB870087
:1003C00013AF00F53A60E0CF90ED000A04A8CDE944
:1003D000008EE0C02046CDE902C9FFF7CDFC9DF8B4
:1003E0003C00C00700F01F81206C90F84C1C90F876
:1003F0004D2C1144CAB200EB8202D2F80828002A20
:1004000000F09C8092ED040A80FE4F0A94E004F113
:100410001001206C91EC040AFEF77EF9206C04F1C7
:100420001803D4E909EA90F84C7CD4F82CC090F871
:100430004D5CD4F830B00ECB2F4400EB870004F1B4
:10044000340700F53A60E0CF90ED000A04A8CDE94A
:1004500000EAE0C02046CDE902CBFFF78DFC9DF815
:100460003C00C00709D19DED0E0AB0EEC00AB4EE03
:100470004D0AF1EE10FA80F22F81206CD4ED070ABC
:1004800094ED060A9DED0C1ADDED0D1AFEF744F908
:10049000206C90F84C1C90F84D2C5618F1B200EBE3
:1004A0008101D1F8081889B19FEDB50AB4EE490A67
:1004B00094ED110AF1EE10FA9FEDB01A31FE000A28
:1004C00091ED041A80FE410A81ED040A00EB8600DA
:1004D0000DF1300E00F53A60DDF844C09EE80E41A3
:1004E00090ED000A2046DDF84890159EDDE913578F
:1004F000CDE9008ECDE902C9CDE904570696FFF794
:100500003BFC9DF83C00DDE90C12C007C4E9041275
:1005100000F08980206C90F84C1C90F84D2C114410
:10052000CAB200EB8202D2F808283AB192ED040A6E
:100530009FED921A80FE410A82ED040A00EB8100D1
:1005400000F53A6090ED000A2046FFF7E5FC9DE0DB
:10055000B0EE480A16A806F08BFB9DED160A206C3B
:1005600090F84C1C90F84D2C1144C9B200EB81005E
:10057000D0F8080898B1B0EEC00A9FED811AB4EE29
:10058000401A94ED110AF1EE10FA9FED7C1A31FE3B
:10059000000A90ED041A80FE410A80ED040A9DF8DD
:1005A0003C00DDE91812C007C4E9011208D19DED35
:1005B0000E0AB0EEC01AB4EE491AF1EE10FA73DA70
:1005C000206CD4ED050A94ED040A9DED0C1ADDEDC6
:1005D0000D1AFEF7A1F8206C0CAB0DF13C0EDDF806
:1005E000489090F84C6C90F84D5C0ECB2E449EE8F1
:1005F000005100EB8600159E00F53A60DDE91375A9
:1006000090ED000A20468DE80051CDE90397CDE931
:100610000556FFF7B1FB9DF83C00C00707D1DDE9A7
:100620000C01C4E90401012020700220B6E4206C12
:1006300090F84C1C90F84D2C1144CAB200EB820289
:10064000D2F808283AB192ED040A9FED4C1A80FEC8
:10065000410A82ED040AC8B190F84E2CB2B900EB01
:100660008101D4ED110A01F53A6194ED121A91ED70
:10067000008AB0EE480AFDF7FBFE04F14C07B0EE2D
:10068000480A206C8ECF0097FDF726FFBDF83E107C
:10069000206CFDF7D5FF206C012180F84E1C204610
:1006A000FFF7C2FB012079E484ED030ADDE91410B1
:1006B000C4E90E100C98A0610D98E0610E982062BC
:1006C0000F9860621098A0621198E06212982063FF
:1006D00013986063022090E41AAA02234846414618
:1006E00006F08EFC02201A9961601B99A160D4E982
:1006F0000612C4E90412DDE91412C9E908120C99C2
:10070000C9F800100D99C9F804100E99C9F808101D
:100710000F99C9F80C101099C9F810101199C9F85F
:1007200014101299C9F818101399C9F81C100E99D1
:10073000E16062E484ED04AA84ED059ADDE9140128
:10074000C9E908010C98C9F800000D98C9F804001F
:100750000E98C9F808000F98C9F80C001098C9F84D
:1007600010001198C9F814001298C9F818001398CD
:10077000C9F81C0084ED030A02203EE400000000DA
:10078000157A434000000000F0B58FB00C460029F8
:1007900044D0046405462046FDF772FF6F460026EC
:1007A00007F110002E70C5E9046600960196FDF76A
:1007B00093FC07F11800FDF723FE0AA8ADF80E60C0
:1007C000CDE9006602968DF80C60FDF785FC0B986C
:1007D00005900A9804900AA8FDF712FE9DF83400CF
:1007E000EE608DF824000C9808900B9807900A98FA
:1007F00006909DE80700A8610398E96104992A62C0
:10080000059A68620698A9620799EA62089A2863BD
:1008100009986963C5E90E20C5E90166002C18BF77
:10082000012420460FB0F0BD2DE9F0472DED048BDB
:100830008EB004460026C0E901660661984646610E
:100840009146866128300F46B0EE608AB0EE409A3D
:10085000DDF868A0E661FDF73FFC04F13000FDF72C
:10086000CFFD6846E684C4E90666266284F8246003
:10087000FDF732FC6D46DDE90001C4E90A012846B6
:10088000FDF7BEFD9DF80C0084F83C00DDE9000199
:1008900020630298C4E90D1004F14400FDF71CFC2C
:1008A00004F14C00FDF7ACFD05F1100084ED119A48
:1008B00084ED128AC4E91379C4F8548084F858A0EE
:1008C00026642670C4E90466CDE90066FDF704FCE1
:1008D00005F11800FDF794FD0AA8ADF80E60CDE90A
:1008E000006602968DF80C60FDF7F6FB0B980590FC
:1008F0000A9804900AA8FDF783FD9DF83400E6608D
:100900008DF824000C9808900B9807900A98069090
:100910009DE80700A0610398E16104992262059AAD
:1009200060620698A1620799E262089A20630998BA
:100930006163C4E90E20C4E9016620460EB0BDEC37
:10094000048BBDE8F087000082B005780F2D01D33D
:10095000F0F77AFC41F29816C2F2004656F82500EC
:1009600008B9F0F771FC08F09BFA01AC019002E0C5
:10097000204607F001FB56F8250001680968884702
:1009800056F82500427A017A002AF1D1084606F08D
:10099000FBFBF0E700000000F0B589B049F688479E
:1009A000372AC0F60107044607F10805056028BF8D
:1009B000372200910020CDE90100082A039098BF5A
:1009C0000822049099000790089040F64910CDE95C
:1009D000051204F10A01C0F601006A4606F01CFC8B
:1009E000606008B9F0F730FCDDE90E67256007F0BC
:1009F0006BF941F29415C2F2004528780130287055
:100A0000C1B2102901D3F0F71FFC28780138A07279
:100A1000C1B241F29810C2F2004040F8214007F004
:100A20007BF9012F204698BF01276672277209B013
:100A3000F0BD000000000000B0B58AB0372A4FF0CA
:100A4000000428BF372201919900CDE90244082A09
:100A5000049498BF08220691054607920E980F99B4
:100A600001AA05940894099406F0D6FB286008B9F9
:100A7000F0F7EAFB28460AB0B0BD00000000000015
:100A8000F0B581B02DED048B8CB0B0EEC23A9FED85
:100A9000B49A04468DED080ACDED090AB4EE493A40
:100AA0008DED061AF1EE10FACDED071A0ADA0020E4
:100AB0006060E0602072C4E90500C4E90700C4E991
:100AC000090040E10D4606A808A90AAA022384ED00
:100AD000092A06F095FA0A980A900B980B900AA832
:100AE00004AB0222014606F017FA9DED048AB5EE2A
:100AF000408AF1EE10FA02DA9FED9A8A01E0B1EE37
:100B0000C88A94ED090A30EE000AB4EE408AF1EE8C
:100B100010FA00F3EB80B0EEC80AB4EE490AF1EE29
:100B200010FAC0F2E38008AE06AF0AAA02233046EC
:100B3000394606F085F8B6EE000A0A9802900B983E
:100B4000039002A80AA9022206F002FA0A98049069
:100B50000B9805900AAA02233846314606F050FA4F
:100B60009DED0B0A0A98039002A8B1EE400A0AAB69
:100B7000022201468DED020A06F0CEF99FED791AA8
:100B80009DED0A2AB0EE410AB5EE402AF1EE10FAC8
:100B900003DBB1EEC22AB0EE420AB0EEC02AB4EED8
:100BA000492AB0EE412AF1EE10FA0CDBB7EE001A3A
:100BB00002A80AA9022281EE000A06F0C9F99DEDF9
:100BC0000A2A9DED0B1A28EE080ABDEE003A8DEDBB
:100BD000022A8DED031A20EE030A94ED093AA3EEE2
:100BE000030AB1EEC08AB4EE488AF1EE10FA80F141
:100BF000AF8055B9BFEE000A02A80AA9022206F08A
:100C0000A7F90A9802900B980390B0EE480A02A840
:100C10000AA9022206F09CF90A9800900B9801900C
:100C200004A869460AAA022306F00AF825460A988B
:100C30000AAA022345F81C0F0B98686008A82946E9
:100C400006F0DEF90A980A900B980B900AA86B46FA
:100C50000222014606F060F99DED000A9FED418AEF
:100C6000B0EEC00AB4EE490AB0EE480AF1EE10FA4E
:100C700008DBDDED0A0A9DED0B0A684605F0F8FF7A
:100C80009DED000A06A80AAA0223294684ED050A5A
:100C900006F0B6F90A980A900B980B900AA86B46D2
:100CA0000222014606F038F99DED000AB0EEC00AB6
:100CB000B4EE490AF1EE10FA08DBDDED0A0A9DED0B
:100CC0000B0A684605F0D4FF9DED008A94ED050AF5
:100CD0009FED262A38EE401A84ED068AB4EE421AB9
:100CE000F1EE10FA04DA9FED201A0AE0002029E064
:100CF0009FED202AB4EE421AF1EE10FA05DD9FEDC9
:100D00001C1A38EE011A84ED061A94ED061A94EDB9
:100D1000092A31EE400AB7EE001A84ED0A0A0120D2
:100D200081EE021AB5EE400AB0EEC03AF1EE10FACA
:100D3000B1EE410A22EE032A84ED012A31FE000AB7
:100D400084ED030A20720CB0BDEC048B01B0F0BD41
:100D500008F083FBB0EE408A002D3FF44BAF54E720
:100D6000BD37863500000000DB0FC940DB0F49C0EE
:100D7000DB0FC9C0DB0F494049F694420021C0F6A1
:100D8000010201720832C0E90021C0E90311C0E983
:100D90000511C0E90711C0E9091170470000000002
:100DA00070B52DED048B86B030EE412A9FED4A8A56
:100DB00030EEE13A002100220446B0EEC22AB4EE41
:100DC000482AB0EEC32AF1EE10FAA8BF0121B4EE12
:100DD000482AF1EE10FAA8BF01228DED020A41EA7D
:100DE00002060021F007CDED030A8DED001ACDEDCE
:100DF000011A62D0DDE90201C4E90501684602A9D1
:100E000004AA022306F0FCF82546049804AB02224B
:100E100045F81C0F059868602846294606F07CF8BE
:100E20009FED2E9A9DED040AB0EE491AB5EE400AE8
:100E3000F1EE10FA03DBB1EEC00AB0EE401A21EE7B
:100E4000010A04AB02222846294684ED011A84EDEA
:100E50000D0A06F061F89DED041AB0EE490AB5EEF0
:100E6000401AF1EE10FA03DBB1EEC11AB0EE410AFE
:100E7000B0EEC01AB4EE481AB0EE491AF1EE10FA0C
:100E80000CDBB7EE001A04A90222284681EE000A04
:100E900006F05EF89DED041A9DED059AB1EE490A43
:100EA00084ED091A84ED0A9A002084ED0B0A84ED82
:100EB0000C1AE0600120207207E0616004F1140068
:100EC000E16021722421EFF7B3FB06F0010006B0C8
:100ED000BDEC048B70BD00BFBD378635000000003F
:100EE00010B5044649F6B041C0F601010020207259
:100EF0000831E060C4E90010206104F114002421ED
:100F0000EFF796FB204610BD092A21D10A78592A0D
:100F10001ED14A78592A1BD14FF0000C4FF0FF33F5
:100F2000CA180133072B52789444F9D15FFA8CF236
:100F30000B7A934218BF70478A888282652A01D350
:100F40004A884282C9886FF0FF0202EBD101C18258
:100F50007047000000000000B0B582B049F6CC42F6
:100F60000446C0F60102322302F10805056000F1D3
:100F70001A02012000900190204602F059FE04F16F
:100F800012003A212560EFF731FB0020A4F854004D
:100F9000C4E91300204602B0B0BD0000000000000C
:100FA000B0EE412AB4EE410AF1EE10FA08DCB0EEE0
:100FB000402AB4EE600AF1EE10FA01DAB0EE602ACF
:100FC0004FF0FF3132EE600A01FA00F031EE601AA4
:100FD000C04302EE100AB8EE422A20EE020A80EE6A
:100FE000010ABDEEC00A10EE100A704700000000B2
:100FF00002EE100A30EEC01A4FF0FF308840B8EE13
:10100000C22AC04321EE021A02EE100AB8EE422AAA
:1010100081EE021A30EE010A704700000000000065
:1010200010B54A1E0446072A02D884F81D1101E0B3
:10103000F0F70AF994F81D0140F2FF11052800F5B8
:10104000007038BF4FF40071A061216140F6FF715C
:10105000616110BD0000000070B52DED048B1D46D0
:101060000E46089B11462A46044601F045F849F60B
:10107000D840721EC0F60100072A00F10801216065
:1010800000F12400C4F8180102D884F81D6101E0C1
:10109000F0F7DAF894F81D0140F2FF1140F6FF7204
:1010A000052800F5007038BF4FF40071A06120469C
:1010B000C4E904122168896888479FED2B8A04F1EE
:1010C0001C05B0EE480A0121002200232846FCF747
:1010D00057FD9FED279AB2EE080A9FED284AB0EE21
:1010E000481AF0EE481AB0EE492AF0EE482AF0EE1F
:1010F000444AB0EE445AB0EE486ADFED1C0A284676
:101100009FED1C3ADFED1C3ADFED1D5AFCF750FD58
:10111000B0EE480A04F1840500210022012328468C
:10112000FCF72EFDDFED183AB0EE081A9FED183AE5
:10113000F0EE480AF0EE481AB0EE492AF0EE482ADE
:10114000B0EE634AF0EE634AB0EE635AB0EE436A23
:101150009FED0C0ADFED0D5A2846FCF729FD2046CD
:10116000BDEC048B70BD00BF000000006666263F2A
:101170006F12033B0000804600401C4600409C4527
:1011800000004842000048430000FA430000FA44CF
:101190000000FA450000000010B54A1E0446072A68
:1011A00002D884F81D1101E0F0F74EF894F81D0103
:1011B00040F2FF11052800F5007038BF4FF40071B0
:1011C000A061216140F6FF71616110BD0000000067
:1011D00070B52DED068B1D460E460A9B11462A461C
:1011E000044600F089FF49F60050721EC0F6010067
:1011F000072A00F10801216000F12400C4F8180159
:1012000002D884F81D6101E0F0F71EF894F81D0182
:1012100040F2FF1140F6FF72052800F5007038BF5C
:101220004FF40071A0612046C4E904122168896866
:1012300088479FED2C8A04F11C05B0EE480A012175
:10124000002200232846FCF79BFC9FED289AB2EE73
:10125000040A9FED294AB0EE492A9FED29AAF0EE33
:10126000444AB0EE4A1AF0EE4A1AF0EE4A2AB0EEBC
:10127000445AB0EE4A6ADFED1C0A9FED1D3A28463B
:10128000DFED1C3ADFED1D5AFCF792FCB0EE480A88
:1012900004F184050021002201232846FCF770FC9C
:1012A0009FED1C4AF0EE4A0AF0EE4A1AB0EE492AC7
:1012B000F0EE4A2AF0EE444AB0EE445A9FED110A8D
:1012C0009FED111A28469FED113ADFED113ADFED3F
:1012D000125A9FED126AFCF76BFC2046BDEC068BA0
:1012E00070BD00BF0AD7233C713D0A3F6F12033B1C
:1012F0000000804600401C4600409C4500004842DB
:10130000000000000000C8420AD7A33B000096433B
:1013100000007A440000FA430000164300004843EE
:1013200090ED3D1A20EE010A90ED3B1AB4EE410A11
:10133000F1EE10FA06DC90ED3C1AB4EE410AF1EE43
:1013400010FA02DA80ED391A01E080ED390A012144
:1013500080F8F8107047000090ED3D1A002120EE53
:10136000010A80F8F81080ED380A7047000000008C
:10137000F4EE400AF1EE10FAC8BF70479FED061A6E
:1013800080FE410A9FED051A80FE811A80ED3B0A1E
:1013900080ED3C1A704700BF0080BB450080BBC594
:1013A00090ED3B1AB4EE410AF1EE10FA06DC90ED36
:1013B0003C1AB4EE410AF1EE10FA02DA80ED391A65
:1013C00001E080ED390A012180F8F8107047000033
:1013D00090ED351A30EE410A80ED3A0A7047000070
:1013E0002DE9F0412DED028B88462821B0EE408A90
:1013F0000546EFF71DF941F26F2705F13000212175
:10140000C3F68327AF624FF48074AC8505F15406B0
:10141000EFF70EF9304601F057F805F16800282182
:10142000EFF706F905F198002121C5F8907005F154
:10143000BC06A5F89440EFF7FBF8304601F044F8FD
:1014400048F200010020C4F2BB5185ED3D8AC5E998
:101450003A0148F2000185F8F800C5E93400C5E911
:101460003600C5E93800CCF2BB51C5F8F01085F85C
:10147000F9802846BDEC028BBDE8F0810000000039
:101480002DE9F04381B02DED028B82B0044690F837
:101490007D01012844D194F87C01002858D0B2EE97
:1014A000098A04F1E800B0EE480AFCF7B9FB04F140
:1014B000E4009FED600AFCF7B3FBFAEE090AB0EE18
:1014C000481A94ED3A0A1020FFF76AFD94ED390AA4
:1014D0009FED591A80EE010AFBEE0E0AB3EE0E1ACA
:1014E00080460C20FFF75CFD9FED548A0746F0EE26
:1014F000480A94ED440A9FED521A0C20FFF750FD64
:10150000B1EE041AF0EE480A064694ED430A0C20A8
:10151000FFF746FDBDB24FEA18271FFA80F91EE01B
:1015200094F82001D4F81C1100EBC00001EB8000FE
:101530004FF0FF31C0F81710416194F82001D4F842
:101540001C1100EBC00001EB8000FC21C1766BE0B8
:10155000002500264FF000094FF000080027B2EEEA
:10156000048AD4F80001019001A8B0EE480AFCF703
:1015700057FBFAEE040AB0EE481A9DED010A0C2062
:10158000FFF70EFD94F82011D4F81C2101EBC101E6
:1015900002EB81010F7594F82011D4F81C2101EBA6
:1015A000C10102EB810181F8158094F82011D4F873
:1015B0001C2101EBC10102EB81012A098A7594F813
:1015C0002011D4F81C2101EBC10102EB81012A0199
:1015D00042EA1622CA7594F82011D4F81C2101EBB6
:1015E000C10102EB81010E7694F82011D4F81C2180
:1015F00001EBC10102EB81014FEA19124A7694F81E
:101600002011D4F81C2101EBC10102EB8101020A77
:1016100042EA09128A7694F82011D4F81C2101EBD1
:10162000C10102EB8101C87602B0BDEC028B01B0B2
:10163000BDE8F0834C3D8F43EBC91841000000002A
:101640000000FA4300000000B0B52DED0A8B0446FF
:1016500090F87C01002848D194F8FC00DFED2A0ABC
:10166000062815D8DFE800F00407141414411D0003
:10167000D4ED390A0CE004F16C0094ED360AD4ED97
:101680003A0A9FED221A0021FCF716F9F0EE400A03
:10169000201D94ED350A9FED1D1A0021FCF70CF971
:1016A00021E094ED380A04F59E7004F16C0594ED88
:1016B000398A94ED3A9A94ED35AA94ED36BA94EDC0
:1016C00045CA00F069FD3CEE002AB0EE4B0AF0EE90
:1016D0004A0AB0EE491AF0EE481ADFED0C2A002152
:1016E0002846FBF7BDFF84ED400A94F82001D4F8AA
:1016F0001C1100EBC00001EB8000012180F82C10D0
:10170000BDEC0A8BB0BD00BF00000000DB0F4940FC
:10171000B0B511780446BAEE090AF2EE090A0809D2
:1017200084F87401B2F801001021154640BAFFF7A1
:101730005FFC94ED3B1AF3EE0E0A30EE010A84EDE5
:10174000360ABBEE0E0AE8782979000140EA11104A
:101750000C21FFF74DFC9FED1D1AF2EE040A20EE5E
:10176000010A84ED350ABAEE040A2879697900F095
:101770000F0041EA00200C21FFF73AFC84ED380A03
:1017800094F8FD1095F90600012900EE100AB8EE54
:10179000C00A84ED370A95F9070000EE100AB8EE8A
:1017A000C00A84ED5E0A07D1201D9FED090AFFF7EC
:1017B0000FFE002084F8FD0094F874010138B0FA9F
:1017C00080F0400984F87D01B0BD00BFEBC918412D
:1017D0000000000000000000D0F81C1191F82D213D
:1017E00080F82021531C81F82D3102EBC20CD0F877
:1017F0002421082301EB8C01D0F828C190F82101A5
:10180000C1E903C38A6201220A77C88370470000D6
:1018100090F87C11012918BF7047B5EE400AF1EE2F
:1018200010FA03DA0021C0F8101170479FED071A73
:10183000B4EE410AF1EE10FA05DD0021C4F2FA31EE
:10184000C0F81011704780ED440A70470000FA4359
:1018500090F87C11012918BF7047B5EE400AF1EEEF
:1018600010FA03DA0021C0F80C117047B1EE041A27
:10187000B4EE410AF1EE10FA05DD0021C4F2A00138
:10188000C0F80C11704780ED430A7047000000005B
:101890002DE9F0412DED0A8BB0EE409AB7EE000A2B
:1018A0000D46B0EE608ADDE910811E4617460446FB
:1018B00000F0D2F800F58C703946FBF70DFB04F50B
:1018C0009A703146FCF708FB49F62850B1EE040A3D
:1018D000C0F60100DFED490A00F10801216000F1C6
:1018E00028013C30C4F8340104F59E709FED441A81
:1018F000C4F8181100F078FC40F6FF7084F87C8181
:10190000C4E94A502068002684F87D61A4F8385163
:10191000C4F82461C4F83051816820468847B8F182
:10192000000F0CD02068B0EE490A41682046884775
:101930002068B0EE480A01682046884701E0C4E903
:1019400041669FED308A251DB0EE480A0121002234
:1019500000232846FCF714F9B2EE049AB1EE04AA6B
:101960009FED2BBA28469FED2CCAB0EE4B2AB0EE65
:101970004C1AF0EE4C1AF0EE4C2AB0EE493AF0EE6A
:101980004A3AB0EE4A4AF0EE4A4AB0EE4A5AB0EE4F
:101990004C6A9FED1D0ADFED1D0ADFED1E5AFCF7B4
:1019A00007F9B0EE480A04F16C050021002201237A
:1019B0002846FCF7E5F8B3EE043AB2EE0E6AF0EE14
:1019C0004C0AB0EE491AF0EE4C1AB0EE4B2AF0EE8B
:1019D0004C2AF0EE4A3AB0EE4A4AF0EE4A4AB0EEED
:1019E0004A5AF0EE495A9FED0D0A2846FCF7E0F8F6
:1019F0002046BDEC0A8BBDE8F08100BF00007A44B0
:101A00009A99993F0AD7233CCDCCCC3C3480373AC5
:101A10006F12033B00004842000000000000164324
:101A200090ED3E1A20EE010A90ED3C1AB4EE410A08
:101A3000F1EE10FA06DC90ED3D1AB4EE410AF1EE3B
:101A400010FA02DA80ED3A1A01E080ED3A0A062136
:101A500080F8FC10704700002DE9F0412DED028B5D
:101A60008846044604302821B0EE408AEEF7E0FDB7
:101A700041F26F2704F134002121C3F68327E76286
:101A80004FF48075258604F15806EEF7D1FD3046F7
:101A900000F01AFD04F16C002821EEF7C9FD04F1F5
:101AA0009C002121C4F8947004F1C006A4F8985059
:101AB000EEF7BEFD304600F007FD48F200010020C1
:101AC000C4F2BB5184ED3E8AC4E93B0148F20001F7
:101AD00084F8FC00CCF2BB51C4F8F41049F668510C
:101AE00084F8FD80C0F60101C4E93500C4E937007F
:101AF000C4E9390008312160C4E94000C4E942006A
:101B0000C4E944002046BDEC028BBDE8F081000032
:101B100010B5044690F81401DFED300A042839D8D6
:101B2000DFE800F003212B064300D4ED3F0A31E04B
:101B300094F8420101282DD194ED4D0A9FED281A09
:101B4000B8EEC00A9FED272A04F18400D4ED400AC4
:101B500020EE010A94ED441A20EE020A9FED222A9B
:101B600021EE021A11E004F1840094ED3C0AD4ED58
:101B7000400A9FED1D1A002108E004F18400D4ED15
:101B8000480A94ED510A9FED181A0121FBF794FEC3
:101B9000F0EE400A04F11C0094ED3B0A9FED121A8E
:101BA0000021FBF789FE84ED4A0A94F9900294ED36
:101BB0004A1A00EE100A04F5A470B8EEC00A21EE2D
:101BC000000A00F0E5F8207A616800EBC00001EB44
:101BD0008000012180F82C1010BD00BF0000000023
:101BE00000000039DB0FC940DB0F49400000000056
:101BF0002DE9F04381B02DED028B82B0B0EE408A2A
:101C00000446DDE90C96DDE90E78109D0095FFF79E
:101C100023FA49F67850B0EE480AC0F60100324681
:101C200000F1080121602430C4F8180104F5A47003
:101C300049463B460095FFF70FFA84F8908220460C
:101C400002B0BDEC028B01B0BDE8F08300000000E3
:101C500010B5044690F81401DFED300A042839D895
:101C6000DFE800F003212B064300D4ED3F0A31E00A
:101C700094F8420101282DD194ED4D0A9FED281AC8
:101C8000B8EEC00A9FED272A04F18400D4ED400A83
:101C900020EE010A94ED441A20EE020A9FED222A5A
:101CA00021EE021A11E004F1840094ED3C0AD4ED17
:101CB000400A9FED1D1A002108E004F18400D4EDD4
:101CC000480A94ED510A9FED181A0121FBF7F4FD23
:101CD000F0EE400A04F11C0094ED3B0A9FED121A4D
:101CE0000021FBF7E9FD84ED4A0A94F9900294ED96
:101CF0004A1A00EE100A04F5A470B8EEC00A21EEEC
:101D0000000A00F045F8207A616800EBC00001EBA2
:101D10008000012180F82C1010BD00BF00000000E1
:101D200000000039DB0FC940DB0F49400000000014
:101D30002DE9F04381B02DED028B82B0B0EE408AE8
:101D40000446DDE90C96DDE90E78109D0095FFF75D
:101D50003FFA49F6A050B0EE480AC0F601003246FC
:101D600000F1080121602430C4F8180104F5A470C2
:101D700049463B460095FFF72BFA84F890822046AF
:101D800002B0BDEC028B01B0BDE8F08300000000A2
:101D900080ED4A0A042180F8141170470000000009
:101DA00010B590ED4A0A90F81D21BDEEC00A4CF224
:101DB0000001CFF6FF71013A10EE103A02EB927C6F
:101DC0002CF0030CA2EB0C0213F5804F4FEA4202F9
:101DD000C8BF194690F808E0D0F804C00C0AB1F565
:101DE000804FA8BF4FF480410EEBCE0EB3F5804F6D
:101DF000C8BF40240CEB8E0313FA82F31C75037AE0
:101E0000406803EBC30300EB830010FA82F04175D6
:101E100010BD00000000000010B5044690F8140149
:101E2000DFED290A042839D8DFE800F003212B066A
:101E30004300D4ED3F0A31E094F8420101282DD14E
:101E400094ED4D0A9FED211AB8EEC00A9FED202AAD
:101E500004F18400D4ED400A20EE010A94ED441A06
:101E600020EE020A9FED1B2A21EE021A11E004F176
:101E7000840094ED3C0AD4ED400A9FED161A00212F
:101E800008E004F18400D4ED480A94ED510A9FED76
:101E9000111A0121FBF710FDF0EE400A04F11C00BD
:101EA00094ED3B0A9FED0B1A0021FBF705FD84ED35
:101EB0004A0A207A616800EBC00001EB8000012132
:101EC00080F82C1010BD00BF000000000000003999
:101ED000DB0FC940DB0F494013889FED5C1A19BA2C
:101EE0004FEA114CA0F840C1DBBA5188C9BA00EEE4
:101EF000101AB8EEC00A80ED3B0A9188C9BA00EE0C
:101F0000101AB8EEC00A80ED490A00EE103A92F9B4
:101F10000610B8EEC00A20EE010A01EE101A90F881
:101F20001C11B8EEC11A80ED3D1A9FED491A20EE42
:101F3000010A80ED510A19B1002180F81C111DE041
:101F4000B0F82E11ACEB01010AB2B2F5805F08DDEA
:101F5000B0F82C11B0F838210139A0F82C11511E1D
:101F60000AE012F5805F09DAB0F82C11B0F83821D8
:101F70000131A0F82C11511CA0F83811B0F92C2116
:101F8000B2F5806F02DD4FF4806204E012F5806FDD
:101F900003DA4FF47C42A0F82C21B0F92C11A0F800
:101FA0002EC102EE101A90F842110129B8EEC22A91
:101FB000A2EE010A90ED411A31EE000A80ED3C0AD2
:101FC00028D1B0F93811D0F83C2102FA8CF2D0F8BF
:101FD000303102EB4132C0F8342189B29A420DDA35
:101FE000B2F1FF3F16DC90ED440A1A44BDEEC00A80
:101FF000C0F8342110EE102A114409E090ED440A93
:10200000D21ABDEEC00AC0F8342110EE102A891A87
:10201000A0F8381190F81511012918BF704710B5B4
:1020200000F11C019FED0B0A04460846FFF7D0F9AA
:10203000B4F940010021A4F838114042C4F83C0131
:1020400084F81511BDE81040704700BF000000394A
:10205000DB0FC94000000000B0B50546406890F8AD
:102060002C01092801D3EFF7EFF868680022EA6035
:1020700090F82D1199B32B691C3003E00132243004
:1020800091421BD0C468002CF8D150F8104C9C42EF
:10209000F4D101782A7201310170CBB2052B01D342
:1020A000EFF7D2F8287A696800EBC00001EB8000F6
:1020B000017F00EB4100697A8183B0BD686890F8C8
:1020C0002D1129724B1C80F82D3101EBC102E968FA
:1020D000082300EB82002A698162012106E02A724E
:1020E000012180F82D11082382622A69C0E90323A7
:1020F0000177697AC183B0BD70B52DED028B0E46B4
:1021000004461C301946B0EE408A1546FFF768F9C0
:1021100020463146FAF7E0FE04F58C702946FBF7BD
:10212000DBFEB8FE480A49F6C850C0F601009FED34
:10213000191A00F10801216038EE400A002124300C
:10214000C4F81801012084F81C01B0EEC00A002078
:10215000A4F83801C4F83C01B4EE410AA4F84001E7
:10216000BDEEC80AC4F84401F1EE10FAB8BF01216F
:10217000C4E9480084F8421110EE101AC4F828018E
:10218000C4F82C014903C4E94C102046BDEC028B75
:1021900070BD00BFBD37863590ED061A90ED053A4B
:1021A00090ED0A2A90ED0B4A21EE021A90ED0D5A9D
:1021B00080ED0A0A80ED0B2AA3EE001A90ED073A93
:1021C000A3EE041A90ED083A90ED0C4A80ED0D4A0A
:1021D000A3EE441A90ED093AA3EE451A80ED0C1ACD
:1021E000B0EE410A7047000010B52DED068BB7EE3A
:1021F000002AB6EE003A80EC020A0446B0EE418AAC
:1022000082EE209AB0EE002A80ED021A80ED039A49
:1022100082EE09AA9FED2B2A20EE022A22EE092A3D
:1022200022EE030A07F036F9B1EE001A2AEE000A90
:10223000B0EE005B002084ED040A28EE012AB0EE27
:10224000413ABAEE006B29EE004A22EE002AC4E9B8
:102250000A00B7EEC44AA2EE093AA2EE491A24EEE9
:10226000044BC4E90C002046B7EEC33AB7EEC11ADE
:10227000A4EE056B34EE033B34EE045BB7EEC33BD8
:1022800034EE010BB7EEC33A84EE032B85EE035B0D
:1022900086EE031B80EE030BB7EEC22B84ED052AFE
:1022A000B7EEC55B84ED065AB7EEC11B84ED072A75
:1022B000B7EEC00B84ED081A84ED090ABDEC068B5D
:1022C00010BD00BFDB0FC94070B52DED108BB0EE17
:1022D00060AA30EEA09AB0EE401A0E4614460546AB
:1022E000C1B1B0EE410AF0EE490A07F05EF8B0EE77
:1022F000401AB4EE4A0AF1EE10FA02DD31EE491A44
:1023000008E0B1EE4A0AB4EE401AF1EE10FA01DA32
:1023100039EE011A95ED01CA95ED020A95ED03BA61
:1023200030EE418AACEE0B0A9EB3B0EE40DAB0EE6E
:10233000480AF0EE490A07F038F8B0EE408AB4EEE9
:102340004A0AF1EE10FA04DD38EE498AB0EE4D0A81
:102350000AE0B1EE4A0AB4EE408AB0EE4D0AF1EE60
:1023600010FA01DA39EE088AF0EE490A07F01DF892
:10237000B4EE4A0AF1EE10FA02DD30EE490A08E046
:10238000B1EE4A1AB4EE410AF1EE10FA01DA39EE72
:10239000000AACEE0B8AB2EE001A95ED00AA2CEE04
:1023A0000A9A2AEE011AB0EEC8DA2CEE09EA21EEFA
:1023B0000D2AA9EE092AB1EEC21AB4EE411AF1EEC5
:1023C00010FA6AD6B4EE4EDAF1EE10FA18DDBFEE6E
:1023D000002AB5EE408AF1EE10FA9FED354A31EE53
:1023E000491A04FE022AB6EE003AB7EE004A21EE80
:1023F000033AB0EE4B1A34FE022AA3EE021A03E0AF
:1024000088EE0C1A3BEE011AB0EEC13AB1EE4A2A40
:10241000B4EE493AF1EE10FA10DDBFEE003AB5EE37
:10242000401AF1EE10FA9FED221A01FE031AB7EEE0
:10243000003A33FE011A21EE021A03E021EE021ADD
:1024400081EE091AACEE01BA95ED041AB5EE401A08
:10245000F1EE10FA16D0B0EECB2AB4EE412AF1EE2E
:1024600010FA0FDDBFEE002AB5EE40BAF1EE10FA19
:102470009FED0F3A03FE022AB7EE003A33FE022A1E
:1024800021EE02BA85ED020A002C85ED03BA18BFD1
:1024900084ED00BABDEC108B70BDB0EE40FAB0EE2A
:1024A000420A06F0DAFFB0EE401AB0EE4F0A89E7B2
:1024B000000000000000000080EC020A80ED041A19
:1024C000704700000000000000210161C0E9001118
:1024D000C0E902117047000090F8221090F84420E3
:1024E000914203D090F8223080F84430881A18BF07
:1024F000012070470000000090F8251090F845205A
:10250000914203D090F8253080F84530881A18BFE2
:10251000012070470000000090F83E10012935D1DD
:1025200043F22001026CC2F2004109684B6A9A1A18
:1025300040F24A43A2F2B73C496A016441F61811DD
:102540009C45C2F2004112D80B78072B11D8B2F586
:10255000FA6F00EB430C28BF4FF4FA62B2F57A7FB2
:1025600098BF4FF47A72ACF812205A1C00E0002297
:102570000A700978082918BF70472C30082100BF5D
:1025800030F81A2C013920F8022FF9D170470000D9
:1025900043F22001026CC2F200410968496A891ABB
:1025A00043F67F02C0F2010291420DD880B5C38D7F
:1025B000418EB0F834E0B0F830C0A1F2AB5292B224
:1025C000622A0FD8002117E00021C18401854185CE
:1025D000818580F8221080F8231080F8241080F87C
:1025E00025107047A1F2DC5212B2322A02DBA1F2AE
:1025F0000E6101E0A1F2AA510185A3F2AB5189B2AB
:10260000622901D8002109E0A3F2DC5109B2322984
:1026100002DBA3F20E6101E0A3F2AA51C184AEF283
:10262000AB5189B2622901D8002109E0AEF2DC5138
:1026300009B2322902DBAEF20E6101E0AEF2AA511C
:102640004185ACF2AB5189B26229BDE8804001D826
:10265000002109E0ACF2DC5109B2322902DBACF214
:102660000E6101E0ACF2AA51818540F2DC52C18ECC
:1026700091424FF0000188BF012180F8221040F202
:10268000E341028F8A424FF0000206D3038F40F2EB
:10269000D76C0222634538BF012280F82320428F85
:1026A0008A424FF000014FF0000206D3438F40F200
:1026B000D76C0222634538BF012280F8242040F203
:1026C000DC53828F9A4288BF012180F8251090F850
:1026D0004610002918BF704790F8221080F8441067
:1026E00090F8251080F84510012180F846107047B9
:1026F00070B582B004460D460126002012A12722A3
:102700008023CDE900062046FEF746F904F10C00CF
:102710002946FBF7B9FC49F6F05084F83E60C0F654
:10272000010000F1080121601830E06040F2DC5047
:10273000E08520866086A0866082A082E082208379
:10274000204602B070BD00BF466C79736B79000003
:1027500010B52DED048B0446406A90ED350A90EDDE
:102760003D1A206B80EE010A9FED651A20EE018A6A
:102770009FED640A90ED361AB4EE408A90ED3E0A61
:10278000F1EE10FA0FDB9FED602AB4EE428AF1EE13
:1027900010FA08DC9FED622A38EE022A9FED613ABA
:1027A00022EE032A28E09FED582AB4EE428AF1EE89
:1027B00010FA09DB9FED562AB4EE428AF1EE10FAC8
:1027C00002DC9FED522A17E09FED512AB4EE428AB7
:1027D000F1EE10FA12DB9FED4F2AB4EE428AF1EED1
:1027E00010FA0BDC9FED4C2A38EE023A9FED4B4A73
:1027F0009FED462AA3EE042A84ED082AB1EE411A81
:10280000B5EE408AF1EE10FA0DDB9FED422AB4EEF0
:10281000428AF1EE10FA06DC9FED473A9FED472A17
:10282000A8EE032A17E09FED3B2AB4EE428AF1EEB0
:1028300010FA12DB9FED3C2AB4EE428AF1EE10FA58
:102840000BDC9FED3A2A38EE023A9FED394A9FEDB4
:10285000392AA3EE042A84ED072A81EE009A94ED2A
:10286000060A94ED071AB4EE410AF1EE10FA02DD01
:102870009FED330A08E094ED081AB4EE410AF1EE38
:1028800010FA03DA9FED200A31EE000AB1EE400A99
:10289000FFF7C6F894ED070A9FED2A1A30EE010AF9
:1028A000B4EE409AF1EE10FA0CDC94ED080A9FEDBC
:1028B000261A30EE010AB4EE409AF1EE10FAA8BFE3
:1028C00094ED038A9FED210A606A28EE000AFEF764
:1028D00027FD94ED040A9FED1E1A20EE010AA06A5E
:1028E000FEF71EFD94ED050A9FED1A1A20EE010A6F
:1028F000E06ABDEC048BBDE81040FEF711BD00BFDF
:102900007364CB3C8FC2753DCDCCCC3DCDCC4C3E21
:102910003333B33ECDCCCC3E3333B3BEFCFF7FC0AC
:102920008FC275BDFFFF9F40CDCC0C3FCDCCCCBE40
:10293000358D2741DB0F4940D2537B40DB0FC93F28
:10294000CDCCCCBDCDCC4C3DCDCC4CBD791B2142AA
:1029500055558542D253FB419FED0B1AB4EE410A07
:10296000F1EE10FA05DD4CF6E431C4F29601816116
:102970007047B5EE400AF1EE10FA02DA00218161EB
:10298000704780ED060A7047E4CB964000000000D7
:102990009FED0B1AB4EE410AF1EE10FA05DD4DF28F
:1029A0000A71C3F62371C1607047B5EE400AF1EEBB
:1029B00010FA02DA0021C160704780ED030A704707
:1029C0000AD7233F000000009FED0D1A30EE010AE8
:1029D0009FED0C1AB4EE410AF1EE10FA05DD4CF64B
:1029E000CD41C3F64C6101617047B5EE400AF1EE8E
:1029F00010FA02DA00210161704780ED040A704785
:102A0000CDCCCC3DCDCC4C3E9FED0B1AB4EE410A63
:102A1000F1EE10FA05DD42F6F601C3F65C71416194
:102A20007047B5EE400AF1EE10FA02DA002141617A
:102A3000704780ED050A7047F6285C3F00000000F3
:102A40002DE9F04182B01E4614460D4611A11F2209
:102A50008023DDF820804FF0010C0027CDE9007CB9
:102A6000FDF79AFF49F60C614761C0F601018462E7
:102A7000083101604CF6E431C0E90B68C0E9037726
:102A8000C4F29601C0E90671C0E9087502B0BDE85C
:102A9000F08100BF47616E7472795461736B0000FE
:102AA00070B52DED088B044690F8410010B9204612
:102AB00000F02AFAE06B002800F0E68094F841105C
:102AC000012940F0E180A16B9FED711A498A00EE67
:102AD000101AB8EE400A80EE010A9FED6E1AB4EEAD
:102AE000410AF1EE10FA0BDD9FED6B1AB4EE410ACC
:102AF000F1EE10FABEBF84ED220A012184F8901095
:102B000094ED149A94ED158A022894ED16AA94ED8A
:102B100017BA19D194F89010012915D194ED220A11
:102B200094ED231A31EE400A9FED5C1A20EE010A63
:102B30009FED5B1AA0EE018A9FED5A0A9FED5A1A8B
:102B400088FE400A80FE018A03281DD194F8A41053
:102B5000012919D1B6EE001A94ED250A94ED262A22
:102B600094ED273A94ED284A94ED1D9A94ED1E8A2F
:102B700094ED1FAA94ED20BAA0EE019AA2EE018A6C
:102B8000A3EE01AAA4EE01BA042804D1207A0128F8
:102B900008BF94ED018AB0EE490AE06884ED149A0A
:102BA00084ED158A84ED16AA84ED17BAFFF7F0FEBE
:102BB000B0EE480AE068FFF707FFB0EE4A0AE068A7
:102BC000FFF722FFB0EE4B0AE068FFF7C5FEB0EE5C
:102BD000490AF0EE480AB0EE4A1AF0EE4B1A2046C7
:102BE00000F0C2F8002841D0E06B022805D1207A1D
:102BF00018B984ED018A0120207294F84C00C8B302
:102C000043F22000C2F20040D4E911120068406A89
:102C1000801A884238D394F88550012D06D8666B07
:102C20002A46B1883068F1F747FAB57194F8860002
:102C30000025A4F84250013084F88600204684F82C
:102C40004C5000F0B1F9F8B9206B84F84150E563BD
:102C5000A4F8425084F84C5084F88650A0B1FBF799
:102C6000DFFD00202063BDEC088B70BD0020A4F8C0
:102C7000420007E043F22000C2F200400068406AD0
:102C8000A064012084F84C00BDEC088B70BD00BF2F
:102C900000007A440AD7A33C295C8F3D0AD7233D24
:102CA0000AD7233C9A99193E9A9919BE0000000050
:102CB00010B52DED068BB6EE000AB7EE001A02290C
:102CC0000446C06801FE000A00299FED221A416AED
:102CD00001F1BC0001FE00AA9FED1F0AD1ED240AFC
:102CE0002AEE008A9FED1D0A2AEE009AB0EE480AED
:102CF000B0EE491AFFF7E0FBE0689FED190A2AEEF3
:102D0000000AB0EE481A816A01F1BC00D1ED240A34
:102D1000FFF7D2FBE068B0EE480AB0EE491AC16A8C
:102D200001F1BC00D1ED240AFFF7C6FBE068B3EE69
:102D3000040AB1EE0C1A016B2AEE000A01F1C00080
:102D40002AEE011AD1ED250ABDEC068BBDE8104034
:102D5000FFF7B2BB9A99193E0000FA440000FA4509
:102D600000007A4400000000C1689FED5E5A9FEDAC
:102D7000606AD1E9092392ED352A93ED3D4A92ED3F
:102D80003D3ACA6A82EE032A93ED353A83EE043A5D
:102D9000096B22EE054A9FED545A9FED542A80EDAF
:102DA000194AA3EE052A92ED353A92ED3D5A34EEDA
:102DB000407A83EE053A91ED365AB1EE455A91EDDF
:102DC0003E4A80ED1A2A23EE063A9FED4A6A85EEC6
:102DD000044A80ED1B3AB0EEC75A80ED1C4AB4EEAF
:102DE000460A9FED450AF1EE10FAB4EE405A0EDAAB
:102DF000F1EE10FA59DA32EE602AB0EEC22AB4EEE1
:102E0000402AF1EE10FA50DA33EE410A16E0F1EE04
:102E100010FA4ADA32EE602AB0EEC22AB4EE402A44
:102E2000F1EE10FA41DA33EE411AB0EEC11AB4EE07
:102E3000401AF1EE10FA38DA34EE610AB0EEC00A48
:102E40009FED2D1AB4EE410AF1EE10FA2DDAC16BA6
:102E500002292CD0032942D190F8A410012924D1B1
:102E600090ED250AB0EEC01A9FED250AB4EE401A87
:102E7000F1EE10FA19DA90ED261AB0EEC11AB4EE9E
:102E8000401AF1EE10FA10DA90ED271A0021B0EE98
:102E9000C11AB4EE401AF1EE10FA1EDA90ED281ABB
:102EA000B0EEC11AB4EE401A13E00020704790F85B
:102EB000901001294FF000010FD190ED220A90ED02
:102EC000231A31EE400A9FED0D1AB0EEC00AB4EE9F
:102ED000410AF1EE10FAB8BF0121084670470120FF
:102EE000704700BF7364CB3C90C2753CCDCCCCBD69
:102EF0003661023D9A99993E0AD7233CA69B443BF2
:102F00008FC2753D00000000B0B500F11005044609
:102F10002846FBF789FC20B12078256358B30120AF
:102F200016E004F11800FBF77FFC002804F12000F4
:102F300005D02063022084F8400000251EE0FBF746
:102F400073FC002808BFB0BD04F1280020630320F3
:102F500084F840002046002584F88650A4F84250AA
:102F6000257284F84C5000F01FF8002884F84100C6
:102F700008BFE563B0BD002584F84050204684F8C2
:102F80008650A4F84250257284F84C5000F00CF89A
:102F9000002884F8410008BFE563207801302070E4
:102FA000B0BD000000000000B0B52DED048B90F81E
:102FB0004010044690F88600032900F2A080DFE864
:102FC00001F002831D39082800F29A80DFE810F032
:102FD000090020046003A9034F0177049304F6035A
:102FE000A10402212046FFF763FE01209FEDC61ACF
:102FF0009FEDC60A9FEDC62A00F015BC082800F216
:103000007F80DFE810F009004A03B502FD02A60246
:10301000F70313043703210402212046FFF748FE7B
:10302000002501209FEDB81A9FEDBA0A9FEDB82A3E
:1030300000F07BBC072863D8DFE810F0080092019D
:10304000270111024D02A300D301E100E0689FEDCA
:10305000B28A9FEDB29AB0EE480A416AB0EE491AC0
:1030600001F1BC00D1ED240AFFF726FAE068B0EECA
:10307000481A9FEDAB0A816A01F1BC00D1ED240A28
:10308000FFF71AFAE068B0EE480AB0EE491AC16AD2
:1030900001F1BC00D1ED240AFFF70EFAE068B3EEAF
:1030A000040AB1EE0C1A016B01F1C000D1ED250A42
:1030B000FFF702FA002501209FED9A1A9FED9A0A68
:1030C0009FED9A2A00F031BC082819D8DFE810F0EB
:1030D0000900F40237035E02CF000504590084039F
:1030E000970002212046FFF7E3FD002501209FED18
:1030F000861A9FED860A9FED862A00F016BC18B14D
:103100000020BDEC048BB0BDE0689FED858A9FED8B
:10311000889AB0EE480A416AB0EE491A01F1BC0043
:10312000D1ED240AFFF7C8F9E068B0EE481A9FED28
:10313000810A816A01F1BC00D1ED240AFFF7BCF9D4
:10314000E068B0EE480AB0EE491AC16A01F1BC006D
:10315000D1ED240AFFF7B0F9E068B2EE040AB0EE50
:103160000C1A016B01F1C000D1ED250AFFF7A4F99B
:103170009FED650A0025B0EE401A01209FED642AFC
:10318000D3E3E0689FED6C8A9FED6C9AB0EE480A3D
:10319000416AB0EE491A01F1BC00D1ED240AFFF7F3
:1031A0008BF9E068B0EE481A9FED650A816A01F17B
:1031B000BC00D1ED240AFFF77FF9E068B0EE480AC1
:1031C000B0EE491AC16A01F1BC00D1ED240AFFF743
:1031D00073F9E068B0EE080A9FED5A1A016B01F12D
:1031E000C000D1ED250AFFF767F90121B6EE000A0C
:1031F00004209FED551A9FED552A002596E3E068BF
:103200009FED4D8A9FED4D9AB0EE480A416AB0EEAF
:10321000491A01F1BC00D1ED240AFFF74DF9E0682D
:10322000B0EE481A9FED460A816A01F1BC00D1ED6B
:10323000240AFFF741F9E068B0EE480AB0EE491AF7
:10324000C16A01F1BC00D1ED240AFFF735F9E0684D
:10325000B0EE080A9FED3B1A016B01F1C000D1ED01
:10326000250AFFF729F9B6EE000A002558E30021E8
:1032700020460025FFF71CFD9FED262A01209FED2B
:10328000341AB0EE420A012150E3E0689FED2A8A29
:103290009FED2A9AB0EE480A416AB0EE491A01F150
:1032A000BC00D1ED240AFFF707F9E068B0EE481A38
:1032B0009FED230A816A01F1BC00D1ED240AFFF7DA
:1032C000FBF8E068B0EE480AB0EE491AC16A01F1B5
:1032D000BC00D1ED240AFFF7EFF8E068B0EE080A71
:1032E0009FED181A016B01F1C000D1ED250AFFF71F
:1032F000E3F80120B5EE000A9FED0A1A64259FED60
:103300000B2A012112E300BF00000000CDCC4C3E8F
:103310008FC2F53C9A99993E0000FA440000FA45A4
:1033200000007A4452B896400AD7A33D0AD7233FFB
:1033300000007A450000FA430000964300009644DE
:10334000000016436766863F9A99993F0AD7233E45
:10335000C3F5C83FCDCCCC3D3333B33E85EB113FF5
:10336000E0681FED0B8A1FED0B9AB0EE480A416A28
:10337000B0EE491A01F1BC00D1ED240AFFF79CF828
:10338000E068B0EE481A1FED120A816A01F1BC0034
:10339000D1ED240AFFF790F8E068B0EE480AB0EEED
:1033A000491AC16A01F1BC00D1ED240AFFF784F883
:1033B000E068B0EE080A1FED1D1A016B01F1C000B4
:1033C000D1ED250AFFF778F844F2402501201FEDE2
:1033D0002B1AC0F20F051FED320A01211FED2D2A15
:1033E000A4E2E0681FED2C8A1FED2C9AB0EE480A8B
:1033F000416AB0EE491A01F1BC00D1ED240AFFF791
:103400005BF8E068B0EE481A1FED330A816A01F1FB
:10341000BC00D1ED240AFFF74FF8E068B0EE480A8F
:10342000B0EE491AC16A01F1BC00D1ED240AFFF7E0
:1034300043F8E068B0EE080A1FED3E1A016B01F197
:10344000C000D1ED250AFFF737F8B7EE001AB6EE47
:10345000000A012104201FED412A002566E2E068F0
:103460001FED4B8A1FED4B9AB0EE480A416AB0EE51
:10347000491A01F1BC00D1ED240AFFF71DF8E068FC
:10348000B0EE481A1FED520A816A01F1BC00D1ED7D
:10349000240AFFF711F8E068B0EE480AB0EE491AC6
:1034A000C16A01F1BC00D1ED240AFFF705F8E0681C
:1034B000B0EE080A1FED5D1A016B01F1C000D1EDFD
:1034C000250AFEF7F9FF01201FED5F1A1FED5E0AC6
:1034D0001FED702AA7E1E0681FED698A1FED699A68
:1034E000B0EE480A416AB0EE491A01F1BC00D1EDD4
:1034F000240AFEF7E1FFE068B0EE481A1FED700AFB
:10350000816A01F1BC00D1ED240AFEF7D5FFE06825
:10351000B0EE480AB0EE491AC16A01F1BC00D1ED23
:10352000240AFEF7C9FFE068B0EE080A1FED7B1A17
:10353000016B01F1C000D1ED250AFEF7BDFF0121AD
:10354000B6EE000A02201FED7E1A1FED8E2A00251E
:10355000ECE100212046FFF7ABFB0121B6EE000AAB
:1035600002201FED851A1FED952A4FF47A75DDE1D3
:1035700000212046FFF79CFB48F2A06501201FEDCB
:10358000971AC0F201051FED8B0AD4E0E0689FEDA9
:10359000F38A9FEDF39AB0EE480A416AB0EE491AF9
:1035A00001F1BC00D1ED240AFEF786FFE068B0EE21
:1035B000481A9FEDEC0A816A01F1BC00D1ED240AA2
:1035C000FEF77AFFE068B0EE480AB0EE491AC16A29
:1035D00001F1BC00D1ED240AFEF76EFFE068B0EE09
:1035E000080A9FEDE11A016B01F1C000D1ED250A37
:1035F000FEF762FF01209FEDE31A9FEDE30A10E161
:10360000E0689FEDD68A9FEDD69AB0EE480A416AEF
:10361000B0EE491A01F1BC00D1ED240AFEF74CFFCF
:10362000E068B0EE481A9FEDCF0A816A01F1BC0054
:10363000D1ED240AFEF740FFE068B0EE480AB0EE94
:10364000491AC16A01F1BC00D1ED240AFEF734FF2A
:10365000E068B0EE080A9FEDC41A016B01F1C000EA
:10366000D1ED250AFEF728FF0120B6EE080A9FEDEE
:10367000C51A1BE0002120460025FFF719FB9FED2E
:10368000BB2AB5EE000A01210420B0EE421A4DE13A
:1036900000212046FFF70CFB85E002212046FFF7C2
:1036A00007FB01209FEDB71A9FEDC10A9FEDB72AD6
:1036B0004FF47A75012139E1E0689FEDB68A9FEDFC
:1036C000B69AB0EE480A416AB0EE491A01F1BC0060
:1036D000D1ED240AFEF7F0FEE068B0EE481A9FED47
:1036E000AF0A816A01F1BC00D1ED240AFEF7E4FEC5
:1036F000E068B0EE480AB0EE491AC16A01F1BC00B8
:10370000D1ED240AFEF7D8FEE068B3EE040AB1EE6C
:103710000C1A016B01F1C000D1ED250AFEF7CCFEB9
:103720007AE0002120460025FFF7C2FA01209FED34
:10373000951A9FED950A01219FED942AF6E0E06825
:103740009FED868A9FED869AB0EE480A416AB0EEF8
:10375000491A01F1BC00D1ED240AFEF7ADFEE06884
:10376000B0EE481A9FED7F0A816A01F1BC00D1EDED
:10377000240AFEF7A1FEE068B0EE480AB0EE491A4E
:10378000C16A01F1BC00D1ED240AFEF795FEE068A4
:10379000B0EE080A9FED741A016B01F1C000D1ED83
:1037A000250AFEF789FE01209FED761A9FED780A23
:1037B00042F210759FED752A0121B7E000212046E5
:1037C0000025FFF775FA9FED692A012104209FED7E
:1037D0006C0AB0EE421AA9E0002120460025FFF74E
:1037E00067FAB7EE001AB6EE000A012104209FED39
:1037F000602A9BE0002120460025FFF759FA0121AD
:1038000004209FED6A1A9FED620A9FED5B2A8DE00E
:1038100002212046FFF74CFA01209FED5A1A9FED36
:10382000600A9FED5A2A002501217FE000212046F1
:103830000025FFF73DFAB7EE001A012104209FEDA5
:10384000500A9FED4B2A71E0E0689FED448A9FED9E
:10385000449AB0EE480A416AB0EE491A01F1BC0040
:10386000D1ED240AFEF728FEE068B0EE481A9FED7D
:103870003D0A816A01F1BC00D1ED240AFEF71CFE6D
:10388000E068B0EE480AB0EE491AC16A01F1BC0026
:10389000D1ED240AFEF710FEE068B0EE080A9FEDB5
:1038A000321A016B01F1C000D1ED250AFEF704FECA
:1038B0009FED2E2A002504209FED3A0A33E00021D7
:1038C00020460025FFF7F4F9012102209FED2B1A75
:1038D0009FED350A9FED2A2A28E000212046002589
:1038E000FFF7E6F9B6EE000A012102209FED231A48
:1038F0009FED232A1AE0002120460025FFF7D8F982
:10390000012104209FED1B1A9FED1D0A9FED1A2A2D
:103910000CE0002120460025FFF7CAF9B5EE000AA9
:103920009FED122A0420B0EE421A002165640022A5
:1039300084ED1D2AA26784ED1F0A84ED201A84ED10
:10394000142A626584ED160A84ED171AE0630120DB
:1039500084F88510BDEC048BB0BD00BF0000964319
:1039600000009644000016436766863F0000000092
:10397000CDCCCC3D9A99993F0AD7233EC3F5C83F99
:103980009A99993E52B89640CDCC0C3FAE47213F14
:10399000CDCCCC3E0000FA440000FA4500007A4449
:1039A000B81E053FCDCC4C3E3333B33E3333B33F2B
:1039B0003333333F0000000070B52DED028B9FEDD7
:1039C0002E8A1646B0EE480A0446C16010300D211A
:1039D00001221D46FAF73CFFB0EE480A04F1180038
:1039E0000E210122FAF734FFB0EE480A04F120005C
:1039F0000F210122FAF72CFFB0EE480A04F128004B
:103A000010210122FAF724FF042184F840104CF61B
:103A1000CD410020C3F6CC5184F88600C4E91410CF
:103A2000C4E91610C4E91D10C4E91F1041F28761F2
:103A3000C4F84100C4E90C06C4E90E50C4F84500BE
:103A4000C3F65951C4F84900207060602072A4F890
:103A50008400C4E91900C4E91B00C4E9220184F808
:103A60009000C4E92500C4E9270084F8A40020469A
:103A7000BDEC028B70BD00BF0AD7A33D0000000063
:103A80000023837101608280704700000000000005
:103A9000017C012918BF7047C17B012907D18289A8
:103AA0000123D0E901C183736046F3F761BA817BDA
:103AB00082890129D0E9010101D1F3F7BDBFF4F7F3
:103AC0003BB800000000000010B541F2D412C2F271
:103AD00000421378002B08BF10BD41F2D8148C4669
:103AE000C2F2004404E000BF013B04F1040434D0FE
:103AF00021680029F8D04A688242F5D18889BCF152
:103B0000000F1CBFCA7B5FEAC27227D1A0B18968CF
:103B100001F01F02BFF34F8F02444EF65C70CEF2ED
:103B200000002032203A0160202A01F12001F9DC56
:103B3000BFF34F8FBFF36F8F20680368828981685E
:103B40001B6898472068817B82890129D0E901019F
:103B50002AD1BDE81040F3F76FBF10BDB0B189683E
:103B600001F01F02BFF34F8F02444EF65C70CEF29D
:103B7000000002F1200300BF203B0160202B01F177
:103B80002001F9DCBFF34F8FBFF36F8F206802680D
:103B9000816813686246984720688289D0E90101EC
:103BA000BDE81040F3F7E4B9BDE81040F3F7C4BF37
:103BB00080B541F2D411C2F200410A783AB341F221
:103BC000D8118446C2F2004104E000BF013A01F17D
:103BD00004011CD0D1F800E0BEF1000FF6D0DEF8F1
:103BE00004006045F2D19EF81010012918BF80BD75
:103BF0009EF80F1001290BD1BEF80C20DEF808103A
:103C000001238EF80E30BDE88040F3F7B1B980BDD6
:103C10009EF80E10BEF80C200129DEF8081003D122
:103C2000BDE88040F3F708BFBDE88040F3F784BFEC
:103C300049F6186C8260C0F6010C83810CF1080C07
:103C4000002AC0E900C1DDF804C0009981734FF07B
:103C5000000180F80FC0017418BF002B00D170471D
:103C600041F2D411C2F200410A78132A88BF70478A
:103C700041F2D813C2F2004343F8220001320A7025
:103C800001210174704700002DE9F04F81B02DED46
:103C9000048B0446007B9A46914601288B4603D14B
:103CA000BBF1000F07D104E0BBF1000F03D10528E1
:103CB00001D100202073606A257B68B1CDB190ED01
:103CC000078A9FEDB79A28EE090AE069FDF744FBE1
:103CD00028EE490A206A16E0E0699FEDB20AFDF776
:103CE0003BFB002D206A0CBF9FEDAE0A9FEDAE0A94
:103CF00009E09FEDAC8AE069B0EE480AFDF72CFBC5
:103D0000206AB0EE480AFDF727FB0FF6B000DDF899
:103D10003880851E0FF6B000071F0C2635F8021FED
:103D200057F8040FF0F7C0F9002804EB060106F17C
:103D3000010618BF0120122E4870EFD1207B092800
:103D400000F22681DFE810F00A006C023C01B201AB
:103D50007600EC0245030F02BC03CD00606A002828
:103D60001CBF002180F85210A16A00291CBF00224C
:103D700081F8832018B10021C4F22001016320786A
:103D80009FED8A8A9FED8A9AB0EE480A00284FF08C
:103D9000180008BF1420B0EE491A1825215801F167
:103DA000BC00D1ED240AFEF787FB2078B0EE480A6C
:103DB000B0EE491A142600284FF0140008BF18204E
:103DC000215801F1BC00D1ED240AFEF775FB2078E3
:103DD0009FED788AB0EE480A002808BF1425605984
:103DE000FDF7DEFA2078B0EE480A002808BF182652
:103DF000A059FDF7D5FABBF1000F18BFB8F1000FBD
:103E000000F0C88084F800A0BBF1010F18BF4FF08C
:103E1000050BB9F1000F84F80CB000F0C28348F232
:103E2000000048F20001C4F21340CCF21341C4E98F
:103E30000101AFE0606A9FED5D8A00289FED5C9A0A
:103E40001CBF012180F85210A06AB0EE480A002879
:103E5000B0EE491A1CBF012180F883102078182683
:103E600000284FF0180008BF1420215801F1BC00B1
:103E7000D1ED240AFEF720FB2078B0EE480AB0EE20
:103E8000491A142500284FF0140008BF18202158A3
:103E900001F1BC00D1ED240AFEF70EFB20789FED66
:103EA000458AB0EE480A002808BF1426A059FDF73D
:103EB00077FA2078B0EE480A00284FF0140008BFC7
:103EC00018202058FDF76CFA2078002808BF182524
:103ED000605990ED350AB5EE400AF1EE10FA57DB65
:103EE00058E0606A00281CBF002180F85210A16AC7
:103EF00000291CBF002281F8832018B10021C4F2E0
:103F00002001016320789FED298A9FED299AB0EE68
:103F1000480A00284FF0180008BF1420B0EE491AD4
:103F20001825215801F1BC00D1ED240AFEF7C4FA8E
:103F30002078B0EE480AB0EE491A142600284FF057
:103F4000140008BF1820215801F1BC00D1ED240A4B
:103F5000FEF7B2FA20789FED170A002808BF142553
:103F60006059FDF71DFA2078002808BF182694ED47
:103F7000010AB1EE400AA059FDF712FA207804F1C7
:103F80000D01002808BF04F112010878C00701D113
:103F900000202073BDEC048B01B0BDE8F08F00BFA2
:103FA0007FBBEE43000000000000008000007A4567
:103FB00000D004460000C8C20000FA440000FA45E0
:103FC000606A1FED038A00281FED049A1CBF0121BF
:103FD00080F85210A06AB0EE480A0028B0EE491AE4
:103FE0001CBF012180F883102078182500284FF08D
:103FF000180008BF1420215801F1BC00D1ED240A9B
:10400000FEF75AFA2078B0EE480AB0EE491A1426A4
:1040100000284FF0140008BF1820215801F1BC00FF
:10402000D1ED240AFEF748FA2078B2EE048A00287F
:104030004FF0180008BF1420B0EE480A2058FDF7D2
:10404000AFF9207894ED020A00284FF0140008BF61
:10405000182038EE400A2058FDF7A2F920780028F1
:1040600008BF1425615991ED350A38EE400AB0EECB
:10407000C01AB1EE040AB4EE401AF1EE10FA89DA71
:10408000002808BF182694ED022AA05990ED351A91
:1040900031EE021A38EE411AB0EEC11AB4EE401AEF
:1040A000F1EE10FABFF676AF032072E7606A0028DF
:1040B0001CBF002180F85210A16A00291CBF0022F9
:1040C00081F8832020B149F69A11C3F69961016302
:1040D00020781FED478A1FED479AB0EE480A002866
:1040E0004FF0180008BF1420B0EE491A18252158C7
:1040F00001F1BC00D1ED240AFEF7DEF92078B0EE24
:10410000480AB0EE491A142600284FF0140008BFE0
:104110001820215801F1BC00D1ED240AFEF7CCF99A
:10412000B2EE048A2078002808BF1425B0EE480AB1
:104130006059FDF735F92078002808BF182694ED5E
:10414000020A38EE400AA059FDF72AF9207804F156
:104150000F01002808BF04F110010878C0073FF4E0
:1041600019AF042015E7606A00281CBF002180F801
:104170005210A16A00291CBF002281F8832020B1BF
:1041800049F69A11C3F69961016320781FED798A87
:104190001FED799AB0EE480A00284FF0180008BFCA
:1041A0001420B0EE491A1825215801F1BC00D1EDB8
:1041B000240AFEF781F92078B0EE480AB0EE491AD9
:1041C000142600284FF0140008BF1820215801F1D0
:1041D000BC00D1ED240AFEF76FF92078B2EE048A14
:1041E000002808BF142594ED020A38EE400A6059F1
:1041F000FDF7D6F82078B0EE480A002808BF182648
:10420000A059FDF7CDF8207804F10E01002808BF71
:1042100004F111010878C0077FF4BCAE0820B8E6AD
:10422000606A00281CBF002180F85210A16A002992
:104230001CBF002281F8832020B149F69A11C3F6F1
:104240009961016320789FEDE68A9FEDE69AB0EED2
:10425000480A00284FF0180008BF1420B0EE491A91
:104260001825215801F1BC00D1ED240AFEF724F9EC
:104270002078B0EE480AB0EE491A142600284FF014
:10428000140008BF1820215801F1BC00D1ED240A08
:10429000FEF712F9207894ED010AB1EE400A0028E9
:1042A0004FF0180008BF14202058FDF779F8207847
:1042B0009FEDC10A002808BF1826A059FDF770F825
:1042C000207804F11201002808BF04F10D010978DB
:1042D000C9073FF45FAE002808BF142594ED011A0A
:1042E000615991ED350A30EE010AB0EEC01AB1EE17
:1042F000040AB4EE401AF1EE10FABFF64BAE1421E8
:10430000002808BF1821605890ED351AB0EEC11A88
:10431000B4EE401AF1EE10FABFF63CAE022038E6D9
:10432000606A00281CBF002180F85210A16A002991
:104330001CBF002281F8832020B149F69A11C3F6F0
:104340009961016320789FEDA68A9FEDA69AB0EE51
:10435000480A00284FF0180008BF1420B0EE491A90
:104360001825215801F1BC00D1ED240AFEF7A4F86C
:104370002078B0EE480AB0EE491A142600284FF013
:10438000140008BF1820215801F1BC00D1ED240A07
:10439000FEF792F820789FED880A002808BF1425C0
:1043A0006059FCF7FDFF20789FED8F0A002808BFB9
:1043B0001826A059FCF7F4FF207804F1100100281A
:1043C00008BF04F10F010878C0077FF4E3AD0620B1
:1043D000DFE5606A9FED828A00289FED829A1CBF0C
:1043E000012180F85210A06AB0EE480A0028B0EE11
:1043F000491A1CBF012180F8831020781825002855
:104400004FF0180008BF1420215801F1BC00D1ED75
:10441000240AFEF751F82078B0EE480AB0EE491AA7
:10442000142600284FF0140008BF1820215801F16D
:10443000BC00D1ED240AFEF73FF82078B2EE048AE2
:1044400094ED020A00284FF0180008BF142038EE3F
:10445000400A2058FCF7A4FF2078B0EE480A002854
:104460004FF0140008BF18202058FCF799FF20785F
:10447000002808BF142594ED021A615991ED350A00
:1044800030EE010A38EE400AB0EEC01AB1EE040A6E
:10449000B4EE401AF1EE10FABFF67CAD002808BF6A
:1044A0001826A05990ED351A38EE411AB0EEC11A0F
:1044B000B4EE401AF1EE10FABFF66CAD072068E5D5
:1044C000606A9FED4A8A00289FED499A1CBF01212E
:1044D00080F85210A06AB0EE480A0028B0EE491ADF
:1044E0001CBF012180F883102078182500284FF088
:1044F000180008BF1420215801F1BC00D1ED240A96
:10450000FDF7DAFF2078B0EE480AB0EE491A14261B
:1045100000284FF0140008BF1820215801F1BC00FA
:10452000D1ED240AFDF7C8FF20789FED230A00286B
:104530004FF0180008BF14202058FCF731FF2078F6
:1045400094ED010AB1EE400A00284FF0140008BFB4
:1045500018202058FCF724FF2078002808BF1425D5
:10456000615991ED350AB0EEC01AB1EE040AB4EE0D
:10457000401AF1EE10FABFF60DAD002808BF18265C
:1045800094ED012AA05990ED351A31EE021AB0EEE1
:10459000C11AB4EE401AF1EE10FABFF6FBAC0920D6
:1045A000F7E448F2000048F20001C4F29330CCF284
:1045B0009331C4E90101EDE400000080080000200F
:1045C000020001000010040000100258000C025804
:1045D0000018025800180258000C02580010025827
:1045E00000007A4500D004460000C8C20000FA442A
:1045F0000000FA450000000000F1140C8CE80E00E9
:10460000009901620199416202998162002101735E
:10461000704700000000000020EE811AB4EE410A4D
:10462000F1EE10FA07DCB1EE411AB4EE410AF1EEF8
:1046300010FAA8BF7047B0EE410A704700000000B2
:10464000012180F850107047012180F85010704708
:10465000F0B585B09FED1D2A04469FED1D4A20EE62
:10466000823A20EE845A00F15805002601AFB0EEE0
:10467000436AA0EE023AB0EE457AA0EE025AA0EEEE
:10468000046AA0EE047A9FED134AA1EE045AA1EE4B
:10469000046AA1EE047AA1EE043A8DED035A8DED81
:1046A000016A8DED027A8DED043A00BFB81994EDE0
:1046B0001A1A90ED000AA85920EE410AFCF74CFEA8
:1046C0000436102EF2D105B0F0BD00BFF304353F23
:1046D000F30435BF3A23BA3EF0B581B00E461C460E
:1046E000DDE90671154600F067FB49F624610466B2
:1046F000C0F601010831016040F61651C0E91665A7
:10470000C4F21431C0E91971012180F8501001B0D0
:10471000F0BD00000000000090F851109FED091A54
:1047200090F85020090643F2200101FE000A002AF9
:10473000C2F2004101FE000A096880ED050A496ADB
:10474000C16470470000000070B52DED0C8B8CB07B
:10475000044690F8500010B194F8510018B90020A8
:104760006061C4E9030043F22006E16CC2F2004636
:104770003068406A401A40F64151C0F20301884255
:1047800003D300206061C4E9030094F852000128BB
:1047900002D10020C4E9030004F10C050AAB022297
:1047A0002846294602F0B8FB9DED0A0AB5EE400AFC
:1047B000F1EE10FA02DA9FEDDD0A01E0B1EEC00A77
:1047C00094ED0C1AB4EE410AF1EE10FA29DDB0EEC8
:1047D000C01A9FEDD72AB4EE421AF1EE10FA04DAAD
:1047E0009FEDD20AB0EE401A0CE0B7EE001A0AA90B
:1047F0000222284681EE000A02F0AAFB9DED0A1A69
:104800009DED0B0A8DED090A94ED0C0A08A80AA982
:1048100002228DED081A02F09BFBDDE90A01C4E9D2
:10482000030194ED051A94ED0F0AB4EE401AF1EE6F
:1048300010FA02DD84ED050A08E0B1EE400AB4EE9C
:10484000401AF1EE10FAB8BF84ED050A3068A16C89
:104850009FEDB81A426A9FEDB82A511A00EE101A5D
:104860000021B8EE400A80EE011A9FEDB40AB4EEC2
:10487000401AF1EE10FAC8BF0121406A94ED053AE2
:1048800094ED0B0AC90723EE004AB5EE401A01FE6B
:1048900002BA33EE401AF1EE10FAB5EE404AD8BF34
:1048A000B0EE42BAF1EE10FAA06402DA94ED112AE9
:1048B00001E094ED102A2BEE022AB4EE421AF1EE3A
:1048C00010FA06DCB1EE422AB4EE421AF1EE10FA0A
:1048D00001DAB0EE421A30EE010A04F1240684ED4A
:1048E000080A20EE4B8AB0EE480A02F045FBB0EE13
:1048F000409AB0EE480A02F0C7FA94ED0A1A94ED15
:10490000093A29EE412AE06820EE011A09900020B8
:104910000AABA3EE002A94ED040AA3EE091A0222C0
:10492000B1EE400A2946CDE90600CDE9040028464B
:1049300084ED092A84ED0A1A8DED080A02F0ECFADA
:104940009DED0A0A9FEDDDAAB0EEC00A0AAB022275
:10495000B4EE4A0AF1EE10FA16DA3046314602F0A9
:10496000DBFA9DED0A0AB0EEC00AB4EE4A0AF1EE97
:1049700010FA6ADA4FF07E500690002107910491F8
:104980009FEDCD8A0590A4E02846294602F0C4FA9E
:104990009FEDC98A9DED0A0AB0EE489AB5EE400A2D
:1049A000F1EE10FA03DBB1EEC00AB0EE409A0AABAA
:1049B00002222846294602F0AFFA9DED0A1AB0EE0F
:1049C000480AB5EE401AF1EE10FA03DBB1EEC11A57
:1049D000B0EE410AB0EEC01AB0EE482AB4EE4A1A60
:1049E000B0EE481AF1EE10FA0CDBB7EE001A0AA985
:1049F0000222284681EE000A02F0AAFA9DED0A1A68
:104A00009DED0B2AB1EE420A0AAB02222846294646
:104A10008DED061A8DED072A8DED040A8DED051A30
:104A200002F07AFA9DED0ADAB0EE48CAB0EECD0A8D
:104A3000B4EE4A0AF1EE10FA5CDBB5EE40DAF1EEC4
:104A400010FA4BDA9FED9CDA4AE00AAB02223046BC
:104A5000314602F061FA9FED988A9DED0A1AB0EE98
:104A6000480AB5EE401AF1EE10FA03DBB1EEC11AB6
:104A7000B0EE410AB0EEC01AB0EE482AB4EE4A1ABF
:104A8000B0EE481AF1EE10FA0CDBB7EE001A0AA9E4
:104A90000222304681EE000A02F05AFA9DED0A1A0F
:104AA0009DED0B2AB1EE420A0AAB02223046314696
:104AB0008DED061A8DED072A8DED040A8DED051A90
:104AC00002F02AFA9DED0ACAB5EE40CAF1EE10FADC
:104AD00027DAB0EE48CAB0EE489A3DE0B1EECDDA42
:104AE0000AAB02223046294602F016FA9DED0A0A68
:104AF00080EE0DCA08A80AAB0222014602F00CFAA9
:104B00009DED0ADAB0EECD0AB4EE4A0AF1EE10FAE3
:104B100022DBB5EE40DAF1EE10FA11DA9FED66DA3B
:104B200010E0B1EECCCAB0EE489A15E000000000EB
:104B3000BD378635002474496F12833ACDCCCC3D05
:104B4000B1EECDDA08A90AAB0222304602F0E4F950
:104B50009DED0A0A80EE0D8A94ED0E1AB1EE480A18
:104B60002BEE011AB0EE412AB4EE401AF1EE10FA23
:104B700008DBB0EE402AB4EE418AF1EE10FA01DD16
:104B8000B1EE412A38EE028AB5EE40CA39EE4C0A3F
:104B9000F1EE10FA03DB94ED0D1A2BEE011AB4EED0
:104BA000410AF1EE10FA06DCB1EE411AB4EE410A08
:104BB000F1EE10FA01DAB0EE410A3CEE000A06A866
:104BC0000AA9022202F0C4F9B0EE480A0A9802903B
:104BD0000B98039004A80AA9022202F0B9F90A98D6
:104BE00000900B98019002A869460AAA022302F0DD
:104BF00027F825460A989FED321A45F8180F0B98AA
:104C000095ED020A85ED050A20EE018A6860D5E976
:104C10000001B0EE480AC5E9030102F0ADF9B0EEBB
:104C2000409AB0EE480A02F02FF995ED011A95ED81
:104C3000003A29EE412A95F8380020EE011AA3EE39
:104C4000002AA3EE091A85ED002A85ED011A00BBA2
:104C50000AAB02222846294602F05EF99DED0A0AB7
:104C6000B0EEC00AB4EE4A0AF1EE10FA11DA94ED91
:104C7000080AB0EEC00A9FED0E1BB7EEC00AB4EEF4
:104C8000410BF1EE10FA04DA20688168204688476B
:104C900007E0206804F1180191EC030AC16820467E
:104CA00088470CB0BDEC0C8B70BD00BF00BF00BFCF
:104CB0008DEDB5A0F7C6B03E00000000BD378635CB
:104CC000AE47E1BD0000000010B52DED0A8B044693
:104CD000406DB0EE409AB0EE418A90ED062AB0EEFB
:104CE00060AAB1EE42CAB0EE4C0A02F045F9B0EE4D
:104CF00040BAB0EE4C0A02F0C7F894F8500078B110
:104D000094F8510060B12BEE4A1A2AEE002AA9EE5F
:104D1000001AA9EE0B2A84ED031A84ED042A04E09C
:104D200000209FED088AC4E9030043F2200084EDCF
:104D3000058AC2F200400068406AE064BDEC0A8B5C
:104D400010BD00BF0000000010B52DED088B04461B
:104D5000406DB0EE408AB0EE609A90ED061AB1EE6A
:104D600041BAB0EE4B0A02F007F9B0EE40AAB0EE3D
:104D70004B0A02F089F894F8500078B194F8510089
:104D800060B12AEE491A29EE002AA8EE001AA8EE10
:104D90000A2A84ED031A84ED042A02E00020C4E903
:104DA000030043F22000C2F200400068406AE06461
:104DB000BDEC088B10BD000070B52DED0C8B82B0E2
:104DC00004460D460120009022A121224FF4807359
:104DD00001902046B0EE628AB0EE429AB0EE61AA2F
:104DE000B0EE41BAB0EE60CAB0EE40DA4FF4807671
:104DF000FBF7D2FD49F63C604521C0F601000830C2
:104E0000206004F10C00EBF713FCB0EECD0A00209B
:104E1000B0EECC1A84ED0C0AB0EECB0A84ED0D1A7C
:104E2000B0EECA1A84ED0E0AB0EEC90A84ED0F1A6C
:104E3000B0EEC81A84F85200656584ED100A84ED5E
:104E4000111AA4F85060A064204602B0BDEC0C8B8F
:104E500070BD00BF436861737369735461736B0005
:104E600070B582B0044690F8740090B904F14C0516
:104E7000002600BF2846F9F7D7FC20B904360835CC
:104E8000102EF7D105E03AA0012184F87410805962
:104E9000A06794F87400012833D1206F94ED1E1A96
:104EA00090ED060A30EE410A9FED351AB4EE410A44
:104EB000F1EE10FA02DA9FED351A08E09FED311A93
:104EC000B4EE410AF1EE10FA03DD9FED2F1A30EE39
:104ED000010AB0EEC00A9FED2E1AB4EE410AF1EEBF
:104EE00010FA01DD012009E094F8750004EBC00020
:104EF0004C30F9F795FC002084F87400E16E81F8DD
:104F00008300E06F007BE8B904F10C05002600BFC8
:104F10002846F9F789FC20B901360835082EF7D163
:104F200010E00220042E38BF012084F8810006F032
:104F3000010084F88200C6F3400084F88300012059
:104F400084F8800094F88110E06F94F8822094F83F
:104F5000833094F880600096FEF796FE94F8800007
:104F6000012802D1002084F8800002B070BD00BF8B
:104F700000000000DB0F4940DB0FC93FDB0FC9BF5A
:104F8000DB0F49C0DB0F4940DB0FC9C0DB0FC94055
:104F9000C3B8B23D000000002DE9F0412DED048BB7
:104FA00082B004461E46174688460120002541A1CE
:104FB00015228023CDE900502046FBF7EDFC9FED44
:104FC000418A49F65460B0EE480AC0F60100083044
:104FD000206004F10C0005210022F9F739FC9FED57
:104FE0003A9A04F11400B0EE490A06210022F9F7BA
:104FF0002FFCB0EE480A04F11C0007210022F9F74B
:1050000027FCB0EE490A04F1240008210022F9F738
:105010001FFCB0EE480A04F12C0009210022F9F728
:1050200017FCB0EE480A04F134000A210022F9F717
:105030000FFCB0EE480A04F13C000B210022F9F706
:1050400007FCB0EE480A04F144000C210022F9F7F5
:10505000FFFB9FED1E8A04F14C00B0EE480A0121CF
:105060000022F9F7F5FBB0EE480A04F154000221E2
:105070000022F9F7EDFBB0EE480A04F15C000321D1
:105080000022F9F7E5FBB0EE480A04F164000421C0
:105090000022F9F7DDFBC4E91B76A4F87450204622
:1050A00084F88050C4E91E5802B0BDEC048BBDE802
:1050B000F08100BF4175746F4C6966745461736B05
:1050C00000000000CDCCCC3D9A99993E295C8F3DE3
:1050D00041F600000821C5F602000022EEF7ECBF01
:1050E00041F600000821C5F602000122EEF7E4BFF8
:1050F0002DE9F0472DED0A8BA2B08246C06800284A
:1051000000F0A28090F84E0C012840F09D809AF8A3
:10511000820043F22009C2F20049012840F0968043
:1051200016AE884630460027CDE91B77CDE91977C2
:10513000F8F7D2FF12A8F9F763F9DAF884101FAA7A
:10514000DAF80C501EAB91ED030AD1ED040A1DA94B
:1051500000911BA9019119A9029118A90690CDE906
:10516000031710A92846109711978DED0E0ACDED63
:105170000F0A059600F0F8FCD9F80000DAF8741070
:105180009FEDAF1A426A9FEDAF8A511A406A00EE56
:10519000101ACAF87400B8EE400A80EE010AB4EEA4
:1051A000480AF1EE10FA0ADBB0EE408A9FEDA61A2B
:1051B000B4EE410AF1EE10FA01DDB0EE418A9AED4B
:1051C000180A9DED141AB4EE410AF1EE10FA12D04D
:1051D000DAF88C1001F10C00D1ED032A91ED040AEC
:1051E000D1ED050A91ED082AD1ED071AF8F7BCF9BF
:1051F0001498CAF860009AED1B1A9DED130AB4EEDC
:10520000401AF1EE10FA1EBFDAF88C0080ED080AA1
:105210008AED1B0A9DF85400DAF88C50012820D141
:105220001BA820AB0222014601F076FE9DED200A6C
:105230009FED861AB0EEC00AB4EE410AF1EE10FA04
:1052400012DA9FED830A18E0002092E20020C1E903
:105250000000D9F80010CAF87000486ACAF8740053
:1052600086E29DED120A08E0DDED1B0A9DED1C0AA9
:1052700020A801F0FDFC9DED200A9FED769A00200C
:10528000B4EE490A9FED74AAF1EE10FAC8BF0120EE
:10529000B4EE40AAC00700FE091AF1EE10FA29FE8A
:1052A000010A9DED171A85ED0D0A0AF110059AED18
:1052B000190AB4EE410AF1EE10FA0FD0DAED042A21
:1052C0009AED050ADAED060A9AED092ADAED081ACE
:1052D0002846F8F749F91798CAF864009AED1A1A9F
:1052E0009DED160AB4EE401AF1EE10FA1CBF8AEDDD
:1052F000090A8AED1A0A9AF8800068BBDAF80C00ED
:1053000090F8520C01280FD1DAF884009DED121AA2
:1053100090ED060A30EE410AB4EE4A0AF1EE10FAB8
:1053200004DA9FEDE91A08E0012013E0B4EE490A1F
:10533000F1EE10FA03DD9FEDE51A30EE010AB0EE52
:10534000C00A9FEDE31A0020B4EE410AF1EE10FA14
:10535000D8BF01208AF880009AF88000012805D182
:10536000DAF80C009DED1E0AF9F7FAF89AF88000B9
:10537000002873D0B7EE000A9DED1F1AB4EE401A54
:10538000F1EE10FA40F0FA81B7EE009A0CAE002070
:105390003146CDE90C00B0EE490ADAF80C0000F015
:1053A0000BFA0EA920AA0223304601F029FE20980C
:1053B0000A9021980B900AA820AB0222014601F026
:1053C000ABFD9FED23AA9DED200AB0EE4A1AB5EE83
:1053D000400AF1EE10FA03DBB1EEC00AB0EE401A5B
:1053E0000AA820AB022201468DED1E1A01F094FDA1
:1053F0009DED201AB0EE4A0AB5EE401AF1EE10FA11
:1054000003DBB1EEC11AB0EE410AB0EEC01A9FED57
:10541000E62AB4EE421AB0EE4A1AF1EE10FA0ADBAE
:1054200089EE000A0AA820A9022201F091FD9DED53
:10543000201A9DED21AA8DED1B1A8DED1CAA68E0A6
:105440000024744917B7D138CDCCCC3DBD37863553
:1054500000000000DB0F4940DB0F49C09FEDD19AEF
:105460000CAEB0EE490A0020CDE90C00DAF80C00D1
:10547000314600F0A1F90EA920AA0223304601F01E
:10548000BFFD20980A9021980B900AA820AB022219
:10549000014601F041FD9DED200AB0EE491AB5EE3E
:1054A000400AF1EE10FA03DBB1EEC00AB0EE401A8A
:1054B0000AA820AB022201468DED1E1A01F02CFD38
:1054C0009DED201AB0EE490AB5EE401AF1EE10FA41
:1054D00003DBB1EEC11AB0EE410AB0EEC01A9FED87
:1054E000B22AB4EE421AB0EE491AF1EE10FA0CDB11
:1054F000B7EE001A0AA820A9022281EE000A01F0E4
:1055000027FD9DED201A9DED219A8DED1B1A8DED45
:105510001C9A00201D909DED1E0A9FEDA29A9FED02
:10552000A3AAF1EE400AB0EE490AB0EE4A1A0021F1
:1055300028460026F7F77CFF9DED161AB7EE00BA55
:1055400080FE410A9DED181A9DED1F2ADDED170A18
:10555000B4EE4B2A80FE411AF1EE10FA00FE01CAA9
:105560009AED1C0AB0EE481A3CEE400AFFF754F8D8
:105570009AED1C1AB5EE400A30EE011A9AF8830033
:10558000F1EE10FA4FF0000131FE0C0A00289DEDFB
:105590001D1A0AF13800F1EE410AB0EE4A1A00FE77
:1055A000098AB0EE490A8AED1C8AF7F741FF9DEDA2
:1055B000171A28EE082A31EE011AB0EE40AADAF8DE
:1055C0000C000CA99DED16CA82EE011A9AED1F2A55
:1055D000CDE90C6682FE011A9DED1E2A31EE020A0B
:1055E00000F02AF9DAF80C009DED1E1A90F84C1C18
:1055F00090F84D2C114400EB810000F53A6090EDDD
:10560000000A30EE410A9AED1F1AB0EEC00AB4EE5D
:10561000410AF1EE10FA4BDB9AF88000012847D1DD
:105620009DED1F0AB4EE4B0AF1EE10FA40D00CA823
:1056300010A920AA022301F0E3FC9DED200A9DEDB4
:105640001C1A20EE41BA9DED211A9DED1B2A1BA8C4
:1056500020A90AAB0222A2EE01BA8DED200A8DED3F
:10566000211A01F059FCDDED0A0A9FED4F0AB0EE58
:10567000E01AB4EE401AF1EE10FA06DAB0EECB1AE8
:10568000B4EE401AF1EE10FA06DBB0EE4B0A0AA8AF
:1056900001F0EEFA9DED0A9A9AED1E0A29EE009AA3
:1056A000B0EE490A01F068FCB0EE490A01F0ECFBEB
:1056B000DAF80C00B0F8500C38B341F2540700256A
:1056C0000126C2F2004708E0DB0FC940DB0FC9C06A
:1056D0005077563D0135102D17D0DAF80C0006FA38
:1056E00005F4B0F8500C0442F4D057F82500002817
:1056F000F0D0F9F7A1F80028ECD0DAF80C00B0F8F7
:10570000501CA143A0F8501CE4E78AFE4C9A9DED82
:105710001E0A9FED271AB4EE410AF1EE10FA07DCDB
:10572000DAF80C00B0F8500C10B901208AF88100AA
:10573000B0EE480A1BA820A9022201F009FCB0EE35
:10574000490A20980A9021980B9019A820A90222B2
:1057500001F0FEFB20980890219809900AA808A95A
:1057600020AA022301F06CFADDE92001C8E900015A
:10577000012022B0BDEC0A8BBDE8F087DAF80C00FE
:105780009DED1E1A90F84C1C90F84D2C114400EB26
:10579000810000F53A6090ED000A30EE410A8DED8F
:1057A0001E0AB8E600000000BD378635DB0F494011
:1057B0000AD7233D0000000000291CBF90F84E2CA2
:1057C0005FEAC27200D17047B5EE400AF1EE10FAFE
:1057D00019DD90F84C2CB7EE001A90F84D3C1A44A5
:1057E0004FF0FF33B4EE410AF1EE10FA53FA82F2B1
:1057F00012DA00EB820202F6A43292ED001A20EED9
:10580000010A00F019B8D0F80C080028DBD00268B3
:105810009FED070A1268104700EB8200D0F80C08D1
:10582000002808BF70470268B7EE000A12681047E8
:105830000000000000000000B0B500294FF0000497
:1058400000F0828090F84C2C90F84D3C1A441306DE
:105850007AD090F84E3C012B76D1B5EE400AF1EEAD
:1058600010FA29DDD2B200F6A43C541E0CEB8402DF
:1058700092ED001AB4EE410AF1EE10FA24DA90F833
:105880004A3C9C422FD00CEB830292ED001AB4EEFE
:10589000410AF1EE10FA26DD90F84A3C0133DAB203
:1058A00094423EDD0CEB820292ED001AB4EE410A06
:1058B000F1EE10FAF2DC34E0D0F80C28002A43D0E4
:1058C00013689FED220A07E000EB8402D2F80C284F
:1058D00022B31368B7EE000A1B68054610469847C6
:1058E00085F84A4C2FE0F3B10CEB830212ED011A5C
:1058F000B4EE410AF1EE10FA15DA90F84A3C00BF16
:10590000013B1A060CD0DAB20CEB820212ED011A3E
:10591000B4EE410AF1EE10FAF2DB02E00020B0BD75
:10592000002380F84A3C90F84A3C2BB10CEB8302F0
:1059300012ED011A30EE410A00EB8300D0F80C089A
:1059400002685268904701242046B0BD0000000064
:1059500010B590F84E3C012B40F0018100297CD01D
:1059600090F8443CA3F1010EBEF1130F75D890F8E6
:10597000474C44B104EB440300EB830303F50A6393
:1059800093ED001A01E09FED761AB4EE410A00F69D
:10599000AC0CF1EE10FA29DA90F8473C002B52D00B
:1059A00003EB4304C3F101039FED6D1A00EB840484
:1059B00004F50A6E05E000BF0133AEF10C0E012BB9
:1059C0003ED0B0EE412A002B18BF1EED032AB4EEE4
:1059D000420AF1EE10FAEFDD9EED002AB4EE420A23
:1059E000F1EE10FAE8DC5B42DBB22AE004EB4403A0
:1059F0000CEB830393ED001AB4EE410AF1EE10FABA
:105A000021DD90F8473C9E4502DC1CE09E4518DDF8
:105A100003EB430401330CEB840494ED001AB4EE61
:105A2000410AF1EE10FAF1DD03EB43040CEB8404C0
:105A300094ED001AB4EE410AF1EE10FAE6DC00E053
:105A4000002380F8473C90F8473C03EB43030CEB02
:105A50008303D3E90134C1E90034002A00F07F80D8
:105A600090F8451C4B1E132B88BF10BD90F8481CA6
:105A700041B101EB810400EB840404F6881494ED39
:105A8000001A01E09FED361AB4EE410A00F69C1CA4
:105A9000F1EE10FA27DA90F8483C002B51D003EBD6
:105AA0008301C3F101039FED2E1A00EB810101F682
:105AB000881103E001331439012B3FD0B0EE412AA5
:105AC000002B18BF11ED052AB4EE420AF1EE10FAD0
:105AD000F0DD91ED002AB4EE420AF1EE10FAE9DCB5
:105AE0005942C9B22BE001EB81010CEB810191ED30
:105AF000001AB4EE410AF1EE10FA22DD90F8481CCB
:105B00008B4203DC1DE000BF8B4218DD01EB8104FA
:105B100001310CEB840494ED001AB4EE410AF1EE6D
:105B200010FAF1DD01EB81040CEB840494ED001A12
:105B3000B4EE410AF1EE10FAE6DC00E0002180F854
:105B4000481C90F8480C00EB80000CEB8000017CB6
:105B50001173D0E90113C0689060C2E9001310BD51
:105B600000000000000000002DE9F04F81B02DED95
:105B7000068B8EB0064690F84E0C012840F07B81D3
:105B800096F84C0CB0EE608A96F84D5CB0EE409AF8
:105B900096F8497C2844C5B2AF424FF00007CDE9E2
:105BA000047702D3013886F8490C96F8490C06F6BA
:105BB0000C0454F82000002800F05D810391016876
:105BC000B0EE490AF0EE480ACDE90132CF6804A9E7
:105BD00007AA08ABB84796F8499C9DED070A0095BF
:105BE000B9F1000F41D0B5EE400AF1EE10FA3CDCFD
:105BF00000250DF1280B0DF1240A0DF1340800BF2A
:105C0000A9F101095FFA89F054F8200010B3CDE939
:105C10000A550168B0EE490AF0EE480A5246CF68CC
:105C200059464346B8479DED0D0A9DED082AB0EE52
:105C3000C01AB0EEC22AB4EE421AF1EE10FA09DA36
:105C400086F8499C0B988DED080A05900A980490F7
:105C5000099807905FEA096049D09DED070AB5EE03
:105C6000400AF1EE10FACBDD41E0A5F1010ACA4588
:105C70003DDDB7EE00AAB4EE4A0AF1EE10FA36DBCB
:105C80004FF000080DF1240B0DAF00BF09F1010921
:105C900054F8290010B3CDE90A880168B0EE490A2A
:105CA000F0EE480A5A46CD680AA93B46A8479DED42
:105CB0000D0A9DED082AB0EEC01AB0EEC22AB4EE6D
:105CC000421AF1EE10FA09DA86F8499C0B988DED2C
:105CD000080A05900A98049009980790CA4506DDBD
:105CE0009DED070AB4EE4A0AF1EE10FACEDA96F804
:105CF000490C9DED070A54F820000168096988479E
:105D000096F8490C0099A1F10108804525DD54F869
:105D100020109FED5C2A91ED011A31EE401AB4EE8D
:105D2000421AF1EE10FA18DA411C86F8491CC8B282
:105D3000B0EE490AF0EE480A07AA54F8200008AB72
:105D40000168CF6804A9B84796F8490C9DED070A89
:105D500054F8200001680969884796F8490C22998F
:105D600030B106EB800202F53A6292ED001A01E0D2
:105D70009FED451A239F219D19B154F82000C0685A
:105D8000086030EE018A55EA0700DDF890B022D0B5
:105D9000B0EE409AB0EE480A00200AA9CDE90A0008
:105DA00000223046FFF7D4FD002F1CBFDDE90A01B9
:105DB000C7E900017DB196F8490CB0EE490ADDED66
:105DC0000B0A54F8200000F01FFC9DED0A1A80FE1B
:105DD000410A85ED000ABBF1000FDDE91F7506D011
:105DE000B0EE480A002130465A46FFF7B1FD57EAA7
:105DF00005000AD096F8490C9DED070A2A4654F88A
:105E0000200001688B68394698470198002818BF20
:105E100080ED008A029B039A1E9813B396F8491CE2
:105E20009DED070A39B9B5EE400AF1EE10FA02D13C
:105E30009FED150A13E0884509D1B7EE001AB4EEBC
:105E4000410AF1EE10FA02D1B7EE000A07E006EBC4
:105E5000880101F6A43191ED000A88EE000A83ED75
:105E6000000A00281CBF08990160002A1CBFDDE958
:105E70000401C2E900010EB0BDEC068B01B0BDE823
:105E8000F08F00BF8FC2F53C000000000000000052
:105E90002DE9F0472DED028B0E4640F20344984663
:105EA000914682460321C0F2021430460138C0B246
:105EB000C20004284FF0000038BF24FA02F0013974
:105EC00040B2F3D1F8F770FD701EB0EE408AC7B251
:105ED000F800042F24FA00F5284628BF002040B21D
:105EE000F8F762FD9AED072A9FED333A38EE421A31
:105EF000B4EE431AF1EE10FA02DA9FED324A08E0EE
:105F00009FED2E4AB4EE441AF1EE10FA03DD9FED38
:105F10002C4A31EE041A30EE420AB4EE430AF1EE96
:105F200010FA02DA9FED272A08E09FED242AB4EE4A
:105F3000420AF1EE10FA03DD9FED212A30EE020A4B
:105F4000B0EEC11AB0EEC00AB4EE401AF1EE10FA8B
:105F500016DA0320711E0026C9B2CA00042938BF10
:105F600024FA02F60138F5D109F1040188F800603D
:105F7000C8B209281AD249F6AA10C0F601000EE0EC
:105F8000002009F10401CAB2042F28BF0546082ADF
:105F900088F8005006D849F6BC10C0F60100C9B216
:105FA00030F81100BDEC028BBDE8F0870020BDEC9D
:105FB000028BBDE8F08700BFDB0F49C0DB0F494013
:105FC000DB0FC9C0DB0FC940017A012907D1B5EE4B
:105FD000400AF1EE10FA05DA9FED090A0BE09FED99
:105FE000080A7047B7EE001AB4EE410AF1EE10FA53
:105FF00001DDB0EE410A90ED011A20EE010A704772
:106000000000000000000000002948D070B52DED10
:10601000028B86B00C46017AC9073BD0B5EE400A28
:10602000F1EE10FA0DDDB7EE001AB4EE410AF1EE12
:1060300010FA09DA90ED058A90ED0A1AA1EE008AAD
:1060400004E090ED058A01E090ED068AB0EE480A82
:1060500000F11C05064600F017FF8DED000AB0EEBA
:10606000480A00F089FF8DED010A96ED090A68469D
:1060700004A9022200F06CFF049802900598039096
:1060800002A904AA0223284600F0DAFDDDE9040192
:10609000C4E9000106B0BDEC028BBDE8704070475A
:1060A00010B500294FF000041CBF027A5FEAC272EB
:1060B00001D1204610BDB5EE400AF1EE10FA02DA29
:1060C0009FED0A0A0CE090ED011AB4EE410AF1EEE0
:1060D00010FA02DDB7EE000A02E080EE010A0124A8
:1060E000026812689047204610BD00BF0000000003
:1060F0002DE9F04188B00646007A01286FD1374675
:1061000088460020049057F81C1B059004AC1546E7
:106110000A6830462146904706AA0223204639469F
:1061200000F06EFF0698009007980190684606AB55
:106130000222014600F0F0FE9FED2A1A9DED062A8C
:10614000B0EE410AB5EE402AF1EE10FA03DBB1EEF3
:10615000C22AB0EE420AB0EEC02A9FED233AB4EE56
:10616000432AB0EE412AF1EE10FA0CDBB7EE001A2A
:10617000684606A9022281EE000A00F0E9FE9DEDC4
:10618000062A9DED071A96ED0A0ABFEE003AB5EE13
:10619000400AB7EE000AF1EE10FAB1EE422A02A868
:1061A00030FE030A06A9B1EE411A02228DED022A41
:1061B0008DED031A00F0CCFE9DED060A9DED071A49
:1061C000002D1CBF85ED000A85ED011AB8F1000F06
:1061D00005D0B1EE400A88ED001A88ED010A08B03A
:1061E000BDE8F08100000000BD37863500000000EA
:1061F000F0B581B02DED028B8CB00546007A8DEDA7
:10620000070A0128CDED080A40F0D78095ED071A5E
:106210009FED6C8A30EE410A1C46B0EEC00AB4EE27
:10622000480AF1EE10FA1EDA95ED080A30EEC00ABF
:10623000B0EEC00AB4EE480AF1EE10FA13DA002A02
:106240001CBF4FF07C50106029B12868B6EE000AE0
:10625000026828469047002C00F0AF8095ED090AAF
:1062600095ED0A1A9FE017460E4605F11C0107A896
:1062700009AA022300F0C4FE099805900A98069026
:1062800005A809AB0222014600F046FE9DED090A71
:10629000B0EEC00AB4EE480AF1EE10FA02DA9FED51
:1062A0004A0A08E0DDED050A9DED060A09A800F09E
:1062B000DFFC9DED090A95ED051A9FED443A30EE9D
:1062C000412AB4EE432AF1EE10FA02DA9FED422A97
:1062D00008E09FED3F3AB4EE432AF1EE10FA03DDF9
:1062E0009FED3C2A30EE020A30EE410A95ED0A1A83
:1062F00080EE018AB5EE408AF1EE10FA02DA9FEDE7
:10630000328A08E0B7EE000AB4EE408AF1EE10FAE5
:1063100001DDB0EE408A002FB0EE480A18BF87EDCD
:10632000008A296800200290039028460A6802A982
:106330009047002E1CBFDDE90201C6E90001E4B36D
:1063400007A802A909AA022300F05AFEDDE9090103
:10635000CDE909012868B0EE480A00210022CDE904
:106360000011836869462846984709A80BAB0222AA
:10637000014600F0D1FD9DED0B0AB5EE400AF1EEAD
:1063800010FA02DA9FED100A01E0B1EEC00A9DEDAD
:10639000001A9DED0A2A21EE421A9DED012A9DED7B
:1063A000093AA3EE021AB1EE402AB5EE401AF1EE18
:1063B00010FA30FE020A84ED000A0CB0BDEC028B2C
:1063C00001B0F0BDBD37863500000000DB0F49C0CD
:1063D000DB0F4940DB0FC9C0DB0FC94000000000E4
:1063E000017A012907D1B5EE400AF1EE10FA05DA7B
:1063F0009FED090A0BE09FED080A7047B7EE001AFF
:10640000B4EE410AF1EE10FA01DDB0EE410A90ED72
:10641000011A20EE010A7047000000000000000091
:1064200000291CBF027A5FEAC27200D17047B5EE44
:10643000400AF1EE10FA16DDB0B584B0B7EE001ADE
:106440000D4600F11404B4EE410AF1EE10FA0FDA31
:106450001C3002A9022200F07BFD029800900398F4
:106460000190694606E0D0E90502C1E900027047E3
:1064700000F11C0102AA0223204600F0E1FB029871
:106480000399C5E9000104B0B0BD000000000000A0
:1064900010B500294FF000041CBF027A5FEAC272F7
:1064A00001D1204610BDB5EE400AF1EE10FA02DA35
:1064B0009FED0A0A0CE090ED011AB4EE410AF1EEEC
:1064C00010FA02DDB7EE000A02E080EE010A0124B4
:1064D000026812689047204610BD00BF000000000F
:1064E000037A012B18BF704700291CBFD0E9093C73
:1064F000C1E9003C002A1CBFD0E90B01C2E9000140
:106500007047000000000000F0B589B00546007A31
:106510008DED040A0128CDED050A71D11C46174600
:106520000E4605F1140104A806AA022300F068FD36
:10653000DDE90601CDE9020105F11C0102A806AB67
:10654000022200F0E9FC9DED060A95ED0D1A80EEA1
:10655000010AB5EE400AF1EE10FA02DA9FED290ABF
:1065600008E0B7EE001AB4EE410AF1EE10FA01DDD0
:10657000B0EE410A002F4FF0000018BF87ED000A6F
:1065800029680090019028460A6869469047002EC5
:106590001CBFDDE90001C6E900018CB304A869460F
:1065A00006AA022300F02CFD069806900798079093
:1065B00006A808AB0222014600F0AEFC9DED080AD9
:1065C000B5EE400AF1EE10FA02DA9FED0E0A01E094
:1065D000B1EEC00A95ED071A9DED032A21EE421A8D
:1065E00095ED082A9DED023AA3EE021AB1EE402A7B
:1065F000B5EE401AF1EE10FA30FE020A84ED000A00
:1066000009B0F0BD0000000010B52DED028B90ED3B
:10661000011AB0EE608A31EE400A9FED171AD0EDF4
:10662000040A044680FE010AB0EE481AF6F774F830
:1066300094ED031A9FED112AB0EEC11AB4EE421A7E
:10664000F1EE10FA0ADD88EE012AB1EEC21AB4EEBC
:10665000411AF1EE10FA04D681FE400ABDEC028B1D
:1066600010BDB0EE408AB0EE420A02F0F6FEB0EE87
:10667000401AB0EE480AEFE700000000BD3786354B
:10668000A0F16C02C1681046F6F742BA00000000A3
:106690004169013141610A2938BF704780B584B032
:1066A000A0F1740C00214161CC20AA210091BB21F2
:1066B0000222CDE9011001210523DD20039060466F
:1066C000F6F76EFA04B080BD90F83210012935D18A
:1066D00043F22001426BC2F2004109684B6A9A1AE8
:1066E00040F24A43A2F2B73C496A416341F61811AD
:1066F0009C45C2F2004112D80B78072B11D8B2F595
:10670000FA6F00EB430C28BF4FF4FA62B2F57A7FC0
:1067100098BF4FF47A72ACF806205A1C00E00022B1
:106720000A700978082918BF70472030082100BF77
:1067300030F81A2C013920F8022FF9D170470000E7
:10674000A0F58C70FAF79CBEA0F58C70FAF7E0BF4C
:10675000416891F82D210272531C81F82D3102EB12
:10676000C20CC268082301EB8C01D0F810C0407A3B
:10677000C1E903C38A6201220A77C8837047000017
:10678000A0F58C70FBF7C4B9A0F58C70FBF760BA6C
:10679000A0F58C70FBF740BBA0F59A70FAF754BFD8
:1067A000A0F14C03016B1846F6F78EB9000000000B
:1067B0006038F6F719B9000001A001F0FDF900BF3B
:1067C00050757265207669727475616C2066756E9D
:1067D0006374696F6E2063616C6C656421000000F6
:1067E000F0B589B040F60060C2F200400078BFF317
:1067F0005F8FC0077AD140F60060C2F2004001F01E
:10680000C1F9002872D041F2940404ADC2F20044F0
:1068100002A807AA022329460027CDE90477CDE97B
:106820000277CDE90077C4E9007700F0E9FB26465E
:10683000079807AA022346F8080F0898E060684600
:10684000294600F0DDFB2546079807AB022245F8F4
:10685000100F089860613046314600F05DFB0798E4
:10686000A06107AB02222846294600F055FB4CF6F2
:10687000CD4004ADC4F24C0007AACDE902070020C8
:106880000223CCF2C000019007982946C4E907070B
:1068900002A80097CDE90477676200F0B1FB2646B5
:1068A000079807AA022346F8280F0898E06268466E
:1068B000294600F0A5FB079844F8300F089860605F
:1068C00007AB02223046314600F026FB0798A06055
:1068D00007AB02222046214600F01EFB0798E0602D
:1068E00040F60060C2F2004001F062F909B0F0BD6C
:1068F00070B588B040F60460C2F200400078BFF383
:106900005F8FC00740F0828040F60460C2F2004012
:1069100001F038F9002879D041F2D40404ADC2F274
:1069200000440020CDE90400CDE90200CDE90000DB
:10693000C4E9000002A806AA0223294600F060FB71
:106940002646069806AA022346F8080F0798E06034
:106950006846294600F054FB2546069806AB0222FD
:1069600045F8100F079860613046314600F0D4FAC0
:106970000698A06106AB02222846294600F0CCFA10
:1069800049F69A114CF6CD40CBF699714FF0824200
:10699000CDE9022149F69A1204ADC4F24C000490EC
:1069A0000591CCF29902009002230192069AC4E963
:1069B0000720616202A806AA294600F021FB2646AC
:1069C000069806AA022346F8280F0798E062684650
:1069D000294600F015FB069844F8300F07986060D0
:1069E00006AB02223046314600F096FA0698A060C7
:1069F00006AB02222046214600F08EFA0698E0609F
:106A000040F60460C2F2004001F0D2F808B070BD58
:106A1000F0B589B040F60860C2F200400078BFF3DC
:106A20005F8FC0077CD140F60860C2F2004001F0E1
:106A3000A9F8002874D041F2141404ADC2F2004445
:106A400002A807AA022329460027CDE90477CDE949
:106A50000277CDE90077C4E9007700F0D1FA264645
:106A6000079807AA022346F8080F0898E0606846CE
:106A7000294600F0C5FA2546079807AB022245F8DB
:106A8000100F089860613046314600F045FA0798CB
:106A9000A06107AB02222846294600F03DFA43F2E6
:106AA000333104ADC4F217114FF08240CDE9021723
:106AB00000210090CDE90407CCF2C00101910799B3
:106AC00007AAC4E9071002A802232946676200F05A
:106AD00097FA2646079807AA022346F8280F08982F
:106AE000E0626846294600F08BFA079844F8300FB8
:106AF0000898606007AB02223046314600F00CFA7D
:106B00000798A06007AB02222046214600F004FA55
:106B10000798E06040F60860C2F2004001F048F8D3
:106B200009B0F0BD00000000F0B589B040F60C607F
:106B3000C2F200400078BFF35F8FC0077DD140F6FE
:106B40000C60C2F2004001F01DF8002875D041F23F
:106B5000541404ADC2F2004402A807AA0223294635
:106B60000027CDE90477CDE90277CDE90077C4E9C4
:106B7000007700F045FA2646079807AA022346F850
:106B8000080F0898E0606846294600F039FA254663
:106B9000079807AB022245F8100F0898606130464D
:106BA000314600F0B9F90798A06107AB02222846E8
:106BB000294600F0B1F9002143F23330C4F240110C
:106BC00004ADCDE902170021C4F21710CDE9040786
:106BD0000090CCF2C00101910799C4E9071002A806
:106BE00007AA02232946676200F00AFA2646079898
:106BF00007AA022346F8280F0898E062684629464B
:106C000000F0FEF9079844F8300F0898606007AB71
:106C100002223046314600F07FF90798A06007ABAA
:106C200002222046214600F077F90798E06040F6FE
:106C30000C60C2F2004000F0BBFF09B0F0BD0000E4
:106C4000002B08BF70470438043A043990ED010A5C
:106C500091ED011A02F1040C30EE010A0430043106
:106C6000013B82ED010A6246F0D17047000000004E
:106C7000F5EE400AF1EE10FA23DD80EE200AB7EEC1
:106C8000002AB0EEC01AB4EE421AF1EE10FA46DD58
:106C900082EE012A49F660629FED771A2021C0F644
:106CA000010200BF5318B0EE413A043993ED001AC7
:106CB0000B1DA2EE031AF5D19FED6D2A32EE412A8B
:106CC0003EE0F5EE400AF1EE10FA46DAB5EE400A83
:106CD000F1EE10FA4EDD80EE200AB7EE002AB0EE9B
:106CE000C01AB4EE421AF1EE10FA77DD82EE012AF4
:106CF00049F660629FED601A2021C0F6010200BFD4
:106D00005318B0EE413A043993ED001A0B1DA2EE70
:106D1000031AF5D19FED562A32EE412A70E049F66A
:106D200060629FED553A2021C0F6010253180439E4
:106D300093ED002A0B1DA1EE032AB0EE423AF5D1E5
:106D4000B1EE421AB5EE400AF1EE10FA22FE010A47
:106D500080ED000A002040B27047F5EE400AF1EEE7
:106D600010FA38D1B5EE400AF1EE10FA2BDD9FEDA6
:106D7000400AEDE7B5EE400AF1EE10FA4DDA80EE8A
:106D8000200AB7EE002AB0EEC01AB4EE421AF1EEB5
:106D900010FA4DDD82EE012A49F660629FED361A47
:106DA0002021C0F6010200BF5318B0EE413A043969
:106DB00093ED001A0B1DA2EE031AF5D19FED2C2ABC
:106DC00032EE412A46E0B5EE400AF1EE10FA02DA60
:106DD0009FED280ABCE7FC2040B2704749F660628C
:106DE0009FED253A2021C0F6010200BF5318043957
:106DF00093ED002A0B1DA1EE032AB0EE423AF5D125
:106E0000B1EE421AB5EE400AF1EE10FA22FE010A86
:106E10009FED1B1A30EE010A9AE710EE101A40F6A9
:106E2000DB72C4F2490262F31E0100EE101A8FE712
:106E300049F660629FED103A2021C0F6010200BFC2
:106E40005318043993ED002A0B1DA1EE032AB0EE6E
:106E5000423AF5D1B1EE421AB5EE400AF1EE10FA1F
:106E600022FE010A9FED051A30EE010A70E700BF0D
:106E7000DB0FC93FDB0FC9BFA59204BDDB0F49C0C3
:106E8000DB0F494000000000B5EE001A9FED1E2AFE
:106E9000A0EE021A9FED1E2ABDEEC10AB5EE401A01
:106EA000F1EE10FA10EE100AB8BF013800EE100A29
:106EB000B8EEC00A31EE400A9FED141A20EE010A26
:106EC000BCEEC01A30EE022A11EE100A410A49F651
:106ED000D46118BF002000FE020AC0F6010101EED5
:106EE000100A01EB800090ED012AB8EE411A30EE55
:106EF000410AB7EE001A31EE401A20EE020A90ED78
:106F0000002AA1EE020A704783F9223E00000044E5
:106F1000000000C40000000092B1A0F1040C081FA2
:106F20009FED0A0A9CED011A90ED012AA1EE020ADA
:106F30000CF1040C0430013AF4D183ED000A7047DF
:106F40009FED020A83ED000A704700BF00000000B9
:106F5000002A08BF7047031F081F00BF93ED011AE6
:106F6000011D20EE011A0433013A80ED011A084692
:106F7000F4D17047000000009FED1E1A20EE010AB8
:106F80009FED1E2ABDEEC01AB5EE400AF1EE10FAD2
:106F900011EE100AB8BF013801EE100AB8EEC11A9E
:106FA00030EE410A9FED141A20EE010ABCEEC01A21
:106FB00030EE022A11EE100A410A49F6D46118BFD8
:106FC000002000FE020AC0F6010101EE100A01EBEA
:106FD000800090ED012AB8EE411A30EE410AB7EE7A
:106FE000001A31EE401A20EE020A90ED002AA1EEBE
:106FF000020A704783F9223E00000044000000C4EA
:10700000002B08BF70470438043A043990ED010A98
:1070100091ED011A02F1040C30EE410A0430043102
:10702000013B82ED010A6246F0D17047000000008A
:1070300084B04EF6145500260396CEF20005CDE935
:1070400001660096EDF710F96C4648F21F70029049
:1070500020460127ADF80070019640F20118CDF8E6
:107060000C80EDF7D1F84FF00060019013208DF8FF
:107070000170C0F2015002902046ADF80C608DF80E
:107080000E70EDF7C1F802208DF801004FF00050AE
:10709000019012208DF808002046ADF80B808DF885
:1070A0000F70EDF7B1F80420EDF7EEF828688003D3
:1070B00011D4BFF34F8FBFF36F8FC5F83C62BFF39E
:1070C0004F8FBFF36F8F286840F400302860BFF304
:1070D0004F8FBFF36F8F2868C00329D40020286723
:1070E000BFF34F8FE96E43F6E076CA08C1F34E3026
:1070F000C1F3C9014C1C9207430100BF03EA06011A
:10710000571821460139C5F84C7207F14047F9D1AB
:107110000028A0F10100A3F12003EFD1BFF34F8FAE
:10712000286840F480302860BFF34F8FBFF36F8F23
:10713000ECF7E2FFF1F7E8FBF0F732FFF0F7ECFDD8
:10714000F0F766FEF0F7A0FEF0F7DAFEF1F758F878
:10715000F1F796F8F1F700F9F1F782F9F0F7F4FF9B
:10716000F0F7C6FDF1F710F8F1F7B6F8F1F738F9D6
:10717000F1F7BAF9E9F788FC00F016F8F0F7FCFE31
:1071800000F02AF8FEE70000EFF3058100291CBF9C
:107190006FF00500704720B180B500F095FE00202B
:1071A00080BD002070470000EFF3058000281CBF61
:1071B0006FF00500704740F24C50C2F20040016889
:1071C00000291CBF4FF0FF307047012101600020F3
:1071D0007047000000000000EFF3058000281CBF8E
:1071E0006FF00500704740F24C50C2F20040016859
:1071F00001290CD180B54EF61F510022CEF20001BC
:107200000A700221016001F03BF8002080BD4FF0C0
:10721000FF3070470000000070B584B08E46002833
:107220004FF000010391EFF305814DD000294BD1C0
:1072300022B39369002B08BF1823382B1BD8117970
:10724000C90718D1556994684FEA950C002D08BFFD
:107250004FF0800C116844B1D6685C2E04D31669D7
:10726000002E18BF002D20D10CB9D468C4B1002560
:10727000002455B91DE0002004B070BD0124002198
:1072800018234FF0800C00259DB194681269029478
:10729000CDE900326246734601F076FD039013E0BB
:1072A0001469B4FA84F46409EDE700240125002D83
:1072B000EBD14CB11FFA8CF203ACCDE9003473462C
:1072C00001F0F2FC012802D1039804B070BD002047
:1072D000E4E70000000000002DE9F047044600F05C
:1072E000F3FC4AF6FC7046F61857C2F20040C2F2B0
:1072F00000474BF2907A46F630560168C2F2004AD7
:10730000013101603968C2F2004651B1DAF800007B
:1073100000283ED13868E16AC06A884298BF3C6064
:1073200037E03C600068012833D10025701900F077
:107330007FFC1435B5F58C6FF8D14BF2F468C2F2CE
:107340000048404600F074FC4BF20879C2F2004954
:10735000484600F06DFC4BF23C70C2F2004000F079
:1073600067FC4BF2B070C2F2004000F061FC4BF2DF
:107370009C70C2F2004000F05BFC46F62050C2F266
:107380000040C0F8008046F62850C2F20040C0F825
:1073900000904BF20800C2F2004001680131016028
:1073A00061644BF20C01C2F20041E06A0A6890424B
:1073B00088BF086000EB8000211D06EB800000F014
:1073C00067FC00F0A9FCDAF8000088B13868E16ACF
:1073D000C06A884228BFBDE8F0874EF604504FF0DF
:1073E0008051CEF200000160BFF34F8FBFF36F8F6B
:1073F000BDE8F0870000000070B582B000F064FCCA
:107400004BF2C876C2F20046306850BB4BF2C864FB
:10741000C2F20044204600F00BFC4BF2DC65C2F2E5
:107420000045284600F004FC46F61C5046F624426F
:10743000C2F2004046F6C443C2F20042C2F2004328
:10744000046046F62C50C2F20040102105600A206C
:107450000025009501F0A4F8306010B103A100F000
:10746000FBFC02B0BDE8704000F056BC546D725198
:1074700000000000000000004BF2000546F6305A04
:107480004EF604584BF2B0774AF6FC76C2F200454D
:10749000C2F2004ACEF200084FF08059C2F2004713
:1074A000C2F2004603E000BF204600F04DFC286811
:1074B000C8B100F009FCF868C468201D00F080FB2A
:1074C00030680138306028680138286000F024FCFA
:1074D00094F859000228EAD00128E5D070B9206B51
:1074E00000F032FCE0E7DAF800000228DFD3C8F849
:1074F0000090BFF34F8FBFF36F8FD8E74FF050006E
:1075000080F31188BFF36F8FBFF34F8FFEE700004A
:1075100008480068006880F308884FF0000080F396
:10752000148862B661B6BFF34F8FBFF36F8F00DF71
:1075300000BF000008ED00E02DE9F04F85B0834664
:1075400001F0AEFC46F6145AC2F2004ADAF8001016
:10755000884248D246F61C558146C2F2004528684A
:107560000168002941D04BF2C874C2F2004408E01F
:10757000706028683946366100F06AFB2868016847
:1075800099B3C068C668D0F80080371D384600F04F
:1075900017FB316A3046884796F828004007EDD53A
:1075A000B06940444045E3D87EB3206870B1002004
:1075B0000396CDE9010801F05FFC2068002200235A
:1075C00001A901F05DF80028D8D102E000200028D0
:1075D000D4D14FF0500080F31188BFF36F8FBFF309
:1075E0004F8F00BFFEE7002108E046F62C51C2F2A3
:1075F00000410A680860012148462A60CBF8001063
:10760000CAF8000005B0BDE8F08F4FF0500080F3DD
:107610001188BFF36F8FBFF34F8F00BFFEE70000ED
:1076200081B00020009040F21410C2F200400068C7
:107630004FF0500181F31188BFF36F8FBFF34F8F6D
:10764000013001D0FEE700BF00980028FCD001B057
:1076500070470000000000008AB046F61C5B46F64A
:107660002C5A4BF2C875C2F2004B02ACC2F2004A6F
:10767000C2F200450DF10409DBF8000007681FB1F4
:10768000C068D0F8008001E04FF0000800F04CFE28
:107690002046FFF751FF029911B101F09DFD83E0F3
:1076A000E7B180451AD85646824601F095FDDBF8D1
:1076B0000000C068C76807F1040B584600F080FA64
:1076C00097F8280041070CD446F61C5B00F0FA003E
:1076D000C2F2004B87F82800B2465CE0B7B1002246
:1076E0001AE0B9693F6101EB08007860504529D97B
:1076F000C24501D2404533D246F61C525946C2F229
:1077000000429346106800F0A3FAE5E7DAF80010AB
:107710000968B1FA81F14A092B68A8EB0001184603
:1077200000F0AEFB01F058FD00283DD14EF60450AC
:107730004FF08051CEF200000160BFF34F8FBFF3D6
:107740006F8F31E0AAEB0800884209D230685946B1
:10775000B24600F07DFA46F61C5BC2F2004B1AE01E
:10776000002F00F0C2802868B24660B10020089760
:10777000CDE9060801F080FB28680022002306A955
:1077800000F07EFF00E0002046F61C5B0028C2F2FD
:10779000004B00F0B480396A3846884704E0DBF8D3
:1077A000000000F055FA00BF28680022214601F0D1
:1077B00073F800283FF460AF0298B0F1FF3F03DC9C
:1077C000DDE903200599904702980028ECD4049F36
:1077D000786910B1381D00F0F3F94846FFF7ACFEA8
:1077E00002990929E0D8DFE801F00505054F39566F
:1077F00005054F3997F82810039ABE693F6141F09B
:10780000010187F82810B3183946834241F8043F34
:1078100004D99042C3D2934203D2C0E7801AB04247
:107820002DD3396A3846884797F828004007BBD5DA
:10783000002F50D02868B0B30398B969002206928F
:107840000844CDE9070701F017FB28680022002350
:1078500006A900F015FF0028A6D128E097F8281007
:1078600041F00102039987F82820B96149B30A1849
:10787000394682423F6141F8042F3FF690AFDAF873
:10788000000000F0E5F98FE797F8280000F0FE000F
:1078900087F8280088E797F828008107F6D438464B
:1078A00000F052FA80E7002000287FF47DAF4FF00F
:1078B000500080F31188BFF36F8FBFF34F8F00BF6D
:1078C000FEE74FF0500080F31188BFF36F8FBFF3D6
:1078D0004F8F00BFFEE74FF0500080F31188BFF3D9
:1078E0006F8FBFF34F8F00BFFEE74FF0500080F364
:1078F0001188BFF36F8FBFF34F8F00BFFEE74FF0CC
:10790000500080F31188BFF36F8FBFF34F8F00BF1C
:10791000FEE7000000000000F0B581B0044600F072
:10792000D3F994F94560012E10DB04F1240503E03E
:1079300070B2013E012809DD286838B1284601F0FF
:1079400003FC0028F4D000F09FFBF1E7FF2684F849
:10795000456000F0E1F900F0B7F994F94470012FA7
:1079600010DB04F1100503E078B2013F012809DDC6
:10797000286838B1284601F0E7FB0028F4D000F071
:1079800083FBF1E784F8446001B0BDE8F04000F00B
:10799000C3B9000000000000F0B581B0044600F05B
:1079A000C3FC46F624514BF2F067C2F20041C2F22A
:1079B0000047086818B1B4F1FF3F2DDD2FE047F212
:1079C000F0300026C2F20040430700F5705300F18A
:1079D000070223F0070318BF22F007004BF294724E
:1079E000A3F108050D60C2F20042C2E9000643E9B6
:1079F00002662A1A42600B6803604BF22470C2F2DE
:107A0000004002604BF21C70C2F200400260012094
:107A10003870B4F1FF3F02DC3878002839D134B136
:107A2000600706D024F0070000F1100402E00024F3
:107A300000E008344BF21C7E621EC2F2004EDEF8FB
:107A40000000824225D24BF29473C2F200431E68BA
:107A50007068A04207D200BF326822B13346164692
:107A60005068A042F8D30A68964212D0001BD3F89F
:107A700000C0112832681A603FD333195A0719D051
:107A80004FF0500080F31188BFF36F8FBFF34F8F1B
:107A9000FEE7002401F0A0FB600708D04FF0500083
:107AA00080F31188BFF36F8FBFF34F8FFEE720463F
:107AB00001B0F0BD586074604BF29474C2F200449F
:107AC000204624689C42FBD3426885189D4203D11E
:107AD0005B681A44034642605A689D18A54201D06B
:107AE000214606E009688C4203D0D4E90014224400
:107AF0005A609842196018BF03604BF22470716895
:107B0000C2F20040DEF80020511ACEF800100268E0
:107B10000CF10804914238BF016038787168002880
:107B20004FF0000018BF41F00041C6E900014BF2E0
:107B30003070C2F20040016801310160AAE7000024
:107B400046F61850C2F20040016819B101680A6D8A
:107B500001320A650068704747F2216321F0010194
:107B600040F8081C4FF0807140F8041CA0F144015B
:107B7000C0F6010340F80C3C6FF0020340E9093203
:107B800008467047017809B1002070474178012903
:107B900003D08A0705D402224270481E18BF012074
:107BA000704780B54AF2E460C0F6010000F004F8C6
:107BB0000121017041707047E8F7E1FD000000000D
:107BC000D0E9013201699A60D0F808C04A6882425F
:107BD0004FF00002CCF8043008BFC1F804C00261C5
:107BE000086801380860086870470000000000005D
:107BF0004BF21023C2F2004303604BF21000C2F2BA
:107C00000040086080201060704700000000000005
:107C10004BF26C63C2F2004303604BF26C20C2F281
:107C2000004008604FF48070106070470000000052
:107C300002464FF0FF3142F8081F00214260C0E9C0
:107C400003220160704700000021016170470000BD
:107C500080B5D1F800C01CF1010207D000F1080383
:107C60009E465B681A686245FAD901E0D0F810E0D8
:107C7000DEF804204A60CEF804109160C1F808E0F4
:107C8000086101680131016080BD00000000000052
:107C9000D0F800C043684B609A688A609A6899601F
:107CA000086151600CF101010160704700000000A3
:107CB000DFF80C00016841F47001016070470000BA
:107CC00088ED00E0000000004FF0500080F31188C4
:107CD000BFF36F8FBFF34F8F40F21410C2F200401A
:107CE0000168002901F10101016000D070474EF6E2
:107CF0000450CEF200000068000608BF70474FF045
:107D0000500080F31188BFF36F8FBFF34F8F00BF18
:107D1000FEE700000000000040F21410C2F2004034
:107D2000016839B10139016018BF7047002080F344
:107D3000118870474FF0500080F31188BFF36F8FA8
:107D4000BFF34F8FFEE70000B0B5002808BFB0BDFD
:107D50004BF2F061C2F200410978002918BF4FF0E0
:107D6000004150F8042C11420DD0A0F10804236802
:107D70009BB14FF0500080F31188BFF36F8FBFF3BA
:107D80004F8F00BFFEE74FF0500080F31188BFF324
:107D90006F8FBFF34F8F00BFFEE722EA010140F86B
:107DA000041C054600F0C0FA4BF21C7055F8041C88
:107DB000C2F200402A460368194401604BF29471F4
:107DC000C2F2004108460968A142FBD34368C518C6
:107DD000A54204D152F8042C04461A444260636858
:107DE000E2188A4201D00A460AE046F62452C2F25C
:107DF00000421268914203D0D1E900211944616028
:107E0000A042226018BF04604BF23470C2F20040FE
:107E1000016801310160BDE8B04001F0DDB900004A
:107E20004EF210000021CEF2000044F6D352C1F20F
:107E300062020160816040F22801C2F200410968DB
:107E4000A1FB02124FF0FF3101EB921141600721BB
:107E500001607047000000004BF2507C0022C2F22B
:107E6000004C00BF5CF832301BB10132082AF9D156
:107E700070470CEBC2034CF832105860704700009A
:107E800070B515460E460446FFF71EFF94F84400F1
:107E9000FF2802D1002084F8440094F84500FF2810
:107EA00002D1002084F84500FFF736FFA06B28B907
:107EB00004F1240031462A4600F03AF92046BDE894
:107EC0007040FFF729BD000070B5002845D04BF287
:107ED0000401C2F200410A684AB14FF0500080F339
:107EE0001188BFF36F8FBFF34F8F00BFFEE70A68A3
:107EF00046F6185501320A604BF2C471C2F20045D1
:107F0000C2F2004106460C68296804310846FFF7B2
:107F100057FE2868A419446009D346F62850C2F2D7
:107F20000040006829680431FFF792FE10E046F631
:107F30002050C2F20040006829680431FFF788FE33
:107F40004BF22870C2F2004001688C4238BF0460D6
:107F500001F042F9002818BF70BD4EF604504FF0F2
:107F60008051CEF200000160BFF34F8FBFF36F8FDF
:107F700070BD00000000000070B580B1C9B14BF2C7
:107F80000402C2F200421368EBB14FF0500080F3DC
:107F90001188BFF36F8FBFF34F8F00BFFEE74FF025
:107FA000500080F31188BFF36F8FBFF34F8F00BF76
:107FB000FEE74FF0500080F31188BFF36F8FBFF3DF
:107FC0004F8F00BFFEE71368013313604BF2C47399
:107FD000C2F200431A680568AA42294402D2A942A3
:107FE00002D31CE0A94201D3914218D946F6185495
:107FF0000160C2F200441D688E1A20680430FFF749
:10800000DFFD2068AD1945600BD346F62850C2F25B
:108010000040006821680431FFF71AFE12E0016099
:1080200010E046F62050C2F200400068216804319A
:10803000FFF70EFE4BF22870C2F2004001688D423D
:1080400038BF056001F0C8F8002818BF70BD4EF6B3
:1080500004504FF08051CEF200000160BFF34F8F0B
:10806000BFF36F8F70BD00004BF22C71C2F2004164
:10807000096801604BF2C471C2F2004109684160B5
:1080800070470000000000004BF2D0700121C2F2E6
:10809000004001607047000070B510B346F61855F7
:1080A0000C46C2F2004529681831FFF7D1FD4BF2AA
:1080B000C470C2F20040066828680430FFF780FDF3
:1080C000601C18D02868A41944601ED346F62850B6
:1080D000C2F20040006829680431BDE87040FFF733
:1080E000B7BD4FF0500080F31188BFF36F8FBFF31F
:1080F0004F8F00BFFEE72868011D4BF29C70C2F253
:108100000040BDE87040FFF7C3BD46F62050C2F204
:108110000040006829680431FFF79AFD4BF228708F
:10812000C2F2004001688C4238BF046070BD00009C
:10813000F0B581B020B346F618560C46C2F20046A0
:10814000154631681831FFF7A3FD4BF2C470002DBE
:10815000C2F2004018BF4FF0FF34076830680430A7
:10816000FFF72EFDADB1601C13D13068011D4BF23D
:108170009C70C2F2004001B0BDE8F040FFF788BD3E
:108180004FF0500080F31188BFF36F8FBFF34F8F14
:10819000FEE73068E41944600BD346F62850C2F27B
:1081A000004000683168043101B0BDE8F040FFF7DD
:1081B0004FBD46F62050C2F20040006831680431DD
:1081C000FFF746FD4BF22870C2F2004001688C4276
:1081D00038BF046001B0F0BD70B520B3026D1AB3B2
:1081E000C36C8B4288BF1946012A1CD1C26A8A42DD
:1081F00008BF70BD46F61853C2F200431B68984290
:108200001BD08369C162002B46F630555CBFC1F1BB
:108210003801816102EB8201C2F20045426905EB3F
:1082200081018A4213D070BD4FF0500080F3118855
:10823000BFF36F8FBFF34F8FFEE74FF0500080F317
:108240001188BFF36F8FBFF34F8F00BFFEE7041D90
:1082500006462046FFF7B4FC4BF20C01F06AC2F26E
:1082600000410A68904288BF086000EB8000214608
:1082700005EB8000BDE87040FFF70ABD000000007C
:10828000B0B586B005A804A903AA0024CDE904442A
:10829000FFF7AEFCDDE90320CDE9004047F279406D
:1082A0001EA1C0F601000023059D029500F06CFDA3
:1082B0004BF22070C2F20040056015B101F028F8C1
:1082C0000446601C20D0012C1CD14FF0500080F3DC
:1082D0001188BFF36F8FBFF34F8F4BF22870C2F23C
:1082E00000404FF0FF3101604BF29070C2F200404D
:1082F000012101604BF2C470C2F200400021016014
:1083000000F066F806B0B0BD4FF0500080F3118861
:10831000BFF36F8FBFF34F8FFEE700BF49444C455B
:1083200000000000000000004BF20400C2F2004018
:1083300001680131016070474BF20400C2F2004055
:10834000006830B14BF2D0700121C2F200400160F0
:1083500070474BF2D0704BF20C0CC2F20040C2F2EC
:10836000004C002146F630530160C2F20043DCF8B5
:10837000001001EB810253F8220003EB8202C0B12E
:108380005068436802F108008342536001D1586885
:108390005060506846F61852C2F20042C068106041
:1083A000CCF80010704700BF52F8140D01390028B6
:1083B000E6D10029F8D14FF0500080F31188BFF3C7
:1083C0006F8FBFF34F8F00BFFEE70000000000007B
:1083D000B0B584B04EF200404CF27021CEF20000F5
:1083E000C4F20F114B1CD0F800299A4209D14FF06A
:1083F000500080F31188BFF36F8FBFF34F8F00BF22
:10840000FEE7D0F800298A4209D14FF0500080F3EE
:108410001188BFF36F8FBFF34F8F00BFFEE7017866
:108420004AF6F0720291FF210170C2F20042017817
:108430008DF807109DF8071001F0500111704AF6F1
:10844000F4710722C2F200410A609DF90720B2F1DF
:10845000FF3F0CDC062200BF0A60013A9DF807309E
:108460005B008DF807309DF90730002BF4D40A68C3
:10847000032A3BD14FF440720A6002990170D0F890
:10848000201941F47001C0F82019D0F8201941F0EA
:108490007041C0F82019FFF7C3FC40F21414002506
:1084A000C2F200442560FFF703FC4EF63470CEF2B2
:1084B0000000016841F040410160FFF729F8FFF733
:1084C0003BFF039520684FF0500181F31188BFF303
:1084D0006F8FBFF34F8F013002D000BFFEE700BFA8
:1084E00003980028FCD0002004B0B0BD4FF050002D
:1084F00080F31188BFF36F8FBFF34F8FFEE700004B
:1085000080B54FF0500080F31188BFF36F8FBFF339
:108510004F8F00F0CDFC30B14EF604504FF080513B
:10852000CEF200000160002080F3118880BD0000C1
:1085300070B505465020FFF72FFA044670B30026A9
:1085400084F8466024600120C4E90F06FFF7BCFBF5
:10855000D4E90F012268A66301FB0023013800FB68
:1085600001206260C4E90230FF2084F8440084F8EE
:10857000450004F11000FFF75BFB04F12400FFF756
:1085800057FBFFF7C9FB002100220023204684F897
:108590004C502660C4E9026600F072F8204670BDB7
:1085A00070B582B058B1A3B1E9B9E2B14FF0500053
:1085B00080F31188BFF36F8FBFF34F8FFEE74FF04B
:1085C000500080F31188BFF36F8FBFF34F8F00BF50
:1085D000FEE74FF0500080F31188BFF36F8FBFF3B9
:1085E0004F8F00BFFEE751B14AB94FF0500080F302
:1085F0001188BFF36F8FBFF34F8F00BFFEE7502589
:108600000195019D502D2ED1019D0125002983F852
:10861000465008BF1A46069E1C461A60C3E90F0161
:10862000FFF752FBD4E90F012268002501FB00236C
:10863000013800FB0120A5636260C4E90230FF201D
:1086400084F8440084F8450004F11000FFF7F0FAC4
:1086500004F12400FFF7ECFAFFF75EFB84F84C60AE
:10866000204602B070BD4FF0500080F31188BFF378
:108670006F8FBFF34F8F00BFFEE7000000000000C8
:108680002DE9F04F85B00492B8B104461D46F1B112
:10869000022D03D1E06B012840F0A780019100F08A
:1086A000EBFB00BB0498F0B14FF0500080F3118851
:1086B000BFF36F8FBFF34F8FFEE74FF0500080F393
:1086C0001188BFF36F8FBFF34F8F00BFFEE7206CA1
:1086D0000028DDD04FF0500080F31188BFF36F8F7A
:1086E000BFF34F8FFEE7FFF7EFFA022DA06B5ED0CE
:1086F000E16B88425BD304F11006012002AF4FF01A
:10870000000B0DF1100800BF0499002900F08280D1
:10871000C00702D03846FFF7A7FCFFF7FDFAFFF7C6
:1087200003FEFFF7D1FA94F84400FF2808BF84F84D
:1087300044B094F84500FF2808BF84F845B0FFF71F
:10874000EBFA3846414600F067FA002865D1FFF79A
:10875000BBFAD4F838A0D4F83C90FFF7DDFACA454C
:1087600016D104993046FFF797FC2046FFF7D4F85E
:1087700000F032FD88B94EF604504FF08051CEF231
:1087800000000160BFF34F8FBFF36F8F05E000BFA4
:108790002046FFF7C1F800F01FFDFFF795FA022D04
:1087A000A06B04D0E16B88424FF00000ACD2A66B06
:1087B0000199226C1AB3CDB3E068E7F798FEE1683F
:1087C000206C2268091A9142E16003D24042A168FC
:1087D0000844E060A81E3146B0FA80F0002E18BFB1
:1087E000012140090840361A2CE04FF0500080F378
:1087F0001188BFF36F8FBFF34F8F00BFFEE7206874
:1088000000BBA06800F00CFCB0FA80F00021A16071
:10881000400918E0FFF780FA04E02046FFF77CF8F3
:1088200000F0DAFC002005B0BDE8F08F6068E7F7E3
:108830005EFED4E90101226C10446060884201D3DD
:10884000206860600120711CA16354F8241F79B175
:10885000204600F079FCB8B14EF604504FF080513C
:10886000CEF200000160BFF34F8FBFF36F8F0BE0BC
:1088700050B94EF604504FF08051CEF20000016026
:10888000BFF34F8FBFF36F8FFFF746FA012005B09C
:10889000BDE8F08F000000002DE9F04F85B0049294
:1088A00098B104460D46002900F0B78000F0E4FAC4
:1088B000A8B9049898B14FF0500080F31188BFF325
:1088C0006F8FBFF34F8F00BFFEE74FF0500080F374
:1088D0001188BFF36F8FBFF34F8F00BFFEE704F126
:1088E0001000019004F1240000900DF108090DF131
:1088F000100A4FF000080CE02046FFF70DF800F0DA
:108900006BFCFFF7E1F9A76BFFF706FA002F00F009
:108910009280FFF7D9F9D4F838B0BBF1000F27D017
:10892000226C5AB1D4E902011144E160814201D3C1
:108930002068E060E1682846E7F7D9FDABF1010067
:10894000A063206970B1019800F0FEFB50B14EF6B3
:1089500004504FF08051CEF200000160BFF34F8F02
:10896000BFF36F8FFFF7D8F900200126A0B963E0AD
:10897000049850B1B8F1000F02D14846FFF774FBDC
:108980004FF00108012038B956E0FFF7C5F900267D
:108990000020002850D000BFFFF7BEF9FFF7C4FC4D
:1089A000FFF792F994F84400FF2802D1002084F8E0
:1089B000440094F84500FF2802D1002084F84500C7
:1089C000FFF7AAF94846514600F026F900287FF43F
:1089D00093AFFFF779F9A76BFFF79EF92FB1204608
:1089E000FEF79AFF00F0F8FB93E704990098FFF771
:1089F00053FB2046FEF790FF00F0EEFB00287FF4CB
:108A000088AF4EF604504FF08051CEF20000016066
:108A1000BFF34F8FBFF36F8F7BE7206C00283FF4CD
:108A200045AF4FF0500080F31188BFF36F8FBFF355
:108A30004F8F00BFFEE70026304605B0BDE8F08F3F
:108A40002DE9F04F87B0069158B10446006C90B103
:108A50004FF0500080F31188BFF36F8FBFF34F8F3B
:108A6000FEE74FF0500080F31188BFF36F8FBFF324
:108A70004F8F00BFFEE700F0FFF950B9069840B1F4
:108A80004FF0500080F31188BFF36F8FBFF34F8F0B
:108A9000FEE704F1100B04F12400019000260DF113
:108AA000100806AD0020CDE902000CE02046FEF7DC
:108AB00033FF00F091FBFFF707F9A76BFFF72CF9E5
:108AC000002F00F08880FFF7FFF8A06B00B301389B
:108AD000A063206810B9FFF733F8A060DBF800004E
:108AE00070B1584600F030FB50B14EF604504FF0D4
:108AF0008051CEF200000160BFF34F8FBFF36F8F44
:108B0000FFF70AF94FF0010A0020B8B976E000BF7C
:108B1000069840B1039810B94046FFF7A5FA012026
:108B2000039058B96AE0029800286BD1FFF7F4F877
:108B300000204FF0000A002860D000BFFFF7ECF8DB
:108B4000FFF7F2FBFFF7C0F894F84400FF2808BFD6
:108B500084F8446094F84500FF2808BF84F8456015
:108B6000FFF7DAF84046294600F056F800289DD174
:108B7000FFF7AAF8D4F83890FFF7CEF8B9F1000F54
:108B800006D02046FEF7C8FE00F026FB00269AE736
:108B90002068002638B9FFF797F8A06800F08CFA33
:108BA0000290FFF7B9F806990198FFF775FA204689
:108BB000FEF7B2FE00F010FB00287FF484AF4EF603
:108BC00004504FF08051CEF200000160BFF34F8F90
:108BD000BFF36F8F77E7029870B1FFF775F8606A9F
:108BE00020B1206B0068C0F1380100E00021A068CE
:108BF000FFF7F2FAFFF790F84FF0000A504607B07F
:108C0000BDE8F08F4FF0500080F31188BFF36F8FF5
:108C1000BFF34F8FFEE7000070B538B30C4671B359
:108C20000546FFF751F84BF2C47EC2F2004EDEF863
:108C300000302268501C2CD04BF22C7C2946C2F20A
:108C4000004CD5E90050DCF80060AE4201D0834210
:108C500023D2181A82421ED9101A2060DCF80000B4
:108C60000860DEF800004860002417E04FF0500074
:108C700080F31188BFF36F8FBFF34F8FFEE74FF084
:108C8000500080F31188BFF36F8FBFF34F8F00BF89
:108C9000FEE7002402E0002020600124FFF73CF8FA
:108CA000204670BD000000002DE9F04F81B0950016
:108CB00081462846984692460F46FEF76DFE78B1EB
:108CC00004465C20FEF768FE38B10646046356B9D8
:108CD0004FF0FF3001B0BDE8F08F2046FFF734F8C9
:108CE0000026002EF4D0306BA52229464C46DDF834
:108CF00028B04FF0000986F85990E7F76FFC306B09
:108D000000EB8A00A0F1040020F0070A06F134000D
:108D100067B100217A5C42547A5C1AB10F2901F1E3
:108D20000101F7D1002086F8430001E080F80090AF
:108D3000BBF1370F06F1040028BF4FF0370B0025B9
:108D4000C6E913B5C6F82CB0FEF77EFF06F1180091
:108D5000FEF77AFFCBF13800B0615046214642461B
:108D600036617662756586F85850FEF7F5FE0B9908
:108D700030603046002918BF0E60FEF7ADFA0120C2
:108D800001B0BDE8F08F00002DE9F04381B0099DEE
:108D900045B30A9C7CB35C270097009F5C2F34D1BD
:108DA00098469300814600982563022084F8590074
:108DB0001646A52228460D461946089FE7F70EFCE1
:108DC000206B04F1340255B329460023CD5CD55401
:108DD000CD5C1DB10F2B03F10103F7D1002184F805
:108DE00043101EE04FF0500080F31188BFF36F8FE7
:108DF000BFF34F8FFEE74FF0500080F31188BFF3B1
:108E00006F8FBFF34F8F00BFFEE74FF0500080F32E
:108E10001188BFF36F8FBFF34F8F00BFFEE70021B4
:108E2000117000EB8600372FA0F104004FF0000610
:108E300028BF372720F00705201DC4E91376E76215
:108E4000FEF702FF04F11800FEF7FEFEC7F138003E
:108E5000A06128464946424624616462666584F8FA
:108E60005860FEF779FE20602046FEF735FA20466E
:108E700001B0BDE8F08300004BF29070C2F20040F8
:108E8000006848B14BF20400C2F200400068B0FA3A
:108E900080F040094000704701207047000000004A
:108EA0004BF2C470C2F2004000687047000000003E
:108EB0002DE9F04F81B04BF20400C2F2004000688F
:108EC00040B14BF238700024C2F200400168013119
:108ED0000160A0E04BF2C470C2F2004001684E1C79
:108EE00006602ED346F62050C2F2004001680968A1
:108EF00049B14FF0500080F31188BFF36F8FBFF37B
:108F00004F8F00BFFEE746F628520168C2F20042CA
:108F10001368036011604BF22C71C2F200410A68C1
:108F200001320A600168096821B10068C068C06840
:108F3000406801E04FF0FF304BF22871C2F200416F
:108F400008604BF2287146F6185AC2F2004146F604
:108F50003058C2F2004AC2F200480868864201D284
:108F6000002446E046F620570024C2F20047386845
:108F70000068A0B34BF20C0BC2F2004B1AE000BF2A
:108F8000D9F82C00DBF800108842294688BFCBF8BE
:108F9000000000EB800008EB8000FEF779FED9F8B6
:108FA0002C00DAF80010C96A3A68884228BF012408
:108FB0001068B8B13868C068D0F80C904D4655F8C4
:108FC000040F864210D32846FEF7FAFDD9F8280090
:108FD0000028D5D009F11800FEF7F2FDD0E74FF0D8
:108FE000FF3005E04FF0FF304BF22871C2F2004134
:108FF0000860DAF80000C06A00EB800058F8200032
:1090000001284BF2D070C2F2004088BF01240068F2
:10901000002818BF0124204601B0BDE8F08F0000F1
:1090200078B146F61851C2F20041096888420AD068
:109030004FF0500080F31188BFF36F8FBFF34F8F55
:10904000FEE700207047016D59B3013901654FF00B
:10905000000124D1C26AC36C9A4220D0B0B5041D6D
:1090600005462046FEF7ACFDE86CE862C0F1380129
:10907000A9614BF20C01C2F200410A68904288BF1C
:10908000086000EB800046F63051C2F2004101EB6F
:1090900080002146FEF7FCFD0121BDE8B0400846F6
:1090A00070474FF0500080F31188BFF36F8FBFF30C
:1090B0004F8F00BFFEE7000008B3F0B581B046F661
:1090C0001855C16AC2F200452A68D26A914218D284
:1090D0008269002A04D42A68D26AC2F13802826105
:1090E00001EB810146F63056C2F20046426906EBBA
:1090F00081018A420ED02968C96AC16221E000203C
:109100007047C16C2868C26A0020914238BF0120B4
:1091100001B0F0BD041D07462046FEF751FD28684A
:109120004BF20C01C2F20041C06AF8620A68904238
:1091300088BF086000EB8000214606EB8000FEF748
:10914000A7FD012001B0F0BDB0B5C068C5687DB114
:1091500005F118042046FEF733FD4BF20400C2F27D
:109160000040006868B14BF23C70C2F200401DE064
:109170004FF0500080F31188BFF36F8FBFF34F8F14
:10918000FEE72C1D2046FEF71BFD4BF20C01E86AA2
:10919000C2F200410A68904288BF086000EB80007C
:1091A00046F63051C2F2004101EB80002146FEF745
:1091B0006FFD46F61850E96AC2F200400068C06AC6
:1091C000814206D94BF2D0710120C2F20041086001
:1091D000B0BD0020B0BD00002DE9F04F81B04BF2D2
:1091E0000404C2F20044206868B1FEF76DFD2068F7
:1091F00001382060206880B10024FEF78DFD2046F4
:1092000001B0BDE8F08F4FF0500080F31188BFF33C
:109210006F8FBFF34F8F00BFFEE74AF6FC70C2F2BC
:10922000004000680028E7D04BF23C764BF2D07843
:10923000C2F20046C2F200483068002843D04BF228
:109240000C0746F6305946F6185BC2F20047C2F2E8
:109250000049C2F2004B4FF0010A00BFF068C56838
:1092600005F11800FEF7ACFC2C1D2046FEF7A8FC0B
:10927000E86A39688842214688BF386000EB800080
:1092800009EB8000FEF704FDE86ADBF80010C96A0C
:10929000884228BFC8F800A030680028DED195B108
:1092A00046F62050C2F200400168096821B100680A
:1092B000C068C068406801E04FF0FF304BF2287191
:1092C000C2F2004108604BF23874C2F200442568D3
:1092D00055B10126FFF7ECFD002818BFC8F8006063
:1092E000013DF7D100202060D8F8000000283FF4AD
:1092F00083AF4EF604504FF08051CEF200000124AF
:109300000160BFF34F8FBFF36F8F76E7000000005F
:1093100080B586B0FEF770F84BF2C870C2F200401C
:10932000006808B3002004A9CDE9040005A803AA39
:10933000FEF76EFCDDE9032002210023CDE90010D9
:1093400047F259600DA1C0F60100DDF814C0CDF858
:1093500008C0FFF719FD4BF2CC71C2F20041086062
:1093600010B1012006B080BD4FF0500080F311888D
:10937000BFF36F8FBFF34F8FFEE700BF546D7220B6
:10938000537663004100080218BF04200A0E18BF7C
:1093900040F001004FF07F4232EA010108BF40F087
:1093A0000200012808BF0520704710B52DED028B83
:1093B000F0EE408A18EE900AB0EE608A20F000408D
:1093C000C0F1FF40C00F07D118EE100A20F0004096
:1093D000C0F1FF40C00F2BD018EE101A18EE900A03
:1093E00000F028FA00EE100A10EE100A6FEAD050D2
:1093F00010F0FF0F04BFBDEC028B10BD18EE900AF9
:1094000000F0004110EE100A00F00040814204BF5D
:10941000BDEC028B10BD18EE101A10EE100ABDEC58
:10942000028B61F31E0000EE900A30EE600A10BD60
:1094300018EE900A4FF07F41B1EB400F1CBF18EEC1
:10944000100A5FEA4000C7D10120E7F736F9BDEC0A
:10945000028BBDE8104000F0DFB810B52DED028B97
:10946000B1EEC08A18EE100A20F00040C0F1FF40B3
:10947000C00F0AD010EE100A20F00040C0F1FF40EB
:10948000C00F04BF0120E7F718F9B0EE480ABDECA1
:10949000028B10BD00B510EE101A2DED028B81B0BD
:1094A0004D4A6846B2EB410F3CD94FF0E640B0EB75
:1094B000410F94BF00204FF0FF3000900098B0EEB5
:1094C000408A00285FDB28EE080ADFED440A9FEDA2
:1094D000441A00EE201ADFED430A40EE010A9FED28
:1094E000421A00EE201ADFED410A10F0010F40EEA3
:1094F000010A9FED3F1A00EE201A61EE000AB0EE5D
:10950000480A08EE200A02BF01B0BDEC028B00BD84
:10951000BFEE001A01B0C1EE000ABDEC028BB0EE46
:10952000600A00BD334B21F00042934228D911F06C
:10953000004FDFED310A20EE201ADFED300A19BFAF
:1095400031EE601A71EE200A31EE201A71EE600AD7
:10955000BDEEE01A11EE100A9FED291A00F003008B
:1095600000EEC10A9FED271A009000EEC10A9FEDA0
:10957000261A00EEC10A9FED251A00EEC10A9DE7EA
:1095800000F05AF89AE718EE100A4000B0F17F4F49
:109590000DD218EE100AFFF7F5FE042808BF00F000
:1095A00043F8B0EE480A01B0BDEC028B00BD09D112
:1095B0000120E7F782F801B0BDEC028B5DF804EB07
:1095C00000F02AB801B0B0EE480ABDEC028B5DF89D
:1095D00004EB00F01DB80000B61F927EBCE9223CEF
:1095E0000B6D063B8A76CE3CACB5593D35A1083EA5
:1095F00029AAAA3E490E494683F9223F0000004BA2
:109600000000C93F00A0FD390020A2331A61342CAC
:1096100030EE000A70470000DFED020A80EEA00A7B
:1096200070470000000000009FED020A20EE000AD3
:1096300070470000000000102DE9F0014FF07F425C
:10964000B2EB410F9FBF4FF0FF310160BDE8F00169
:1096500070474FF0004242EA0123C1F3C752783A03
:10966000551112F01F0C434CCCF120067C44C1F381
:10967000C752A2F178024FEA621204EB820254F858
:10968000254008BFD2E9015612D0556804FA0CF4FF
:1096900025FA06F73C43976805FA0CF527FA06F811
:1096A000D26807FA0CFCF24045EA08054CEA0206CB
:1096B000A4FB034CA5FB0352A6FB03631D449D4280
:1096C00034BF012600261319334416B1934202D940
:1096D00003E0934201D2012200E00022624402F141
:1096E000200C9206DC0C42EA443200EE102A5B03A6
:1096F000DFED210AF8EEC01A00EE103A4FEA9C1C8A
:1097000011F0004FB8EE400AC0F800C020EE201A59
:1097100000EE105ADFED190AB8EE400A20EE200ADA
:1097200071EE810A70EE800A10EE902A02F5006256
:109730006FF30B0200EE902A70EEE11A31EEC11ABF
:10974000DFED101A30EE411A9FED0D0A20EE800A6F
:1097500001EE210A9FED0C1A00EE810A04BFBDE85C
:10976000F0017047CCF180510160BDE8F001B1EE2D
:10977000400A7047B8020000000000360000802C4C
:1097800022AAFD29DB0FC92F0000C92F0EF1020EFE
:109790002EF0030E5EF8044B244204D44FEA41023B
:1097A000B2F17F4F11D84FEA4003B3F17F4F0CD88D
:1097B0000ED14FEAD07C0CEB4C0C0CF1020CB2F148
:1097C0007F4F08BF4CEBD17C04E04FF0080C01E068
:1097D0004FEAD17C0CEB4C0324FA03F404F00704A9
:1097E000B4F1040C06D20EEB840CBDE810404CF032
:1097F000010C6047DFE80CF0070802024FF0004060
:10980000A0F5800010BD0846420018BFD2F180725A
:1098100088BF00F0004010BDF1EE100A4FF6FF7156
:10982000C0F2C03120EA010040F04070E1EE100AC1
:10983000704700004FF07F4C3CEA410318BF3CEA00
:10984000400200F062804FF47F0C0CEAD11310F05C
:10985000004F18BF43F005031CEAD01218BF13EAEB
:109860000C0F00F057804FF0004C4CEA00204CEAFF
:109870000121A3F580339A4210DD23F00203B0F1F9
:10988000004F06D343F00203401ABCBF404283F0AE
:1098900001034FEA4000A2F58032ECE74FEA224C88
:1098A000BCEB234F08DB884206D31CD0A0EB410061
:1098B000C0F1000083F0010340001DD217D40DD089
:1098C000B0FA80FC0CF1010C00FA0CF0A2EB0C4297
:1098D000D2F1000C12DB4FEAC37070474FEA4370BD
:1098E00000F00040704713F0020FE5D0DEE74FEACA
:1098F0004000B2F58032EBDD002AE9DD4FEAC2120A
:1099000042EA502040EAC370704710B5FFF73EFFAF
:10991000EDFFFF3E1CEAD11F02D000F0004070476F
:10992000004870470000C07F000000006E83F9A26D
:109930002915444ED15727FCC0DD34F5999562DBDB
:109940004190433CAB6351FE00000000000000006A
:109950000000000000000000000000000100000006
:1099600002000000030000000400000000000000EE
:1099700005000000000000000000000000000000E2
:1099800006000000000000000000000000000000D1
:1099900007000000000408102040010408102040C7
:1099A00001040103040200040000000200000001A1
:1099B000000000000000100000002000000800006F
:1099C00000040000000000004000000080000000D3
:1099D0000000010203040102030406070809010054
:1099E00002000400060008000A000C00100020001D
:1099F00040008000000100D57FAAFE2B815429FC85
:109A00005683D702A87D52872DF8AC79D3067BAE5A
:109A100004D18550FA2FA471DB0E5A8F25F08D5892
:109A2000F22773A60CD9F623895C08DD77A2DF0A3A
:109A3000A07521F45E8B9D48E23763B61CC9B46102
:109A4000CB1E4A9F35E0CF1AB06531E44E9BE6331A
:109A5000994C18CD67B239EC4693C712B86D10C552
:109A60006FBAEE3B91446BBE14C19540EA3F4297FA
:109A70003DE8BC69C316EF3A904511C46EBBC613EE
:109A8000B96C38ED4792BD68C21743963CE99441E2
:109A9000EB3E6ABF15C04B9E34E1B560CA1F62B78A
:109AA0001DC89C49E33619CC66B3E732984D30E5C2
:109AB0004F9ACE1BB16472A70DD88C59F3265B8EDA
:109AC00024F1A570DA0F20F55F8ADE0BA17409DCA2
:109AD00076A3F722885DD603A97C28FD5782FF2A4A
:109AE000805501D47EAB8451FB2E7AAF05D0AD7882
:109AF000D20753862CF9010402020304100000046B
:109B00000202040210000002010203020502000426
:109B10000202060210000102050207021000020202
:109B200004020602080203020502090210000402F0
:109B300008020A0210000502070209020B020602CF
:109B400008020C02100007020B020D0210000802AE
:109B50000A020C020D0409020B020D0210000A0297
:109B60000B040C020E010D01100010001000000487
:109B700002040204060406040204020001000000BC
:109B80000000000000000000B967010800000000AC
:109B90000000000091CD0008A9CD000849CD0008C3
:109BA00041CD000851CD0008B4FFFFFF00000000C8
:109BB000A1670108A0FFFFFF00000000B1670108D6
:109BC00094FFFFFF00000000816601088CFFFFFF8B
:109BD0000000000091660108000000000000000085
:109BE000B9670108B9670108B967010800000000FA
:109BF0000000000021CF000800000000000000006D
:109C0000B96701080000000000000000F1D1000861
:109C1000000000000000000049DC00080000000017
:109C200000000000E9DC0008000000000000000067
:109C300059DD00080000000000000000B9670108BD
:109C40000000000000000000A1DF0008000000008C
:109C500000000000B96701080000000000000000DB
:109C6000E1E00008000000000000000061E20008E0
:109C70000000000000000000E9E80008000000000B
:109C80000000000049FA0008000000000000000089
:109C9000B967010800000000000000000960010829
:109CA000A1600108F1600108F1610108C95F0108C4
:109CB0000000000000000000216401089164010818
:109CC000E164010809650108E16301080000000082
:109CD00000000000090F0108000000000000000063
:109CE000A11D0108D91E01085920010821100108F1
:109CF000191E0108E8FEFFFF00000000916701083F
:109D00000000000000000000A11D0108D91E01088C
:109D10005920010899110108191E0108E8FEFFFFEA
:109D20000000000091670108000000000000000032
:109D30001118010851180108D917010881140108E8
:109D40001117010849160108E8FEFFFF0000000096
:109D5000416701084967010851670108CCFEFFFF10
:109D600000000000996701080000000000000000EA
:109D7000B9670108B9670108000000000000000091
:109D8000A11D0108D91E0108592001082110010850
:109D9000111B0108E8FEFFFF0000000081670108B9
:109DA0000000000000000000A11D0108D91E0108EC
:109DB0005920010899110108511C0108E8FEFFFF14
:109DC000000000008967010800000000000000009A
:109DD000A11D0108D91E010859200108B967010811
:109DE000191E0108E8FEFFFF00000000916701084E
:109DF000000000000000000091250108192501085D
:109E0000F4FFFFFF00000000C96601080000000029
:109E100000000000512701080000000000000000C1
:109E2000B967010800000000000000004947010870
:109E3000494601084146010851460108000000005A
:109E40000000000049470108B9670108B967010827
:109E5000B96701080000000000000000614E010821
:109E6000000000000100803FC90CC0B7E565AABE34
:109E7000435690BB3C695D3EEBFCA9BC08B732BEC3
:109E8000E745093EA59204BD00010203040506074B
:109E9000080C1014182030400101010307010000D4
:109EA0000804020408010101010002000400080086
:109EB000D8A601080000000000000000000000001B
:109EC0000000000000020000180000000000000078
:109ED0000000000000000000920E493CB10AC93C9D
:109EE0002BC3163D2EFB483D752B7B3D04A9963DAB
:109EF00080B6AF3D36BDC83D2FBCE13D73B2FA3DE3
:109F000087CF093E8340163EB5AB223EA2102F3EBE
:109F1000CF6E3B3EC2C5473E0115543E135C603ECA
:109F20007F9A6C3ECCCF783EC07D823E938E883E39
:109F3000229A8E3E32A0943E86A09A3EE59AA03E9A
:109F4000128FA63ED47CAC3EEF63B23E2A44B83EAC
:109F5000491DBE3E15EFC33E53B9C93ECA7BCF3E35
:109F60004136D53E80E8DA3E4F92E03E7533E63E1C
:109F7000BBCBEB3EEA5AF13ECBE0F63E275DFC3E22
:109F8000E4E7003F3D9C033F824B063F9BF5083FC3
:109F90006B9A0B3FDA390E3FCDD3103F2A68133F3F
:109FA000D9F6153FC07F183FC6021B3FD17F1D3F2A
:109FB000CBF61F3F9967223F25D2243F5636273FD5
:109FC0001594293F4AEB2B3FDE3B2E3FBB85303FAC
:109FD000C9C8323FF304353F233A373F4268393F1F
:109FE0003B8F3B3FF9AE3D3F67C73F3F70D8413F96
:109FF00001E2433F03E4453F65DE473F12D1493F5D
:10A00000F8BB4B3F029F4D3F207A4F3F3D4D513FA4
:10A010004918533F31DB543FE595563F5348583F6D
:10A020006AF2593F1A945B3F532D5D3F05BE5E3F78
:10A030002146603F97C5613F5A3C633F59AA643F40
:10A04000880F663FD86B673F3CBF683FA7096A3FF0
:10A050000C4B6B3F5E836C3F93B26D3F9ED86E3F5F
:10A0600073F56F3F0809713F5213723F4714733FF6
:10A07000DD0B743F0BFA743FC6DE753F07BA763FBF
:10A08000C58B773FF853783F9812793F9DC7793F4A
:10A0900002737A3FBE147B3FCDAC7B3F283B7C3FB5
:10A0A000C9BF7C3FAC3A7D3FCCAB7D3F23137E3FA5
:10A0B000B0707E3F6DC47E3F580E7F3F6D4E7F3F38
:10A0C000AB847F3F0FB17F3F97D37F3F43EC7F3F10
:10A0D00011FB7F3F0000803F11FB7F3F43EC7F3F40
:10A0E00097D37F3F0FB17F3FAB847F3F6D4E7F3F64
:10A0F000580E7F3F6DC47E3FB0707E3F23137E3F7E
:10A10000CCAB7D3FAC3A7D3FC9BF7C3F283B7C3F19
:10A11000CDAC7B3FBE147B3F02737A3F9DC7793F36
:10A120009812793FF853783FC58B773F07BA763F4F
:10A13000C6DE753F0BFA743FDD0B743F4714733F67
:10A140005213723F0809713F73F56F3F9ED86E3FFF
:10A1500093B26D3F5E836C3F0C4B6B3FA7096A3F28
:10A160003CBF683FD86B673F880F663F59AA643F82
:10A170005A3C633F97C5613F2146603F05BE5E3F45
:10A18000532D5D3F1A945B3F6AF2593F5348583F45
:10A19000E595563F31DB543F4918533F3D4D513F04
:10A1A000207A4F3F029F4D3FF8BB4B3F12D1493FB2
:10A1B00065DE473F03E4453F01E2433F70D8413F3E
:10A1C00067C73F3FF9AE3D3F3B8F3B3F4268393F5A
:10A1D000233A373FF304353FC9C8323FBB85303F90
:10A1E000DE3B2E3F4AEB2B3F1594293F5636273F47
:10A1F00025D2243F9967223FCBF61F3FD17F1D3FD9
:10A20000C6021B3FC07F183FD9F6153F2A68133F8F
:10A21000CDD3103FDA390E3F6B9A0B3F9BF5083FC9
:10A22000824B063F3D9C033FE4E7003F275DFC3E39
:10A23000CBE0F63EEA5AF13EBBCBEB3E7533E63E51
:10A240004F92E03E80E8DA3E4136D53ECA7BCF3EB3
:10A2500053B9C93E15EFC33E491DBE3E2A44B83E20
:10A26000EF63B23ED47CAC3E128FA63EE59AA03E90
:10A2700086A09A3E32A0943E229A8E3E938E883ECD
:10A28000C07D823ECCCF783E7F9A6C3E135C603EB0
:10A290000115543EC2C5473ECF6E3B3EA2102F3E35
:10A2A000B5AB223E8340163E87CF093E73B2FA3DDE
:10A2B0002FBCE13D36BDC83D80B6AF3D04A9963DFB
:10A2C000752B7B3D2EFB483D2BC3163DB10AC93C87
:10A2D000920E493C00000000920E49BCB10AC9BC74
:10A2E0002BC316BD2EFB48BD752B7BBD04A996BDA7
:10A2F00080B6AFBD36BDC8BD2FBCE1BD73B2FABDDF
:10A3000087CF09BE834016BEB5AB22BEA2102FBEBA
:10A31000CF6E3BBEC2C547BE011554BE135C60BEC6
:10A320007F9A6CBECCCF78BEC07D82BE938E88BE35
:10A33000229A8EBE32A094BE86A09ABEE59AA0BE96
:10A34000128FA6BED47CACBEEF63B2BE2A44B8BEA8
:10A35000491DBEBE15EFC3BE53B9C9BECA7BCFBE31
:10A360004136D5BE80E8DABE4F92E0BE7533E6BE18
:10A37000BBCBEBBEEA5AF1BECBE0F6BE275DFCBE1E
:10A38000E4E700BF3D9C03BF824B06BF9BF508BFBF
:10A390006B9A0BBFDA390EBFCDD310BF2A6813BF3B
:10A3A000D9F615BFC07F18BFC6021BBFD17F1DBF26
:10A3B000CBF61FBF996722BF25D224BF563627BFD1
:10A3C000159429BF4AEB2BBFDE3B2EBFBB8530BFA8
:10A3D000C9C832BFF30435BF233A37BF426839BF1B
:10A3E0003B8F3BBFF9AE3DBF67C73FBF70D841BF92
:10A3F00001E243BF03E445BF65DE47BF12D149BF59
:10A40000F8BB4BBF029F4DBF207A4FBF3D4D51BFA0
:10A41000491853BF31DB54BFE59556BF534858BF69
:10A420006AF259BF1A945BBF532D5DBF05BE5EBF74
:10A43000214660BF97C561BF5A3C63BF59AA64BF3C
:10A44000880F66BFD86B67BF3CBF68BFA7096ABFEC
:10A450000C4B6BBF5E836CBF93B26DBF9ED86EBF5B
:10A4600073F56FBF080971BF521372BF471473BFF2
:10A47000DD0B74BF0BFA74BFC6DE75BF07BA76BFBB
:10A48000C58B77BFF85378BF981279BF9DC779BF46
:10A4900002737ABFBE147BBFCDAC7BBF283B7CBFB1
:10A4A000C9BF7CBFAC3A7DBFCCAB7DBF23137EBFA1
:10A4B000B0707EBF6DC47EBF580E7FBF6D4E7FBF34
:10A4C000AB847FBF0FB17FBF97D37FBF43EC7FBF0C
:10A4D00011FB7FBF000080BF11FB7FBF43EC7FBF3C
:10A4E00097D37FBF0FB17FBFAB847FBF6D4E7FBF60
:10A4F000580E7FBF6DC47EBFB0707EBF23137EBF7A
:10A50000CCAB7DBFAC3A7DBFC9BF7CBF283B7CBF15
:10A51000CDAC7BBFBE147BBF02737ABF9DC779BF32
:10A52000981279BFF85378BFC58B77BF07BA76BF4B
:10A53000C6DE75BF0BFA74BFDD0B74BF471473BF63
:10A54000521372BF080971BF73F56FBF9ED86EBFFB
:10A5500093B26DBF5E836CBF0C4B6BBFA7096ABF24
:10A560003CBF68BFD86B67BF880F66BF59AA64BF7E
:10A570005A3C63BF97C561BF214660BF05BE5EBF41
:10A58000532D5DBF1A945BBF6AF259BF534858BF41
:10A59000E59556BF31DB54BF491853BF3D4D51BF00
:10A5A000207A4FBF029F4DBFF8BB4BBF12D149BFAE
:10A5B00065DE47BF03E445BF01E243BF70D841BF3A
:10A5C00067C73FBFF9AE3DBF3B8F3BBF426839BF56
:10A5D000233A37BFF30435BFC9C832BFBB8530BF8C
:10A5E000DE3B2EBF4AEB2BBF159429BF563627BF43
:10A5F00025D224BF996722BFCBF61FBFD17F1DBFD5
:10A60000C6021BBFC07F18BFD9F615BF2A6813BF8B
:10A61000CDD310BFDA390EBF6B9A0BBF9BF508BFC5
:10A62000824B06BF3D9C03BFE4E700BF275DFCBE35
:10A63000CBE0F6BEEA5AF1BEBBCBEBBE7533E6BE4D
:10A640004F92E0BE80E8DABE4136D5BECA7BCFBEAF
:10A6500053B9C9BE15EFC3BE491DBEBE2A44B8BE1C
:10A66000EF63B2BED47CACBE128FA6BEE59AA0BE8C
:10A6700086A09ABE32A094BE229A8EBE938E88BEC9
:10A68000C07D82BECCCF78BE7F9A6CBE135C60BEAC
:10A69000011554BEC2C547BECF6E3BBEA2102FBE31
:10A6A000B5AB22BE834016BE87CF09BE73B2FABDDA
:10A6B0002FBCE1BD36BDC8BD80B6AFBD04A996BDF7
:10A6C000752B7BBD2EFB48BD2BC316BDB10AC9BC83
:10A6D000920E49BC0000008064656661756C74541C
:10A6E00061736B005F5F6378615F67756172645F60
:10A6F000616371756972652064657465637465640E
:10A700002072656375727369766520696E69746914
:10A71000616C697A6174696F6E3A20646F20796F39
:10A7200075206861766520612066756E6374696F57
:10A730006E2D6C6F63616C20737461746963207635
:10A7400061726961626C652077686F736520696EFC
:10A75000697469616C697A6174696F6E206465708F
:10A76000656E6473206F6E20746861742066756E08
:10A770006374696F6E3F0000B0A7010800000024F9
:10A780001801000030030008C8A8010818010024BF
:10A79000C8BC0000500300082912FFFF45C0FFFF9E
:10A7A00051C1FFFF6DC2FFFF81C3FFFF6518FFFFAF
:10A7B000000000000000000011A3000849A30008E9
:10A7C00059A3000889A30008B9A30008E9A200085A
:10A7D00021A30008000000000090D0030090D003E7
:10A7E000099F0008599D000861A0000800000000B2
:10A7F000B99D0008A19C0008199D000800000000F8
:10A800000000000000000000599E0008019E0008A2
:10A81000B19E0008F19D000809024300020100C03A
:10A8200032090400000102020100052400100105A4
:10A830002401000104240202052406000107058208
:10A840000308001009040100020A000000070501C6
:10A850000240000007058102400000000A060002D5
:10A86000000000400100000012010002020200404E
:10A87000830440570002010203010000F90B0008A5
:10A88000F10B0008E90B0008B10C0008D90C000816
:10A89000040309041A030000000000000000000087
:10A8A00000000000000000000000000000000101A6
:10A8B0000101010101010101010101010101010089
:08A8C00010000000AAAAAAAAD8
:04000005080002CD20
:00000001FF
